序號,縣市別代碼,機關代碼,市話,傳真,年,月,日,時,分,縣市,區,死亡數量,受傷數量,2-30,天候,道路照明設備,道路類別,道路速限,道路型態,事故位置,路面鋪裝,路面狀態,路面缺陷,障礙物,視距,號誌種類,號誌動作,分向設施,快車道或一般車道間,快慢車道間,路面邊線,事故類型及型態,受傷程度,主要傷處,保護裝備,行動電話或功能裝置,當事者區分(類別),車輛用途,當事者行動狀態,駕照狀態,駕照種類,飲酒情形,車輛撞擊部位最初,車輛撞擊部位其他,肇事因素個別,肇事因素主要,肇事逃逸,職業,共享經濟或外送平台,GPS座標X,GPS座標Y,事故類別
228,66000,387130000C,(04)23274275,(04)23288582,2025,1,1,18,9,臺中市,西區,0,0,0,5,,,50,,,,,,,,,,,,,,,,,,,B03,,,1,,2,,,40,40,1,6,4,120.658328,24.146576,3
229,66000,387130000C,(04)23274275,(04)23288582,2025,1,1,18,17,臺中市,北區,0,0,0,7,,,40,,,,,,,,,,,,,,17,,,,,B03,,,1,,2,,,51,51,1,13,4,120.672574,24.169181,3
230,66000,387130000C,(04)23274275,(04)23288582,2025,1,1,18,18,臺中市,東區,0,1,0,5,1,6,50,3,1,1,4,4,6,6,4,4,10,5,5,2,12,3,10,3,1,B03,7,4,1,8,1,8,,8,8,1,13,4,120.705641,24.130044,2
231,66000,387130000C,(04)23274275,(04)23288582,2025,1,1,18,19,臺中市,大雅區,0,1,0,5,1,6,40,13,8,1,4,4,6,6,4,4,1,5,4,2,17,2,9,5,1,B03,7,7,1,8,8,1,,53,53,1,13,4,120.672136,24.215437,2
232,66000,387130000C,(04)23274275,(04)23288582,2025,1,1,18,20,臺中市,大里區,0,1,0,5,1,6,50,4,9,1,4,4,6,6,2,1,5,4,4,1,17,3,10,3,1,B03,7,13,1,8,2,4,,76,76,1,6,4,120.688253,24.101838,2
233,66000,387130000C,(04)23274275,(04)23288582,2025,1,1,18,20,臺中市,梧棲區,0,0,0,5,,,50,,,,,,,,,,,,,,14,,,,,B13,,,1,,1,,,49,49,1,6,4,120.530938,24.255833,3
234,66000,387130000C,(04)23274275,(04)23288582,2025,1,1,18,21,臺中市,西屯區,0,1,0,5,1,6,50,4,1,1,4,4,6,6,2,1,10,5,5,2,30,2,9,5,4,C03,7,12,1,10,2,14,,84,84,1,13,4,120.645505,24.192401,2
235,66000,387130000C,(04)23274275,(04)23288582,2025,1,1,18,25,臺中市,西屯區,0,0,0,7,,,50,,,,,,,,,,,,,,13,,,,,B03,,,1,,1,,,59,59,1,13,4,120.635554,24.171311,3
236,66000,387130000C,(04)23274275,(04)23288582,2025,1,1,18,26,臺中市,西區,0,3,0,5,1,6,50,4,1,1,4,4,6,6,1,1,10,5,5,2,17,2,9,2,1,C03,7,9,1,10,2,16,,84,84,1,12,4,120.674994,24.138036,2
237,66000,387130000C,(04)23274275,(04)23288582,2025,1,1,18,30,臺中市,大雅區,0,2,0,5,1,6,30,4,1,1,4,4,6,6,4,4,10,4,5,1,17,2,9,1,1,C03,7,9,1,10,2,11,,12,12,1,12,4,120.668181,24.225108,2
238,66000,387130000C,(04)23274275,(04)23288582,2025,1,1,18,30,臺中市,南屯區,0,0,0,5,,,50,,,,,,,,,,,,,,,,,,,B03,,,1,,1,,,84,84,1,13,4,120.62339,24.1497,3
239,66000,387130000C,(04)23274275,(04)23288582,2025,1,1,18,30,臺中市,北屯區,0,0,0,5,,,30,,,,,,,,,,,,,,,,,,,B03,,,1,,1,,,51,51,1,6,4,120.719033,24.174293,3
240,66000,387130000C,(04)23274275,(04)23288582,2025,1,1,18,33,臺中市,沙鹿區,0,1,0,5,1,6,50,5,2,1,4,4,6,6,1,1,3,3,5,2,17,3,10,5,4,B03,7,5,1,8,2,3,,84,84,1,13,4,120.558544,24.227912,2
241,66000,387130000C,(04)23274275,(04)23288582,2025,1,1,18,38,臺中市,南區,0,1,0,5,1,6,50,4,1,1,4,4,6,6,1,1,5,5,5,2,12,3,10,3,1,B01,7,6,1,8,2,4,,48,48,1,6,4,120.663922,24.116884,2
242,66000,387130000C,(04)23274275,(04)23288582,2025,1,1,18,44,臺中市,北屯區,0,0,0,5,,,,,,,,,,,,,,,,,,,,,,,,,,,,,,84,84,1,,,120.736065,24.172526,3
243,66000,387130000C,(04)23274275,(04)23288582,2025,1,1,18,45,臺中市,南屯區,0,1,0,5,1,6,50,13,9,1,4,4,6,6,4,4,1,4,5,2,13,2,9,1,1,C03,7,9,1,10,2,11,,84,84,1,12,4,120.646722,24.136917,2
244,66000,387130000C,(04)23274275,(04)23288582,2025,1,1,18,45,臺中市,太平區,0,2,0,5,1,6,50,3,1,1,4,4,6,6,4,4,10,5,5,2,3,2,9,1,1,C03,7,9,1,10,2,11,,6,6,1,5,4,120.714851,24.124476,2
245,66000,387130000C,(04)23274275,(04)23288582,2025,1,1,18,48,臺中市,大肚區,0,0,0,5,,,30,,,,,,,,,,,,,,,,,,,B03,,,1,,2,,,8,8,1,6,4,120.546905,24.152692,3
246,66000,387130000C,(04)23274275,(04)23288582,2025,1,1,18,50,臺中市,大雅區,0,0,0,5,,,50,,,,,,,,,,,,,,,,,,,F01,,,7,,2,,,11,11,1,13,4,120.648129,24.216094,3
247,66000,387130000C,(04)23274275,(04)23288582,2025,1,1,18,50,臺中市,南屯區,0,0,0,5,,,50,,,,,,,,,,,,,,17,,,,,B03,,,1,,1,,,8,8,1,12,4,120.653053,24.135968,3
248,66000,387130000C,(04)23274275,(04)23288582,2025,1,1,18,51,臺中市,北屯區,0,0,0,7,,,50,,,,,,,,,,,,,,13,,,,,B03,,,3,,1,,,84,84,1,13,4,120.719595,24.163923,3
249,66000,387130000C,(04)23274275,(04)23288582,2025,1,1,19,0,臺中市,東區,0,1,0,5,1,6,50,4,1,1,4,4,6,6,2,1,10,5,5,2,12,3,10,3,1,B03,7,4,1,8,2,2,,8,8,1,13,4,120.70151,24.125407,2
250,66000,387130000C,(04)23274275,(04)23288582,2025,1,1,19,3,臺中市,西屯區,0,0,0,5,,,50,,,,,,,,,,,,,,13,,,,,B03,,,1,,1,,,7,7,1,12,4,120.65086,24.209385,4
251,66000,387130000C,(04)23274275,(04)23288582,2025,1,1,19,3,臺中市,太平區,0,2,0,5,1,6,50,13,24,1,4,4,6,6,4,4,10,5,5,2,9,2,7,1,1,C03,7,9,1,10,2,11,,84,84,1,12,4,120.714851,24.124476,2
252,66000,387130000C,(04)23274275,(04)23288582,2025,1,1,19,7,臺中市,大里區,0,1,0,5,1,6,50,13,9,1,4,4,6,6,4,4,5,5,5,2,17,2,9,1,1,C03,7,9,1,10,2,11,,83,83,1,6,4,120.699161,24.085334,2
253,66000,387130000C,(04)23274275,(04)23288582,2025,1,1,19,8,臺中市,北屯區,0,0,0,7,,,30,,,,,,,,,,,,,,,,,,,B03,,,1,,2,,,8,8,1,13,4,120.670352,24.180766,3
254,66000,387130000C,(04)23274275,(04)23288582,2025,1,1,19,10,臺中市,太平區,0,1,0,5,1,6,50,13,9,1,4,4,6,6,4,4,9,4,5,2,30,2,9,1,1,C03,7,9,1,10,2,12,,84,84,1,12,4,120.719414,24.12452,2
255,66000,387130000C,(04)23274275,(04)23288582,2025,1,1,19,14,臺中市,龍井區,0,0,0,5,,,50,,,,,,,,,,,,,,,,,,,B03,,,1,,9,,,51,51,1,6,4,120.52322,24.20557,3
256,66000,387130000C,(04)23274275,(04)23288582,2025,1,1,19,17,臺中市,后里區,0,2,0,5,1,6,60,12,9,1,4,4,6,6,4,4,8,3,5,1,3,2,9,6,5,H01,8,16,7,21,10,17,,95,95,1,12,5,120.672423,24.317365,2
257,66000,387130000C,(04)23274275,(04)23288582,2025,1,1,19,20,臺中市,北區,0,0,0,5,,,50,,,,,,,,,,,,,,,,,,,B03,,,1,,1,,,7,7,1,13,4,120.684901,24.15295,3
258,66000,387130000C,(04)23274275,(04)23288582,2025,1,1,19,22,臺中市,西屯區,0,2,0,5,1,6,50,3,2,1,4,4,6,6,1,1,5,4,4,2,11,2,9,1,4,C03,7,6,1,9,2,12,,20,20,1,12,4,120.613585,24.173714,2
259,66000,387130000C,(04)23274275,(04)23288582,2025,1,1,19,23,臺中市,南區,0,0,0,5,,,50,,,,,,,,,,,,,,,,,,,B03,,,1,,2,,,49,49,1,13,4,120.663747,24.12867,3
260,66000,387130000C,(04)23274275,(04)23288582,2025,1,1,19,25,臺中市,大里區,0,0,0,7,,,60,,,,,,,,,,,,,,12,,,,,B03,,,1,,2,,,8,8,1,13,4,120.691723,24.100535,3
261,66000,387130000C,(04)23274275,(04)23288582,2025,1,1,19,27,臺中市,太平區,0,1,0,5,1,6,50,4,1,1,4,4,6,6,2,1,10,5,5,2,16,3,10,3,1,B03,7,6,1,8,2,6,,85,85,1,12,4,120.710136,24.134803,2
262,66000,387130000C,(04)23274275,(04)23288582,2025,1,1,19,30,臺中市,西屯區,0,1,0,5,1,6,40,4,8,1,4,4,6,6,1,1,1,5,1,2,13,2,9,2,1,C03,7,5,1,10,2,11,,7,7,1,12,4,120.639069,24.168932,2
263,66000,387130000C,(04)23274275,(04)23288582,2025,1,1,19,31,臺中市,西區,0,1,0,5,1,6,50,4,2,1,4,4,6,6,1,1,1,4,5,2,18,2,9,1,1,C03,7,9,1,10,2,12,,84,84,1,12,4,120.66774,24.13095,2
264,66000,387130000C,(04)23274275,(04)23288582,2025,1,1,19,31,臺中市,西屯區,0,1,0,5,1,6,40,4,2,1,4,4,6,6,2,1,1,4,1,2,17,2,9,1,1,C03,7,9,1,10,2,11,,7,7,1,12,4,120.643643,24.165818,2
265,66000,387130000C,(04)23274275,(04)23288582,2025,1,1,19,33,臺中市,豐原區,0,0,0,5,,,50,,,,,,,,,,,,,,13,,,,,B03,,,1,,2,,,55,55,1,12,4,120.743853,24.264243,3
266,66000,387130000C,(04)23274275,(04)23288582,2025,1,1,19,35,臺中市,清水區,0,1,0,5,1,6,50,4,1,1,4,4,6,6,4,4,9,4,5,1,18,2,9,1,1,C03,7,2,1,10,2,12,,59,59,1,12,4,120.565527,24.271654,2
267,66000,387130000C,(04)23274275,(04)23288582,2025,1,1,19,44,臺中市,南區,0,1,0,5,1,6,50,5,1,1,4,4,6,6,1,1,10,5,5,2,21,2,9,1,1,C03,7,9,1,8,2,11,,84,84,1,6,4,120.659978,24.124776,2
268,66000,387130000C,(04)23274275,(04)23288582,2025,1,1,19,52,臺中市,西屯區,0,1,0,5,1,6,50,13,9,1,4,4,6,6,4,4,5,5,5,2,29,2,9,5,4,C03,7,9,1,10,2,11,,59,59,1,12,2,120.654442,24.161868,2
269,66000,387130000C,(04)23274275,(04)23288582,2025,1,1,19,53,臺中市,清水區,0,1,0,5,1,6,40,13,8,1,4,4,6,6,4,4,1,4,4,2,18,2,9,1,1,C03,7,5,1,10,2,12,,59,59,1,12,4,120.571331,24.260274,2
270,66000,387130000C,(04)23274275,(04)23288582,2025,1,1,19,54,臺中市,西屯區,0,0,0,7,,,50,,,,,,,,,,,,,,12,,,,,B03,,,1,,1,,,59,59,1,13,4,120.63732,24.181039,3
271,66000,387130000C,(04)23274275,(04)23288582,2025,1,1,20,4,臺中市,太平區,0,0,0,7,,,30,,,,,,,,,,,,,,14,,,,,B12,,,1,,11,,,49,49,1,6,4,120.727367,24.129164,3
272,66000,387130000C,(04)23274275,(04)23288582,2025,1,1,20,6,臺中市,西屯區,0,0,0,5,,,40,,,,,,,,,,,,,,13,,,,,B03,,,1,,1,,,7,7,1,12,4,120.647967,24.200332,3
273,66000,387130000C,(04)23274275,(04)23288582,2025,1,1,20,11,臺中市,西屯區,0,0,0,5,1,6,50,4,1,1,4,4,6,6,1,1,10,5,5,2,13,,,,,B03,,,1,,1,,,7,7,1,12,4,120.660137,24.16418,3
274,66000,387130000C,(04)23274275,(04)23288582,2025,1,1,20,13,臺中市,潭子區,0,0,0,5,,,50,,,,,,,,,,,,,,,,,,,B03,,,1,,2,,,40,40,1,13,4,120.689786,24.222136,3
275,66000,387130000C,(04)23274275,(04)23288582,2025,1,1,20,16,臺中市,大里區,0,1,0,5,1,6,70,13,9,1,4,4,6,6,4,4,1,5,5,1,23,3,10,3,1,B03,7,9,1,8,2,5,6,84,84,1,6,4,120.670749,24.109053,2
276,66000,387130000C,(04)23274275,(04)23288582,2025,1,1,20,19,臺中市,西屯區,0,0,0,5,,,60,,,,,,,,,,,,,,13,,,,,B03,,,1,,2,,,59,59,1,12,4,120.641076,24.167898,3
277,66000,387130000C,(04)23274275,(04)23288582,2025,1,1,20,22,臺中市,烏日區,0,1,0,5,1,6,50,4,1,1,4,4,6,6,2,1,10,5,5,2,3,3,10,3,1,B03,7,6,1,8,2,2,,10,10,1,12,4,120.625741,24.110485,2
278,66000,387130000C,(04)23274275,(04)23288582,2025,1,1,20,24,臺中市,北屯區,0,1,0,5,2,6,50,4,1,1,4,4,6,6,2,1,1,5,1,2,16,3,10,3,1,B03,7,6,1,8,2,1,,25,25,1,12,4,120.721072,24.174065,2
279,66000,387130000C,(04)23274275,(04)23288582,2025,1,1,20,25,臺中市,西區,0,2,0,5,1,6,50,13,9,1,4,4,6,6,4,4,5,5,5,2,9,2,9,1,1,C03,7,9,1,10,2,11,,59,59,1,12,4,120.661755,24.134223,2
280,66000,387130000C,(04)23274275,(04)23288582,2025,1,1,20,26,臺中市,神岡區,0,0,0,5,1,6,50,4,1,1,4,4,6,6,3,1,10,5,5,1,11,,,,,B01,,,1,,2,,,14,14,1,12,4,120.695641,24.247688,3
281,66000,387130000C,(04)23274275,(04)23288582,2025,1,1,20,33,臺中市,西屯區,0,2,0,5,2,6,50,4,1,1,4,4,6,6,1,1,5,4,5,2,3,3,10,3,1,B01,7,6,1,8,2,8,,10,10,1,12,4,120.645539,24.172422,2
282,66000,387130000C,(04)23274275,(04)23288582,2025,1,1,20,35,臺中市,沙鹿區,0,1,0,5,1,6,40,4,1,1,4,4,6,6,1,1,10,5,5,2,13,2,8,1,1,C03,7,9,1,10,2,11,,83,83,1,5,4,120.579417,24.221291,2
283,66000,387130000C,(04)23274275,(04)23288582,2025,1,1,20,37,臺中市,北屯區,0,0,0,5,,,50,,,,,,,,,,,,,,,,,,,B03,,,3,,2,,,84,84,1,12,4,120.661819,24.189421,3
284,66000,387130000C,(04)23274275,(04)23288582,2025,1,1,20,37,臺中市,太平區,0,1,0,5,1,6,50,4,1,1,4,4,6,6,2,1,10,5,5,2,18,2,9,2,1,C03,7,9,1,10,2,11,,84,84,1,12,4,120.714343,24.149312,2
285,66000,387130000C,(04)23274275,(04)23288582,2025,1,1,20,39,臺中市,西區,0,0,0,5,,,50,,,,,,,,,,,,,,,,,,,B12,,,1,,1,,,49,49,1,6,4,120.669914,24.133293,3
286,66000,387130000C,(04)23274275,(04)23288582,2025,1,1,20,40,臺中市,西區,0,1,0,5,1,6,50,3,2,1,4,4,6,6,2,1,10,5,5,2,17,3,10,3,1,B03,7,1,1,8,2,3,,51,51,1,12,4,120.658579,24.155938,2
287,66000,387130000C,(04)23274275,(04)23288582,2025,1,1,20,40,臺中市,中區,0,0,0,5,,,50,,,,,,,,,,,,,,14,,,,,B03,,,1,,2,,,49,49,1,12,4,120.681739,24.142363,4
288,66000,387130000C,(04)23274275,(04)23288582,2025,1,1,20,40,臺中市,太平區,0,0,0,5,1,6,50,,,,,,,,,,,,,,,,,,,C03,,,1,,2,12,,7,7,1,12,4,120.722369,24.149288,3
289,66000,387130000C,(04)23274275,(04)23288582,2025,1,1,20,43,臺中市,北區,0,1,0,5,1,6,50,3,9,1,4,4,6,6,4,4,1,4,5,2,16,3,10,3,1,B03,7,5,1,8,2,5,,14,14,1,12,4,120.675157,24.163245,2
290,66000,387130000C,(04)23274275,(04)23288582,2025,1,1,20,49,臺中市,南屯區,0,1,0,5,1,6,50,13,9,1,4,4,6,6,4,4,5,4,5,2,30,2,9,2,1,C03,7,9,1,10,2,11,,84,84,1,13,4,120.632891,24.158225,2
291,66000,387130000C,(04)23274275,(04)23288582,2025,1,1,20,50,臺中市,南屯區,0,0,0,5,,,50,,,,,,,,,,,,,,,,,,,B02,,,1,,1,,,58,58,1,6,4,120.625936,24.149885,3
292,66000,387130000C,(04)23274275,(04)23288582,2025,1,1,20,51,臺中市,西屯區,0,0,0,5,,,50,,,,,,,,,,,,,,14,,,,,B03,,,1,,1,,,49,49,1,13,4,120.653046,24.160575,3
293,66000,387130000C,(04)23274275,(04)23288582,2025,1,1,21,0,臺中市,沙鹿區,0,2,0,5,1,6,50,13,14,1,4,4,6,6,4,4,1,4,4,2,18,2,9,2,1,C03,7,9,1,10,2,11,,59,59,1,13,4,120.598501,24.250149,2
294,66000,387130000C,(04)23274275,(04)23288582,2025,1,1,21,5,臺中市,太平區,0,0,0,5,,,30,,,,,,,,,,,,,,17,,,,,B03,,,1,,2,,,84,84,1,13,4,120.702113,24.148073,3
295,66000,387130000C,(04)23274275,(04)23288582,2025,1,1,21,10,臺中市,西屯區,0,1,0,7,1,6,40,13,8,1,4,4,6,6,4,4,1,4,1,1,17,2,9,5,4,C03,7,9,1,10,2,14,,6,6,1,13,4,120.643967,24.165487,2
296,66000,387130000C,(04)23274275,(04)23288582,2025,1,1,21,11,臺中市,西屯區,0,0,0,7,,,40,,,,,,,,,,,,,,16,,,,,B03,,,1,,2,,,11,11,1,13,4,120.643579,24.165738,3
297,66000,387130000C,(04)23274275,(04)23288582,2025,1,1,21,15,臺中市,沙鹿區,0,1,0,5,1,6,50,4,2,1,4,4,6,6,2,1,8,3,4,1,9,3,10,5,4,B03,7,5,1,8,2,15,,84,84,1,13,4,120.580522,24.209763,2
298,66000,387130000C,(04)23274275,(04)23288582,2025,1,1,21,19,臺中市,西屯區,0,0,0,7,,,50,,,,,,,,,,,,,,13,,,,,C03,,,1,,1,,,7,7,1,12,4,120.649888,24.163536,3
299,66000,387130000C,(04)23274275,(04)23288582,2025,1,1,21,27,臺中市,北屯區,0,0,0,5,,,50,,,,,,,,,,,,,,,,,,,B03,,,1,,1,,,84,84,1,13,4,120.723647,24.176858,3
300,66000,387130000C,(04)23274275,(04)23288582,2025,1,1,21,30,臺中市,大里區,0,0,0,5,,,50,,,,,,,,,,,,,,17,,,,,B03,,,1,,2,,,84,84,1,12,4,120.699271,24.089283,3
301,66000,387130000C,(04)23274275,(04)23288582,2025,1,1,21,33,臺中市,大里區,0,1,0,5,1,6,50,3,2,1,4,4,6,6,2,1,5,4,5,1,16,3,10,5,4,B01,7,11,1,4,2,4,,45,45,1,13,4,120.689418,24.118393,2
302,66000,387130000C,(04)23274275,(04)23288582,2025,1,1,21,34,臺中市,龍井區,0,1,0,5,1,6,30,3,2,1,4,4,6,6,4,4,10,5,5,2,2,3,10,5,4,B03,7,9,5,8,2,15,,8,8,1,12,4,120.586094,24.184083,2
303,66000,387130000C,(04)23274275,(04)23288582,2025,1,1,21,35,臺中市,西屯區,0,2,0,5,1,6,50,4,1,1,4,4,6,6,1,1,3,4,5,2,17,2,9,1,1,C03,7,9,1,10,1,15,,7,7,1,12,4,120.644268,24.171377,2
304,66000,387130000C,(04)23274275,(04)23288582,2025,1,1,21,40,臺中市,西區,0,0,0,5,,,30,,,,,,,,,,,,,,,,,,,B03,,,1,,2,,,84,84,1,12,4,120.677,24.134487,3
305,66000,387130000C,(04)23274275,(04)23288582,2025,1,1,21,41,臺中市,北區,0,0,0,5,,,50,,,,,,,,,,,,,,12,,,,,B03,,,1,,1,,,40,40,1,13,4,120.672887,24.168735,3
306,66000,387130000C,(04)23274275,(04)23288582,2025,1,1,21,45,臺中市,西區,0,0,0,5,,,50,,,,,,,,,,,,,,23,,,,,B01,,,1,,2,,,84,84,1,12,4,120.659687,24.157317,3
307,66000,387130000C,(04)23274275,(04)23288582,2025,1,1,21,46,臺中市,潭子區,0,1,0,5,1,6,50,3,1,1,4,4,6,6,1,1,5,5,5,2,13,3,10,3,1,B03,7,5,1,8,2,5,,84,84,1,13,4,120.707166,24.200214,2
308,66000,387130000C,(04)23274275,(04)23288582,2025,1,1,21,58,臺中市,梧棲區,0,1,0,5,1,6,70,13,12,1,4,4,6,6,4,4,1,4,1,1,28,2,9,1,1,C03,7,9,1,10,9,11,,59,59,1,6,4,120.544671,24.227521,2
309,66000,387130000C,(04)23274275,(04)23288582,2025,1,1,22,1,臺中市,西區,0,1,0,5,1,6,50,4,1,1,4,4,6,6,1,1,10,5,5,2,17,3,10,3,1,B03,7,11,1,8,2,6,,45,45,1,12,4,120.665275,24.147883,2
310,66000,387130000C,(04)23274275,(04)23288582,2025,1,1,22,4,臺中市,西區,0,1,0,5,1,6,40,13,8,1,4,4,6,5,4,4,3,4,4,2,18,2,9,2,1,C03,7,9,1,10,2,14,,84,84,1,12,4,120.6582,24.155244,2
311,66000,387130000C,(04)23274275,(04)23288582,2025,1,1,22,5,臺中市,沙鹿區,0,1,0,5,1,6,50,4,1,1,4,4,6,6,1,1,10,5,5,2,17,2,8,1,1,C03,7,11,1,10,2,12,,45,45,1,12,4,120.570678,24.216538,2
312,66000,387130000C,(04)23274275,(04)23288582,2025,1,1,22,5,臺中市,后里區,0,0,0,5,,,30,,,,,,,,,,,,,,14,,,,,B03,,,1,,2,,,49,49,1,12,4,120.708765,24.310877,3
313,66000,387130000C,(04)23274275,(04)23288582,2025,1,1,22,8,臺中市,北屯區,0,1,0,5,1,6,50,3,1,1,4,4,6,6,4,4,10,5,5,2,16,3,10,3,1,B03,7,6,1,8,2,5,,14,14,1,6,4,120.690469,24.177583,2
314,66000,387130000C,(04)23274275,(04)23288582,2025,1,1,22,9,臺中市,西區,0,1,0,5,1,6,50,4,1,1,4,4,6,6,1,1,10,5,5,2,17,3,10,3,1,B02,7,11,1,8,2,4,,44,44,1,12,4,120.661803,24.154396,2
315,66000,387130000C,(04)23274275,(04)23288582,2025,1,1,22,13,臺中市,西屯區,0,1,0,5,1,6,40,4,1,1,4,4,6,6,1,1,10,5,5,2,17,3,10,3,1,B03,7,6,1,8,9,16,,48,48,1,12,4,120.659799,24.161223,2
316,66000,387130000C,(04)23274275,(04)23288582,2025,1,1,22,14,臺中市,西屯區,0,1,0,5,1,6,50,4,1,1,4,4,6,6,1,1,3,4,5,2,12,2,9,1,1,C03,7,7,1,8,2,12,,84,84,1,12,4,120.642535,24.164224,2
317,66000,387130000C,(04)23274275,(04)23288582,2025,1,1,22,26,臺中市,龍井區,0,2,0,5,1,6,40,13,8,1,4,4,6,6,4,4,5,3,4,2,12,2,9,1,1,C03,7,9,1,10,2,11,,59,59,1,6,4,120.564245,24.200633,2
318,66000,387130000C,(04)23274275,(04)23288582,2025,1,1,22,29,臺中市,東區,0,1,0,5,1,6,50,3,1,1,4,4,6,6,2,1,10,5,5,2,17,3,10,2,1,C03,7,11,1,10,9,11,,32,32,1,13,4,120.686877,24.136117,2
319,66000,387130000C,(04)23274275,(04)23288582,2025,1,1,22,32,臺中市,太平區,0,0,0,5,,,50,,,,,,,,,,,,,,,,,,,C03,,,1,,2,,,84,84,1,12,4,120.71164,24.154725,3
320,66000,387130000C,(04)23274275,(04)23288582,2025,1,1,22,40,臺中市,大雅區,0,1,0,5,1,6,50,13,9,1,4,4,6,6,1,1,5,5,5,1,17,2,8,1,1,C03,7,9,1,10,2,14,11,7,7,1,13,4,120.654428,24.229621,2
321,66000,387130000C,(04)23274275,(04)23288582,2025,1,1,22,42,臺中市,西屯區,0,1,0,5,1,6,50,4,1,1,4,4,6,6,1,1,10,5,5,2,15,3,10,5,4,B03,7,9,1,8,2,8,,21,21,1,13,4,120.661482,24.162965,2
322,66000,387130000C,(04)23274275,(04)23288582,2025,1,1,22,48,臺中市,東區,0,0,0,5,,,30,,,,,,,,,,,,,,,,,,,B03,,,1,,1,,,50,50,1,12,4,120.693284,24.142055,3
323,66000,387130000C,(04)23274275,(04)23288582,2025,1,1,22,50,臺中市,南屯區,0,1,0,5,1,6,50,4,1,1,4,4,6,6,4,4,10,5,5,2,3,3,10,2,4,C03,7,6,3,19,2,11,,10,10,1,13,4,120.636964,24.153614,2
324,66000,387130000C,(04)23274275,(04)23288582,2025,1,1,22,54,臺中市,南屯區,0,0,0,5,,,50,,,,,,,,,,,,,,14,,,,,B03,,,1,,1,,,49,49,1,13,4,120.642806,24.148794,3
325,66000,387130000C,(04)23274275,(04)23288582,2025,1,1,22,56,臺中市,南屯區,0,0,0,5,,,50,,,,,,,,,,,,,,11,,,,,B03,,,1,,2,,,11,11,1,12,4,120.628518,24.115797,3
326,66000,387130000C,(04)23274275,(04)23288582,2025,1,1,22,57,臺中市,北屯區,0,1,0,5,2,6,50,13,9,1,4,4,6,6,4,4,9,5,5,2,17,3,10,3,1,B03,7,13,1,8,2,4,,76,76,1,12,4,120.702937,24.176818,2
327,66000,387130000C,(04)23274275,(04)23288582,2025,1,1,23,0,臺中市,南屯區,0,1,0,5,1,6,50,5,1,1,4,4,6,6,4,4,10,5,5,2,15,2,8,2,4,C03,7,9,5,19,2,11,14,21,21,1,13,4,120.64681,24.142764,2
328,66000,387130000C,(04)23274275,(04)23288582,2025,1,1,23,5,臺中市,霧峰區,0,1,0,7,1,6,50,11,9,1,4,4,6,6,4,4,5,5,5,1,22,3,10,3,1,B03,7,9,1,8,7,8,5,53,53,1,12,4,120.732395,24.07193,2
329,66000,387130000C,(04)23274275,(04)23288582,2025,1,1,23,5,臺中市,豐原區,0,1,0,5,1,6,50,4,4,1,4,4,6,6,1,1,1,5,5,2,13,3,10,5,4,B03,7,9,1,8,2,5,,59,59,1,6,4,120.70916,24.250305,2
330,66000,387130000C,(04)23274275,(04)23288582,2025,1,1,23,14,臺中市,西屯區,0,1,0,5,1,6,50,3,1,1,4,4,6,6,4,4,10,5,5,2,16,3,10,5,4,B03,7,6,1,8,2,2,,14,14,1,12,4,120.650415,24.175912,2
331,66000,387130000C,(04)23274275,(04)23288582,2025,1,1,23,30,臺中市,北區,0,0,0,5,,,50,,,,,,,,,,,,,,17,,,,,B03,,,1,,1,,,49,49,1,13,4,120.675448,24.165939,4
332,66000,387130000C,(04)23274275,(04)23288582,2025,1,1,23,31,臺中市,豐原區,0,0,0,5,,,60,,,,,,,,,,,,,,23,,,,,B03,,,1,,2,,,59,59,1,6,4,120.717165,24.264086,3
333,66000,387130000C,(04)23274275,(04)23288582,2025,1,1,23,42,臺中市,太平區,0,2,0,5,1,6,50,4,1,1,4,4,6,6,1,1,10,5,5,2,15,2,9,2,1,C03,7,9,1,10,2,11,,21,21,1,13,4,120.711492,24.149869,2
334,66000,387130000C,(04)23274275,(04)23288582,2025,1,1,23,53,臺中市,北屯區,0,1,0,5,1,6,50,4,1,1,4,4,6,6,2,1,10,5,5,2,3,3,10,3,1,B03,7,6,1,8,2,4,,10,10,1,6,4,120.685763,24.178846,2
335,66000,387130000C,(04)23274275,(04)23288582,2025,1,1,23,55,臺中市,北屯區,0,1,0,5,3,6,50,4,1,1,4,4,6,6,1,1,10,5,5,2,17,3,10,3,1,B03,7,1,1,8,2,4,,51,51,1,6,4,120.729614,24.171167,2
336,66000,387130000C,(04)23274275,(04)23288582,2025,1,1,23,56,臺中市,西區,0,1,0,5,1,6,50,4,1,1,4,4,6,6,2,1,10,5,5,2,16,3,10,3,1,B03,7,5,1,8,2,2,,11,11,1,12,4,120.657412,24.150877,2
337,66000,387130000C,(04)23274275,(04)23288582,2025,1,1,23,57,臺中市,南屯區,0,2,0,5,1,6,50,4,1,1,4,4,6,6,2,1,10,5,5,2,15,3,10,3,1,B03,7,9,1,8,2,1,,21,21,1,13,4,120.646681,24.153613,2
338,66000,387130000C,(04)23274275,(04)23288582,2025,1,2,0,12,臺中市,太平區,0,1,0,5,1,6,50,13,9,1,4,4,6,6,4,4,5,5,5,1,27,2,9,1,1,C03,7,9,1,10,2,11,,84,84,1,12,4,120.723602,24.142166,2