序號,縣市別代碼,機關代碼,市話,傳真,年,月,日,時,分,縣市,區,死亡數量,受傷數量,2-30,天候,道路照明設備,道路類別,道路速限,道路型態,事故位置,路面鋪裝,路面狀態,路面缺陷,障礙物,視距,號誌種類,號誌動作,分向設施,快車道或一般車道間,快慢車道間,路面邊線,事故類型及型態,受傷程度,主要傷處,保護裝備,行動電話或功能裝置,當事者區分(類別),車輛用途,當事者行動狀態,駕照狀態,駕照種類,飲酒情形,車輛撞擊部位最初,車輛撞擊部位其他,肇事因素個別,肇事因素主要,肇事逃逸,職業,共享經濟或外送平台,GPS座標X,GPS座標Y,事故類別
339,66000,387130000C,(04)23274275,(04)23288582,2025,1,2,0,23,臺中市,西屯區,0,1,0,5,1,6,30,4,1,1,4,4,6,6,4,4,10,5,5,2,14,3,10,5,4,B03,7,2,1,8,2,3,,49,49,1,12,4,120.620209,24.181727,2
340,66000,387130000C,(04)23274275,(04)23288582,2025,1,2,0,31,臺中市,北屯區,0,0,0,5,,,50,,,,,,,,,,,,,,12,,,,,B03,,,1,8,2,,,43,43,1,6,4,120.658158,24.183172,3
341,66000,387130000C,(04)23274275,(04)23288582,2025,1,2,1,22,臺中市,沙鹿區,0,0,0,5,,,15,,,,,,,,,,,,,,,,,,,B03,,,1,,2,,,76,76,1,12,4,120.560779,24.208622,3
342,66000,387130000C,(04)23274275,(04)23288582,2025,1,2,1,27,臺中市,龍井區,0,0,0,6,,,50,,,,,,,,,,,,,,13,,,,,C03,,,1,,2,,,84,84,1,6,4,120.592259,24.181534,3
343,66000,387130000C,(04)23274275,(04)23288582,2025,1,2,1,59,臺中市,西屯區,0,3,0,5,1,6,50,4,1,1,4,4,6,6,3,1,10,5,5,2,15,2,9,5,4,B03,7,9,1,6,2,2,1,20,20,1,12,4,120.63393,24.167203,2
344,66000,387130000C,(04)23274275,(04)23288582,2025,1,2,2,54,臺中市,大甲區,0,0,0,5,,,30,,,,,,,,,,,,,,17,,,,,B03,,,1,,2,,,84,,1,12,4,120.643356,24.406885,3
345,66000,387130000C,(04)23274275,(04)23288582,2025,1,2,3,16,臺中市,南屯區,0,0,0,7,,,30,,,,,,,,,,,,,,14,,,,,B12,,,1,,1,,,49,49,1,6,4,120.615526,24.153266,3
346,66000,387130000C,(04)23274275,(04)23288582,2025,1,2,4,40,臺中市,沙鹿區,0,1,0,5,1,6,60,13,5,1,4,4,6,6,4,4,1,4,1,1,23,2,9,3,1,A12,7,9,1,1,2,8,4,84,84,1,12,4,120.570216,24.236379,2
347,66000,387130000C,(04)23274275,(04)23288582,2025,1,2,5,45,臺中市,西屯區,0,1,0,5,1,6,30,13,9,1,4,4,6,6,4,4,10,5,5,2,17,3,10,5,4,C03,7,6,1,10,2,16,,65,65,1,12,4,120.63946,24.181307,2
348,66000,387130000C,(04)23274275,(04)23288582,2025,1,2,6,39,臺中市,霧峰區,0,1,0,5,2,6,50,3,1,1,4,4,6,6,1,1,10,5,5,2,2,3,10,3,1,B03,7,6,1,8,2,1,,84,84,1,9,4,120.692046,24.042763,2
349,66000,387130000C,(04)23274275,(04)23288582,2025,1,2,6,39,臺中市,龍井區,0,3,0,6,3,6,70,4,1,1,4,4,6,6,1,1,10,5,5,2,15,2,8,3,1,B03,7,9,1,8,2,1,,21,21,1,6,4,120.542298,24.218906,2
350,66000,387130000C,(04)23274275,(04)23288582,2025,1,2,6,40,臺中市,西屯區,0,2,0,6,2,6,50,4,1,1,4,4,6,6,1,1,10,5,5,2,16,2,9,5,4,C03,7,6,1,10,2,11,14,11,11,1,12,4,120.637487,24.175913,2
351,66000,387130000C,(04)23274275,(04)23288582,2025,1,2,6,40,臺中市,太平區,0,2,0,5,3,6,50,4,1,1,4,4,6,6,3,1,10,5,5,2,15,2,8,1,1,C03,7,9,1,10,2,14,,24,24,1,6,4,120.72695,24.12438,2
352,66000,387130000C,(04)23274275,(04)23288582,2025,1,2,6,44,臺中市,大雅區,0,1,0,5,2,6,30,4,1,1,4,4,6,6,4,4,10,5,5,2,17,2,9,4,1,F01,7,9,7,21,1,12,,20,20,1,12,4,120.666828,24.237868,2
353,66000,387130000C,(04)23274275,(04)23288582,2025,1,2,6,48,臺中市,西區,0,0,0,5,,,50,,,,,,,,,,,,,,17,,,,,C03,,,1,,2,,,21,21,1,12,4,120.657209,24.133888,3
354,66000,387130000C,(04)23274275,(04)23288582,2025,1,2,6,50,臺中市,大里區,0,1,0,5,2,6,30,3,2,1,4,4,6,6,4,4,10,5,5,2,17,3,10,3,1,B03,7,6,1,8,2,1,,84,84,1,13,4,120.699573,24.082251,2
355,66000,387130000C,(04)23274275,(04)23288582,2025,1,2,6,54,臺中市,東區,0,0,0,7,,,50,,,,,,,,,,,,,,17,,,,,B12,,,1,,1,,,7,7,1,12,4,120.693452,24.133073,3
356,66000,387130000C,(04)23274275,(04)23288582,2025,1,2,6,57,臺中市,東區,0,0,0,7,,,50,,,,,,,,,,,,,,17,,,,,B03,,,1,,1,,,87,87,1,13,4,120.696629,24.138387,3
357,66000,387130000C,(04)23274275,(04)23288582,2025,1,2,6,57,臺中市,北屯區,0,0,0,5,,,50,,,,,,,,,,,,,,13,,,,,C03,,,1,,2,,,7,7,1,6,4,120.686102,24.180218,3
358,66000,387130000C,(04)23274275,(04)23288582,2025,1,2,6,57,臺中市,烏日區,0,2,0,5,2,6,50,3,1,1,4,4,6,6,4,4,5,4,4,2,17,2,9,1,1,C03,7,11,1,10,2,11,,20,20,1,6,4,120.648106,24.093004,2
359,66000,387130000C,(04)23274275,(04)23288582,2025,1,2,6,59,臺中市,霧峰區,0,2,0,5,2,6,50,4,1,1,4,4,6,6,1,1,10,5,5,2,17,2,9,2,1,C03,7,9,1,10,2,12,,84,84,1,6,4,120.698686,24.064478,2
360,66000,387130000C,(04)23274275,(04)23288582,2025,1,2,7,1,臺中市,烏日區,0,0,0,6,2,6,50,13,7,1,4,4,6,6,4,4,5,4,4,2,13,3,10,3,1,B03,7,14,1,8,1,3,,56,56,1,6,4,120.641866,24.108192,3
361,66000,387130000C,(04)23274275,(04)23288582,2025,1,2,7,3,臺中市,霧峰區,0,2,0,5,2,6,50,13,9,1,4,4,6,6,4,4,5,5,5,1,3,2,9,6,5,H01,8,16,7,21,10,17,,95,95,1,6,5,120.692814,24.066227,2
362,66000,387130000C,(04)23274275,(04)23288582,2025,1,2,7,13,臺中市,大甲區,0,1,0,7,2,6,50,13,9,1,5,4,6,6,4,4,5,5,5,1,17,2,1,3,1,B03,7,3,1,8,2,8,,82,82,1,6,4,120.626015,24.344018,2
363,66000,387130000C,(04)23274275,(04)23288582,2025,1,2,7,15,臺中市,南屯區,0,1,0,5,2,6,50,3,1,1,4,4,6,6,4,4,5,4,4,2,11,3,10,3,1,B12,7,1,1,8,2,4,,51,51,1,12,4,120.648223,24.137024,2
364,66000,387130000C,(04)23274275,(04)23288582,2025,1,2,7,15,臺中市,西屯區,0,1,0,6,2,6,40,5,1,1,4,4,6,6,4,4,5,5,5,2,17,3,10,1,1,C03,7,5,1,10,2,14,,14,14,1,12,4,120.668616,24.175807,2
365,66000,387130000C,(04)23274275,(04)23288582,2025,1,2,7,20,臺中市,太平區,0,1,0,7,3,6,50,13,9,1,4,4,6,6,4,4,5,4,5,2,17,3,10,5,4,B03,7,14,1,10,2,2,,76,76,1,12,4,120.734176,24.149043,2
366,66000,387130000C,(04)23274275,(04)23288582,2025,1,2,7,22,臺中市,清水區,1,0,0,7,2,6,40,13,8,1,5,4,6,6,4,4,1,4,3,1,17,1,1,1,1,C03,7,9,1,10,2,11,,85,85,1,12,4,120.535503,24.279112,1
367,66000,387130000C,(04)23274275,(04)23288582,2025,1,2,7,25,臺中市,大甲區,0,1,0,7,3,6,30,3,1,1,5,4,6,6,4,4,10,5,5,2,11,2,9,5,4,C03,7,5,1,10,2,11,,6,6,1,6,4,120.61985,24.347686,2
368,66000,387130000C,(04)23274275,(04)23288582,2025,1,2,7,26,臺中市,潭子區,0,1,0,6,2,6,30,13,9,1,4,4,6,6,4,4,10,5,5,1,18,2,9,1,1,C03,7,9,1,10,2,16,,43,43,1,13,4,120.682051,24.224292,2
369,66000,387130000C,(04)23274275,(04)23288582,2025,1,2,7,26,臺中市,大里區,0,1,0,5,3,6,50,4,1,1,4,4,6,6,4,4,10,5,5,2,15,3,10,3,1,B03,7,9,1,8,2,2,,15,15,1,6,4,120.698675,24.107968,2
370,66000,387130000C,(04)23274275,(04)23288582,2025,1,2,7,30,臺中市,西屯區,0,1,0,6,2,6,50,4,1,1,4,4,6,6,4,4,10,5,5,2,18,2,9,2,1,C03,7,6,1,9,2,16,,59,59,1,12,4,120.594873,24.193696,2
371,66000,387130000C,(04)23274275,(04)23288582,2025,1,2,7,33,臺中市,南屯區,0,0,0,5,,,50,,,,,,,,,,,,,,13,,,,,C03,,,1,,2,,,7,7,1,6,4,120.64655,24.133376,4
372,66000,387130000C,(04)23274275,(04)23288582,2025,1,2,7,33,臺中市,龍井區,0,0,0,5,,,40,,,,,,,,,,,,,,13,,,,,B03,,,1,,1,,,84,84,1,12,4,120.580436,24.189414,3
373,66000,387130000C,(04)23274275,(04)23288582,2025,1,2,7,34,臺中市,大甲區,0,0,0,6,1,6,40,13,9,1,5,4,6,6,1,1,4,4,5,1,13,3,10,1,1,C03,7,9,1,9,2,11,11,7,7,1,12,4,120.624502,24.340626,3
374,66000,387130000C,(04)23274275,(04)23288582,2025,1,2,7,35,臺中市,石岡區,0,1,0,7,2,6,50,13,9,1,5,4,6,6,4,4,5,5,5,1,17,3,10,5,4,B03,7,4,5,8,9,16,,1,1,1,12,4,120.765014,24.277422,2
375,66000,387130000C,(04)23274275,(04)23288582,2025,1,2,7,36,臺中市,太平區,0,0,0,5,,,30,,,,,,,,,,,,,,11,,,,,B03,,,1,,2,,,8,8,1,9,4,120.726255,24.107517,3
376,66000,387130000C,(04)23274275,(04)23288582,2025,1,2,7,38,臺中市,太平區,0,1,0,5,3,6,50,3,1,1,4,4,6,6,4,4,10,5,5,2,13,3,10,1,1,C03,7,9,1,10,2,11,,7,7,1,12,4,120.717292,24.128516,2
377,66000,387130000C,(04)23274275,(04)23288582,2025,1,2,7,38,臺中市,梧棲區,0,2,0,7,2,6,40,5,1,1,5,4,6,6,2,1,10,5,5,2,16,2,8,2,1,C03,7,6,1,10,2,11,,48,48,1,6,4,120.552042,24.244066,2
378,66000,387130000C,(04)23274275,(04)23288582,2025,1,2,7,40,臺中市,清水區,0,1,0,7,3,6,50,13,9,1,5,4,6,6,4,4,9,5,5,1,17,3,10,3,1,B12,7,11,1,8,2,4,,45,45,1,12,4,120.564719,24.274637,2
379,66000,387130000C,(04)23274275,(04)23288582,2025,1,2,7,41,臺中市,梧棲區,0,0,0,5,,,70,,,,,,,,,,,,,,13,,,,,B03,,,1,,2,,,7,7,1,6,4,120.55684,24.252834,3
380,66000,387130000C,(04)23274275,(04)23288582,2025,1,2,7,43,臺中市,南區,0,0,0,7,,,50,,,,,,,,,,,,,,,,,,,C03,,,1,,2,,,7,7,1,6,4,120.669956,24.121647,4
381,66000,387130000C,(04)23274275,(04)23288582,2025,1,2,7,43,臺中市,南屯區,0,1,0,7,2,6,50,4,1,1,5,4,6,6,1,1,9,4,1,2,15,3,10,3,1,B03,7,9,1,8,2,1,,84,84,1,12,4,120.646632,24.143832,2
382,66000,387130000C,(04)23274275,(04)23288582,2025,1,2,7,44,臺中市,北屯區,0,3,0,5,3,6,50,4,1,1,4,4,6,6,1,1,10,5,5,2,15,2,9,1,1,C03,7,9,1,10,2,12,,21,21,1,12,4,120.688289,24.176588,2
383,66000,387130000C,(04)23274275,(04)23288582,2025,1,2,7,46,臺中市,太平區,0,1,0,7,3,6,50,13,7,1,4,4,6,6,4,4,5,5,4,1,17,3,10,5,4,B02,7,9,1,8,2,6,,85,85,1,12,4,120.733514,24.118558,2
384,66000,387130000C,(04)23274275,(04)23288582,2025,1,2,7,49,臺中市,潭子區,0,1,0,5,3,6,30,3,2,1,4,4,6,6,4,4,10,5,5,1,13,3,10,3,1,B03,7,5,1,8,2,1,,7,7,1,12,4,120.714707,24.208479,2
385,66000,387130000C,(04)23274275,(04)23288582,2025,1,2,7,52,臺中市,北屯區,0,1,0,5,3,6,50,3,1,1,4,4,6,6,4,4,10,5,5,2,16,3,10,3,1,B03,7,6,1,8,1,2,,14,14,1,13,4,120.723843,24.166177,2
386,66000,387130000C,(04)23274275,(04)23288582,2025,1,2,7,52,臺中市,北屯區,0,2,0,5,2,6,50,4,1,1,4,4,6,6,4,4,9,5,5,2,17,2,9,1,1,C03,7,9,1,10,2,12,,84,84,1,12,4,120.725434,24.179117,2
387,66000,387130000C,(04)23274275,(04)23288582,2025,1,2,7,54,臺中市,北區,0,1,0,7,2,6,50,4,1,1,4,4,6,6,1,1,1,5,5,2,16,3,10,3,1,B03,7,5,1,8,2,5,,84,84,1,13,4,120.677316,24.165432,2
388,66000,387130000C,(04)23274275,(04)23288582,2025,1,2,7,54,臺中市,南屯區,0,0,0,5,,,50,,,,,,,,,,,,,,13,,,,,B03,,,1,,1,,,59,59,1,12,4,120.646453,24.129317,3
389,66000,387130000C,(04)23274275,(04)23288582,2025,1,2,7,56,臺中市,西屯區,0,0,0,5,,,50,,,,,,,,,,,,,,13,,,,,B03,,,1,,1,,,7,7,1,13,4,120.654556,24.176111,3
390,66000,387130000C,(04)23274275,(04)23288582,2025,1,2,7,56,臺中市,梧棲區,0,1,0,6,2,6,50,4,2,1,4,4,6,6,4,4,10,5,5,2,18,2,9,2,1,C03,7,9,1,10,2,14,,59,59,1,6,4,120.540736,24.255573,2
391,66000,387130000C,(04)23274275,(04)23288582,2025,1,2,7,57,臺中市,北屯區,0,0,0,7,,,50,,,,,,,,,,,,,,9,,,,,B03,,,1,8,9,,,26,26,1,12,4,120.719557,24.178097,3
392,66000,387130000C,(04)23274275,(04)23288582,2025,1,2,7,58,臺中市,西屯區,0,0,0,7,,,50,,,,,,,,,,,,,,12,,,,,F03,,,1,,1,,,84,84,1,13,4,120.64564,24.18291,3
393,66000,387130000C,(04)23274275,(04)23288582,2025,1,2,7,59,臺中市,北區,0,2,0,7,2,6,50,13,9,1,5,4,6,6,4,4,1,3,5,2,13,2,9,1,1,C03,7,9,1,10,2,11,,7,7,1,12,4,120.684913,24.167843,2
394,66000,387130000C,(04)23274275,(04)23288582,2025,1,2,7,59,臺中市,豐原區,0,1,0,6,2,6,60,13,8,1,4,4,6,6,4,4,1,4,4,2,13,3,10,2,1,C03,7,9,1,10,2,14,,7,7,1,13,4,120.718476,24.26395,2
395,66000,387130000C,(04)23274275,(04)23288582,2025,1,2,8,0,臺中市,大雅區,0,1,0,5,2,6,30,3,2,1,4,4,6,6,4,4,10,5,5,1,19,2,9,1,1,C03,7,9,1,10,2,11,,84,84,1,13,4,120.659633,24.217243,2
396,66000,387130000C,(04)23274275,(04)23288582,2025,1,2,8,0,臺中市,北屯區,0,0,0,7,,,50,,,,,,,,,,,,,,17,,,,,B03,,,1,,1,,,76,76,1,12,4,120.700152,24.182775,3
397,66000,387130000C,(04)23274275,(04)23288582,2025,1,2,8,2,臺中市,大雅區,0,0,0,5,,,60,,,,,,,,,,,,,,,,,,,C03,,,1,,2,,,84,84,1,12,4,120.650554,24.21116,3
398,66000,387130000C,(04)23274275,(04)23288582,2025,1,2,8,3,臺中市,南屯區,0,0,0,5,,,50,,,,,,,,,,,,,,,,,,,B03,,,1,,2,,,7,7,1,6,4,120.63946,24.121274,3
399,66000,387130000C,(04)23274275,(04)23288582,2025,1,2,8,4,臺中市,太平區,0,1,0,5,3,6,40,13,8,1,4,4,6,6,4,4,9,5,4,2,18,2,9,2,1,C03,7,12,1,10,2,12,,84,84,1,12,4,120.734697,24.156287,2
400,66000,387130000C,(04)23274275,(04)23288582,2025,1,2,8,5,臺中市,清水區,0,2,0,7,3,6,50,3,2,1,5,4,6,6,3,1,5,4,5,2,17,2,9,2,1,C03,7,9,1,10,2,12,,7,7,1,12,4,120.573441,24.266685,2
401,66000,387130000C,(04)23274275,(04)23288582,2025,1,2,8,6,臺中市,霧峰區,0,1,0,5,2,6,50,3,2,1,4,4,6,6,3,1,5,5,5,1,17,3,10,3,1,B03,7,5,1,8,2,16,,24,24,1,13,4,120.654543,24.084791,2
402,66000,387130000C,(04)23274275,(04)23288582,2025,1,2,8,13,臺中市,潭子區,0,0,0,7,,,30,,,,,,,,,,,,,,,,,,,B03,,,1,,9,,,59,59,1,12,4,120.708354,24.216171,3
403,66000,387130000C,(04)23274275,(04)23288582,2025,1,2,8,13,臺中市,東區,0,1,0,5,2,6,50,3,2,1,4,4,6,6,4,4,1,4,5,2,18,2,9,1,1,C03,7,9,1,10,2,14,,84,84,1,12,4,120.711291,24.143313,2
404,66000,387130000C,(04)23274275,(04)23288582,2025,1,2,8,13,臺中市,大里區,0,1,0,5,3,6,50,4,2,1,4,4,6,6,1,1,5,4,5,1,12,2,9,1,1,C03,7,8,1,10,2,14,,40,40,1,13,4,120.674992,24.109745,2
405,66000,387130000C,(04)23274275,(04)23288582,2025,1,2,8,13,臺中市,大里區,0,1,0,5,3,6,40,3,2,1,4,4,6,6,4,4,4,4,5,1,16,3,10,3,1,B03,7,5,1,8,2,2,,84,84,1,13,4,120.694258,24.107032,2
406,66000,387130000C,(04)23274275,(04)23288582,2025,1,2,8,14,臺中市,南屯區,0,0,0,7,,,50,,,,,,,,,,,,,,13,,,,,C03,,,1,,1,,,7,7,1,12,4,120.616286,24.146186,3
407,66000,387130000C,(04)23274275,(04)23288582,2025,1,2,8,14,臺中市,豐原區,0,1,0,6,2,6,50,13,8,1,5,4,6,6,4,4,1,4,4,1,16,3,10,5,4,B03,7,7,1,8,2,6,,40,40,1,12,4,120.738654,24.262065,2
408,66000,387130000C,(04)23274275,(04)23288582,2025,1,2,8,17,臺中市,大里區,0,1,0,5,3,6,50,4,2,1,4,4,6,6,4,4,5,5,5,1,17,2,9,1,1,C03,7,9,1,10,2,14,,84,84,1,13,4,120.668274,24.107846,2
409,66000,387130000C,(04)23274275,(04)23288582,2025,1,2,8,25,臺中市,南屯區,0,0,0,7,,,30,,,,,,,,,,,,,,2,,,,,A12,,,1,,9,,,8,8,1,12,4,120.613135,24.128058,3
410,66000,387130000C,(04)23274275,(04)23288582,2025,1,2,8,25,臺中市,南屯區,0,0,0,7,,,50,,,,,,,,,,,,,,13,,,,,B03,,,1,,1,,,7,7,1,6,4,120.613683,24.150858,3
411,66000,387130000C,(04)23274275,(04)23288582,2025,1,2,8,25,臺中市,西屯區,0,1,0,6,2,6,50,4,1,1,4,4,6,6,2,1,1,5,5,2,12,2,9,1,1,C03,7,4,1,10,2,12,,37,37,1,12,4,120.651816,24.165933,2
412,66000,387130000C,(04)23274275,(04)23288582,2025,1,2,8,28,臺中市,西屯區,0,1,0,5,2,6,50,4,1,1,4,4,6,6,1,1,10,5,5,2,17,3,10,3,1,B12,7,5,1,8,2,16,,47,47,1,12,4,120.652923,24.172311,2
413,66000,387130000C,(04)23274275,(04)23288582,2025,1,2,8,30,臺中市,霧峰區,0,0,0,5,,,40,,,,,,,,,,,,,,,,,,,B12,,,1,,2,,,49,49,1,6,4,120.661717,24.070504,3
414,66000,387130000C,(04)23274275,(04)23288582,2025,1,2,8,31,臺中市,北屯區,0,3,0,5,2,6,50,4,1,1,4,4,6,6,1,1,10,5,5,2,15,2,9,1,1,C03,7,9,1,10,2,11,,21,21,1,6,4,120.683686,24.176072,2
415,66000,387130000C,(04)23274275,(04)23288582,2025,1,2,8,31,臺中市,西屯區,0,0,0,5,,,30,,,,,,,,,,,,,,17,,,,,B03,,,1,,1,,,12,12,1,13,4,120.637487,24.170718,3
416,66000,387130000C,(04)23274275,(04)23288582,2025,1,2,8,32,臺中市,潭子區,0,0,0,5,,,50,,,,,,,,,,,,,,11,,,,,B03,,,1,,2,,,8,8,1,13,4,120.704477,24.219577,3
417,66000,387130000C,(04)23274275,(04)23288582,2025,1,2,8,33,臺中市,西屯區,0,1,0,5,3,6,50,13,7,1,4,4,6,6,4,4,4,3,4,2,17,2,9,5,4,C03,7,12,1,10,2,12,,82,82,1,13,4,120.615879,24.177016,2
418,66000,387130000C,(04)23274275,(04)23288582,2025,1,2,8,35,臺中市,清水區,0,0,0,7,,,50,,,,,,,,,,,,,,17,,,,,B12,,,1,,2,,,50,50,1,12,4,120.575855,24.267274,3
419,66000,387130000C,(04)23274275,(04)23288582,2025,1,2,8,35,臺中市,新社區,0,1,0,6,2,6,50,4,1,1,4,4,6,6,1,1,10,5,5,2,15,2,9,3,1,B03,7,9,1,8,2,7,,19,19,1,12,4,120.803392,24.22666,2
420,66000,387130000C,(04)23274275,(04)23288582,2025,1,2,8,43,臺中市,大里區,0,1,0,6,2,6,50,4,1,1,4,4,6,6,1,1,10,5,5,2,18,2,9,2,1,C03,7,9,1,10,2,12,,85,85,1,6,4,120.679454,24.114118,2
421,66000,387130000C,(04)23274275,(04)23288582,2025,1,2,8,43,臺中市,太平區,0,0,0,5,,,50,,,,,,,,,,,,,,17,,,,,B03,,,1,,2,,,50,50,1,6,4,120.717234,24.112822,3
422,66000,387130000C,(04)23274275,(04)23288582,2025,1,2,8,45,臺中市,神岡區,0,1,0,7,2,6,50,3,9,1,4,4,6,6,3,1,1,4,4,2,16,3,10,5,4,B03,7,5,1,8,2,8,,11,11,1,12,4,120.692176,24.232456,2
423,66000,387130000C,(04)23274275,(04)23288582,2025,1,2,8,46,臺中市,北屯區,0,1,0,6,2,6,30,4,1,1,5,4,6,6,4,4,10,5,5,2,15,2,9,1,1,C03,7,9,1,10,2,12,,84,84,1,6,4,120.670429,24.182465,2
424,66000,387130000C,(04)23274275,(04)23288582,2025,1,2,8,47,臺中市,大雅區,0,0,0,7,,,50,,,,,,,,,,,,,,,,,,,B03,,,1,,1,,,49,49,1,12,4,120.652412,24.227166,3
425,66000,387130000C,(04)23274275,(04)23288582,2025,1,2,8,47,臺中市,大里區,0,0,0,5,,,60,,,,,,,,,,,,,,12,,,,,A12,,,1,,1,,,40,40,1,6,4,120.700313,24.120358,3
426,66000,387130000C,(04)23274275,(04)23288582,2025,1,2,8,50,臺中市,北區,0,0,0,7,,,50,,,,,,,,,,,,,,17,,,,,B12,,,1,,2,,,84,84,1,13,4,120.684855,24.159941,3
427,66000,387130000C,(04)23274275,(04)23288582,2025,1,2,8,50,臺中市,西屯區,0,1,0,6,2,6,30,4,1,1,4,4,6,6,1,1,5,2,5,2,16,3,10,3,1,B03,7,5,1,8,2,2,,47,47,1,12,4,120.641725,24.178256,2
428,66000,387130000C,(04)23274275,(04)23288582,2025,1,2,8,54,臺中市,西屯區,0,1,0,6,2,6,50,3,1,1,4,4,6,6,4,4,4,4,5,2,18,2,9,1,1,C03,7,9,1,10,2,12,,6,6,1,12,4,120.641181,24.162122,2
429,66000,387130000C,(04)23274275,(04)23288582,2025,1,2,8,56,臺中市,北區,0,0,0,5,,,50,,,,,,,,,,,,,,17,,,,,B12,,,1,,2,,,84,84,1,13,4,120.694594,24.159609,3
430,66000,387130000C,(04)23274275,(04)23288582,2025,1,2,8,57,臺中市,西屯區,0,0,0,5,,,50,,,,,,,,,,,,,,13,,,,,B12,,,1,,1,,,7,7,1,13,4,120.653518,24.20289,3
431,66000,387130000C,(04)23274275,(04)23288582,2025,1,2,8,57,臺中市,大里區,0,0,0,5,,,50,,,,,,,,,,,,,,17,,,,,B03,,,1,,2,,,8,8,1,13,4,120.684054,24.116243,3
432,66000,387130000C,(04)23274275,(04)23288582,2025,1,2,8,58,臺中市,北區,0,1,0,5,2,6,50,4,1,1,4,4,6,6,2,1,10,5,5,2,18,2,8,2,1,C03,7,9,1,10,2,14,,84,84,1,6,4,120.668018,24.154528,2
433,66000,387130000C,(04)23274275,(04)23288582,2025,1,2,8,59,臺中市,北屯區,0,1,0,5,3,6,50,13,9,1,4,4,6,6,4,4,9,4,5,2,16,3,10,3,1,B03,7,6,1,8,2,5,,20,20,1,12,4,120.67534,24.17441,2
434,66000,387130000C,(04)23274275,(04)23288582,2025,1,2,9,0,臺中市,南區,0,0,0,7,,,50,,,,,,,,,,,,,,,,,,,C03,,,1,,2,,,49,49,1,12,4,120.664344,24.124501,3
435,66000,387130000C,(04)23274275,(04)23288582,2025,1,2,9,2,臺中市,大雅區,0,1,0,6,2,6,30,4,2,1,4,4,6,6,4,4,10,5,5,2,16,2,9,1,1,C03,7,5,1,10,2,11,,14,14,1,13,4,120.636365,24.221431,2
436,66000,387130000C,(04)23274275,(04)23288582,2025,1,2,9,2,臺中市,北區,0,4,0,7,2,6,50,4,1,1,5,4,6,6,1,1,10,5,5,2,13,2,8,4,1,B03,7,9,1,8,2,8,,59,59,1,13,4,120.669119,24.155327,2
437,66000,387130000C,(04)23274275,(04)23288582,2025,1,2,9,5,臺中市,西區,0,0,0,7,,,50,,,,,,,,,,,,,,,,,,,C03,,,1,9,1,,,49,49,1,13,4,120.661974,24.160984,3
438,66000,387130000C,(04)23274275,(04)23288582,2025,1,2,9,6,臺中市,東區,0,0,0,5,,,50,,,,,,,,,,,,,,12,,,,,B12,,,1,,1,,,84,84,1,12,4,120.693229,24.130033,3
439,66000,387130000C,(04)23274275,(04)23288582,2025,1,2,9,7,臺中市,大里區,0,0,0,6,,,50,,,,,,,,,,,,,,,,,,,A04,,,1,,2,,,84,84,1,12,4,120.692573,24.122172,3
440,66000,387130000C,(04)23274275,(04)23288582,2025,1,2,9,7,臺中市,龍井區,0,0,0,5,,,50,,,,,,,,,,,,,,,,,,,B03,,,1,,2,,,59,59,1,6,4,120.545435,24.183687,3
441,66000,387130000C,(04)23274275,(04)23288582,2025,1,2,9,7,臺中市,烏日區,0,1,0,5,3,6,40,4,1,1,4,4,6,6,2,1,1,5,4,1,18,2,9,1,1,C03,7,9,1,10,2,12,,84,84,1,6,4,120.649129,24.093503,2
442,66000,387130000C,(04)23274275,(04)23288582,2025,1,2,9,10,臺中市,西區,0,1,0,6,2,6,50,4,2,1,4,4,6,6,2,1,5,2,4,2,13,3,10,2,1,C03,7,9,4,19,2,11,,7,7,1,12,4,120.657551,24.133762,2
443,66000,387130000C,(04)23274275,(04)23288582,2025,1,2,9,10,臺中市,西屯區,0,1,0,5,3,6,50,4,1,1,4,4,6,6,2,1,4,3,4,2,15,3,10,5,4,B12,7,9,1,8,2,1,,21,21,1,13,4,120.641479,24.182273,2
444,66000,387130000C,(04)23274275,(04)23288582,2025,1,2,9,11,臺中市,霧峰區,0,0,0,5,,,50,,,,,,,,,,,,,,,,,,,B03,,,1,,2,,,84,84,1,13,4,120.696947,24.065753,3
445,66000,387130000C,(04)23274275,(04)23288582,2025,1,2,9,12,臺中市,南屯區,0,1,0,5,2,6,50,5,2,1,4,4,6,6,4,4,5,5,5,2,18,2,9,2,1,C03,7,9,1,10,2,12,,84,84,1,12,4,120.64383,24.13775,2
446,66000,387130000C,(04)23274275,(04)23288582,2025,1,2,9,14,臺中市,南區,0,1,0,6,3,6,50,4,1,1,5,4,6,6,2,1,5,5,5,2,11,3,10,3,1,B01,7,6,1,3,2,8,,11,11,1,6,4,120.666731,24.114148,2
447,66000,387130000C,(04)23274275,(04)23288582,2025,1,2,9,15,臺中市,北屯區,0,2,0,5,3,6,50,13,9,1,4,4,6,6,4,4,5,4,5,2,16,2,9,2,1,C03,7,11,1,10,2,14,,39,39,1,13,4,120.711667,24.172461,2
448,66000,387130000C,(04)23274275,(04)23288582,2025,1,2,9,16,臺中市,太平區,0,1,0,5,3,6,30,3,1,1,4,4,6,1,4,4,10,5,5,2,11,3,10,5,4,B03,7,6,1,8,2,8,,41,41,1,12,4,120.716636,24.122518,2
449,66000,387130000C,(04)23274275,(04)23288582,2025,1,2,9,18,臺中市,大里區,0,1,0,5,3,6,40,3,1,1,4,4,6,6,4,4,10,5,5,2,17,2,9,1,1,C03,7,9,1,10,2,11,,84,84,1,13,4,120.694673,24.101423,2