序號,縣市別代碼,機關代碼,市話,傳真,年,月,日,時,分,縣市,區,死亡數量,受傷數量,2-30,天候,道路照明設備,道路類別,道路速限,道路型態,事故位置,路面鋪裝,路面狀態,路面缺陷,障礙物,視距,號誌種類,號誌動作,分向設施,快車道或一般車道間,快慢車道間,路面邊線,事故類型及型態,受傷程度,主要傷處,保護裝備,行動電話或功能裝置,當事者區分(類別),車輛用途,當事者行動狀態,駕照狀態,駕照種類,飲酒情形,車輛撞擊部位最初,車輛撞擊部位其他,肇事因素個別,肇事因素主要,肇事逃逸,職業,共享經濟或外送平台,GPS座標X,GPS座標Y,事故類別
450,66000,387130000C,(04)23274275,(04)23288582,2025,1,2,9,19,臺中市,豐原區,0,1,0,6,2,6,50,4,1,1,4,4,6,6,4,4,10,5,5,2,17,2,9,2,1,C03,7,5,1,10,2,12,,84,84,1,13,4,120.730553,24.250303,2
451,66000,387130000C,(04)23274275,(04)23288582,2025,1,2,9,20,臺中市,西屯區,0,0,0,6,,,30,,,,,,,,,,,,,,12,,,,,B03,,,1,,1,,,8,8,1,12,4,120.645286,24.196785,3
452,66000,387130000C,(04)23274275,(04)23288582,2025,1,2,9,22,臺中市,潭子區,0,3,0,6,2,6,50,3,1,1,5,4,6,6,4,4,10,5,5,2,16,2,8,1,1,C03,7,6,1,10,2,14,,48,48,1,13,4,120.704468,24.212207,2
453,66000,387130000C,(04)23274275,(04)23288582,2025,1,2,9,22,臺中市,南屯區,0,1,0,5,2,6,50,3,1,1,4,4,6,6,4,4,1,4,5,2,16,3,10,3,1,B03,7,5,1,8,2,2,,47,47,1,6,4,120.62345,24.144362,2
454,66000,387130000C,(04)23274275,(04)23288582,2025,1,2,9,34,臺中市,大雅區,0,0,0,7,,,50,,,,,,,,,,,,,,,,,,,A12,,,1,,2,,,39,39,1,12,4,120.651779,24.227995,3
455,66000,387130000C,(04)23274275,(04)23288582,2025,1,2,9,37,臺中市,神岡區,0,1,0,6,1,6,30,4,1,1,4,4,6,6,4,4,10,5,5,2,15,2,9,2,4,C03,7,9,1,10,2,11,,15,15,1,12,4,120.659321,24.270673,2
456,66000,387130000C,(04)23274275,(04)23288582,2025,1,2,9,40,臺中市,西屯區,0,1,0,6,2,6,40,3,2,1,4,4,6,6,4,4,1,4,1,2,16,2,8,2,1,C03,7,9,1,10,2,12,,7,7,1,12,4,120.650747,24.162244,2
457,66000,387130000C,(04)23274275,(04)23288582,2025,1,2,9,40,臺中市,霧峰區,0,1,0,5,2,6,40,4,1,1,4,4,6,6,4,4,10,5,5,2,15,3,10,3,1,B03,7,9,3,19,2,5,,20,20,1,6,4,120.681854,24.063817,2
458,66000,387130000C,(04)23274275,(04)23288582,2025,1,2,9,42,臺中市,北區,0,2,0,6,2,6,50,4,1,1,5,4,6,6,1,1,1,4,4,2,17,2,9,1,1,C03,7,9,1,10,2,12,,21,21,1,12,4,120.685089,24.161558,2
459,66000,387130000C,(04)23274275,(04)23288582,2025,1,2,9,45,臺中市,南屯區,0,0,0,7,,,50,,,,,,,,,,,,,,13,,,,,B03,,,1,,1,,,84,84,1,6,4,120.643835,24.140189,3
460,66000,387130000C,(04)23274275,(04)23288582,2025,1,2,9,48,臺中市,大甲區,0,2,0,7,2,6,50,3,19,1,5,4,6,6,2,1,10,4,4,2,3,2,9,6,5,H01,8,16,7,21,10,17,,96,96,1,12,5,120.627694,24.347551,2
461,66000,387130000C,(04)23274275,(04)23288582,2025,1,2,9,50,臺中市,西屯區,0,0,0,7,,,50,,,,,,,,,,,,,,14,,,,,B03,,,1,,2,,,49,49,1,12,4,120.614149,24.182387,3
462,66000,387130000C,(04)23274275,(04)23288582,2025,1,2,9,50,臺中市,沙鹿區,0,0,0,6,,,50,,,,,,,,,,,,,,17,,,,,B03,,,1,,1,,,49,49,1,6,4,120.615019,24.242338,3
463,66000,387130000C,(04)23274275,(04)23288582,2025,1,2,9,54,臺中市,南屯區,0,1,0,6,2,6,50,4,1,1,4,4,6,6,4,4,5,5,5,2,15,2,9,2,1,C03,7,9,1,10,2,11,,15,15,1,12,4,120.612791,24.148444,2
464,66000,387130000C,(04)23274275,(04)23288582,2025,1,2,10,1,臺中市,烏日區,0,0,0,7,,,30,,,,,,,,,,,,,,,,,,,B03,,,1,,2,,,15,15,1,6,4,120.63962,24.05908,3
465,66000,387130000C,(04)23274275,(04)23288582,2025,1,2,10,4,臺中市,潭子區,0,2,0,7,3,6,50,13,9,1,5,4,6,6,4,4,3,4,5,2,12,3,10,3,1,B03,7,9,1,8,2,2,,8,8,1,12,4,120.719861,24.22886,2
466,66000,387130000C,(04)23274275,(04)23288582,2025,1,2,10,6,臺中市,烏日區,0,2,0,6,2,6,50,4,1,1,5,4,6,6,1,1,5,4,4,2,16,2,9,1,1,C03,7,6,1,10,2,12,,11,11,1,6,4,120.624288,24.102624,2
467,66000,387130000C,(04)23274275,(04)23288582,2025,1,2,10,19,臺中市,太平區,0,1,0,5,1,6,50,4,2,1,4,4,6,6,4,4,5,2,5,2,16,3,10,3,1,B03,7,5,1,8,2,6,,11,11,1,6,4,120.718677,24.129459,2
468,66000,387130000C,(04)23274275,(04)23288582,2025,1,2,10,22,臺中市,北區,0,0,0,7,,,50,,,,,,,,,,,,,,17,,,,,B12,,,1,,2,,,59,59,1,13,4,120.679298,24.165404,3
469,66000,387130000C,(04)23274275,(04)23288582,2025,1,2,10,26,臺中市,東勢區,0,0,0,7,,,50,,,,,,,,,,,,,,17,,,,,B03,,,1,,1,,,59,59,1,12,4,120.829802,24.2523,3
470,66000,387130000C,(04)23274275,(04)23288582,2025,1,2,10,33,臺中市,北區,0,1,0,7,2,6,30,3,2,1,5,4,6,6,4,4,10,5,5,2,18,2,9,1,1,C03,7,6,1,10,2,12,,84,84,1,13,4,120.687103,24.156926,2
471,66000,387130000C,(04)23274275,(04)23288582,2025,1,2,10,35,臺中市,東區,0,0,0,7,,,50,,,,,,,,,,,,,,13,,,,,C03,,,1,,1,,,7,7,1,13,4,120.705806,24.148334,3
472,66000,387130000C,(04)23274275,(04)23288582,2025,1,2,10,38,臺中市,西區,0,0,0,7,,,50,,,,,,,,,,,,,,,,,,,B03,,,1,,1,,,49,49,1,6,4,120.660207,24.152541,3
473,66000,387130000C,(04)23274275,(04)23288582,2025,1,2,10,39,臺中市,太平區,0,1,0,7,3,6,30,11,9,1,5,4,6,6,4,4,10,5,5,2,11,3,10,5,4,B03,7,9,1,8,2,8,,41,41,1,12,4,120.712379,24.112436,2
474,66000,387130000C,(04)23274275,(04)23288582,2025,1,2,10,44,臺中市,太平區,0,2,0,6,3,6,50,4,1,1,4,4,6,6,1,1,10,5,5,2,13,2,9,1,1,C03,7,6,1,10,2,13,,84,84,1,12,4,120.733245,24.142568,2
475,66000,387130000C,(04)23274275,(04)23288582,2025,1,2,10,46,臺中市,沙鹿區,0,1,0,7,2,6,50,13,9,1,5,4,6,6,4,4,10,5,5,1,17,2,9,1,1,C03,7,6,1,10,2,12,,48,48,1,12,4,120.5702,24.213439,2
476,66000,387130000C,(04)23274275,(04)23288582,2025,1,2,10,56,臺中市,大里區,0,2,0,5,3,6,50,13,9,1,4,4,6,6,4,4,1,4,5,1,13,2,7,1,1,C03,7,9,1,10,2,11,,7,7,1,13,4,120.684871,24.09709,2
477,66000,387130000C,(04)23274275,(04)23288582,2025,1,2,10,57,臺中市,大甲區,0,0,0,7,,,50,,,,,,,,,,,,,,,,,,,B01,,,1,,1,,,15,15,1,6,4,120.645229,24.405207,3
478,66000,387130000C,(04)23274275,(04)23288582,2025,1,2,11,0,臺中市,西屯區,0,0,0,6,,,0,,,,,,,,,,,,,,17,,,,,B03,,,1,,1,,,51,51,1,12,4,120.602699,24.183223,3
479,66000,387130000C,(04)23274275,(04)23288582,2025,1,2,11,3,臺中市,梧棲區,0,0,0,7,,,30,,,,,,,,,,,,,,17,,,,,B03,,,1,,1,,,59,59,1,6,4,120.529851,24.24299,3
480,66000,387130000C,(04)23274275,(04)23288582,2025,1,2,11,4,臺中市,西屯區,0,0,0,7,,,50,,,,,,,,,,,,,,12,,,,,B03,,,1,,2,,,8,8,1,13,4,120.644366,24.175173,3
481,66000,387130000C,(04)23274275,(04)23288582,2025,1,2,11,4,臺中市,大里區,0,3,0,6,3,6,50,3,1,1,5,4,6,6,3,1,10,5,5,2,17,2,8,1,1,C03,7,1,1,10,1,14,,51,51,1,13,4,120.684544,24.115238,2
482,66000,387130000C,(04)23274275,(04)23288582,2025,1,2,11,6,臺中市,和平區,0,0,0,7,,,50,,,,,,,,,,,,,,17,,,,,B12,,,1,,1,,,84,84,1,12,4,120.888514,24.17412,3
483,66000,387130000C,(04)23274275,(04)23288582,2025,1,2,11,9,臺中市,北屯區,0,1,0,6,2,6,50,13,9,1,5,4,6,6,2,1,3,2,5,2,13,3,10,1,1,C03,7,9,1,10,2,11,,7,7,1,12,4,120.685423,24.170507,2
484,66000,387130000C,(04)23274275,(04)23288582,2025,1,2,11,14,臺中市,南區,0,3,0,7,1,6,50,4,1,1,5,4,6,6,1,1,9,4,5,2,12,2,9,1,1,C03,7,9,1,10,2,11,,7,7,1,12,4,120.682918,24.134425,2
485,66000,387130000C,(04)23274275,(04)23288582,2025,1,2,11,15,臺中市,太平區,0,0,0,5,3,6,30,13,8,1,5,4,6,6,4,4,10,5,5,2,17,3,10,3,1,B03,7,9,1,8,2,6,,58,58,1,6,4,120.717733,24.145374,3
486,66000,387130000C,(04)23274275,(04)23288582,2025,1,2,11,15,臺中市,太平區,0,0,0,7,2,6,40,,,,,,,,,,,,,,,,,,,B03,,,1,,1,2,,49,49,1,12,4,120.717901,24.152659,3
487,66000,387130000C,(04)23274275,(04)23288582,2025,1,2,11,16,臺中市,南屯區,0,0,0,6,,,50,,,,,,,,,,,,,,,,,,,B12,,,1,,2,,,49,49,1,6,4,120.645883,24.142509,3
488,66000,387130000C,(04)23274275,(04)23288582,2025,1,2,11,18,臺中市,豐原區,0,0,0,6,,,50,,,,,,,,,,,,,,13,,,,,B03,,,1,,2,,,59,59,1,12,4,120.722243,24.260382,3
489,66000,387130000C,(04)23274275,(04)23288582,2025,1,2,11,22,臺中市,太平區,0,0,0,7,,,50,,,,,,,,,,,,,,,,,,,B03,,,1,,1,,,84,84,1,12,4,120.718231,24.148836,3
490,66000,387130000C,(04)23274275,(04)23288582,2025,1,2,11,27,臺中市,西屯區,0,0,0,7,,,50,,,,,,,,,,,,,,,,,,,B01,,,1,,2,,,59,59,1,12,4,120.646886,24.15706,3
491,66000,387130000C,(04)23274275,(04)23288582,2025,1,2,11,29,臺中市,南區,0,0,0,7,,,50,,,,,,,,,,,,,,13,,,,,B03,,,1,,1,,,84,84,1,12,4,120.670203,24.121916,3
492,66000,387130000C,(04)23274275,(04)23288582,2025,1,2,11,29,臺中市,豐原區,0,1,0,7,2,6,50,13,8,1,4,4,6,6,4,4,5,5,4,2,17,3,10,3,1,B03,7,11,1,8,2,1,,39,39,1,13,4,120.714901,24.256874,2
493,66000,387130000C,(04)23274275,(04)23288582,2025,1,2,11,36,臺中市,沙鹿區,0,0,0,7,,,60,,,,,,,,,,,,,,13,,,,,B12,,,1,,1,,,7,7,1,6,4,120.5522,24.215276,3
494,66000,387130000C,(04)23274275,(04)23288582,2025,1,2,11,37,臺中市,北屯區,0,1,0,7,2,6,50,4,1,1,5,4,6,6,4,4,10,5,5,2,17,3,10,5,4,C03,7,15,1,10,2,16,,4,4,1,12,4,120.693185,24.173109,2
495,66000,387130000C,(04)23274275,(04)23288582,2025,1,2,11,40,臺中市,南屯區,0,0,0,7,,,50,,,,,,,,,,,,,,12,,,,,B03,,,1,,1,,,59,59,1,12,4,120.635324,24.151768,3
496,66000,387130000C,(04)23274275,(04)23288582,2025,1,2,11,45,臺中市,神岡區,0,0,0,7,,,50,,,,,,,,,,,,,,25,,,,,B12,,,1,,1,,,59,59,1,13,4,120.713835,24.2578,3
497,66000,387130000C,(04)23274275,(04)23288582,2025,1,2,11,50,臺中市,西屯區,0,0,0,6,,,50,,,,,,,,,,,,,,12,,,,,B03,,,1,,2,,,49,49,1,12,4,120.657391,24.172506,3
498,66000,387130000C,(04)23274275,(04)23288582,2025,1,2,11,53,臺中市,北區,0,1,0,7,2,6,40,13,8,1,5,4,6,6,4,4,5,5,4,2,13,2,9,1,1,C03,7,9,1,10,2,11,,59,59,1,13,4,120.665737,24.156271,2
499,66000,387130000C,(04)23274275,(04)23288582,2025,1,2,11,53,臺中市,大肚區,0,0,0,7,,,50,,,,,,,,,,,,,,,,,,,A12,,,1,,2,,,59,59,1,6,4,120.575598,24.119062,3
500,66000,387130000C,(04)23274275,(04)23288582,2025,1,2,11,53,臺中市,沙鹿區,0,0,0,7,,,50,,,,,,,,,,,,,,17,,,,,B03,,,1,,9,,,59,59,1,12,4,120.566243,24.251299,3
501,66000,387130000C,(04)23274275,(04)23288582,2025,1,2,11,54,臺中市,石岡區,0,0,0,7,,,70,,,,,,,,,,,,,,13,,,,,B13,,,1,,2,,,7,7,1,12,4,120.784721,24.274524,3
502,66000,387130000C,(04)23274275,(04)23288582,2025,1,2,11,55,臺中市,中區,0,0,0,6,,,50,,,,,,,,,,,,,,17,,,,,B03,,,1,,9,,,51,51,1,12,4,120.685045,24.139793,3
503,66000,387130000C,(04)23274275,(04)23288582,2025,1,2,11,55,臺中市,神岡區,0,1,0,7,1,6,50,4,1,1,5,4,6,6,1,1,1,4,5,1,13,2,7,1,4,C03,7,9,1,10,2,12,,7,7,1,12,4,120.684161,24.246487,2
504,66000,387130000C,(04)23274275,(04)23288582,2025,1,2,11,59,臺中市,太平區,0,0,0,7,,,50,,,,,,,,,,,,,,13,,,,,B12,,,5,,1,,,59,59,1,6,4,120.734276,24.145595,3
505,66000,387130000C,(04)23274275,(04)23288582,2025,1,2,12,5,臺中市,后里區,0,0,0,7,,,50,,,,,,,,,,,,,,14,,,,,A11,,,1,,2,,,49,49,1,6,4,120.70847,24.311137,3
506,66000,387130000C,(04)23274275,(04)23288582,2025,1,2,12,7,臺中市,大雅區,0,1,0,6,1,6,0,4,2,1,5,4,6,6,1,1,1,4,4,1,17,3,10,3,1,B03,7,1,1,8,2,8,,51,51,1,13,4,120.648436,24.218001,2
507,66000,387130000C,(04)23274275,(04)23288582,2025,1,2,12,10,臺中市,南屯區,0,1,0,7,2,6,50,3,1,1,5,4,6,6,4,4,10,5,5,2,16,3,10,3,1,B03,7,9,1,8,2,8,,43,43,1,6,4,120.608538,24.146391,2
508,66000,387130000C,(04)23274275,(04)23288582,2025,1,2,12,10,臺中市,北屯區,0,0,0,7,,,50,,,,,,,,,,,,,,11,,,,,B03,,,1,,1,,,41,41,1,12,4,120.703229,24.181107,3
509,66000,387130000C,(04)23274275,(04)23288582,2025,1,2,12,11,臺中市,南屯區,0,1,0,6,2,6,50,3,2,1,4,4,6,6,2,1,1,4,4,2,13,2,7,2,1,C03,7,9,1,10,2,11,,7,7,1,12,2,120.646804,24.144647,2
510,66000,387130000C,(04)23274275,(04)23288582,2025,1,2,12,13,臺中市,西屯區,0,0,0,7,,,50,,,,,,,,,,,,,,13,,,,,C03,,,1,,1,,,7,7,1,12,4,120.63607,24.170969,3
511,66000,387130000C,(04)23274275,(04)23288582,2025,1,2,12,13,臺中市,烏日區,0,1,0,7,3,6,60,4,5,1,5,4,6,6,1,1,1,2,3,1,21,2,9,3,1,B03,7,11,1,8,2,1,,84,84,1,6,4,120.647706,24.078976,2
512,66000,387130000C,(04)23274275,(04)23288582,2025,1,2,12,14,臺中市,西屯區,0,0,0,7,,,40,,,,,,,,,,,,,,13,,,,,B03,,,1,,2,,,59,59,1,13,4,120.657807,24.1583,3
513,66000,387130000C,(04)23274275,(04)23288582,2025,1,2,12,20,臺中市,大里區,0,0,0,6,,,50,,,,,,,,,,,,,,,,,,,B03,,,1,,2,,,8,8,1,12,4,120.704858,24.10701,3
514,66000,387130000C,(04)23274275,(04)23288582,2025,1,2,12,21,臺中市,龍井區,0,2,0,6,2,6,30,4,1,1,5,4,6,6,4,4,10,5,5,2,15,2,9,2,1,C03,7,9,1,10,2,12,,15,15,1,6,2,120.586294,24.18228,2
515,66000,387130000C,(04)23274275,(04)23288582,2025,1,2,12,27,臺中市,東區,0,1,0,7,3,6,50,4,2,1,5,4,6,6,2,1,5,5,5,2,12,3,10,3,1,B03,7,9,3,19,9,5,,84,84,2,12,4,120.709514,24.135139,2
516,66000,387130000C,(04)23274275,(04)23288582,2025,1,2,12,30,臺中市,東區,0,1,0,6,2,6,50,4,1,1,5,4,6,6,2,1,5,5,4,2,13,3,10,3,1,B03,7,11,1,8,2,1,,7,7,1,12,4,120.698047,24.138876,2
517,66000,387130000C,(04)23274275,(04)23288582,2025,1,2,12,30,臺中市,太平區,0,0,0,7,,,50,,,,,,,,,,,,,,17,,,,,C03,,,1,,9,,,84,84,1,12,4,120.733124,24.14264,3
518,66000,387130000C,(04)23274275,(04)23288582,2025,1,2,12,32,臺中市,東勢區,0,1,0,7,2,6,30,3,2,1,5,4,6,6,4,4,10,5,5,2,17,2,9,1,1,C03,7,6,1,10,2,11,,84,84,1,12,4,120.788921,24.29255,2
519,66000,387130000C,(04)23274275,(04)23288582,2025,1,2,12,33,臺中市,北區,0,1,0,7,2,6,50,4,1,1,5,4,6,6,1,1,1,5,5,2,16,3,10,3,1,B03,7,5,1,8,2,2,,11,11,1,12,4,120.677171,24.165195,2
520,66000,387130000C,(04)23274275,(04)23288582,2025,1,2,12,37,臺中市,南屯區,0,0,0,7,,,50,,,,,,,,,,,,,,12,,,,,A05,,,1,,3,,,8,8,1,12,4,120.637493,24.146849,3
521,66000,387130000C,(04)23274275,(04)23288582,2025,1,2,12,38,臺中市,中區,0,0,0,7,,,50,,,,,,,,,,,,,,,,,,,C03,,,1,,1,,,84,84,1,6,4,120.684403,24.142256,3
522,66000,387130000C,(04)23274275,(04)23288582,2025,1,2,12,40,臺中市,西區,0,1,0,6,2,6,50,3,1,1,5,4,6,6,1,1,1,4,4,2,18,2,9,2,1,C03,7,9,1,10,2,14,,84,84,1,12,4,120.658892,24.155829,2
523,66000,387130000C,(04)23274275,(04)23288582,2025,1,2,12,43,臺中市,南屯區,0,2,0,7,2,6,50,4,1,1,5,4,6,6,1,1,9,4,5,2,12,2,9,1,1,C04,7,6,1,12,2,14,,48,48,1,12,4,120.65279,24.144729,2
524,66000,387130000C,(04)23274275,(04)23288582,2025,1,2,12,43,臺中市,霧峰區,0,0,0,6,,,50,,,,,,,,,,,,,,13,,,,,C03,,,1,,2,,,7,7,1,6,4,120.703016,24.07078,3
525,66000,387130000C,(04)23274275,(04)23288582,2025,1,2,12,45,臺中市,梧棲區,0,1,0,7,2,6,50,3,2,1,5,4,6,6,4,4,10,5,5,2,11,2,9,1,1,C03,7,9,1,10,2,14,,4,4,1,6,4,120.548846,24.250366,2
526,66000,387130000C,(04)23274275,(04)23288582,2025,1,2,12,49,臺中市,北屯區,0,1,0,7,2,6,50,13,9,1,5,4,6,6,4,4,5,4,5,2,2,3,10,3,1,A02,7,9,1,1,9,5,,84,84,1,6,4,120.710356,24.171639,2
527,66000,387130000C,(04)23274275,(04)23288582,2025,1,2,12,51,臺中市,太平區,0,0,0,7,,,30,,,,,,,,,,,,,,12,,,,,C03,,,1,,9,,,7,7,1,12,4,120.743015,24.157523,3
528,66000,387130000C,(04)23274275,(04)23288582,2025,1,2,12,52,臺中市,沙鹿區,0,1,0,7,2,6,30,3,1,1,5,4,6,6,4,4,10,5,5,2,16,3,10,3,1,B03,7,5,3,19,2,3,,12,12,1,6,4,120.556473,24.221613,2
529,66000,387130000C,(04)23274275,(04)23288582,2025,1,2,12,54,臺中市,霧峰區,0,0,0,6,,,50,,,,,,,,,,,,,,,,,,,C03,,,1,,1,,,40,40,1,13,4,120.698224,24.059484,3
530,66000,387130000C,(04)23274275,(04)23288582,2025,1,2,12,55,臺中市,大雅區,0,1,0,6,2,6,40,3,2,1,5,4,6,6,1,1,1,4,4,1,18,2,9,1,1,C03,7,9,1,10,2,14,,84,84,1,13,4,120.649719,24.213303,2
531,66000,387130000C,(04)23274275,(04)23288582,2025,1,2,13,5,臺中市,東區,0,0,0,7,,,40,,,,,,,,,,,,,,14,,,,,B03,,,1,,2,,,49,49,1,12,4,120.689216,24.130915,3
532,66000,387130000C,(04)23274275,(04)23288582,2025,1,2,13,6,臺中市,東區,0,1,0,7,1,6,50,13,9,1,5,4,6,6,4,4,9,4,5,2,12,2,7,1,1,C03,7,9,1,10,2,11,,7,7,1,12,4,120.694905,24.142381,2
533,66000,387130000C,(04)23274275,(04)23288582,2025,1,2,13,6,臺中市,西屯區,0,0,0,7,,,50,,,,,,,,,,,,,,17,,,,,C03,,,1,,2,,,50,50,1,12,4,120.612994,24.191554,3
534,66000,387130000C,(04)23274275,(04)23288582,2025,1,2,13,8,臺中市,西屯區,0,1,0,7,3,6,40,3,1,1,5,4,6,6,2,1,4,3,4,2,16,2,9,5,4,C03,7,6,1,10,2,14,,11,11,1,13,4,120.665992,24.17832,2
535,66000,387130000C,(04)23274275,(04)23288582,2025,1,2,13,9,臺中市,南區,0,0,0,7,,,50,,,,,,,,,,,,,,12,,,,,B03,,,1,,1,,,51,51,1,13,4,120.653037,24.113994,3
536,66000,387130000C,(04)23274275,(04)23288582,2025,1,2,13,9,臺中市,大甲區,0,0,0,7,,,50,,,,,,,,,,,,,,16,,,,,C03,,,1,,1,,,11,11,1,6,4,120.623759,24.346959,3
537,66000,387130000C,(04)23274275,(04)23288582,2025,1,2,13,10,臺中市,南屯區,0,0,0,7,2,6,50,4,1,1,5,4,6,6,4,4,10,5,5,2,15,3,10,3,1,B12,7,9,1,8,2,2,,12,12,1,12,4,120.63691,24.121569,3
538,66000,387130000C,(04)23274275,(04)23288582,2025,1,2,13,10,臺中市,大甲區,0,0,0,7,,,50,,,,,,,,,,,,,,,,,,,B12,,,1,,2,,,78,78,1,6,4,120.619805,24.35177,3
539,66000,387130000C,(04)23274275,(04)23288582,2025,1,2,13,12,臺中市,大里區,0,3,0,6,3,6,40,13,8,1,5,4,6,6,4,4,1,4,1,1,13,2,8,1,1,C03,7,9,1,10,2,11,,7,7,1,13,4,120.70047,24.117256,2
540,66000,387130000C,(04)23274275,(04)23288582,2025,1,2,13,14,臺中市,南區,0,4,0,6,2,6,50,5,1,1,5,4,6,6,2,1,10,5,5,2,17,3,10,3,1,B03,7,6,1,8,2,8,,25,25,1,12,4,120.661476,24.121735,2
541,66000,387130000C,(04)23274275,(04)23288582,2025,1,2,13,15,臺中市,西屯區,0,0,0,6,,,50,,,,,,,,,,,,,,13,,,,,B02,,,1,,1,,,59,59,1,12,4,120.644449,24.174758,3
542,66000,387130000C,(04)23274275,(04)23288582,2025,1,2,13,17,臺中市,潭子區,0,0,0,7,,,30,,,,,,,,,,,,,,,,,,,B03,,,1,,9,,,50,50,1,13,4,120.710205,24.232322,3
543,66000,387130000C,(04)23274275,(04)23288582,2025,1,2,13,19,臺中市,后里區,0,1,0,6,2,6,50,3,1,1,5,4,6,6,4,4,10,5,5,2,30,2,7,1,1,C03,7,9,1,10,2,12,,84,84,1,6,4,120.718626,24.316073,2
544,66000,387130000C,(04)23274275,(04)23288582,2025,1,2,13,26,臺中市,東區,0,1,0,6,3,6,50,4,1,1,5,4,6,6,2,1,5,5,5,2,18,2,9,2,1,C03,7,9,1,10,2,15,,84,84,1,6,4,120.70128,24.142716,2
545,66000,387130000C,(04)23274275,(04)23288582,2025,1,2,13,30,臺中市,霧峰區,0,0,0,6,,,50,,,,,,,,,,,,,,13,,,,,B03,,,1,,2,,,84,84,1,6,4,120.69507,24.051889,3
546,66000,387130000C,(04)23274275,(04)23288582,2025,1,2,13,31,臺中市,太平區,0,0,0,7,,,50,,,,,,,,,,,,,,,,,,,B03,,,1,,1,,,58,58,1,12,4,120.711288,24.140853,3
547,66000,387130000C,(04)23274275,(04)23288582,2025,1,2,13,32,臺中市,北區,0,0,0,6,,,50,,,,,,,,,,,,,,13,,,,,B03,,,1,,1,,,59,59,1,13,4,120.673042,24.159013,3
548,66000,387130000C,(04)23274275,(04)23288582,2025,1,2,13,37,臺中市,龍井區,0,0,0,6,,,60,,,,,,,,,,,,,,13,,,,,B03,,,1,,1,,,56,56,1,12,4,120.574227,24.183711,3
549,66000,387130000C,(04)23274275,(04)23288582,2025,1,2,13,38,臺中市,南屯區,0,2,0,7,2,6,50,4,1,1,5,4,6,6,2,1,10,5,5,2,16,2,9,1,1,C03,7,6,1,10,2,12,,11,11,1,12,4,120.643846,24.1488,2
550,66000,387130000C,(04)23274275,(04)23288582,2025,1,2,13,44,臺中市,東區,0,0,0,7,,,50,,,,,,,,,,,,,,17,,,,,F03,,,7,,1,,,85,85,1,12,4,120.698408,24.150667,3
551,66000,387130000C,(04)23274275,(04)23288582,2025,1,2,13,44,臺中市,大里區,0,0,0,5,,,50,,,,,,,,,,,,,,12,,,,,B03,,,1,,2,,,8,8,1,13,4,120.688622,24.102583,3
552,66000,387130000C,(04)23274275,(04)23288582,2025,1,2,13,50,臺中市,北屯區,0,1,0,7,3,6,50,13,9,1,5,4,6,6,4,4,1,4,5,2,17,2,8,2,1,C03,7,15,1,10,2,11,,84,84,1,12,4,120.694057,24.164159,2
553,66000,387130000C,(04)23274275,(04)23288582,2025,1,2,13,54,臺中市,西屯區,0,1,0,7,2,6,40,3,1,1,5,4,6,6,4,4,1,4,5,2,12,3,10,3,4,B03,7,5,1,8,1,2,,20,20,1,13,4,120.649543,24.171088,2
554,66000,387130000C,(04)23274275,(04)23288582,2025,1,2,13,56,臺中市,太平區,0,0,0,7,2,6,50,,,,,,,,,,,,,,,,,,,B03,,,1,,2,1,,7,7,1,12,4,120.722382,24.11912,3
555,66000,387130000C,(04)23274275,(04)23288582,2025,1,2,14,15,臺中市,西區,0,0,0,7,,,50,,,,,,,,,,,,,,,,,,,B03,,,1,,1,,,7,7,1,12,4,120.657354,24.152383,3
556,66000,387130000C,(04)23274275,(04)23288582,2025,1,2,14,16,臺中市,西屯區,0,0,0,7,,,50,,,,,,,,,,,,,,13,,,,,C03,,,1,,1,,,7,7,1,13,4,120.644753,24.173087,3
557,66000,387130000C,(04)23274275,(04)23288582,2025,1,2,14,21,臺中市,大甲區,0,1,0,7,2,6,50,4,2,1,5,4,6,6,1,1,5,5,5,1,13,3,10,3,1,B03,7,9,1,8,2,1,,7,7,1,6,4,120.62201,24.348962,2
558,66000,387130000C,(04)23274275,(04)23288582,2025,1,2,14,22,臺中市,太平區,0,1,0,7,3,6,50,4,1,1,5,4,6,6,4,4,10,5,5,2,16,3,10,5,4,B12,7,6,1,8,2,6,,14,14,1,12,4,120.706796,24.111769,2
559,66000,387130000C,(04)23274275,(04)23288582,2025,1,2,14,26,臺中市,北屯區,0,0,0,7,,,50,,,,,,,,,,,,,,13,,,,,B03,,,1,,1,,,59,59,1,13,4,120.693835,24.171105,3
560,66000,387130000C,(04)23274275,(04)23288582,2025,1,2,14,27,臺中市,大甲區,0,0,0,7,,,70,,,,,,,,,,,,,,12,,,,,B03,,,1,,2,,,85,85,1,13,4,120.641447,24.36582,3
561,66000,387130000C,(04)23274275,(04)23288582,2025,1,2,14,33,臺中市,南屯區,0,1,0,7,1,6,50,13,9,1,5,4,6,6,4,4,5,5,5,2,17,2,9,5,4,B03,7,9,1,8,2,1,,84,84,1,13,4,120.599109,24.143793,2
562,66000,387130000C,(04)23274275,(04)23288582,2025,1,2,14,36,臺中市,沙鹿區,0,1,0,6,3,6,50,3,1,1,5,4,6,6,4,4,10,5,5,1,12,2,8,2,1,C01,7,9,1,9,2,14,,39,39,1,13,4,120.566994,24.211728,2