序號,縣市別代碼,機關代碼,市話,傳真,年,月,日,時,分,縣市,區,死亡數量,受傷數量,2-30,天候,道路照明設備,道路類別,道路速限,道路型態,事故位置,路面鋪裝,路面狀態,路面缺陷,障礙物,視距,號誌種類,號誌動作,分向設施,快車道或一般車道間,快慢車道間,路面邊線,事故類型及型態,受傷程度,主要傷處,保護裝備,行動電話或功能裝置,當事者區分(類別),車輛用途,當事者行動狀態,駕照狀態,駕照種類,飲酒情形,車輛撞擊部位最初,車輛撞擊部位其他,肇事因素個別,肇事因素主要,肇事逃逸,職業,共享經濟或外送平台,GPS座標X,GPS座標Y,事故類別
791,66000,387130000C,(04)23274275,(04)23288582,2025,1,3,0,45,臺中市,西屯區,0,1,0,7,1,6,50,4,2,1,5,4,6,6,1,1,10,5,5,2,17,2,9,5,4,C03,7,5,1,10,2,12,,82,82,1,12,4,120.645034,24.178808,2
792,66000,387130000C,(04)23274275,(04)23288582,2025,1,3,0,47,臺中市,西屯區,0,0,0,7,,,50,,,,,,,,,,,,,,12,,,,,B03,,,1,,2,,,8,8,1,12,4,120.594764,24.190716,3
793,66000,387130000C,(04)23274275,(04)23288582,2025,1,3,0,48,臺中市,烏日區,0,0,0,7,,,50,,,,,,,,,,,,,,13,,,,,C03,,,3,,2,,,59,59,1,13,4,120.604388,24.109449,3
794,66000,387130000C,(04)23274275,(04)23288582,2025,1,3,1,18,臺中市,中區,0,0,0,7,,,50,,,,,,,,,,,,,,14,,,,,B03,,,1,,1,,,49,49,1,12,4,120.682622,24.142154,3
795,66000,387130000C,(04)23274275,(04)23288582,2025,1,3,1,32,臺中市,北區,0,1,0,7,2,6,50,13,9,1,5,4,6,6,4,4,5,5,5,2,17,3,10,5,1,G06,7,9,7,21,1,17,,84,84,1,13,4,120.693311,24.159572,2
796,66000,387130000C,(04)23274275,(04)23288582,2025,1,3,2,6,臺中市,西區,0,1,0,7,1,6,50,13,8,1,5,4,6,6,4,4,5,4,4,2,17,2,9,2,1,C03,7,15,1,10,2,14,,84,84,1,12,4,120.662079,24.132057,2
797,66000,387130000C,(04)23274275,(04)23288582,2025,1,3,2,7,臺中市,西屯區,0,0,0,7,,,30,,,,,,,,,,,,,,17,,,,,A12,,,1,,2,,,8,8,1,12,4,120.644073,24.177866,3
798,66000,387130000C,(04)23274275,(04)23288582,2025,1,3,2,10,臺中市,南屯區,0,0,0,7,,,50,,,,,,,,,,,,,,23,,,,,B03,,,1,,2,,,84,84,1,12,4,120.623398,24.145306,3
799,66000,387130000C,(04)23274275,(04)23288582,2025,1,3,2,11,臺中市,西屯區,0,1,0,7,1,6,50,4,19,1,5,4,6,6,2,1,5,4,4,2,1,3,10,5,4,B03,7,6,3,19,2,1,,10,10,1,12,4,120.637283,24.173182,2
800,66000,387130000C,(04)23274275,(04)23288582,2025,1,3,3,36,臺中市,外埔區,0,0,0,7,1,6,50,13,9,1,5,4,6,6,1,1,5,2,4,1,13,3,10,3,1,B03,7,9,1,8,8,1,,84,84,1,12,4,120.638777,24.341478,3
801,66000,387130000C,(04)23274275,(04)23288582,2025,1,3,4,16,臺中市,北屯區,0,0,0,7,,,50,,,,,,,,,,,,,,,,,,,B03,,,1,,1,,,76,76,1,13,4,120.703423,24.174855,3
802,66000,387130000C,(04)23274275,(04)23288582,2025,1,3,6,6,臺中市,龍井區,0,1,0,7,1,6,40,4,1,1,5,4,6,6,1,1,10,5,5,2,16,3,10,3,1,A12,7,5,1,3,2,2,,47,47,1,6,4,120.521797,24.216549,2
803,66000,387130000C,(04)23274275,(04)23288582,2025,1,3,6,8,臺中市,西區,0,0,0,7,,,50,,,,,,,,,,,,,,16,,,,,B03,,,1,,1,,,11,11,1,12,4,120.655326,24.1507,3
804,66000,387130000C,(04)23274275,(04)23288582,2025,1,3,6,32,臺中市,神岡區,0,2,0,7,2,6,50,13,9,1,5,4,6,6,4,4,5,4,5,1,16,2,9,5,4,C03,7,1,3,19,2,14,,51,51,1,13,4,120.654103,24.280445,2
805,66000,387130000C,(04)23274275,(04)23288582,2025,1,3,6,42,臺中市,龍井區,0,2,0,7,3,6,40,13,9,1,5,4,6,6,4,4,10,5,5,1,11,2,9,1,1,C03,7,9,1,10,2,11,,59,59,1,6,4,120.530471,24.221567,2
806,66000,387130000C,(04)23274275,(04)23288582,2025,1,3,6,43,臺中市,大里區,0,1,0,7,2,6,50,3,1,1,5,4,6,6,4,4,10,5,5,2,17,3,10,5,4,B03,7,6,1,10,2,8,,14,14,1,13,4,120.706416,24.082185,2
807,66000,387130000C,(04)23274275,(04)23288582,2025,1,3,6,50,臺中市,沙鹿區,0,2,0,6,2,6,50,4,2,1,5,4,6,6,2,1,1,4,4,2,17,2,9,2,1,C03,7,8,1,10,2,14,,40,40,1,6,4,120.56866,24.224905,2
808,66000,387130000C,(04)23274275,(04)23288582,2025,1,3,6,50,臺中市,后里區,0,1,0,7,2,6,50,13,9,1,5,4,6,6,4,4,9,5,5,2,20,2,9,2,1,C03,7,9,1,10,2,12,,59,59,1,12,4,120.689369,24.312055,2
809,66000,387130000C,(04)23274275,(04)23288582,2025,1,3,6,53,臺中市,后里區,0,2,0,7,2,6,60,3,2,1,5,4,6,6,1,1,1,4,5,1,16,3,10,3,1,A42,7,5,1,1,2,5,,11,11,1,12,4,120.723692,24.294721,2
810,66000,387130000C,(04)23274275,(04)23288582,2025,1,3,7,2,臺中市,北區,0,0,0,7,,,50,,,,,,,,,,,,,,17,,,,,A04,,,1,,1,,,84,84,2,12,4,120.675441,24.160436,3
811,66000,387130000C,(04)23274275,(04)23288582,2025,1,3,7,19,臺中市,西區,0,0,0,7,2,6,30,3,2,1,5,4,6,6,4,4,10,5,5,2,11,,,,,C03,,,1,,1,,,84,84,1,13,4,120.670517,24.132368,3
812,66000,387130000C,(04)23274275,(04)23288582,2025,1,3,7,20,臺中市,西屯區,0,2,0,6,2,6,40,13,8,1,5,4,6,6,4,4,1,5,1,2,13,2,9,1,1,C03,7,9,3,19,2,11,,7,7,1,12,4,120.60307,24.182671,2
813,66000,387130000C,(04)23274275,(04)23288582,2025,1,3,7,22,臺中市,大甲區,0,1,0,7,2,6,50,13,9,1,5,4,6,6,4,4,9,5,5,1,17,3,10,3,1,B03,7,6,1,8,2,7,,85,85,1,6,4,120.615247,24.333207,2
814,66000,387130000C,(04)23274275,(04)23288582,2025,1,3,7,27,臺中市,北屯區,0,0,0,7,,,50,,,,,,,,,,,,,,12,,,,,B03,,,1,,2,,,40,40,1,13,4,120.771432,24.199717,3
815,66000,387130000C,(04)23274275,(04)23288582,2025,1,3,7,29,臺中市,北屯區,0,0,0,7,,,50,,,,,,,,,,,,,,13,,,,,B03,,,1,,1,,,57,57,1,12,4,120.719694,24.163058,3
816,66000,387130000C,(04)23274275,(04)23288582,2025,1,3,7,30,臺中市,外埔區,0,1,0,7,2,6,30,3,1,1,5,4,6,6,4,4,10,5,5,2,17,2,8,2,1,C03,7,10,1,10,2,11,,59,59,1,12,4,120.629112,24.324758,2
817,66000,387130000C,(04)23274275,(04)23288582,2025,1,3,7,33,臺中市,大里區,0,1,0,7,2,6,50,4,2,1,5,4,6,6,1,1,5,5,5,2,17,3,10,3,1,B12,7,1,1,8,2,8,,51,51,1,6,4,120.712229,24.103553,2
818,66000,387130000C,(04)23274275,(04)23288582,2025,1,3,7,35,臺中市,大雅區,0,0,0,7,,,70,,,,,,,,,,,,,,13,,,,,B03,,,1,,2,,,7,7,1,13,4,120.625421,24.242289,3
819,66000,387130000C,(04)23274275,(04)23288582,2025,1,3,7,35,臺中市,太平區,0,0,0,7,,,50,,,,,,,,,,,,,,,,,,,C03,,,1,,1,,,7,7,1,12,4,120.735857,24.133195,3
820,66000,387130000C,(04)23274275,(04)23288582,2025,1,3,7,40,臺中市,北屯區,0,1,0,7,2,6,30,13,9,1,5,4,6,6,4,4,10,5,5,1,28,2,9,1,1,C03,7,9,1,10,1,11,,5,5,1,6,4,120.712248,24.191107,2
821,66000,387130000C,(04)23274275,(04)23288582,2025,1,3,7,41,臺中市,大雅區,0,0,0,7,,,60,,,,,,,,,,,,,,,,,,,B03,,,1,,1,,,40,40,1,13,4,120.64724,24.221943,3
822,66000,387130000C,(04)23274275,(04)23288582,2025,1,3,7,41,臺中市,北區,0,1,0,7,2,6,50,13,9,1,5,4,6,6,4,4,5,4,5,2,17,2,8,1,1,C03,7,9,1,10,2,11,,8,8,1,13,4,120.681209,24.157242,2
823,66000,387130000C,(04)23274275,(04)23288582,2025,1,3,7,42,臺中市,大里區,0,1,0,6,3,6,50,5,1,1,5,4,6,6,1,1,5,5,5,2,17,2,9,2,1,C03,7,6,2,19,2,12,,20,20,1,13,4,120.701122,24.102868,2
824,66000,387130000C,(04)23274275,(04)23288582,2025,1,3,7,44,臺中市,南屯區,0,1,0,7,3,6,50,18,9,1,5,4,6,6,4,4,5,5,5,2,16,3,10,5,4,B03,7,5,1,8,2,2,,84,84,1,6,4,120.642652,24.14193,2
825,66000,387130000C,(04)23274275,(04)23288582,2025,1,3,7,45,臺中市,南屯區,0,0,0,7,,,50,,,,,,,,,,,,,,12,,,,,B03,,,1,,1,,,8,8,1,12,4,120.609707,24.138486,3
826,66000,387130000C,(04)23274275,(04)23288582,2025,1,3,7,45,臺中市,外埔區,0,0,0,7,,,50,,,,,,,,,,,,,,13,,,,,B03,,,1,,1,,,84,84,1,12,4,120.66266,24.340076,4
827,66000,387130000C,(04)23274275,(04)23288582,2025,1,3,7,46,臺中市,大雅區,0,2,0,6,2,6,50,13,9,1,5,4,6,6,1,1,1,4,5,1,13,2,8,1,1,C03,7,9,1,10,2,11,,7,7,1,13,4,120.613578,24.231832,2
828,66000,387130000C,(04)23274275,(04)23288582,2025,1,3,7,46,臺中市,西區,0,1,0,6,2,6,50,13,7,1,5,4,6,6,4,4,5,4,4,2,17,3,10,3,1,B03,7,11,1,8,2,16,,45,45,1,12,4,120.650987,24.144932,2
829,66000,387130000C,(04)23274275,(04)23288582,2025,1,3,7,46,臺中市,清水區,0,0,0,7,,,50,,,,,,,,,,,,,,,,,,,B03,,,1,,1,,,58,58,1,12,4,120.573092,24.263894,3
830,66000,387130000C,(04)23274275,(04)23288582,2025,1,3,7,47,臺中市,沙鹿區,0,0,0,7,,,50,,,,,,,,,,,,,,,,,,,B03,,,1,,9,,,84,84,1,13,4,120.56934,24.231606,3
831,66000,387130000C,(04)23274275,(04)23288582,2025,1,3,7,50,臺中市,大雅區,0,2,0,6,1,6,50,3,1,1,5,4,6,6,1,1,1,4,5,1,17,2,9,1,1,C03,7,9,1,10,2,11,,84,84,1,13,4,120.615235,24.220095,2
832,66000,387130000C,(04)23274275,(04)23288582,2025,1,3,7,50,臺中市,西屯區,0,1,0,7,2,6,50,13,9,1,5,4,6,6,4,4,9,5,5,2,16,3,10,3,1,B03,7,6,1,8,2,1,,59,59,1,12,4,120.612087,24.199526,2
833,66000,387130000C,(04)23274275,(04)23288582,2025,1,3,7,52,臺中市,東區,0,0,0,7,,,50,,,,,,,,,,,,,,13,,,,,C03,,,1,,1,,,7,7,1,12,4,120.693452,24.133073,3
834,66000,387130000C,(04)23274275,(04)23288582,2025,1,3,7,53,臺中市,西區,0,0,0,7,,,50,,,,,,,,,,,,,,,,,,,C03,,,1,10,1,,,84,84,1,13,4,120.665757,24.140083,3
835,66000,387130000C,(04)23274275,(04)23288582,2025,1,3,7,54,臺中市,南屯區,0,1,0,7,2,6,50,4,1,1,5,4,6,6,1,1,10,5,5,2,17,2,8,1,1,C03,7,5,1,10,2,12,,47,47,1,6,4,120.61181,24.14869,2
836,66000,387130000C,(04)23274275,(04)23288582,2025,1,3,7,54,臺中市,北屯區,0,0,0,7,,,50,,,,,,,,,,,,,,,,,,,C03,,,1,,1,,,7,7,1,12,4,120.715149,24.164191,3
837,66000,387130000C,(04)23274275,(04)23288582,2025,1,3,7,54,臺中市,大里區,0,1,0,7,2,6,50,13,9,1,5,4,6,6,4,4,9,4,5,2,12,3,10,1,1,C03,7,3,1,10,11,11,,50,50,1,12,4,120.697118,24.111237,2
838,66000,387130000C,(04)23274275,(04)23288582,2025,1,3,7,55,臺中市,北區,0,1,0,7,2,6,50,3,1,1,5,4,6,6,4,4,5,4,5,2,17,2,9,1,1,C03,7,9,1,10,2,12,,59,59,1,12,4,120.670493,24.157958,2
839,66000,387130000C,(04)23274275,(04)23288582,2025,1,3,7,57,臺中市,西屯區,0,1,0,7,2,6,50,11,9,1,5,4,6,6,4,4,5,4,5,1,18,2,9,1,4,C03,7,9,1,10,2,11,,84,84,1,13,4,120.656905,24.184336,2
840,66000,387130000C,(04)23274275,(04)23288582,2025,1,3,8,0,臺中市,北屯區,0,1,0,7,2,6,50,13,7,1,5,4,6,6,4,4,10,4,4,2,16,2,9,5,4,C03,7,9,1,10,2,11,,7,7,1,12,4,120.704054,24.172988,2
841,66000,387130000C,(04)23274275,(04)23288582,2025,1,3,8,2,臺中市,北屯區,0,2,0,7,2,6,50,3,1,1,5,4,6,6,4,4,10,5,5,2,12,2,9,1,1,C03,7,5,1,10,2,12,,47,47,1,6,4,120.732075,24.162175,2
842,66000,387130000C,(04)23274275,(04)23288582,2025,1,3,8,5,臺中市,大雅區,0,2,0,7,2,6,50,3,2,1,5,4,6,6,1,1,5,5,4,1,16,2,9,1,1,C03,7,6,1,10,2,11,,48,48,1,13,4,120.650891,24.216459,2
843,66000,387130000C,(04)23274275,(04)23288582,2025,1,3,8,5,臺中市,西區,0,2,0,7,3,6,50,4,1,1,5,4,6,6,1,1,10,5,5,2,13,2,9,1,1,C03,7,9,1,10,2,11,,7,7,1,12,4,120.669414,24.138753,2
844,66000,387130000C,(04)23274275,(04)23288582,2025,1,3,8,5,臺中市,北屯區,0,0,0,7,,,50,,,,,,,,,,,,,,14,,,,,B03,,,1,,1,,,82,82,1,12,4,120.676143,24.200727,3
845,66000,387130000C,(04)23274275,(04)23288582,2025,1,3,8,8,臺中市,神岡區,0,0,0,7,,,50,,,,,,,,,,,,,,2,,,,,B03,,,1,,2,,,84,84,1,12,4,120.708707,24.272071,3
846,66000,387130000C,(04)23274275,(04)23288582,2025,1,3,8,11,臺中市,南區,0,1,0,7,2,6,50,13,8,1,5,4,1,6,4,4,1,4,4,2,13,2,9,1,1,C03,7,9,1,10,2,12,,7,7,1,12,4,120.679286,24.119037,2
847,66000,387130000C,(04)23274275,(04)23288582,2025,1,3,8,14,臺中市,南屯區,0,1,0,7,2,6,50,4,1,1,5,4,6,6,1,1,9,4,4,2,13,2,9,1,1,C03,7,9,1,10,1,11,,7,7,1,12,4,120.614828,24.14738,2
848,66000,387130000C,(04)23274275,(04)23288582,2025,1,3,8,16,臺中市,北區,0,0,0,7,,,50,,,,,,,,,,,,,,,,,,,C03,,,1,,2,,,7,7,1,13,4,120.675248,24.163154,3
849,66000,387130000C,(04)23274275,(04)23288582,2025,1,3,8,16,臺中市,西屯區,0,0,0,7,,,50,,,,,,,,,,,,,,12,,,,,B03,,,1,,2,,,40,40,1,12,4,120.640122,24.185137,3
850,66000,387130000C,(04)23274275,(04)23288582,2025,1,3,8,17,臺中市,西屯區,0,1,0,7,2,6,40,13,8,1,5,4,6,6,4,4,1,4,1,2,13,2,7,2,1,C03,7,9,1,10,2,11,,7,7,1,12,4,120.647756,24.163422,2
851,66000,387130000C,(04)23274275,(04)23288582,2025,1,3,8,18,臺中市,南屯區,0,1,0,7,3,6,40,13,8,1,5,4,6,6,4,4,1,4,5,2,13,3,10,5,4,C03,7,9,1,10,2,11,13,7,7,1,6,4,120.623375,24.139092,2
852,66000,387130000C,(04)23274275,(04)23288582,2025,1,3,8,18,臺中市,大里區,0,2,0,6,3,6,50,3,1,1,5,4,6,6,4,4,5,5,4,2,17,2,9,1,1,C03,7,1,1,10,2,11,,51,51,1,13,4,120.690276,24.10464,2
853,66000,387130000C,(04)23274275,(04)23288582,2025,1,3,8,20,臺中市,南區,0,1,0,7,3,6,50,4,1,1,5,4,6,6,2,1,3,5,5,2,13,3,10,2,1,C03,7,9,1,10,2,11,,7,7,1,6,4,120.670095,24.119043,2
854,66000,387130000C,(04)23274275,(04)23288582,2025,1,3,8,21,臺中市,西屯區,0,1,0,7,2,6,30,3,1,1,5,4,6,6,4,4,1,4,4,2,16,3,10,5,4,B03,7,5,1,8,2,8,,12,12,1,13,4,120.636564,24.156549,2
855,66000,387130000C,(04)23274275,(04)23288582,2025,1,3,8,23,臺中市,東區,0,0,0,7,,,50,,,,,,,,,,,,,,17,,,,,C03,,,1,,1,,,85,85,1,12,4,120.686908,24.140389,4
856,66000,387130000C,(04)23274275,(04)23288582,2025,1,3,8,23,臺中市,東區,0,1,0,7,1,6,50,3,1,1,5,4,6,6,1,1,9,4,5,2,12,3,10,3,1,B12,7,9,1,10,2,1,,7,7,1,12,4,120.697777,24.133211,2
857,66000,387130000C,(04)23274275,(04)23288582,2025,1,3,8,23,臺中市,北屯區,0,0,0,7,,,40,,,,,,,,,,,,,,17,,,,,C03,,,1,,9,,,58,58,1,6,4,120.694184,24.171748,3
858,66000,387130000C,(04)23274275,(04)23288582,2025,1,3,8,23,臺中市,太平區,0,0,0,7,,,50,,,,,,,,,,,,,,,,,,,C03,,,1,,2,,,45,45,1,6,4,120.72915,24.103561,3
859,66000,387130000C,(04)23274275,(04)23288582,2025,1,3,8,24,臺中市,沙鹿區,0,0,0,7,,,60,,,,,,,,,,,,,,16,,,,,C02,,,1,,2,,,84,84,1,6,4,120.567565,24.202625,3
860,66000,387130000C,(04)23274275,(04)23288582,2025,1,3,8,24,臺中市,大甲區,0,1,0,7,2,6,50,13,9,1,5,4,6,6,4,4,5,5,5,1,17,3,10,4,1,F01,7,11,7,21,1,11,,39,39,1,12,4,120.618989,24.350371,2
861,66000,387130000C,(04)23274275,(04)23288582,2025,1,3,8,25,臺中市,北區,0,0,0,7,,,50,,,,,,,,,,,,,,17,,,,,B03,,,1,,1,,,7,7,1,13,4,120.685175,24.164887,3
862,66000,387130000C,(04)23274275,(04)23288582,2025,1,3,8,28,臺中市,太平區,0,1,0,7,2,6,50,13,9,1,5,4,6,6,1,1,5,4,5,1,17,3,10,5,4,C03,7,9,1,10,2,16,,71,71,1,6,4,120.727132,24.134474,2
863,66000,387130000C,(04)23274275,(04)23288582,2025,1,3,8,30,臺中市,北屯區,0,0,0,7,,,50,,,,,,,,,,,,,,12,,,,,C04,,,1,,1,,,48,48,1,6,4,120.688508,24.178936,4
864,66000,387130000C,(04)23274275,(04)23288582,2025,1,3,8,30,臺中市,清水區,0,0,0,7,,,60,,,,,,,,,,,,,,,,,,,A42,,,1,,1,,,40,40,1,12,4,120.548753,24.280499,3
865,66000,387130000C,(04)23274275,(04)23288582,2025,1,3,8,32,臺中市,西屯區,0,1,0,6,2,6,50,13,9,1,5,4,6,6,2,1,1,4,5,2,9,3,10,3,1,A02,7,12,1,2,2,16,,87,87,1,12,4,120.656242,24.16967,2
866,66000,387130000C,(04)23274275,(04)23288582,2025,1,3,8,34,臺中市,南區,0,0,0,7,,,50,,,,,,,,,,,,,,,,,,,C03,,,1,,1,,,42,42,1,12,4,120.66262,24.119974,3
867,66000,387130000C,(04)23274275,(04)23288582,2025,1,3,8,34,臺中市,西屯區,0,1,0,7,2,6,50,13,9,1,5,4,6,6,4,4,5,5,5,1,17,2,9,1,1,C03,7,11,1,10,2,11,,26,26,1,12,4,120.645755,24.172314,2
868,66000,387130000C,(04)23274275,(04)23288582,2025,1,3,8,35,臺中市,北屯區,0,1,0,7,3,6,50,13,9,1,5,4,6,6,4,4,1,4,5,2,13,2,3,3,1,B03,7,9,1,8,2,8,,7,7,1,12,4,120.686345,24.202723,2
869,66000,387130000C,(04)23274275,(04)23288582,2025,1,3,8,40,臺中市,北區,0,2,0,7,2,6,50,13,9,1,5,4,6,6,4,4,5,5,5,2,13,2,9,1,1,C03,7,9,1,10,2,11,,7,7,1,13,4,120.685555,24.1559,2
870,66000,387130000C,(04)23274275,(04)23288582,2025,1,3,8,40,臺中市,烏日區,0,0,0,7,,,50,,,,,,,,,,,,,,14,,,,,B03,,,1,,1,,,50,50,1,6,4,120.621768,24.106571,3
871,66000,387130000C,(04)23274275,(04)23288582,2025,1,3,8,41,臺中市,北屯區,0,1,0,7,2,6,50,4,1,1,5,4,6,6,4,4,10,5,5,2,16,2,8,5,4,C03,7,9,1,10,1,11,,85,85,1,12,4,120.696095,24.161402,2
872,66000,387130000C,(04)23274275,(04)23288582,2025,1,3,8,41,臺中市,西屯區,0,1,0,7,2,6,40,13,8,1,5,4,6,6,4,4,3,4,3,2,16,3,10,3,1,B03,7,5,1,8,2,6,,47,47,1,12,4,120.617802,24.18137,2
873,66000,387130000C,(04)23274275,(04)23288582,2025,1,3,8,42,臺中市,豐原區,0,0,0,7,,,30,,,,,,,,,,,,,,17,,,,,B03,,,1,,2,,,56,56,1,13,4,120.731463,24.269062,3
874,66000,387130000C,(04)23274275,(04)23288582,2025,1,3,8,43,臺中市,東勢區,0,1,0,7,2,6,50,4,1,1,5,4,6,6,1,1,10,5,5,2,12,2,9,5,4,C03,7,6,1,10,2,13,,85,85,1,13,4,120.823546,24.261574,2
875,66000,387130000C,(04)23274275,(04)23288582,2025,1,3,8,45,臺中市,西區,0,1,0,7,2,6,50,4,2,1,5,4,6,6,4,4,5,5,5,2,17,2,9,2,1,C03,7,1,1,10,2,14,,51,51,1,13,4,120.665884,24.137935,2
876,66000,387130000C,(04)23274275,(04)23288582,2025,1,3,8,45,臺中市,南屯區,0,2,0,7,2,6,50,3,1,1,4,4,6,6,4,4,5,4,4,2,9,2,9,2,1,C03,7,9,1,10,2,11,,10,10,1,12,4,120.643828,24.147757,2
877,66000,387130000C,(04)23274275,(04)23288582,2025,1,3,8,48,臺中市,大甲區,0,1,0,7,2,6,50,13,9,1,5,4,6,6,4,4,9,5,5,1,17,2,9,3,1,B03,7,4,1,8,2,4,,1,1,1,6,4,120.637563,24.349496,2
878,66000,387130000C,(04)23274275,(04)23288582,2025,1,3,8,51,臺中市,中區,0,0,0,6,,,50,,,,,,,,,,,,,,13,,,,,C03,,,1,,2,,,7,7,1,12,4,120.682206,24.140165,3
879,66000,387130000C,(04)23274275,(04)23288582,2025,1,3,8,52,臺中市,北區,0,0,0,7,,,50,,,,,,,,,,,,,,17,,,,,C03,,,1,,1,,,85,85,1,12,4,120.669129,24.159179,4
880,66000,387130000C,(04)23274275,(04)23288582,2025,1,3,8,55,臺中市,北區,0,1,0,7,2,6,50,3,2,1,5,4,6,6,4,4,5,5,5,2,17,2,9,5,1,C03,7,6,1,10,2,11,,39,39,1,13,4,120.688915,24.158615,2
881,66000,387130000C,(04)23274275,(04)23288582,2025,1,3,8,55,臺中市,北屯區,0,0,0,7,,,50,,,,,,,,,,,,,,12,,,,,C03,,,1,,2,,,7,7,1,6,4,120.690262,24.171376,4
882,66000,387130000C,(04)23274275,(04)23288582,2025,1,3,8,55,臺中市,西屯區,0,0,0,7,,,30,,,,,,,,,,,,,,12,,,,,B12,,,1,,1,,,8,8,1,13,4,120.618815,24.17986,3
883,66000,387130000C,(04)23274275,(04)23288582,2025,1,3,8,57,臺中市,梧棲區,0,1,0,7,2,6,40,3,2,1,5,4,6,6,2,1,10,5,5,2,17,2,9,2,1,C03,7,9,1,10,2,14,,59,59,1,6,4,120.54438,24.247196,2
884,66000,387130000C,(04)23274275,(04)23288582,2025,1,3,8,59,臺中市,西區,0,1,0,7,2,6,50,4,1,1,5,4,6,6,4,4,10,5,5,2,15,3,10,5,4,B01,7,9,1,4,2,5,,15,15,1,13,4,120.660207,24.152541,2
885,66000,387130000C,(04)23274275,(04)23288582,2025,1,3,9,0,臺中市,西區,0,0,0,7,,,50,,,,,,,,,,,,,,13,,,,,C03,,,1,,1,,,7,7,1,12,4,120.665019,24.156626,3
886,66000,387130000C,(04)23274275,(04)23288582,2025,1,3,9,0,臺中市,大甲區,0,1,0,7,3,6,50,3,9,1,5,4,6,6,4,4,5,5,5,1,13,2,9,5,4,C03,7,9,1,10,2,11,,7,7,1,6,4,120.663288,24.387875,2
887,66000,387130000C,(04)23274275,(04)23288582,2025,1,3,9,2,臺中市,南區,0,1,0,7,2,6,50,13,8,1,5,4,6,6,4,4,1,4,4,2,18,2,8,1,1,C03,7,9,1,10,2,12,,84,84,1,12,4,120.668812,24.125845,2
888,66000,387130000C,(04)23274275,(04)23288582,2025,1,3,9,3,臺中市,南屯區,0,0,0,7,,,50,,,,,,,,,,,,,,,,,,,C03,,,1,,2,,,7,7,1,6,4,120.628399,24.140188,3
889,66000,387130000C,(04)23274275,(04)23288582,2025,1,3,9,3,臺中市,北屯區,0,1,0,7,3,6,50,11,9,1,5,4,6,6,4,4,5,5,5,2,11,3,10,3,1,B03,7,9,1,8,2,8,,85,85,1,12,4,120.680566,24.181038,2
890,66000,387130000C,(04)23274275,(04)23288582,2025,1,3,9,7,臺中市,大安區,0,0,0,7,3,7,30,3,2,1,5,4,6,6,4,4,10,5,5,1,15,3,10,1,1,C03,7,11,1,10,2,11,,12,12,1,6,4,120.61566,24.384538,3
891,66000,387130000C,(04)23274275,(04)23288582,2025,1,3,9,9,臺中市,南區,0,0,0,7,,,50,,,,,,,,,,,,,,,,,,,B03,,,1,,2,,,84,84,1,12,4,120.664334,24.124728,3
892,66000,387130000C,(04)23274275,(04)23288582,2025,1,3,9,12,臺中市,大里區,0,1,0,7,2,6,50,3,2,1,5,4,6,6,4,4,10,4,5,1,17,3,10,1,1,C03,7,6,1,10,2,11,,12,12,1,12,4,120.692129,24.112095,2
893,66000,387130000C,(04)23274275,(04)23288582,2025,1,3,9,14,臺中市,南區,0,1,0,7,2,6,30,4,1,1,5,4,6,6,4,4,10,5,5,2,17,3,10,3,1,B12,7,11,1,8,2,1,,45,45,1,13,4,120.656154,24.132783,2
894,66000,387130000C,(04)23274275,(04)23288582,2025,1,3,9,19,臺中市,西屯區,0,0,0,7,,,50,,,,,,,,,,,,,,12,,,,,B12,,,1,,1,,,8,8,1,12,4,120.618859,24.178962,3
895,66000,387130000C,(04)23274275,(04)23288582,2025,1,3,9,19,臺中市,梧棲區,0,1,0,7,2,6,70,13,14,1,5,4,6,6,4,4,1,4,4,1,13,2,9,5,1,B03,7,9,1,8,8,5,,53,53,1,6,4,120.546381,24.231398,2
896,66000,387130000C,(04)23274275,(04)23288582,2025,1,3,9,20,臺中市,西屯區,0,0,0,7,,,50,,,,,,,,,,,,,,15,,,,,B03,,,1,,1,,,21,21,1,12,4,120.619321,24.185595,3
897,66000,387130000C,(04)23274275,(04)23288582,2025,1,3,9,20,臺中市,烏日區,0,0,0,7,,,30,,,,,,,,,,,,,,1,,,,,B12,,,1,,1,,,8,8,1,6,4,120.639594,24.085388,3
898,66000,387130000C,(04)23274275,(04)23288582,2025,1,3,9,21,臺中市,北區,0,0,0,7,,,50,,,,,,,,,,,,,,14,,,,,B03,,,1,,2,,,49,49,1,13,4,120.680097,24.163365,3
899,66000,387130000C,(04)23274275,(04)23288582,2025,1,3,9,27,臺中市,西屯區,0,1,0,7,2,6,50,4,1,1,5,4,6,6,2,1,10,5,5,2,18,2,9,5,4,C03,7,9,1,10,2,14,,59,59,1,13,4,120.645096,24.178816,2
900,66000,387130000C,(04)23274275,(04)23288582,2025,1,3,9,28,臺中市,中區,0,0,0,7,2,6,50,4,2,1,5,4,6,6,1,1,10,4,5,2,12,,,,,C03,,,1,,1,,,8,8,2,13,4,120.682853,24.142207,3
901,66000,387130000C,(04)23274275,(04)23288582,2025,1,3,9,30,臺中市,南屯區,0,0,0,7,,,50,,,,,,,,,,,,,,14,,,,,B12,,,1,,1,,,49,49,1,12,4,120.607807,24.135621,3
902,66000,387130000C,(04)23274275,(04)23288582,2025,1,3,9,30,臺中市,西屯區,0,0,0,7,,,50,,,,,,,,,,,,,,30,,,,,C03,,,1,,1,,,50,50,1,12,4,120.663811,24.180667,3