序號,縣市別代碼,機關代碼,市話,傳真,年,月,日,時,分,縣市,區,死亡數量,受傷數量,2-30,天候,道路照明設備,道路類別,道路速限,道路型態,事故位置,路面鋪裝,路面狀態,路面缺陷,障礙物,視距,號誌種類,號誌動作,分向設施,快車道或一般車道間,快慢車道間,路面邊線,事故類型及型態,受傷程度,主要傷處,保護裝備,行動電話或功能裝置,當事者區分(類別),車輛用途,當事者行動狀態,駕照狀態,駕照種類,飲酒情形,車輛撞擊部位最初,車輛撞擊部位其他,肇事因素個別,肇事因素主要,肇事逃逸,職業,共享經濟或外送平台,GPS座標X,GPS座標Y,事故類別
903,66000,387130000C,(04)23274275,(04)23288582,2025,1,3,9,34,臺中市,大甲區,0,3,0,7,3,6,50,4,1,1,5,4,6,6,1,1,10,5,5,2,12,2,9,5,4,C03,7,4,1,10,2,11,,84,84,1,4,4,120.619146,24.351075,2
904,66000,387130000C,(04)23274275,(04)23288582,2025,1,3,9,40,臺中市,大里區,0,1,0,7,2,6,40,4,2,1,5,4,6,6,1,1,5,5,4,2,12,2,9,2,1,C03,7,9,1,10,2,14,,1,1,1,13,4,120.701345,24.100155,2
905,66000,387130000C,(04)23274275,(04)23288582,2025,1,3,9,54,臺中市,北屯區,0,0,0,7,,,50,,,,,,,,,,,,,,16,,,,,B03,,,1,,1,,,40,40,1,6,4,120.694998,24.164947,3
906,66000,387130000C,(04)23274275,(04)23288582,2025,1,3,9,56,臺中市,東區,0,1,0,7,2,6,50,3,1,1,5,4,6,6,4,4,10,5,5,2,17,2,9,1,1,C03,7,6,1,10,2,14,,13,13,1,12,4,120.70705,24.131719,2
907,66000,387130000C,(04)23274275,(04)23288582,2025,1,3,9,59,臺中市,西屯區,0,2,0,7,2,6,50,13,9,1,5,4,6,6,1,1,3,2,5,2,13,3,10,3,1,B03,7,9,1,8,2,1,,59,59,1,12,4,120.657635,24.18841,2
908,66000,387130000C,(04)23274275,(04)23288582,2025,1,3,10,9,臺中市,北屯區,0,1,0,7,2,6,50,13,9,1,5,4,6,6,4,4,10,5,5,2,16,3,10,5,4,B03,7,6,1,8,2,2,,20,20,1,12,4,120.664118,24.185722,2
909,66000,387130000C,(04)23274275,(04)23288582,2025,1,3,10,10,臺中市,大里區,0,0,0,7,,,50,,,,,,,,,,,,,,16,,,,,B03,,,1,,2,,,45,45,1,12,4,120.681856,24.102593,3
910,66000,387130000C,(04)23274275,(04)23288582,2025,1,3,10,11,臺中市,南屯區,0,1,0,7,3,6,50,13,9,1,5,4,6,6,4,4,5,5,5,2,13,2,9,5,4,C03,7,9,1,10,2,11,14,7,7,1,6,4,120.653378,24.133484,2
911,66000,387130000C,(04)23274275,(04)23288582,2025,1,3,10,11,臺中市,豐原區,0,1,0,7,2,6,50,4,1,1,5,4,6,6,1,1,1,4,5,1,16,2,9,1,1,C04,7,11,1,10,2,11,,21,21,1,13,4,120.723972,24.244988,2
912,66000,387130000C,(04)23274275,(04)23288582,2025,1,3,10,13,臺中市,大里區,0,1,0,6,3,6,40,4,2,1,5,4,6,6,1,1,1,4,5,1,12,2,9,1,1,C03,7,9,1,3,2,14,,8,8,1,13,4,120.663973,24.087042,2
913,66000,387130000C,(04)23274275,(04)23288582,2025,1,3,10,20,臺中市,西區,0,0,0,7,,,50,,,,,,,,,,,,,,,,,,,B03,,,1,,2,,,43,43,1,12,4,120.657964,24.144323,3
914,66000,387130000C,(04)23274275,(04)23288582,2025,1,3,10,20,臺中市,西屯區,0,2,0,6,2,6,40,13,8,1,5,4,3,3,4,4,1,5,1,2,17,2,9,1,1,C03,7,9,3,19,2,14,,6,6,1,12,4,120.606098,24.183386,2
915,66000,387130000C,(04)23274275,(04)23288582,2025,1,3,10,21,臺中市,梧棲區,0,1,0,7,2,6,50,13,9,1,5,4,6,6,4,4,5,4,5,1,16,2,8,2,1,C03,7,1,1,10,2,14,,51,51,1,6,4,120.530896,24.253658,2
916,66000,387130000C,(04)23274275,(04)23288582,2025,1,3,10,27,臺中市,北區,0,0,0,7,,,50,,,,,,,,,,,,,,17,,,,,B03,,,1,,2,,,84,84,1,12,4,120.679955,24.158179,3
917,66000,387130000C,(04)23274275,(04)23288582,2025,1,3,10,29,臺中市,北區,0,2,0,7,2,6,40,3,8,1,5,4,6,6,1,1,1,4,4,2,17,3,10,1,1,F02,7,10,7,21,2,16,,42,42,1,13,4,120.672887,24.168735,2
918,66000,387130000C,(04)23274275,(04)23288582,2025,1,3,10,29,臺中市,沙鹿區,0,1,0,7,2,6,50,4,1,1,5,4,6,6,1,1,10,5,5,2,16,2,8,2,1,C03,7,9,1,10,2,11,,59,59,1,6,4,120.559324,24.236441,2
919,66000,387130000C,(04)23274275,(04)23288582,2025,1,3,10,30,臺中市,梧棲區,0,2,0,7,2,6,50,3,2,1,5,4,6,6,4,4,10,5,5,2,16,2,8,2,1,C03,7,6,1,10,2,14,,14,14,1,6,4,120.538391,24.248152,2
920,66000,387130000C,(04)23274275,(04)23288582,2025,1,3,10,36,臺中市,沙鹿區,0,1,0,7,2,6,50,13,9,1,5,4,6,6,4,4,3,4,5,2,17,2,9,1,1,C03,7,9,1,10,2,12,,84,84,1,13,4,120.568198,24.254644,2
921,66000,387130000C,(04)23274275,(04)23288582,2025,1,3,10,40,臺中市,大雅區,0,2,0,7,2,6,40,13,8,1,5,4,6,6,4,4,5,5,4,2,10,2,9,6,1,F01,7,9,7,21,2,11,,4,4,1,13,4,120.652424,24.216663,2
922,66000,387130000C,(04)23274275,(04)23288582,2025,1,3,10,44,臺中市,北區,0,0,0,7,,,50,,,,,,,,,,,,,,13,,,,,C03,,,1,,1,,,85,85,1,12,4,120.675157,24.163245,4
923,66000,387130000C,(04)23274275,(04)23288582,2025,1,3,10,46,臺中市,南屯區,0,1,0,7,2,6,50,4,1,1,5,4,6,6,2,1,5,4,4,2,15,3,10,3,1,B03,7,9,1,8,2,4,,21,21,1,12,4,120.609707,24.138486,2
924,66000,387130000C,(04)23274275,(04)23288582,2025,1,3,10,48,臺中市,南屯區,0,0,0,7,,,,,,,,,,,,,,,,,,,,,,,,,,,,,,119,119,1,,,120.628815,24.153081,3
925,66000,387130000C,(04)23274275,(04)23288582,2025,1,3,10,48,臺中市,北屯區,0,0,0,7,,,50,,,,,,,,,,,,,,12,,,,,B03,,,1,,1,,,51,51,1,12,4,120.724083,24.171407,3
926,66000,387130000C,(04)23274275,(04)23288582,2025,1,3,10,48,臺中市,清水區,0,0,0,7,,,40,,,,,,,,,,,,,,,,,,,A42,,,1,,2,,,7,7,1,12,4,120.564838,24.297219,3
927,66000,387130000C,(04)23274275,(04)23288582,2025,1,3,10,51,臺中市,大肚區,0,0,0,7,,,50,,,,,,,,,,,,,,,,,,,B03,,,1,,2,,,20,20,1,6,4,120.571602,24.120708,3
928,66000,387130000C,(04)23274275,(04)23288582,2025,1,3,10,53,臺中市,豐原區,0,0,0,7,,,50,,,,,,,,,,,,,,13,,,,,B03,,,1,,1,,,59,59,1,13,4,120.708959,24.250232,3
929,66000,387130000C,(04)23274275,(04)23288582,2025,1,3,10,54,臺中市,豐原區,0,0,0,7,,,50,,,,,,,,,,,,,,17,,,,,B03,,,1,,2,,,42,42,1,12,4,120.710646,24.250544,3
930,66000,387130000C,(04)23274275,(04)23288582,2025,1,3,10,55,臺中市,沙鹿區,0,1,0,7,2,6,50,13,9,1,5,4,6,6,4,4,5,5,5,2,9,3,10,1,1,F03,7,9,7,21,2,11,,85,85,1,12,4,120.558736,24.238017,2
931,66000,387130000C,(04)23274275,(04)23288582,2025,1,3,10,56,臺中市,西區,0,1,0,7,2,6,50,3,2,1,5,4,6,6,4,4,5,5,4,2,17,2,2,1,1,C03,7,11,1,10,2,11,,34,34,1,13,4,120.664533,24.132187,2
932,66000,387130000C,(04)23274275,(04)23288582,2025,1,3,10,58,臺中市,霧峰區,0,1,0,7,2,6,50,13,9,1,5,4,6,6,4,4,5,5,5,1,12,3,10,3,1,B12,7,4,1,8,9,6,,1,1,1,6,4,120.702085,24.068515,2
933,66000,387130000C,(04)23274275,(04)23288582,2025,1,3,11,0,臺中市,北區,0,0,0,7,,,50,,,,,,,,,,,,,,17,,,,,B03,,,1,,1,,,51,51,1,13,4,120.680682,24.161955,3
934,66000,387130000C,(04)23274275,(04)23288582,2025,1,3,11,4,臺中市,石岡區,0,1,0,7,2,6,70,4,1,1,5,4,6,6,4,4,10,5,5,1,17,3,10,5,4,B03,7,6,1,8,2,6,,14,14,1,13,4,120.785375,24.274652,2
935,66000,387130000C,(04)23274275,(04)23288582,2025,1,3,11,13,臺中市,梧棲區,0,1,0,7,3,6,60,13,9,1,5,4,6,6,4,4,1,4,5,1,16,2,9,1,1,C03,7,9,1,10,2,11,,59,59,1,6,4,120.530209,24.236973,2
936,66000,387130000C,(04)23274275,(04)23288582,2025,1,3,11,16,臺中市,潭子區,0,0,0,7,,,50,,,,,,,,,,,,,,,,,,,B02,,,1,,2,,,8,8,1,13,4,120.692175,24.226224,3
937,66000,387130000C,(04)23274275,(04)23288582,2025,1,3,11,20,臺中市,南屯區,0,0,0,7,,,40,,,,,,,,,,,,,,14,,,,,B03,,,1,,1,,,49,49,1,12,4,120.608483,24.147118,3
938,66000,387130000C,(04)23274275,(04)23288582,2025,1,3,11,20,臺中市,霧峰區,0,0,0,7,,,60,,,,,,,,,,,,,,17,,,,,B03,,,1,,2,,,7,7,1,6,4,120.695709,24.013088,3
939,66000,387130000C,(04)23274275,(04)23288582,2025,1,3,11,22,臺中市,北區,0,1,0,7,2,6,40,13,7,1,5,4,6,6,4,4,5,5,4,2,16,2,8,2,1,C03,7,6,1,9,2,14,,84,84,1,6,4,120.676303,24.159145,2
940,66000,387130000C,(04)23274275,(04)23288582,2025,1,3,11,24,臺中市,中區,0,1,0,7,3,6,50,4,2,1,5,4,6,6,1,1,5,4,5,2,13,2,9,1,1,C02,7,9,3,19,2,11,,7,7,1,12,4,120.682034,24.140113,2
941,66000,387130000C,(04)23274275,(04)23288582,2025,1,3,11,24,臺中市,烏日區,0,1,0,7,3,6,30,4,1,1,5,4,6,6,4,4,5,5,5,2,16,3,10,1,1,C03,7,9,1,10,2,11,,12,12,1,6,4,120.642025,24.103199,2
942,66000,387130000C,(04)23274275,(04)23288582,2025,1,3,11,28,臺中市,豐原區,0,0,0,7,,,50,,,,,,,,,,,,,,14,,,,,B03,,,1,,2,,,49,49,1,13,4,120.709153,24.24941,3
943,66000,387130000C,(04)23274275,(04)23288582,2025,1,3,11,29,臺中市,大雅區,0,0,0,7,,,50,,,,,,,,,,,,,,,,,,,C03,,,3,,1,,,7,7,1,13,4,120.647314,24.21366,3
944,66000,387130000C,(04)23274275,(04)23288582,2025,1,3,11,35,臺中市,潭子區,0,0,0,7,,,0,,,,,,,,,,,,,,,,,,,B03,,,1,,2,,,49,49,1,13,4,120.708807,24.232779,3
945,66000,387130000C,(04)23274275,(04)23288582,2025,1,3,11,44,臺中市,南屯區,0,1,0,7,3,6,50,13,8,1,5,4,6,6,4,4,3,4,4,2,13,2,9,5,4,C03,7,9,1,10,2,11,,7,7,1,6,4,120.627554,24.145332,2
946,66000,387130000C,(04)23274275,(04)23288582,2025,1,3,11,58,臺中市,大里區,0,3,0,7,2,6,50,4,1,1,5,4,6,6,1,1,5,5,5,1,16,2,9,2,1,C03,7,6,1,10,2,11,,11,11,1,13,4,120.702731,24.088258,2
947,66000,387130000C,(04)23274275,(04)23288582,2025,1,3,12,2,臺中市,梧棲區,0,0,0,7,,,50,,,,,,,,,,,,,,17,,,,,F03,,,7,,9,,,50,50,1,6,4,120.530875,24.256391,3
948,66000,387130000C,(04)23274275,(04)23288582,2025,1,3,12,7,臺中市,南區,0,0,0,7,,,50,,,,,,,,,,,,,,,,,,,B03,,,1,,9,,,8,8,2,6,4,120.65256,24.114465,3
949,66000,387130000C,(04)23274275,(04)23288582,2025,1,3,12,15,臺中市,北屯區,0,0,0,7,,,50,,,,,,,,,,,,,,13,,,,,B03,,,1,,1,,,7,7,1,6,4,120.697898,24.170377,3
950,66000,387130000C,(04)23274275,(04)23288582,2025,1,3,12,18,臺中市,霧峰區,0,1,0,7,2,6,50,4,2,1,5,4,6,6,4,4,1,4,4,2,17,3,10,3,1,B03,7,9,1,8,2,4,,84,84,1,6,4,120.663586,24.078474,2
951,66000,387130000C,(04)23274275,(04)23288582,2025,1,3,12,19,臺中市,霧峰區,0,1,0,7,2,6,40,5,2,1,5,4,6,6,1,1,4,1,5,1,17,2,9,2,1,C03,7,9,1,10,2,13,,21,21,1,6,4,120.715277,24.073785,2
952,66000,387130000C,(04)23274275,(04)23288582,2025,1,3,12,20,臺中市,神岡區,0,1,0,7,2,6,30,11,9,1,5,4,6,6,4,4,10,5,5,2,10,3,10,5,4,C03,7,9,1,10,2,11,,41,41,1,13,4,120.706264,24.260021,2
953,66000,387130000C,(04)23274275,(04)23288582,2025,1,3,12,27,臺中市,北區,0,0,0,7,,,50,,,,,,,,,,,,,,17,,,,,B03,,,1,,9,,,49,49,1,13,4,120.686027,24.149047,3
954,66000,387130000C,(04)23274275,(04)23288582,2025,1,3,12,28,臺中市,大肚區,0,2,0,7,2,6,50,13,9,1,5,4,6,6,4,4,5,4,5,2,12,2,9,1,1,C03,7,8,1,10,2,14,,39,39,1,6,4,120.544874,24.152575,2
955,66000,387130000C,(04)23274275,(04)23288582,2025,1,3,12,32,臺中市,外埔區,0,0,0,7,,,50,,,,,,,,,,,,,,17,,,,,B03,,,1,,2,,,59,59,1,12,4,120.634698,24.344058,3
956,66000,387130000C,(04)23274275,(04)23288582,2025,1,3,12,34,臺中市,北屯區,0,0,0,7,,,50,,,,,,,,,,,,,,,,,,,B12,,,1,,2,,,58,58,1,12,4,120.670745,24.199937,3
957,66000,387130000C,(04)23274275,(04)23288582,2025,1,3,12,37,臺中市,梧棲區,0,1,0,6,3,6,50,3,2,1,5,4,6,6,4,4,10,5,5,2,16,3,10,3,1,A11,7,6,1,3,2,8,,14,14,1,6,4,120.534325,24.261351,2
958,66000,387130000C,(04)23274275,(04)23288582,2025,1,3,12,38,臺中市,東區,0,0,0,7,,,50,,,,,,,,,,,,,,,,,,,C03,,,1,,1,,,8,8,1,12,4,120.692483,24.151715,3
959,66000,387130000C,(04)23274275,(04)23288582,2025,1,3,12,43,臺中市,沙鹿區,0,1,0,7,2,6,50,13,9,1,5,4,6,6,4,4,3,4,4,2,30,2,9,1,1,C03,7,9,1,10,2,11,,87,87,1,13,4,120.562092,24.255724,2
960,66000,387130000C,(04)23274275,(04)23288582,2025,1,3,12,45,臺中市,西屯區,0,1,0,7,2,6,50,3,2,1,5,4,6,6,3,1,5,5,5,2,16,3,10,3,1,B02,7,11,1,8,2,4,,45,45,1,12,4,120.62098,24.182233,2
961,66000,387130000C,(04)23274275,(04)23288582,2025,1,3,12,45,臺中市,西屯區,0,0,0,7,,,50,,,,,,,,,,,,,,14,,,,,B03,,,1,,1,,,49,49,1,12,4,120.593134,24.171975,3
962,66000,387130000C,(04)23274275,(04)23288582,2025,1,3,12,50,臺中市,太平區,0,0,0,7,,,50,,,,,,,,,,,,,,,,,,,C03,,,1,,1,,,45,45,1,12,4,120.711751,24.153286,3
963,66000,387130000C,(04)23274275,(04)23288582,2025,1,3,12,51,臺中市,西屯區,0,0,0,7,,,50,,,,,,,,,,,,,,14,,,,,B01,,,1,,2,,,49,49,1,13,4,120.637641,24.176687,3
964,66000,387130000C,(04)23274275,(04)23288582,2025,1,3,12,54,臺中市,東區,0,0,0,7,,,40,,,,,,,,,,,,,,17,,,,,B12,,,1,,11,,,50,50,1,12,4,120.70408,24.144491,3
965,66000,387130000C,(04)23274275,(04)23288582,2025,1,3,12,54,臺中市,霧峰區,0,2,0,7,2,6,50,4,1,1,5,4,6,6,1,1,5,5,5,1,16,2,9,2,1,C03,7,6,1,9,2,12,,11,11,1,13,4,120.686904,24.054043,2
966,66000,387130000C,(04)23274275,(04)23288582,2025,1,3,12,55,臺中市,沙鹿區,0,0,0,7,,,50,,,,,,,,,,,,,,,,,,,A12,,,1,,9,,,8,8,1,6,4,120.564793,24.248844,3
967,66000,387130000C,(04)23274275,(04)23288582,2025,1,3,12,58,臺中市,北屯區,0,0,0,7,,,50,,,,,,,,,,,,,,16,,,,,B03,,,1,,9,,,20,20,1,12,4,120.701831,24.182039,3
968,66000,387130000C,(04)23274275,(04)23288582,2025,1,3,12,59,臺中市,西屯區,0,1,0,7,2,6,50,11,9,1,5,4,6,6,4,4,5,4,5,1,12,3,10,3,1,B03,7,9,1,10,2,5,,7,7,1,12,4,120.598711,24.173515,2
969,66000,387130000C,(04)23274275,(04)23288582,2025,1,3,13,1,臺中市,西區,0,3,0,6,1,6,50,4,1,1,5,4,6,6,1,1,10,5,5,2,17,2,9,5,4,C03,7,6,1,10,2,14,,48,48,1,12,4,120.669897,24.147178,2
970,66000,387130000C,(04)23274275,(04)23288582,2025,1,3,13,5,臺中市,西屯區,0,1,0,6,2,6,40,13,8,1,5,4,6,6,4,4,5,4,4,2,13,2,5,1,1,C03,7,9,1,10,2,11,,7,7,1,12,4,120.66304,24.165872,2
971,66000,387130000C,(04)23274275,(04)23288582,2025,1,3,13,10,臺中市,南區,0,0,0,7,1,6,50,3,9,1,5,4,6,6,4,4,10,5,5,2,13,3,10,3,1,B12,7,2,1,8,1,3,,49,49,1,12,4,120.655178,24.112835,3
972,66000,387130000C,(04)23274275,(04)23288582,2025,1,3,13,11,臺中市,神岡區,0,0,0,7,,,50,,,,,,,,,,,,,,25,,,,,A12,,,5,,11,,,51,51,1,12,4,120.674186,24.261471,3
973,66000,387130000C,(04)23274275,(04)23288582,2025,1,3,13,21,臺中市,豐原區,0,0,0,7,,,60,,,,,,,,,,,,,,17,,,,,B03,,,1,,2,,,7,7,1,12,4,120.713866,24.262942,3
974,66000,387130000C,(04)23274275,(04)23288582,2025,1,3,13,22,臺中市,梧棲區,0,1,0,7,2,6,50,13,14,1,5,4,6,6,4,4,5,2,5,1,18,2,9,1,1,C03,7,9,1,10,2,12,14,87,87,1,6,4,120.518586,24.238641,2
975,66000,387130000C,(04)23274275,(04)23288582,2025,1,3,13,29,臺中市,龍井區,0,0,0,7,,,30,,,,,,,,,,,,,,17,,,,,B03,,,1,,2,,,8,8,1,12,4,120.589165,24.18322,3
976,66000,387130000C,(04)23274275,(04)23288582,2025,1,3,13,33,臺中市,西區,0,0,0,7,,,50,,,,,,,,,,,,,,17,,,,,B03,,,1,,2,,,84,84,1,12,4,120.660586,24.156658,3
977,66000,387130000C,(04)23274275,(04)23288582,2025,1,3,13,33,臺中市,西屯區,0,0,0,7,,,50,,,,,,,,,,,,,,12,,,,,A11,,,1,,2,,,8,8,1,13,4,120.624301,24.176643,3
978,66000,387130000C,(04)23274275,(04)23288582,2025,1,3,13,35,臺中市,豐原區,0,0,0,7,,,30,,,,,,,,,,,,,,11,,,,,A12,,,1,,1,,,8,8,1,13,4,120.704565,24.252207,3
979,66000,387130000C,(04)23274275,(04)23288582,2025,1,3,13,38,臺中市,大里區,0,1,0,7,2,6,50,4,2,1,5,4,6,6,1,1,10,5,5,2,12,3,10,3,1,B03,7,5,1,8,2,2,,47,47,1,12,4,120.679014,24.109352,2
980,66000,387130000C,(04)23274275,(04)23288582,2025,1,3,13,39,臺中市,烏日區,0,0,0,7,,,30,,,,,,,,,,,,,,,,,,,B03,,,1,,1,,,51,51,1,13,4,120.608696,24.118009,3
981,66000,387130000C,(04)23274275,(04)23288582,2025,1,3,13,49,臺中市,西屯區,0,2,0,7,2,6,50,4,1,1,5,4,6,6,1,1,10,5,5,2,16,2,9,5,1,C03,7,5,1,10,1,12,,11,11,1,12,4,120.651201,24.166899,2
982,66000,387130000C,(04)23274275,(04)23288582,2025,1,3,13,50,臺中市,霧峰區,0,0,0,7,,,40,,,,,,,,,,,,,,17,,,,,B12,,,1,,2,,,7,7,1,6,4,120.67709,24.039835,3
983,66000,387130000C,(04)23274275,(04)23288582,2025,1,3,13,54,臺中市,大里區,0,0,0,6,,,50,,,,,,,,,,,,,,14,,,,,B03,,,1,,2,,,49,49,1,13,4,120.685839,24.11355,3
984,66000,387130000C,(04)23274275,(04)23288582,2025,1,3,14,0,臺中市,西區,0,1,0,7,2,6,50,4,1,1,5,4,6,6,4,4,10,5,5,2,14,3,10,3,1,B03,7,2,1,8,2,3,,49,49,1,13,4,120.662025,24.149821,2
985,66000,387130000C,(04)23274275,(04)23288582,2025,1,3,14,0,臺中市,太平區,0,1,0,7,3,6,50,4,1,1,5,4,6,6,1,1,10,5,5,2,13,3,10,5,4,B03,7,9,1,8,2,8,,7,7,1,12,4,120.713467,24.160704,2
986,66000,387130000C,(04)23274275,(04)23288582,2025,1,3,14,0,臺中市,沙鹿區,0,0,0,7,,,6,,,,,,,,,,,,,,,,,,,A41,,,1,,2,,,84,84,1,12,4,120.564213,24.206,3
987,66000,387130000C,(04)23274275,(04)23288582,2025,1,3,14,2,臺中市,西屯區,0,0,0,7,,,50,,,,,,,,,,,,,,19,,,,,A11,,,1,,2,,,50,50,1,13,4,120.596108,24.171366,3
988,66000,387130000C,(04)23274275,(04)23288582,2025,1,3,14,5,臺中市,梧棲區,0,1,0,7,3,6,70,13,7,1,5,4,6,6,1,1,1,4,1,1,18,2,9,3,1,A31,7,9,1,1,2,8,,59,59,1,6,4,120.517956,24.238874,2
989,66000,387130000C,(04)23274275,(04)23288582,2025,1,3,14,7,臺中市,沙鹿區,0,1,0,7,2,6,50,13,8,1,5,4,6,6,4,4,1,4,4,2,17,3,10,2,1,C03,7,8,1,10,2,13,,40,40,1,6,4,120.566072,24.230474,2
990,66000,387130000C,(04)23274275,(04)23288582,2025,1,3,14,11,臺中市,太平區,0,1,0,7,2,6,50,4,1,1,5,4,6,6,4,4,10,5,5,2,16,3,10,3,1,A12,7,6,1,2,2,8,,48,48,1,6,4,120.724853,24.14258,2
991,66000,387130000C,(04)23274275,(04)23288582,2025,1,3,14,14,臺中市,西屯區,0,1,0,7,2,6,50,13,7,1,5,4,1,6,4,4,5,4,4,1,13,3,10,3,1,A12,7,14,1,3,2,6,,87,87,1,12,4,120.619374,24.168597,2
992,66000,387130000C,(04)23274275,(04)23288582,2025,1,3,14,14,臺中市,太平區,0,1,0,7,2,6,50,13,7,1,5,4,6,6,4,4,9,4,4,1,13,2,8,1,1,C03,7,9,1,10,2,11,,59,59,1,12,4,120.727707,24.150214,2
993,66000,387130000C,(04)23274275,(04)23288582,2025,1,3,14,15,臺中市,南屯區,0,1,0,7,2,6,50,13,12,1,5,4,6,6,4,4,5,4,4,1,30,2,7,2,1,C03,7,9,1,10,2,12,,84,84,1,12,4,120.616767,24.139429,2
994,66000,387130000C,(04)23274275,(04)23288582,2025,1,3,14,15,臺中市,西屯區,0,1,0,6,2,6,40,13,8,1,5,4,6,6,4,4,1,4,1,2,12,3,10,3,1,B03,7,9,1,8,2,2,,6,6,1,12,4,120.597142,24.181811,2
995,66000,387130000C,(04)23274275,(04)23288582,2025,1,3,14,18,臺中市,太平區,0,0,0,7,,,50,,,,,,,,,,,,,,,,,,,B03,,,1,,2,,,51,51,1,12,4,120.71135,24.16044,3
996,66000,387130000C,(04)23274275,(04)23288582,2025,1,3,14,20,臺中市,東區,0,0,0,7,,,40,,,,,,,,,,,,,,14,,,,,B12,,,1,,1,,,49,49,1,12,4,120.690187,24.132258,3
997,66000,387130000C,(04)23274275,(04)23288582,2025,1,3,14,24,臺中市,西屯區,0,0,0,7,,,40,,,,,,,,,,,,,,13,,,,,C03,,,1,,1,,,59,59,1,12,4,120.646454,24.164454,3
998,66000,387130000C,(04)23274275,(04)23288582,2025,1,3,14,27,臺中市,后里區,0,0,0,7,2,6,30,4,1,1,5,4,6,6,4,4,10,5,5,1,15,3,10,2,1,C03,7,9,1,10,1,11,,15,15,1,12,4,120.715941,24.30853,3
999,66000,387130000C,(04)23274275,(04)23288582,2025,1,3,14,33,臺中市,豐原區,0,0,0,7,,,50,,,,,,,,,,,,,,17,,,,,B03,,,1,,1,,,47,47,1,12,4,120.70944,24.248473,3
1000,66000,387130000C,(04)23274275,(04)23288582,2025,1,3,14,35,臺中市,西區,0,1,0,7,2,6,30,3,1,1,5,4,6,6,4,4,5,4,4,2,16,3,10,3,1,B03,7,6,1,8,2,1,,12,12,1,12,4,120.66171,24.135919,2
1001,66000,387130000C,(04)23274275,(04)23288582,2025,1,3,14,35,臺中市,南區,0,1,0,7,2,6,50,3,9,1,5,4,6,6,4,4,5,4,5,2,17,3,10,3,1,B03,7,6,1,8,2,5,,39,39,1,12,4,120.683741,24.132543,2
1002,66000,387130000C,(04)23274275,(04)23288582,2025,1,3,14,38,臺中市,龍井區,0,1,0,7,2,6,30,13,9,1,5,4,6,6,4,4,10,5,5,2,14,3,10,5,4,B03,7,2,1,7,2,6,,49,49,1,6,4,120.577464,24.182397,2
1003,66000,387130000C,(04)23274275,(04)23288582,2025,1,3,14,39,臺中市,北屯區,0,0,0,7,,,50,,,,,,,,,,,,,,14,,,,,B12,,,1,,1,,,49,49,1,6,4,120.717843,24.167356,3
1004,66000,387130000C,(04)23274275,(04)23288582,2025,1,3,14,40,臺中市,西屯區,0,0,0,7,,,50,,,,,,,,,,,,,,13,,,,,B03,,,1,,1,,,59,59,1,13,4,120.644149,24.16552,3
1005,66000,387130000C,(04)23274275,(04)23288582,2025,1,3,14,41,臺中市,北屯區,0,0,0,7,,,50,,,,,,,,,,,,,,13,,,,,B03,,,1,,1,,,84,84,1,12,4,120.686279,24.189238,3
1006,66000,387130000C,(04)23274275,(04)23288582,2025,1,3,14,42,臺中市,西區,0,1,0,7,2,6,50,13,9,1,5,4,6,6,4,4,5,4,5,2,17,3,10,5,1,B01,7,1,1,4,2,5,,51,51,1,6,4,120.665064,24.14943,2
1007,66000,387130000C,(04)23274275,(04)23288582,2025,1,3,14,43,臺中市,大甲區,0,1,0,7,2,6,50,13,7,1,5,4,6,6,4,4,9,5,4,2,17,2,9,2,1,C03,7,1,1,10,2,11,,51,51,1,6,4,120.625703,24.342636,2
1008,66000,387130000C,(04)23274275,(04)23288582,2025,1,3,14,47,臺中市,豐原區,0,0,0,7,,,60,,,,,,,,,,,,,,17,,,,,B03,,,1,,9,,,50,50,2,13,4,120.704723,24.237287,3
1009,66000,387130000C,(04)23274275,(04)23288582,2025,1,3,14,48,臺中市,西屯區,0,0,0,7,,,50,,,,,,,,,,,,,,12,,,,,B03,,,1,,1,,,40,40,1,12,4,120.641449,24.157609,3
1010,66000,387130000C,(04)23274275,(04)23288582,2025,1,3,15,0,臺中市,西區,0,0,0,7,,,50,,,,,,,,,,,,,,,,,,,B03,,,1,,2,,,7,7,1,12,4,120.6684,24.153074,3
1011,66000,387130000C,(04)23274275,(04)23288582,2025,1,3,15,0,臺中市,南屯區,0,0,0,7,,,40,,,,,,,,,,,,,,,,,,,,,,,,,,,119,119,1,,,120.613725,24.142655,3
1012,66000,387130000C,(04)23274275,(04)23288582,2025,1,3,15,0,臺中市,西屯區,0,0,0,7,,,30,,,,,,,,,,,,,,14,,,,,B03,,,1,,1,,,49,49,1,12,4,120.617931,24.18475,3
1013,66000,387130000C,(04)23274275,(04)23288582,2025,1,3,15,3,臺中市,潭子區,0,0,0,7,,,40,,,,,,,,,,,,,,,,,,,B03,,,1,,2,,,7,7,1,13,4,120.70147,24.201187,3
1014,66000,387130000C,(04)23274275,(04)23288582,2025,1,3,15,3,臺中市,西區,0,1,0,1,2,6,50,4,1,1,5,4,6,6,1,1,10,5,5,2,16,3,10,3,1,B12,7,6,1,8,2,2,,11,11,1,6,4,120.667532,24.141802,2
1015,66000,387130000C,(04)23274275,(04)23288582,2025,1,3,15,3,臺中市,沙鹿區,0,0,0,7,,,50,,,,,,,,,,,,,,,,,,,B03,,,1,,2,,,49,49,1,13,4,120.581472,24.219169,3