序號,縣市別代碼,機關代碼,市話,傳真,年,月,日,時,分,縣市,區,死亡數量,受傷數量,2-30,天候,道路照明設備,道路類別,道路速限,道路型態,事故位置,路面鋪裝,路面狀態,路面缺陷,障礙物,視距,號誌種類,號誌動作,分向設施,快車道或一般車道間,快慢車道間,路面邊線,事故類型及型態,受傷程度,主要傷處,保護裝備,行動電話或功能裝置,當事者區分(類別),車輛用途,當事者行動狀態,駕照狀態,駕照種類,飲酒情形,車輛撞擊部位最初,車輛撞擊部位其他,肇事因素個別,肇事因素主要,肇事逃逸,職業,共享經濟或外送平台,GPS座標X,GPS座標Y,事故類別
1241,66000,387130000C,(04)23274275,(04)23288582,2025,1,3,20,44,臺中市,潭子區,0,0,0,7,,,30,,,,,,,,,,,,,,,,,,,B03,,,3,,9,,,59,59,1,12,4,120.709169,24.205004,3
1242,66000,387130000C,(04)23274275,(04)23288582,2025,1,3,20,45,臺中市,太平區,0,1,0,7,1,6,40,13,8,1,5,4,6,6,4,4,5,4,4,1,12,2,9,2,1,F01,7,9,7,21,1,12,,84,84,1,2,4,120.722139,24.131565,2
1243,66000,387130000C,(04)23274275,(04)23288582,2025,1,3,20,47,臺中市,東區,0,0,0,7,,,50,,,,,,,,,,,,,,,,,,,B03,,,1,,1,,,84,84,1,13,4,120.704086,24.134567,3
1244,66000,387130000C,(04)23274275,(04)23288582,2025,1,3,20,55,臺中市,豐原區,0,1,0,6,1,6,50,13,9,1,5,4,6,6,4,4,1,4,4,1,17,3,10,1,1,C03,7,2,1,10,1,13,,84,84,1,6,4,120.712451,24.240287,2
1245,66000,387130000C,(04)23274275,(04)23288582,2025,1,3,20,58,臺中市,北屯區,0,0,0,7,,,50,,,,,,,,,,,,,,23,,,,,B03,,,1,,1,,,59,59,1,12,4,120.686306,24.186899,3
1246,66000,387130000C,(04)23274275,(04)23288582,2025,1,3,21,0,臺中市,沙鹿區,0,0,0,7,1,6,50,13,9,1,5,4,6,6,4,4,4,3,4,2,14,,,,,B03,,,1,,2,,,49,49,1,12,4,120.562724,24.237705,3
1247,66000,387130000C,(04)23274275,(04)23288582,2025,1,3,21,0,臺中市,梧棲區,0,0,0,7,,,50,,,,,,,,,,,,,,14,,,,,B03,,,1,,1,,,49,49,1,6,4,120.529608,24.253419,3
1248,66000,387130000C,(04)23274275,(04)23288582,2025,1,3,21,2,臺中市,北屯區,0,1,0,7,3,6,50,13,9,1,5,4,6,6,4,4,5,4,5,2,24,2,9,1,1,C03,7,9,1,10,2,11,,59,59,1,12,4,120.67226,24.18981,2
1249,66000,387130000C,(04)23274275,(04)23288582,2025,1,3,21,2,臺中市,西屯區,0,1,0,7,1,6,50,3,1,1,5,4,6,6,4,4,5,5,5,2,16,3,10,3,1,B03,7,6,1,8,2,8,,12,12,1,12,4,120.648539,24.169078,2
1250,66000,387130000C,(04)23274275,(04)23288582,2025,1,3,21,5,臺中市,梧棲區,0,0,0,7,,,50,,,,,,,,,,,,,,16,,,,,C03,,,1,,1,,,59,59,1,6,4,120.536746,24.260458,3
1251,66000,387130000C,(04)23274275,(04)23288582,2025,1,3,21,9,臺中市,大里區,0,0,0,7,,,50,,,,,,,,,,,,,,,,,,,B03,,,1,,2,,,8,8,1,12,4,120.692547,24.102836,3
1252,66000,387130000C,(04)23274275,(04)23288582,2025,1,3,21,14,臺中市,東區,0,0,0,7,,,50,,,,,,,,,,,,,,13,,,,,B03,,,1,,2,,,84,84,1,12,4,120.706011,24.136905,3
1253,66000,387130000C,(04)23274275,(04)23288582,2025,1,3,21,19,臺中市,大里區,0,2,0,7,1,6,50,13,9,1,5,4,6,6,4,4,5,5,5,2,16,2,9,1,1,C03,7,11,1,10,2,14,,46,46,1,12,4,120.684748,24.118398,2
1254,66000,387130000C,(04)23274275,(04)23288582,2025,1,3,21,20,臺中市,北屯區,0,0,0,7,,,50,,,,,,,,,,,,,,13,,,,,B03,,,1,,1,,,82,82,1,12,4,120.712816,24.164544,3
1255,66000,387130000C,(04)23274275,(04)23288582,2025,1,3,21,21,臺中市,北屯區,0,1,0,7,1,6,50,13,9,1,5,4,6,6,4,4,1,4,5,2,17,2,9,1,1,C03,7,9,1,10,2,11,,84,84,1,6,4,120.689272,24.171492,2
1256,66000,387130000C,(04)23274275,(04)23288582,2025,1,3,21,25,臺中市,豐原區,0,1,0,6,1,6,50,5,2,1,5,4,6,6,1,1,1,4,5,1,17,2,9,1,1,C03,7,11,1,10,2,11,,84,84,1,6,4,120.712878,24.245933,2
1257,66000,387130000C,(04)23274275,(04)23288582,2025,1,3,21,25,臺中市,豐原區,0,0,0,7,,,50,,,,,,,,,,,,,,13,,,,,B03,,,1,,2,,,7,7,1,13,4,120.711836,24.25084,3
1258,66000,387130000C,(04)23274275,(04)23288582,2025,1,3,21,30,臺中市,龍井區,0,1,0,7,1,6,50,4,1,1,5,4,6,6,4,4,10,5,5,2,16,3,10,5,4,C03,7,9,1,10,2,15,,84,84,1,5,4,120.594091,24.190773,2
1259,66000,387130000C,(04)23274275,(04)23288582,2025,1,3,21,32,臺中市,南區,0,0,0,7,,,50,,,,,,,,,,,,,,17,,,,,C03,,,1,,2,,,7,7,1,6,4,120.649879,24.120637,3
1260,66000,387130000C,(04)23274275,(04)23288582,2025,1,3,21,32,臺中市,南區,0,0,0,7,,,50,,,,,,,,,,,,,,,,,,,B03,,,1,,2,,,49,49,1,12,4,120.659547,24.117086,3
1261,66000,387130000C,(04)23274275,(04)23288582,2025,1,3,21,39,臺中市,豐原區,0,2,0,7,1,6,50,4,1,1,5,4,6,6,1,1,5,5,4,2,16,2,9,5,4,C03,7,6,1,10,2,12,,48,48,1,13,4,120.71563,24.251408,2
1262,66000,387130000C,(04)23274275,(04)23288582,2025,1,3,21,43,臺中市,大雅區,0,0,0,7,,,30,,,,,,,,,,,,,,16,,,,,B03,,,1,,2,,,13,13,1,12,4,120.646031,24.224095,3
1263,66000,387130000C,(04)23274275,(04)23288582,2025,1,3,21,43,臺中市,東區,0,0,0,7,,,40,,,,,,,,,,,,,,,,,,,B03,,,1,,1,,,50,50,1,13,4,120.70547,24.148282,3
1264,66000,387130000C,(04)23274275,(04)23288582,2025,1,3,21,48,臺中市,東區,0,1,0,7,1,6,50,5,1,1,5,4,6,6,2,1,10,5,5,2,12,3,10,3,1,B03,7,5,1,8,2,5,,39,39,1,12,4,120.69352,24.132969,2
1265,66000,387130000C,(04)23274275,(04)23288582,2025,1,3,21,50,臺中市,豐原區,0,1,0,6,1,6,50,3,1,1,5,4,6,6,3,1,5,4,4,2,17,3,10,3,1,B03,7,9,1,8,2,5,,84,84,1,6,4,120.701124,24.244622,2
1266,66000,387130000C,(04)23274275,(04)23288582,2025,1,3,21,57,臺中市,北屯區,0,0,0,7,,,50,,,,,,,,,,,,,,,,,,,B03,,,1,,1,,,84,84,1,11,4,120.693294,24.174183,3
1267,66000,387130000C,(04)23274275,(04)23288582,2025,1,3,21,58,臺中市,大里區,0,3,0,7,1,6,50,13,9,1,5,4,6,6,1,1,5,5,4,2,12,3,10,3,1,B03,7,5,1,8,2,5,,47,47,1,12,4,120.672487,24.104855,2
1268,66000,387130000C,(04)23274275,(04)23288582,2025,1,3,21,58,臺中市,大里區,0,2,0,7,1,6,50,4,1,1,5,4,6,6,1,1,10,5,5,1,16,2,9,1,1,C03,7,6,1,10,2,13,,48,48,1,12,4,120.683891,24.115183,2
1269,66000,387130000C,(04)23274275,(04)23288582,2025,1,3,22,10,臺中市,東區,0,2,0,7,1,6,50,4,1,1,5,4,6,6,2,1,10,5,5,2,16,2,7,2,1,C03,7,5,1,10,2,12,,47,47,1,6,4,120.699282,24.148083,2
1270,66000,387130000C,(04)23274275,(04)23288582,2025,1,3,22,11,臺中市,東區,0,1,0,7,1,6,50,4,1,1,5,4,6,6,2,1,10,5,5,2,16,3,10,3,1,B03,7,6,1,8,2,2,,11,11,1,13,4,120.701456,24.138879,2
1271,66000,387130000C,(04)23274275,(04)23288582,2025,1,3,22,25,臺中市,潭子區,0,2,0,7,1,6,60,13,14,1,5,4,6,6,4,4,3,4,4,1,17,2,9,1,1,C03,7,9,1,10,2,11,,59,59,1,12,4,120.705422,24.213442,2
1272,66000,387130000C,(04)23274275,(04)23288582,2025,1,3,22,30,臺中市,西屯區,0,0,0,7,,,50,,,,,,,,,,,,,,13,,,,,B03,,,1,,1,,,8,8,1,13,4,120.63827,24.167665,3
1273,66000,387130000C,(04)23274275,(04)23288582,2025,1,3,22,30,臺中市,大里區,0,0,0,7,,,50,,,,,,,,,,,,,,,,,,,B03,,,1,,2,,,12,12,1,12,4,120.684889,24.110434,3
1274,66000,387130000C,(04)23274275,(04)23288582,2025,1,3,22,31,臺中市,烏日區,0,0,0,7,,,50,,,,,,,,,,,,,,12,,,,,B03,,,1,,1,,,40,40,1,13,4,120.616844,24.116186,3
1275,66000,387130000C,(04)23274275,(04)23288582,2025,1,3,22,45,臺中市,中區,0,1,0,7,1,6,50,4,1,1,5,4,6,6,1,1,10,5,5,1,17,2,9,5,4,C03,7,9,1,10,2,12,,84,84,1,12,4,120.684027,24.138543,2
1276,66000,387130000C,(04)23274275,(04)23288582,2025,1,3,22,45,臺中市,南屯區,0,0,0,7,1,6,50,13,9,1,5,4,6,6,4,4,10,5,5,2,30,,,,,C03,,,1,,1,,,77,77,1,12,4,120.647768,24.155606,3
1277,66000,387130000C,(04)23274275,(04)23288582,2025,1,3,22,54,臺中市,西屯區,0,0,0,7,,,50,,,,,,,,,,,,,,16,,,,,B02,,,1,,2,,,23,23,1,12,4,120.656013,24.159166,3
1278,66000,387130000C,(04)23274275,(04)23288582,2025,1,3,22,57,臺中市,東區,0,0,0,7,,,50,,,,,,,,,,,,,,,,,,,B03,,,1,,2,,,7,7,1,12,4,120.688291,24.130905,3
1279,66000,387130000C,(04)23274275,(04)23288582,2025,1,3,23,5,臺中市,南屯區,0,0,0,7,,,50,,,,,,,,,,,,,,13,,,,,C03,,,1,,1,,,7,7,1,12,4,120.612556,24.150428,3
1280,66000,387130000C,(04)23274275,(04)23288582,2025,1,3,23,9,臺中市,西屯區,0,2,0,7,1,6,40,13,8,1,5,4,6,6,4,4,1,5,4,2,13,2,9,5,4,C03,7,9,1,10,2,11,14,7,7,1,12,4,120.601153,24.182591,2
1281,66000,387130000C,(04)23274275,(04)23288582,2025,1,3,23,14,臺中市,西屯區,0,1,0,7,1,6,50,4,1,1,5,4,6,6,2,1,10,5,5,2,13,2,8,5,4,C03,7,9,1,10,2,11,,7,7,1,12,4,120.64957,24.16231,2
1282,66000,387130000C,(04)23274275,(04)23288582,2025,1,3,23,17,臺中市,霧峰區,0,2,0,7,1,6,50,4,1,1,5,4,6,6,1,1,10,5,5,2,17,2,9,5,4,C03,7,6,2,19,2,14,,84,84,1,13,4,120.707099,24.076569,2
1283,66000,387130000C,(04)23274275,(04)23288582,2025,1,3,23,20,臺中市,西屯區,0,0,0,7,,,50,,,,,,,,,,,,,,17,,,,,C03,,,1,,1,,,59,59,1,12,4,120.645349,24.175808,3
1284,66000,387130000C,(04)23274275,(04)23288582,2025,1,3,23,22,臺中市,北屯區,0,0,0,7,,,50,,,,,,,,,,,,,,16,,,,,B03,,,1,,1,,,21,21,1,6,4,120.662469,24.188557,3
1285,66000,387130000C,(04)23274275,(04)23288582,2025,1,3,23,23,臺中市,北區,0,0,0,7,,,50,,,,,,,,,,,,,,17,,,,,B02,,,1,,1,,,59,59,1,13,4,120.682434,24.16278,3
1286,66000,387130000C,(04)23274275,(04)23288582,2025,1,3,23,28,臺中市,太平區,0,0,0,7,,,50,,,,,,,,,,,,,,,,,,,B03,,,1,,2,,,7,7,1,12,4,120.725915,24.134047,3
1287,66000,387130000C,(04)23274275,(04)23288582,2025,1,3,23,37,臺中市,北區,0,0,0,7,,,30,,,,,,,,,,,,,,17,,,,,B03,,,1,,2,,,8,8,1,13,4,120.667597,24.167475,3
1288,66000,387130000C,(04)23274275,(04)23288582,2025,1,3,23,46,臺中市,南屯區,0,0,0,7,,,50,,,,,,,,,,,,,,,,,,,C03,,,1,,1,,,85,85,1,13,4,120.635145,24.137476,3
1289,66000,387130000C,(04)23274275,(04)23288582,2025,1,3,23,55,臺中市,西屯區,0,0,0,7,,,40,,,,,,,,,,,,,,17,,,,,B03,,,1,,1,,,59,59,1,12,4,120.651642,24.16175,3
1290,66000,387130000C,(04)23274275,(04)23288582,2025,1,4,0,13,臺中市,東區,0,0,0,7,,,50,,,,,,,,,,,,,,13,,,,,B03,,,1,,2,,,84,84,1,13,4,120.699527,24.128851,3
1291,66000,387130000C,(04)23274275,(04)23288582,2025,1,4,0,30,臺中市,大里區,0,1,0,7,1,6,40,4,2,1,5,4,6,6,2,1,5,5,4,2,13,3,10,1,2,C03,7,9,3,19,2,11,,59,59,1,13,2,120.713692,24.0945,2
1292,66000,387130000C,(04)23274275,(04)23288582,2025,1,4,1,26,臺中市,北屯區,0,0,0,7,,,50,,,,,,,,,,,,,,14,,,,,B01,,,1,,9,,,49,49,2,12,4,120.675661,24.173681,3
1293,66000,387130000C,(04)23274275,(04)23288582,2025,1,4,1,30,臺中市,南屯區,0,0,0,7,1,6,50,13,9,1,5,4,6,6,4,4,5,5,5,,24,,,,,B03,,,1,,1,,,84,84,1,12,4,120.648535,24.146297,3
1294,66000,387130000C,(04)23274275,(04)23288582,2025,1,4,3,5,臺中市,沙鹿區,0,0,0,7,,,50,,,,,,,,,,,,,,14,,,,,B03,,,1,,2,,,49,49,1,6,4,120.586322,24.250119,3
1295,66000,387130000C,(04)23274275,(04)23288582,2025,1,4,4,14,臺中市,大里區,0,2,0,7,3,6,50,13,9,1,5,4,6,6,4,4,2,4,4,1,17,2,9,1,1,C03,7,9,1,10,2,11,,84,84,1,6,4,120.692936,24.090939,2
1296,66000,387130000C,(04)23274275,(04)23288582,2025,1,4,4,30,臺中市,大雅區,0,1,0,7,1,6,30,3,1,1,5,4,6,6,3,1,1,3,4,1,17,3,10,3,1,B03,7,6,1,8,2,8,,24,24,1,12,4,120.641551,24.229996,2
1297,66000,387130000C,(04)23274275,(04)23288582,2025,1,4,5,30,臺中市,和平區,0,0,0,7,3,2,30,,,,,,,,,,,,,,19,,,,,B02,,,1,,1,,,84,84,1,13,4,121.335562,24.375562,3
1298,66000,387130000C,(04)23274275,(04)23288582,2025,1,4,6,9,臺中市,梧棲區,0,1,0,7,1,6,50,13,9,1,5,4,6,6,4,4,5,5,5,1,18,2,9,1,1,C03,7,9,1,10,2,16,,59,59,1,6,4,120.519445,24.238265,2
1299,66000,387130000C,(04)23274275,(04)23288582,2025,1,4,6,26,臺中市,太平區,0,1,0,7,3,6,30,3,1,1,5,4,6,6,4,4,5,5,5,2,16,3,10,3,2,B03,7,6,1,8,1,5,,14,14,1,12,4,120.708116,24.153059,2
1300,66000,387130000C,(04)23274275,(04)23288582,2025,1,4,6,32,臺中市,太平區,0,0,0,7,,,50,,,,,,,,,,,,,,14,,,,,B03,,,1,,9,,,50,50,2,12,4,120.715794,24.147773,3
1301,66000,387130000C,(04)23274275,(04)23288582,2025,1,4,6,38,臺中市,南區,0,0,0,7,,,40,,,,,,,,,,,,,,13,,,,,C03,,,1,,1,,,7,7,1,12,4,120.665875,24.113923,3
1302,66000,387130000C,(04)23274275,(04)23288582,2025,1,4,6,42,臺中市,龍井區,0,1,0,7,2,6,30,13,9,1,5,4,6,6,4,4,10,5,5,2,13,2,9,2,1,C03,7,9,3,19,2,11,,7,7,1,6,4,120.588068,24.183138,2
1303,66000,387130000C,(04)23274275,(04)23288582,2025,1,4,6,50,臺中市,龍井區,0,0,0,7,,,30,,,,,,,,,,,,,,,,,,,B03,,,1,,2,,,90,90,1,12,4,120.503404,24.203061,3
1304,66000,387130000C,(04)23274275,(04)23288582,2025,1,4,6,54,臺中市,大雅區,0,0,0,7,1,6,30,13,9,1,5,4,6,6,4,4,10,5,5,2,17,,,,,B01,,,1,,9,,,8,8,1,13,4,120.623141,24.234503,3
1305,66000,387130000C,(04)23274275,(04)23288582,2025,1,4,7,11,臺中市,大甲區,0,1,0,7,2,6,50,13,8,1,5,4,6,6,1,1,5,5,4,2,2,3,10,3,1,B03,7,7,1,8,2,5,,59,59,1,6,4,120.62786,24.346453,2
1306,66000,387130000C,(04)23274275,(04)23288582,2025,1,4,7,16,臺中市,神岡區,0,0,0,7,,,50,,,,,,,,,,,,,,17,,,,,B03,,,1,,1,,,45,45,1,13,4,120.698523,24.249603,3
1307,66000,387130000C,(04)23274275,(04)23288582,2025,1,4,7,24,臺中市,梧棲區,0,2,0,7,2,6,40,3,2,1,5,4,6,6,2,1,10,5,5,2,13,2,9,5,4,C03,7,9,1,10,2,11,,7,7,1,13,4,120.547865,24.245909,2
1308,66000,387130000C,(04)23274275,(04)23288582,2025,1,4,7,30,臺中市,太平區,0,0,0,7,,,50,,,,,,,,,,,,,,16,,,,,C03,,,1,,2,,,14,14,1,8,4,120.731128,24.140245,3
1309,66000,387130000C,(04)23274275,(04)23288582,2025,1,4,7,35,臺中市,北屯區,0,1,0,7,3,6,50,13,9,1,5,4,6,6,1,1,5,4,5,2,18,2,9,2,1,C03,7,4,1,10,2,12,,84,84,1,12,4,120.682938,24.168516,2
1310,66000,387130000C,(04)23274275,(04)23288582,2025,1,4,7,44,臺中市,東區,0,2,0,7,3,6,50,13,9,1,5,4,6,6,4,4,5,5,5,2,17,3,10,5,4,C03,7,9,1,10,2,12,,42,42,1,6,4,120.689051,24.136853,2
1311,66000,387130000C,(04)23274275,(04)23288582,2025,1,4,7,47,臺中市,豐原區,0,1,0,7,3,6,50,3,1,1,5,4,6,6,4,4,10,5,5,2,30,2,9,5,1,C03,7,9,3,19,2,14,,58,58,1,13,4,120.716087,24.249078,2
1312,66000,387130000C,(04)23274275,(04)23288582,2025,1,4,7,50,臺中市,烏日區,0,1,0,7,2,6,50,4,1,1,5,4,6,6,1,1,1,5,5,2,15,3,10,1,1,C03,7,9,1,10,2,14,,21,21,1,6,4,120.64642,24.0648,2
1313,66000,387130000C,(04)23274275,(04)23288582,2025,1,4,7,52,臺中市,南區,0,1,0,7,2,6,50,4,1,1,5,4,6,6,2,1,10,5,5,2,18,2,9,1,1,C03,7,5,1,10,2,14,,84,84,1,12,4,120.666471,24.114112,2
1314,66000,387130000C,(04)23274275,(04)23288582,2025,1,4,7,57,臺中市,北區,0,1,0,7,3,6,50,4,1,1,5,4,6,6,1,1,10,5,5,2,16,3,10,3,1,B03,7,6,1,8,2,1,,20,20,1,12,4,120.670658,24.164208,2
1315,66000,387130000C,(04)23274275,(04)23288582,2025,1,4,8,0,臺中市,大里區,0,2,0,7,2,6,50,13,7,1,5,4,6,6,4,4,5,4,4,1,16,2,9,1,1,C03,7,1,1,10,2,14,,51,51,1,12,4,120.703635,24.092601,2
1316,66000,387130000C,(04)23274275,(04)23288582,2025,1,4,8,7,臺中市,霧峰區,0,1,0,7,2,6,50,4,1,1,5,4,6,6,1,1,10,5,5,2,17,3,10,3,1,B12,7,4,1,8,9,6,,1,1,2,6,4,120.672291,24.044495,2
1317,66000,387130000C,(04)23274275,(04)23288582,2025,1,4,8,15,臺中市,北屯區,0,2,0,7,3,6,50,4,2,1,5,4,6,6,2,1,1,2,5,2,12,2,8,1,1,C03,7,9,1,10,2,14,,39,39,1,12,4,120.67144,24.173923,2
1318,66000,387130000C,(04)23274275,(04)23288582,2025,1,4,8,15,臺中市,北屯區,0,0,0,7,,,50,,,,,,,,,,,,,,14,,,,,C03,,,1,,1,,,49,49,1,12,4,120.701989,24.186611,3
1319,66000,387130000C,(04)23274275,(04)23288582,2025,1,4,8,15,臺中市,太平區,0,1,0,7,3,6,50,3,1,1,5,4,6,6,4,4,10,5,5,1,14,3,10,3,1,B12,7,2,1,8,2,15,,49,49,1,6,4,120.718597,24.116659,2
1320,66000,387130000C,(04)23274275,(04)23288582,2025,1,4,8,16,臺中市,東區,0,1,0,7,2,6,50,3,2,1,5,4,6,6,4,4,5,5,5,2,13,2,9,1,1,C03,7,9,1,10,2,11,,7,7,1,12,4,120.69745,24.149033,2
1321,66000,387130000C,(04)23274275,(04)23288582,2025,1,4,8,20,臺中市,大雅區,0,0,0,7,,,50,,,,,,,,,,,,,,,,,,,C03,,,1,,2,,,34,34,1,13,4,120.649035,24.225316,3
1322,66000,387130000C,(04)23274275,(04)23288582,2025,1,4,8,20,臺中市,龍井區,0,1,0,7,2,6,50,3,1,1,5,4,6,6,4,4,10,5,5,2,16,3,10,3,1,B03,7,6,1,1,2,1,,14,14,1,12,4,120.52326,24.202137,2
1323,66000,387130000C,(04)23274275,(04)23288582,2025,1,4,8,23,臺中市,西屯區,0,0,0,7,,,50,,,,,,,,,,,,,,16,,,,,B03,,,1,,2,,,11,11,1,12,4,120.656109,24.169599,3
1324,66000,387130000C,(04)23274275,(04)23288582,2025,1,4,8,25,臺中市,霧峰區,0,0,0,7,,,50,,,,,,,,,,,,,,,,,,,B03,,,1,,1,,,87,87,1,12,4,120.69126,24.071222,3
1325,66000,387130000C,(04)23274275,(04)23288582,2025,1,4,8,30,臺中市,南區,0,2,0,7,3,6,50,4,1,1,5,4,6,6,4,4,10,5,5,2,15,2,9,2,1,C03,7,9,1,10,2,11,,12,12,1,6,4,120.682551,24.118579,2
1326,66000,387130000C,(04)23274275,(04)23288582,2025,1,4,8,30,臺中市,東勢區,0,1,0,7,2,6,50,3,2,1,5,4,6,6,4,4,5,4,4,1,11,3,10,5,4,B03,7,6,1,8,2,7,,14,14,1,13,4,120.825618,24.265146,2
1327,66000,387130000C,(04)23274275,(04)23288582,2025,1,4,8,33,臺中市,太平區,0,1,0,7,3,6,50,13,9,1,5,4,6,6,4,4,5,4,5,1,13,2,9,1,1,C03,7,9,1,10,1,11,,8,8,1,6,4,120.735648,24.1336,2
1328,66000,387130000C,(04)23274275,(04)23288582,2025,1,4,8,34,臺中市,南屯區,0,0,0,7,,,50,,,,,,,,,,,,,,12,,,,,C03,,,1,,1,,,8,8,1,6,4,120.644564,24.139953,3
1329,66000,387130000C,(04)23274275,(04)23288582,2025,1,4,8,35,臺中市,太平區,0,1,0,7,3,6,50,13,9,1,5,4,6,6,4,4,9,4,5,2,17,2,8,1,1,C03,7,1,1,10,2,16,,51,51,1,12,4,120.716118,24.125018,2
1330,66000,387130000C,(04)23274275,(04)23288582,2025,1,4,8,38,臺中市,南屯區,0,0,0,7,,,50,,,,,,,,,,,,,,14,,,,,B03,,,1,,1,,,49,49,1,6,4,120.644158,24.131585,4
1331,66000,387130000C,(04)23274275,(04)23288582,2025,1,4,8,42,臺中市,西屯區,0,0,0,7,,,50,,,,,,,,,,,,,,12,,,,,A11,,,1,,1,,,49,49,1,13,4,120.643242,24.195352,3
1332,66000,387130000C,(04)23274275,(04)23288582,2025,1,4,8,43,臺中市,沙鹿區,0,0,0,7,,,30,,,,,,,,,,,,,,,,,,,B12,,,1,,2,,,49,49,1,13,4,120.568884,24.252286,3
1333,66000,387130000C,(04)23274275,(04)23288582,2025,1,4,8,49,臺中市,北屯區,0,1,0,6,3,6,50,4,1,1,5,4,6,6,1,1,10,5,5,2,18,2,9,2,1,C03,7,5,1,10,2,16,,82,82,1,6,4,120.698006,24.185488,2
1334,66000,387130000C,(04)23274275,(04)23288582,2025,1,4,8,56,臺中市,北區,0,1,0,7,2,6,40,4,1,1,5,4,6,6,4,4,10,5,5,2,17,3,10,5,4,B03,7,11,1,8,2,4,,45,45,1,12,4,120.665407,24.160364,2
1335,66000,387130000C,(04)23274275,(04)23288582,2025,1,4,8,57,臺中市,南屯區,0,1,0,7,3,6,50,5,1,1,5,4,6,6,1,1,10,5,5,2,17,3,10,5,4,B12,7,9,1,8,2,16,,68,68,1,6,4,120.61338,24.141363,2
1336,66000,387130000C,(04)23274275,(04)23288582,2025,1,4,9,1,臺中市,西區,0,1,0,7,2,6,30,13,9,1,5,4,6,6,4,4,10,5,5,2,17,3,10,3,1,B03,7,1,1,8,2,5,,51,51,1,13,4,120.65808,24.155337,2
1337,66000,387130000C,(04)23274275,(04)23288582,2025,1,4,9,4,臺中市,南屯區,0,0,0,7,,,50,,,,,,,,,,,,,,9,,,,,B12,,,1,,1,,,51,51,1,6,4,120.63445,24.151943,3
1338,66000,387130000C,(04)23274275,(04)23288582,2025,1,4,9,8,臺中市,北屯區,0,1,0,7,2,6,30,4,1,1,5,4,6,6,4,4,10,5,5,2,15,2,8,1,1,C03,7,9,1,10,2,11,,15,15,1,6,4,120.669461,24.174857,2
1339,66000,387130000C,(04)23274275,(04)23288582,2025,1,4,9,15,臺中市,大里區,0,1,0,7,2,6,50,5,1,1,5,4,6,6,1,1,10,5,5,2,12,2,9,2,1,C03,7,9,3,19,2,12,,7,7,1,6,4,120.698418,24.079709,2
1340,66000,387130000C,(04)23274275,(04)23288582,2025,1,4,9,15,臺中市,烏日區,0,0,0,7,,,30,,,,,,,,,,,,,,14,,,,,B12,,,1,,9,,,49,49,2,13,4,120.640407,24.103026,3
1341,66000,387130000C,(04)23274275,(04)23288582,2025,1,4,9,19,臺中市,大里區,0,0,0,7,,,50,,,,,,,,,,,,,,13,,,,,B03,,,1,,2,,,7,7,1,13,4,120.689456,24.109961,3
1342,66000,387130000C,(04)23274275,(04)23288582,2025,1,4,9,20,臺中市,大雅區,0,0,0,7,,,60,,,,,,,,,,,,,,,,,,,B03,,,1,,2,,,8,8,1,13,4,120.650016,24.211628,3
1343,66000,387130000C,(04)23274275,(04)23288582,2025,1,4,9,23,臺中市,南區,0,1,0,7,3,6,30,3,1,1,5,4,6,6,4,4,10,5,5,2,13,3,10,1,1,C03,7,6,1,10,2,11,,7,7,1,12,4,120.659187,24.117345,2
1344,66000,387130000C,(04)23274275,(04)23288582,2025,1,4,9,41,臺中市,大里區,0,0,0,7,,,,,,,,,,,,,,,,,17,,,,,,,,,,,,,119,119,1,6,,120.687113,24.115299,3
1345,66000,387130000C,(04)23274275,(04)23288582,2025,1,4,9,45,臺中市,大里區,0,1,0,7,2,6,50,3,1,1,5,4,6,6,3,1,5,5,5,1,13,2,9,1,1,C03,7,9,1,10,2,11,12,7,7,1,12,4,120.689626,24.117255,2
1346,66000,387130000C,(04)23274275,(04)23288582,2025,1,4,9,48,臺中市,烏日區,0,0,0,7,,,40,,,,,,,,,,,,,,2,,,,,C03,,,1,,2,,,40,40,1,6,4,120.639712,24.108097,4
1347,66000,387130000C,(04)23274275,(04)23288582,2025,1,4,9,50,臺中市,西屯區,0,0,0,7,,,50,,,,,,,,,,,,,,13,,,,,B03,,,1,,1,,,59,59,1,12,4,120.638905,24.158797,3
1348,66000,387130000C,(04)23274275,(04)23288582,2025,1,4,9,50,臺中市,西屯區,0,1,0,6,2,6,50,13,7,1,5,4,6,6,1,1,5,4,4,2,12,3,10,1,1,C03,7,9,1,10,2,14,,8,8,1,12,4,120.647994,24.169857,2
1349,66000,387130000C,(04)23274275,(04)23288582,2025,1,4,9,53,臺中市,西區,0,0,0,7,,,50,,,,,,,,,,,,,,,,,,,B03,,,1,,1,,,40,40,1,12,4,120.653049,24.151351,3
1350,66000,387130000C,(04)23274275,(04)23288582,2025,1,4,9,53,臺中市,神岡區,0,1,0,7,3,6,30,11,9,1,5,4,6,6,4,4,10,5,5,2,11,3,10,5,4,B12,7,9,1,7,2,4,,8,8,1,12,4,120.696996,24.256947,2
1351,66000,387130000C,(04)23274275,(04)23288582,2025,1,4,9,57,臺中市,潭子區,0,0,0,7,,,60,,,,,,,,,,,,,,,,,,,B03,,,1,,2,,,7,7,1,13,4,120.705267,24.209873,3
1352,66000,387130000C,(04)23274275,(04)23288582,2025,1,4,9,57,臺中市,北屯區,0,2,0,7,2,6,50,4,1,1,5,4,6,6,1,1,10,5,5,2,16,2,9,1,1,C04,7,9,1,8,2,11,,39,39,1,12,4,120.680471,24.17116,2