序號,縣市別代碼,機關代碼,市話,傳真,年,月,日,時,分,縣市,區,死亡數量,受傷數量,2-30,天候,道路照明設備,道路類別,道路速限,道路型態,事故位置,路面鋪裝,路面狀態,路面缺陷,障礙物,視距,號誌種類,號誌動作,分向設施,快車道或一般車道間,快慢車道間,路面邊線,事故類型及型態,受傷程度,主要傷處,保護裝備,行動電話或功能裝置,當事者區分(類別),車輛用途,當事者行動狀態,駕照狀態,駕照種類,飲酒情形,車輛撞擊部位最初,車輛撞擊部位其他,肇事因素個別,肇事因素主要,肇事逃逸,職業,共享經濟或外送平台,GPS座標X,GPS座標Y,事故類別
1353,66000,387130000C,(04)23274275,(04)23288582,2025,1,4,9,58,臺中市,東勢區,0,0,0,7,,,60,3,2,1,5,4,6,6,4,4,7,5,5,1,12,3,10,5,4,B03,7,1,1,8,2,8,,51,51,1,13,4,120.823642,24.259663,3
1354,66000,387130000C,(04)23274275,(04)23288582,2025,1,4,9,59,臺中市,西區,0,0,0,7,3,6,50,4,1,1,5,4,6,6,2,1,10,5,5,2,12,,,,,B03,,,1,,2,,,11,11,1,13,4,120.667871,24.131049,4
1355,66000,387130000C,(04)23274275,(04)23288582,2025,1,4,10,0,臺中市,南屯區,0,0,0,7,,,50,,,,,,,,,,,,,,13,,,,,B03,,,1,,1,,,59,59,1,6,4,120.645928,24.140215,3
1356,66000,387130000C,(04)23274275,(04)23288582,2025,1,4,10,0,臺中市,清水區,0,0,0,7,,,60,,,,,,,,,,,,,,17,,,,,B03,,,1,,2,,,58,58,1,12,4,120.581903,24.282455,3
1357,66000,387130000C,(04)23274275,(04)23288582,2025,1,4,10,1,臺中市,北屯區,0,0,0,7,,,50,,,,,,,,,,,,,,13,,,,,B12,,,1,,1,,,7,7,1,12,4,120.720297,24.182008,3
1358,66000,387130000C,(04)23274275,(04)23288582,2025,1,4,10,1,臺中市,西屯區,0,1,0,7,2,6,30,4,1,1,5,4,6,6,4,4,10,5,5,2,16,3,10,2,1,C03,7,6,1,10,2,11,,14,14,1,12,4,120.645623,24.165842,2
1359,66000,387130000C,(04)23274275,(04)23288582,2025,1,4,10,13,臺中市,西屯區,0,0,0,7,,,50,,,,,,,,,,,,,,13,,,,,C03,,,1,,1,,,7,7,1,12,4,120.651845,24.179874,3
1360,66000,387130000C,(04)23274275,(04)23288582,2025,1,4,10,15,臺中市,太平區,0,3,0,7,2,6,50,13,8,1,5,4,6,6,4,4,10,4,4,1,17,2,9,2,1,C03,7,8,1,10,2,14,,43,43,1,12,4,120.717411,24.156568,2
1361,66000,387130000C,(04)23274275,(04)23288582,2025,1,4,10,16,臺中市,清水區,0,1,0,7,2,6,50,13,9,1,5,4,6,6,4,4,8,3,5,1,16,2,9,1,1,C03,7,9,1,10,2,12,,26,26,1,12,4,120.562717,24.309204,2
1362,66000,387130000C,(04)23274275,(04)23288582,2025,1,4,10,19,臺中市,南屯區,0,0,0,7,,,50,,,,,,,,,,,,,,14,,,,,B01,,,1,,1,,,49,49,1,6,4,120.630909,24.141135,3
1363,66000,387130000C,(04)23274275,(04)23288582,2025,1,4,10,19,臺中市,梧棲區,0,0,0,7,,,40,,,,,,,,,,,,,,16,,,,,C03,,,1,,1,,,59,59,1,6,4,120.540521,24.248174,3
1364,66000,387130000C,(04)23274275,(04)23288582,2025,1,4,10,20,臺中市,北屯區,0,0,0,7,,,50,,,,,,,,,,,,,,16,,,,,B03,,,1,,2,,,14,14,1,12,4,120.690135,24.164971,3
1365,66000,387130000C,(04)23274275,(04)23288582,2025,1,4,10,20,臺中市,太平區,0,1,0,7,3,6,50,3,2,1,5,4,6,6,3,1,5,4,5,1,13,2,9,1,1,C03,7,9,3,19,2,11,,7,7,1,12,4,120.721877,24.119648,2
1366,66000,387130000C,(04)23274275,(04)23288582,2025,1,4,10,21,臺中市,神岡區,0,0,0,7,,,50,,,,,,,,,,,,,,17,,,,,B03,,,1,,2,,,84,84,1,13,4,120.711796,24.257714,3
1367,66000,387130000C,(04)23274275,(04)23288582,2025,1,4,10,24,臺中市,沙鹿區,0,1,0,7,3,6,50,13,9,1,5,4,6,6,4,4,5,5,5,2,12,3,10,2,1,C03,7,9,1,10,9,12,,7,7,1,12,4,120.562489,24.239831,2
1368,66000,387130000C,(04)23274275,(04)23288582,2025,1,4,10,28,臺中市,北區,0,1,0,7,2,6,30,3,1,1,5,4,6,6,4,4,10,5,5,2,17,3,10,1,1,C03,7,1,1,10,2,14,,51,51,1,13,4,120.672053,24.153816,2
1369,66000,387130000C,(04)23274275,(04)23288582,2025,1,4,10,30,臺中市,霧峰區,0,1,0,7,2,6,50,4,1,1,5,4,6,6,1,1,10,5,5,2,18,2,8,1,1,C01,7,5,1,9,2,12,,84,84,1,12,4,120.693056,24.037918,2
1370,66000,387130000C,(04)23274275,(04)23288582,2025,1,4,10,33,臺中市,太平區,0,1,0,7,3,6,50,13,9,1,5,4,6,6,4,4,5,2,5,1,14,3,10,3,1,B12,7,2,1,8,2,7,,49,49,1,6,4,120.718727,24.153747,2
1371,66000,387130000C,(04)23274275,(04)23288582,2025,1,4,10,37,臺中市,南屯區,0,0,0,7,,,50,,,,,,,,,,,,,,13,,,,,B03,,,1,,1,,,7,7,1,6,4,120.637232,24.137965,3
1372,66000,387130000C,(04)23274275,(04)23288582,2025,1,4,10,40,臺中市,西屯區,0,0,0,7,,,40,,,,,,,,,,,,,,13,,,,,B03,,,1,,2,,,7,7,1,12,4,120.639414,24.188611,3
1373,66000,387130000C,(04)23274275,(04)23288582,2025,1,4,10,45,臺中市,北屯區,0,1,0,7,2,6,50,3,2,1,5,4,6,6,1,1,10,5,5,2,13,3,10,3,1,B03,7,9,1,8,2,1,,7,7,1,6,4,120.689877,24.164982,2
1374,66000,387130000C,(04)23274275,(04)23288582,2025,1,4,10,50,臺中市,西區,0,1,0,7,3,6,50,4,2,1,5,4,6,6,1,1,5,2,4,1,16,3,10,3,1,B03,7,9,1,8,2,5,,84,84,1,12,4,120.670488,24.151252,2
1375,66000,387130000C,(04)23274275,(04)23288582,2025,1,4,10,52,臺中市,北區,0,1,0,7,2,6,50,13,7,1,5,4,6,6,4,4,3,4,4,2,17,2,9,5,1,C03,7,8,1,10,2,14,,40,40,1,13,4,120.671325,24.173161,2
1376,66000,387130000C,(04)23274275,(04)23288582,2025,1,4,10,55,臺中市,西屯區,0,2,0,7,2,6,30,4,2,1,5,4,6,6,4,4,10,5,5,2,15,2,9,1,1,C03,7,9,1,10,2,12,,15,15,1,12,4,120.644349,24.179911,2
1377,66000,387130000C,(04)23274275,(04)23288582,2025,1,4,10,55,臺中市,西屯區,0,0,0,7,,,50,,,,,,,,,,,,,,13,,,,,B03,,,1,,1,,,7,7,1,12,4,120.614483,24.186648,3
1378,66000,387130000C,(04)23274275,(04)23288582,2025,1,4,11,0,臺中市,太平區,0,1,0,7,2,6,50,4,2,1,5,4,6,6,1,1,9,4,5,1,13,2,7,1,1,C03,7,9,1,10,2,11,,7,7,1,12,4,120.737944,24.131356,2
1379,66000,387130000C,(04)23274275,(04)23288582,2025,1,4,11,4,臺中市,北區,0,0,0,7,,,50,,,,,,,,,,,,,,13,,,,,B03,,,1,,2,,,59,59,1,12,4,120.671639,24.173359,3
1380,66000,387130000C,(04)23274275,(04)23288582,2025,1,4,11,10,臺中市,北區,0,0,0,7,,,50,,,,,,,,,,,,,,13,,,,,B03,,,1,,1,,,84,84,1,12,4,120.67903,24.159328,3
1381,66000,387130000C,(04)23274275,(04)23288582,2025,1,4,11,15,臺中市,大里區,0,0,0,7,,,30,,,,,,,,,,,,,,17,,,,,B03,,,1,,9,,,84,84,1,6,4,120.701329,24.089182,3
1382,66000,387130000C,(04)23274275,(04)23288582,2025,1,4,11,18,臺中市,太平區,0,2,0,7,1,6,30,3,1,1,5,4,3,6,4,4,10,5,5,2,16,2,9,1,1,C03,7,6,1,10,2,11,,12,12,1,6,4,120.700877,24.145887,2
1383,66000,387130000C,(04)23274275,(04)23288582,2025,1,4,11,19,臺中市,龍井區,0,0,0,7,,,50,,,,,,,,,,,,,,16,,,,,B03,,,1,,2,,,11,11,1,6,4,120.57438,24.184251,3
1384,66000,387130000C,(04)23274275,(04)23288582,2025,1,4,11,22,臺中市,北區,0,1,0,7,2,6,50,13,9,1,5,4,6,6,4,4,3,5,5,2,24,2,9,5,1,C03,7,9,1,10,2,14,,84,84,1,13,4,120.677058,24.154785,2
1385,66000,387130000C,(04)23274275,(04)23288582,2025,1,4,11,24,臺中市,北區,0,2,0,7,2,6,50,13,9,1,5,4,6,6,4,4,9,5,5,2,17,2,9,1,1,C03,7,1,1,10,2,14,,51,51,1,13,4,120.667167,24.154977,2
1386,66000,387130000C,(04)23274275,(04)23288582,2025,1,4,11,25,臺中市,龍井區,0,0,0,7,,,50,,,,,,,,,,,,,,,,,,,B03,,,1,,2,,,49,49,1,12,4,120.509309,24.200593,3
1387,66000,387130000C,(04)23274275,(04)23288582,2025,1,4,11,29,臺中市,太平區,0,3,0,7,3,6,50,3,1,1,5,4,6,6,1,1,10,5,5,2,13,2,9,1,1,C03,7,9,1,10,2,11,,7,7,1,12,4,120.750586,24.122812,2
1388,66000,387130000C,(04)23274275,(04)23288582,2025,1,4,11,30,臺中市,北屯區,0,1,0,7,2,6,40,13,12,1,5,4,6,6,4,4,1,4,4,2,17,3,10,1,1,C03,7,1,1,10,2,16,,85,85,1,12,4,120.713433,24.164229,2
1389,66000,387130000C,(04)23274275,(04)23288582,2025,1,4,11,30,臺中市,北屯區,0,1,0,7,2,6,50,13,9,1,5,4,6,6,4,4,5,4,5,2,14,3,10,3,1,B03,7,2,1,8,2,4,,49,49,1,6,4,120.7056,24.167276,2
1390,66000,387130000C,(04)23274275,(04)23288582,2025,1,4,11,30,臺中市,北屯區,0,1,0,7,3,6,50,4,1,1,5,4,6,6,1,1,10,5,5,2,16,3,10,3,1,B03,7,6,1,8,2,2,,11,11,1,12,4,120.722489,24.172549,2
1391,66000,387130000C,(04)23274275,(04)23288582,2025,1,4,11,30,臺中市,西屯區,0,1,0,7,2,6,50,13,9,1,5,4,6,6,1,1,1,2,5,2,13,2,8,2,1,C03,7,9,1,10,2,11,,59,59,1,12,4,120.644251,24.194815,2
1392,66000,387130000C,(04)23274275,(04)23288582,2025,1,4,11,32,臺中市,霧峰區,0,0,0,7,,,50,,,,,,,,,,,,,,13,,,,,A02,,,1,,1,,,7,7,1,13,4,120.695205,24.05961,3
1393,66000,387130000C,(04)23274275,(04)23288582,2025,1,4,11,35,臺中市,沙鹿區,0,0,0,7,,,50,,,,,,,,,,,,,,13,,,,,C03,,,1,,2,,,7,7,1,6,4,120.566729,24.203001,3
1394,66000,387130000C,(04)23274275,(04)23288582,2025,1,4,11,36,臺中市,豐原區,0,1,0,7,3,6,30,5,1,1,5,4,6,6,1,1,10,5,5,2,17,2,9,5,4,C03,7,9,1,10,2,12,,84,84,1,13,4,120.717598,24.251878,2
1395,66000,387130000C,(04)23274275,(04)23288582,2025,1,4,11,37,臺中市,北區,0,1,0,7,3,6,50,4,1,1,5,4,6,6,1,1,10,5,5,2,18,2,9,1,1,C03,7,9,1,10,2,14,,84,84,1,12,4,120.685098,24.157508,2
1396,66000,387130000C,(04)23274275,(04)23288582,2025,1,4,11,38,臺中市,沙鹿區,0,0,0,7,,,30,,,,,,,,,,,,,,,,,,,B03,,,1,,2,,,8,8,1,13,4,120.593176,24.218496,3
1397,66000,387130000C,(04)23274275,(04)23288582,2025,1,4,11,45,臺中市,南區,0,0,0,7,,,50,,,,,,,,,,,,,,,,,,,B03,,,1,,2,,,7,7,1,6,4,120.648262,24.11412,3
1398,66000,387130000C,(04)23274275,(04)23288582,2025,1,4,11,46,臺中市,南屯區,0,1,0,7,3,6,50,4,1,1,5,4,6,6,2,1,10,5,5,2,16,3,10,5,4,B03,7,6,1,8,2,6,,11,11,1,6,4,120.633945,24.146188,2
1399,66000,387130000C,(04)23274275,(04)23288582,2025,1,4,11,47,臺中市,東區,0,1,0,7,2,6,50,5,2,1,5,4,6,6,2,1,10,5,5,2,17,3,10,1,1,C03,7,5,1,10,2,12,,84,84,1,12,4,120.699357,24.14797,2
1400,66000,387130000C,(04)23274275,(04)23288582,2025,1,4,11,48,臺中市,太平區,0,0,0,7,,,50,,,,,,,,,,,,,,,,,,,C03,,,1,,2,,,7,7,1,12,4,120.715601,24.148025,3
1401,66000,387130000C,(04)23274275,(04)23288582,2025,1,4,11,49,臺中市,豐原區,0,0,0,7,,,50,,,,,,,,,,,,,,17,,,,,B03,,,1,,2,,,82,82,1,13,4,120.724336,24.223611,3
1402,66000,387130000C,(04)23274275,(04)23288582,2025,1,4,11,52,臺中市,后里區,0,1,0,7,2,6,30,13,9,1,5,4,6,6,4,4,10,5,5,2,17,2,9,1,1,C01,7,9,1,9,2,11,,85,85,1,6,4,120.726533,24.348916,2
1403,66000,387130000C,(04)23274275,(04)23288582,2025,1,4,11,55,臺中市,龍井區,0,1,0,7,2,6,50,3,1,1,5,4,6,6,4,4,10,5,5,2,11,3,10,1,1,C03,7,1,1,10,2,14,,51,51,1,6,4,120.59168,24.18127,2
1404,66000,387130000C,(04)23274275,(04)23288582,2025,1,4,11,56,臺中市,大雅區,0,2,0,7,1,6,50,3,2,1,5,4,6,6,4,4,5,5,5,1,17,2,9,1,1,C03,7,6,1,10,2,14,,84,84,1,13,4,120.654686,24.224424,2
1405,66000,387130000C,(04)23274275,(04)23288582,2025,1,4,11,58,臺中市,西屯區,0,1,0,7,2,6,50,3,1,1,5,4,6,6,1,1,5,5,5,2,12,3,10,3,1,B03,7,9,1,8,2,2,,8,8,1,12,4,120.639351,24.179871,2
1406,66000,387130000C,(04)23274275,(04)23288582,2025,1,4,12,9,臺中市,外埔區,0,3,0,7,2,6,30,3,1,1,5,4,6,6,1,1,10,5,5,2,17,3,10,3,1,B03,7,6,1,8,2,8,,48,48,1,6,4,120.637034,24.331772,2
1407,66000,387130000C,(04)23274275,(04)23288582,2025,1,4,12,12,臺中市,后里區,0,0,0,7,,,40,,,,,,,,,,,,,,16,,,,,B03,,,1,,2,,,48,48,1,6,4,120.709032,24.311224,3
1408,66000,387130000C,(04)23274275,(04)23288582,2025,1,4,12,17,臺中市,西區,0,2,0,7,2,6,50,4,1,1,5,4,6,6,4,4,10,5,5,2,15,2,8,2,1,C03,7,9,1,10,2,14,,15,15,1,13,4,120.66884,24.142036,2
1409,66000,387130000C,(04)23274275,(04)23288582,2025,1,4,12,17,臺中市,西屯區,0,0,0,7,,,40,,,,,,,,,,,,,,13,,,,,B03,,,1,,1,,,59,59,1,12,4,120.619111,24.181355,3
1410,66000,387130000C,(04)23274275,(04)23288582,2025,1,4,12,18,臺中市,潭子區,0,0,0,7,,,50,,,,,,,,,,,,,,,,,,,B03,,,1,,2,,,59,59,1,13,4,120.718408,24.197455,3
1411,66000,387130000C,(04)23274275,(04)23288582,2025,1,4,12,20,臺中市,清水區,0,2,0,7,3,6,50,4,1,1,5,4,6,6,1,1,1,4,5,1,15,2,9,2,1,C02,7,9,1,10,2,14,,21,21,1,12,4,120.5735,24.262858,2
1412,66000,387130000C,(04)23274275,(04)23288582,2025,1,4,12,21,臺中市,大甲區,0,0,0,7,,,50,,,,,,,,,,,,,,13,,,,,C03,,,1,,2,,,7,7,1,6,4,120.62216,24.344151,3
1413,66000,387130000C,(04)23274275,(04)23288582,2025,1,4,12,26,臺中市,南屯區,0,3,0,7,3,6,50,4,1,1,5,4,6,6,2,1,10,5,5,2,15,3,10,5,4,B03,7,9,1,8,9,5,3,21,21,1,6,4,120.623141,24.145201,2
1414,66000,387130000C,(04)23274275,(04)23288582,2025,1,4,12,29,臺中市,潭子區,0,1,0,7,3,6,30,13,9,1,5,4,6,6,4,4,10,5,5,2,17,2,9,2,1,C03,7,1,1,10,2,12,,51,51,1,13,4,120.710431,24.204231,2
1415,66000,387130000C,(04)23274275,(04)23288582,2025,1,4,12,29,臺中市,北屯區,0,0,0,7,,,50,,,,,,,,,,,,,,13,,,,,B03,,,1,,1,,,7,7,1,12,4,120.722556,24.176713,3
1416,66000,387130000C,(04)23274275,(04)23288582,2025,1,4,12,34,臺中市,北區,0,0,0,7,,,40,,,,,,,,,,,,,,17,,,,,B12,,,1,,2,,,84,84,1,13,4,120.675195,24.159388,3
1417,66000,387130000C,(04)23274275,(04)23288582,2025,1,4,12,37,臺中市,霧峰區,0,0,0,7,,,50,,,,,,,,,,,,,,,,,,,B03,,,3,,2,,,85,85,1,12,4,120.695811,24.013101,3
1418,66000,387130000C,(04)23274275,(04)23288582,2025,1,4,12,41,臺中市,豐原區,0,0,0,7,,,40,,,,,,,,,,,,,,14,,,,,B03,,,1,,9,,,49,49,1,13,4,120.724164,24.221819,3
1419,66000,387130000C,(04)23274275,(04)23288582,2025,1,4,12,42,臺中市,北屯區,0,0,0,7,,,50,,,,,,,,,,,,,,13,,,,,B03,,,1,,1,,,84,84,1,6,4,120.710085,24.171855,3
1420,66000,387130000C,(04)23274275,(04)23288582,2025,1,4,12,47,臺中市,北區,0,0,0,7,,,50,,,,,,,,,,,,,,12,,,,,B03,,,1,,1,,,59,59,1,12,4,120.698517,24.158475,3
1421,66000,387130000C,(04)23274275,(04)23288582,2025,1,4,12,48,臺中市,北屯區,0,1,0,7,3,6,50,13,9,1,5,4,6,6,4,4,9,4,5,2,17,2,9,2,1,C03,7,9,1,10,2,11,,84,84,1,12,4,120.690558,24.182836,2
1422,66000,387130000C,(04)23274275,(04)23288582,2025,1,4,12,49,臺中市,大甲區,0,0,0,7,,,50,,,,,,,,,,,,,,,,,,,B03,,,1,,2,,,50,50,1,6,4,120.625039,24.346043,3
1423,66000,387130000C,(04)23274275,(04)23288582,2025,1,4,12,50,臺中市,清水區,0,0,0,7,2,6,50,4,1,1,5,4,6,6,1,1,8,3,5,1,13,,,,,C03,,,5,,6,,,7,7,1,12,4,120.560885,24.284382,3
1424,66000,387130000C,(04)23274275,(04)23288582,2025,1,4,12,51,臺中市,西區,0,3,0,7,2,6,50,3,1,1,5,4,6,6,4,4,5,4,4,2,16,2,9,2,1,C03,7,6,1,10,2,14,,48,48,1,12,4,120.661706,24.151457,2
1425,66000,387130000C,(04)23274275,(04)23288582,2025,1,4,12,54,臺中市,太平區,0,0,0,7,,,30,,,,,,,,,,,,,,17,,,,,B03,,,1,,1,,,86,86,1,6,4,120.710902,24.140142,3
1426,66000,387130000C,(04)23274275,(04)23288582,2025,1,4,12,55,臺中市,大雅區,0,0,0,7,,,60,,,,,,,,,,,,,,,,,,,B03,,,1,,2,,,84,84,1,13,4,120.648783,24.217649,3
1427,66000,387130000C,(04)23274275,(04)23288582,2025,1,4,12,59,臺中市,西區,0,0,0,7,,,50,,,,,,,,,,,,,,,,,,,B03,,,1,,1,,,84,84,1,6,4,120.661678,24.136547,3
1428,66000,387130000C,(04)23274275,(04)23288582,2025,1,4,13,0,臺中市,沙鹿區,0,1,0,7,2,6,0,13,21,4,5,4,6,6,4,4,10,5,5,2,18,2,8,2,1,C03,7,9,3,19,2,14,,39,39,1,12,4,120.559186,24.210661,2
1429,66000,387130000C,(04)23274275,(04)23288582,2025,1,4,13,4,臺中市,西區,0,1,0,7,1,6,50,4,1,1,5,4,6,6,4,4,10,5,5,2,17,2,8,5,4,C03,7,9,1,10,2,14,,84,84,1,12,4,120.666711,24.148903,2
1430,66000,387130000C,(04)23274275,(04)23288582,2025,1,4,13,7,臺中市,北屯區,0,3,0,7,3,6,40,3,1,1,5,4,5,6,2,1,10,5,5,2,13,2,9,4,1,C03,7,9,1,10,1,11,,84,84,1,12,4,120.728946,24.160656,2
1431,66000,387130000C,(04)23274275,(04)23288582,2025,1,4,13,8,臺中市,潭子區,0,1,0,7,2,6,50,13,7,1,5,4,6,6,4,4,1,4,4,1,12,2,9,2,1,C03,7,1,1,10,2,14,,51,51,1,13,4,120.701786,24.21615,2
1432,66000,387130000C,(04)23274275,(04)23288582,2025,1,4,13,10,臺中市,清水區,0,0,0,7,,,50,,,,,,,,,,,,,,17,,,,,B03,,,1,,1,,,13,13,1,12,4,120.538621,24.268373,3
1433,66000,387130000C,(04)23274275,(04)23288582,2025,1,4,13,12,臺中市,南區,0,2,0,7,3,6,50,3,1,1,5,4,6,6,3,1,5,4,4,2,12,2,9,2,1,C03,7,1,1,10,2,13,,51,51,1,6,2,120.677542,24.124108,2
1434,66000,387130000C,(04)23274275,(04)23288582,2025,1,4,13,16,臺中市,西區,0,1,0,7,1,6,50,3,1,1,5,4,6,6,4,4,5,4,5,1,16,3,10,3,1,B03,7,11,1,8,2,8,,45,45,1,12,4,120.661423,24.151943,2
1435,66000,387130000C,(04)23274275,(04)23288582,2025,1,4,13,23,臺中市,太平區,0,1,0,7,3,6,40,13,8,1,5,4,6,6,4,4,9,4,5,2,13,2,8,1,1,C03,7,9,1,10,1,14,,58,58,1,6,4,120.700612,24.148192,2
1436,66000,387130000C,(04)23274275,(04)23288582,2025,1,4,13,24,臺中市,梧棲區,0,0,0,7,,,50,,,,,,,,,,,,,,14,,,,,C03,,,1,,2,,,49,49,1,6,4,120.531249,24.257043,3
1437,66000,387130000C,(04)23274275,(04)23288582,2025,1,4,13,25,臺中市,南區,0,1,0,7,2,6,50,3,2,1,5,4,6,6,4,4,9,4,4,2,16,2,9,2,1,C03,7,9,1,10,2,14,,6,6,1,13,4,120.662706,24.120392,2
1438,66000,387130000C,(04)23274275,(04)23288582,2025,1,4,13,25,臺中市,北屯區,0,1,0,7,2,6,50,13,5,1,5,4,5,5,4,4,5,4,5,2,30,2,9,1,1,C03,7,9,1,10,2,14,,84,84,1,12,4,120.722231,24.17614,2
1439,66000,387130000C,(04)23274275,(04)23288582,2025,1,4,13,25,臺中市,龍井區,0,0,0,7,,,50,,,,,,,,,,,,,,,,,,,B03,,,1,,2,,,49,49,1,12,4,120.546736,24.197354,3
1440,66000,387130000C,(04)23274275,(04)23288582,2025,1,4,13,27,臺中市,霧峰區,0,3,0,7,2,6,50,3,1,1,5,4,6,6,4,4,9,5,5,2,17,2,9,2,1,C03,7,6,1,10,2,14,,14,14,1,6,4,120.716862,24.079253,2
1441,66000,387130000C,(04)23274275,(04)23288582,2025,1,4,13,27,臺中市,沙鹿區,0,0,0,7,,,50,,,,,,,,,,,,,,,,,,,C02,,,1,,1,,,8,8,1,13,4,120.606244,24.247281,3
1442,66000,387130000C,(04)23274275,(04)23288582,2025,1,4,13,30,臺中市,南屯區,0,2,0,7,3,6,50,3,8,1,5,4,6,6,2,1,3,5,5,2,13,2,8,5,4,C04,7,9,1,8,2,11,,7,7,1,6,4,120.585375,24.166733,2
1443,66000,387130000C,(04)23274275,(04)23288582,2025,1,4,13,30,臺中市,南屯區,0,1,0,7,1,6,50,13,7,1,5,4,6,6,4,4,1,4,1,2,23,2,9,3,1,B03,7,9,1,8,2,1,,84,84,1,6,4,120.596604,24.155936,2
1444,66000,387130000C,(04)23274275,(04)23288582,2025,1,4,13,31,臺中市,東區,0,1,0,7,3,6,50,4,9,1,5,4,6,6,2,1,5,5,5,2,17,3,10,5,4,C03,7,15,1,10,2,16,,84,84,1,6,4,120.697296,24.147958,2
1445,66000,387130000C,(04)23274275,(04)23288582,2025,1,4,13,37,臺中市,北屯區,0,0,0,7,,,50,,,,,,,,,,,,,,13,,,,,C03,,,1,,1,,,7,7,1,12,4,120.671824,24.174133,3
1446,66000,387130000C,(04)23274275,(04)23288582,2025,1,4,13,40,臺中市,西屯區,0,1,0,7,2,6,50,13,8,1,5,4,6,6,4,4,1,4,4,1,18,2,9,1,1,C03,7,9,1,10,2,11,,59,59,1,12,4,120.65401,24.167912,2
1447,66000,387130000C,(04)23274275,(04)23288582,2025,1,4,13,40,臺中市,太平區,0,1,0,7,2,6,50,3,2,1,5,4,6,6,4,4,10,5,5,2,27,2,9,2,1,C03,7,9,1,10,2,12,,59,59,1,12,4,120.728201,24.11446,2
1448,66000,387130000C,(04)23274275,(04)23288582,2025,1,4,13,43,臺中市,沙鹿區,0,1,0,7,1,6,60,13,7,1,5,4,6,6,4,4,1,4,4,1,17,2,6,1,1,C03,7,9,1,8,2,14,,84,84,1,6,4,120.583333,24.249846,2
1449,66000,387130000C,(04)23274275,(04)23288582,2025,1,4,13,46,臺中市,北區,0,0,0,7,,,50,,,,,,,,,,,,,,13,,,,,B03,,,1,,2,,,84,84,1,12,4,120.678703,24.163,4
1450,66000,387130000C,(04)23274275,(04)23288582,2025,1,4,13,46,臺中市,神岡區,0,0,0,7,,,1,,,,,,,,,,,,,,14,,,,,B03,,,1,,1,,,49,49,1,12,4,120.712114,24.258336,3
1451,66000,387130000C,(04)23274275,(04)23288582,2025,1,4,13,47,臺中市,西屯區,0,3,0,6,2,6,50,4,9,1,5,4,6,6,2,1,5,4,5,2,17,2,9,1,1,C03,7,9,1,10,2,11,,6,6,1,12,4,120.637463,24.178919,2
1452,66000,387130000C,(04)23274275,(04)23288582,2025,1,4,13,48,臺中市,潭子區,0,1,0,7,3,6,60,5,1,1,5,4,6,6,1,1,1,4,5,1,17,3,10,3,1,B02,7,5,1,8,2,2,,84,84,1,13,4,120.703442,24.200598,2
1453,66000,387130000C,(04)23274275,(04)23288582,2025,1,4,13,48,臺中市,南屯區,0,0,0,7,,,50,,,,,,,,,,,,,,,,,,,A41,,,1,,1,,,59,59,1,12,4,120.610517,24.144119,3
1454,66000,387130000C,(04)23274275,(04)23288582,2025,1,4,13,48,臺中市,北屯區,0,0,0,7,,,30,,,,,,,,,,,,,,14,,,,,B03,,,1,,1,,,49,49,1,12,4,120.737453,24.178887,3
1455,66000,387130000C,(04)23274275,(04)23288582,2025,1,4,13,48,臺中市,清水區,0,0,0,7,,,50,,,,,,,,,,,,,,,,,,,B03,,,1,,2,,,58,58,1,12,4,120.572745,24.262635,3
1456,66000,387130000C,(04)23274275,(04)23288582,2025,1,4,13,49,臺中市,豐原區,0,2,0,7,2,6,50,3,2,1,5,4,6,6,1,1,5,5,4,2,17,3,10,2,1,C03,7,11,1,10,2,14,,45,45,1,13,4,120.715005,24.248976,2
1457,66000,387130000C,(04)23274275,(04)23288582,2025,1,4,13,50,臺中市,南屯區,0,1,0,7,2,6,40,13,8,1,5,4,6,6,2,1,1,4,4,2,18,2,9,6,1,F01,7,9,7,21,2,14,,54,54,1,3,4,120.632103,24.145413,2
1458,66000,387130000C,(04)23274275,(04)23288582,2025,1,4,13,50,臺中市,西屯區,0,1,0,7,2,6,50,3,1,1,5,4,6,6,2,1,10,5,5,2,12,2,9,2,1,C03,7,6,1,10,2,14,,48,48,1,12,4,120.651957,24.183548,2
1459,66000,387130000C,(04)23274275,(04)23288582,2025,1,4,13,50,臺中市,霧峰區,0,1,0,7,2,6,50,3,1,1,5,4,6,6,1,1,1,4,4,1,13,3,10,3,1,A12,7,9,1,3,2,5,,7,7,1,12,4,120.695967,24.054134,2
1460,66000,387130000C,(04)23274275,(04)23288582,2025,1,4,13,54,臺中市,大里區,0,1,0,7,2,6,40,4,1,1,5,4,6,6,1,1,1,5,5,1,16,2,9,1,1,C03,7,9,1,10,2,11,12,58,58,1,6,4,120.67174,24.108033,2
1461,66000,387130000C,(04)23274275,(04)23288582,2025,1,4,13,55,臺中市,豐原區,0,0,0,7,,,30,,,,,,,,,,,,,,,,,,,B03,,,1,,2,,,49,49,1,13,4,120.728309,24.244569,3
1462,66000,387130000C,(04)23274275,(04)23288582,2025,1,4,13,56,臺中市,西屯區,0,0,0,7,,,40,,,,,,,,,,,,,,12,,,,,B03,,,1,,1,,,8,8,1,12,4,120.64341,24.17024,3
1463,66000,387130000C,(04)23274275,(04)23288582,2025,1,4,13,57,臺中市,北區,0,0,0,7,,,40,,,,,,,,,,,,,,9,,,,,B03,,,1,,1,,,51,51,1,13,4,120.683045,24.148251,3