序號,縣市別代碼,機關代碼,市話,傳真,年,月,日,時,分,縣市,區,死亡數量,受傷數量,2-30,天候,道路照明設備,道路類別,道路速限,道路型態,事故位置,路面鋪裝,路面狀態,路面缺陷,障礙物,視距,號誌種類,號誌動作,分向設施,快車道或一般車道間,快慢車道間,路面邊線,事故類型及型態,受傷程度,主要傷處,保護裝備,行動電話或功能裝置,當事者區分(類別),車輛用途,當事者行動狀態,駕照狀態,駕照種類,飲酒情形,車輛撞擊部位最初,車輛撞擊部位其他,肇事因素個別,肇事因素主要,肇事逃逸,職業,共享經濟或外送平台,GPS座標X,GPS座標Y,事故類別
1464,66000,387130000C,(04)23274275,(04)23288582,2025,1,4,13,58,臺中市,東區,0,1,0,7,2,6,50,3,1,1,5,4,6,6,2,1,10,5,5,2,13,3,10,3,1,B03,7,9,1,7,2,1,,7,7,1,12,4,120.710978,24.1427,2
1465,66000,387130000C,(04)23274275,(04)23288582,2025,1,4,13,59,臺中市,大里區,0,2,0,7,2,6,40,3,1,1,5,4,6,6,1,1,10,5,5,2,13,2,9,2,1,C03,7,9,1,10,2,11,,7,7,1,6,4,120.692946,24.090637,2
1466,66000,387130000C,(04)23274275,(04)23288582,2025,1,4,14,0,臺中市,新社區,0,2,0,7,2,6,50,13,9,1,5,4,6,6,4,4,5,5,5,1,17,2,9,4,4,C03,7,1,1,10,2,11,,51,51,1,13,4,120.808546,24.248348,2
1467,66000,387130000C,(04)23274275,(04)23288582,2025,1,4,14,0,臺中市,豐原區,0,1,0,7,1,6,50,13,8,1,5,4,6,6,4,4,1,4,4,2,17,3,10,3,1,B03,7,3,1,8,2,2,,50,50,1,6,4,120.711816,24.255288,2
1468,66000,387130000C,(04)23274275,(04)23288582,2025,1,4,14,3,臺中市,大雅區,0,2,0,7,1,6,50,4,1,1,5,4,6,6,1,1,5,5,5,1,17,2,9,1,1,C03,7,9,1,10,2,11,,21,21,1,13,4,120.644549,24.234914,2
1469,66000,387130000C,(04)23274275,(04)23288582,2025,1,4,14,11,臺中市,潭子區,0,0,0,7,,,30,,,,,,,,,,,,,,,,,,,B03,,,1,,2,,,8,8,1,13,4,120.700112,24.208581,3
1470,66000,387130000C,(04)23274275,(04)23288582,2025,1,4,14,15,臺中市,大里區,0,0,0,7,,,50,,,,,,,,,,,,,,13,,,,,C03,,,1,,2,,,7,7,1,12,4,120.687113,24.115299,3
1471,66000,387130000C,(04)23274275,(04)23288582,2025,1,4,14,17,臺中市,北區,0,0,0,7,,,30,,,,,,,,,,,,,,13,,,,,C03,,,1,,2,,,7,7,1,12,4,120.667696,24.157161,3
1472,66000,387130000C,(04)23274275,(04)23288582,2025,1,4,14,19,臺中市,大里區,0,1,0,7,2,6,50,3,9,1,5,4,6,6,4,4,5,5,4,2,18,2,9,1,1,C03,7,9,1,10,2,14,,84,84,1,6,4,120.671768,24.114871,2
1473,66000,387130000C,(04)23274275,(04)23288582,2025,1,4,14,25,臺中市,東區,0,0,0,7,,,50,,,,,,,,,,,,,,,,,,,B12,,,1,,2,,,11,11,1,12,4,120.690009,24.137917,3
1474,66000,387130000C,(04)23274275,(04)23288582,2025,1,4,14,29,臺中市,豐原區,0,1,0,7,2,6,30,3,1,1,5,4,3,6,4,4,10,5,5,2,16,3,10,5,4,B03,7,6,1,8,2,8,,14,14,1,13,4,120.726376,24.245104,2
1475,66000,387130000C,(04)23274275,(04)23288582,2025,1,4,14,30,臺中市,烏日區,0,1,0,7,2,6,50,3,1,1,5,4,6,6,2,1,5,4,5,1,16,2,9,1,1,C03,7,9,3,19,2,11,,21,21,1,6,4,120.643284,24.078953,2
1476,66000,387130000C,(04)23274275,(04)23288582,2025,1,4,14,30,臺中市,清水區,0,0,0,7,2,6,50,4,2,1,5,4,6,6,1,1,8,3,4,2,16,,,,,B03,,,1,,1,,,11,11,1,12,4,120.576731,24.272239,3
1477,66000,387130000C,(04)23274275,(04)23288582,2025,1,4,14,38,臺中市,太平區,0,1,0,7,3,6,50,4,1,1,5,4,6,6,1,1,10,5,5,2,16,3,10,3,1,B03,7,5,1,8,2,2,,84,84,1,6,4,120.715596,24.135995,2
1478,66000,387130000C,(04)23274275,(04)23288582,2025,1,4,14,39,臺中市,西屯區,0,0,0,7,,,50,,,,,,,,,,,,,,13,,,,,B03,,,1,,1,,,59,59,1,12,4,120.661668,24.172083,3
1479,66000,387130000C,(04)23274275,(04)23288582,2025,1,4,14,48,臺中市,大里區,0,1,0,7,2,6,50,4,2,1,5,4,6,6,1,1,5,4,5,1,18,2,9,1,1,C03,7,9,1,10,2,11,12,84,84,1,5,4,120.685454,24.102988,2
1480,66000,387130000C,(04)23274275,(04)23288582,2025,1,4,14,49,臺中市,霧峰區,0,1,0,7,2,6,50,13,9,1,5,4,6,6,4,4,10,5,5,2,16,3,10,3,1,B03,7,11,1,8,2,4,,42,42,1,12,4,120.680285,24.065078,2
1481,66000,387130000C,(04)23274275,(04)23288582,2025,1,4,14,50,臺中市,北區,0,0,0,7,,,50,,,,,,,,,,,,,,17,,,,,B03,,,1,,2,,,84,84,1,13,4,120.68671,24.165361,4
1482,66000,387130000C,(04)23274275,(04)23288582,2025,1,4,14,53,臺中市,西區,0,1,0,7,2,6,50,4,1,1,5,4,6,6,4,4,10,5,5,2,15,3,10,1,1,C03,7,9,1,10,2,14,,13,13,1,12,4,120.670488,24.151252,2
1483,66000,387130000C,(04)23274275,(04)23288582,2025,1,4,14,53,臺中市,霧峰區,0,0,0,7,,,80,,,,,,,,,,,,,,,,,,,B03,,,1,,1,,,7,7,1,13,4,120.684995,24.075295,3
1484,66000,387130000C,(04)23274275,(04)23288582,2025,1,4,14,55,臺中市,北屯區,0,2,0,7,3,6,50,4,1,1,5,4,6,6,1,1,10,5,5,2,16,2,1,3,1,B01,7,6,1,4,2,2,,11,11,1,12,4,120.673049,24.187186,2
1485,66000,387130000C,(04)23274275,(04)23288582,2025,1,4,14,59,臺中市,北區,0,1,0,7,2,6,30,4,1,1,5,4,6,6,4,4,10,5,5,2,15,2,7,1,1,C03,7,9,1,10,2,11,,15,15,1,12,4,120.683603,24.146773,2
1486,66000,387130000C,(04)23274275,(04)23288582,2025,1,4,15,2,臺中市,大里區,0,1,0,7,2,6,30,4,1,1,5,4,6,6,4,4,10,5,5,2,15,3,10,2,1,C03,7,9,1,10,2,11,,15,15,1,13,4,120.70262,24.090163,2
1487,66000,387130000C,(04)23274275,(04)23288582,2025,1,4,15,3,臺中市,中區,0,1,0,7,2,6,50,4,1,1,5,4,6,6,2,1,10,5,5,2,13,3,10,5,1,B03,7,5,1,8,2,5,,7,7,1,6,4,120.685721,24.143193,2
1488,66000,387130000C,(04)23274275,(04)23288582,2025,1,4,15,5,臺中市,北區,0,0,0,7,,,50,,,,,,,,,,,,,,,,,,,C03,,,1,,2,,,84,84,1,13,4,120.675901,24.172708,3
1489,66000,387130000C,(04)23274275,(04)23288582,2025,1,4,15,10,臺中市,西屯區,0,0,0,7,,,50,,,,,,,,,,,,,,14,,,,,B03,,,1,,1,,,49,49,1,13,4,120.641028,24.155732,3
1490,66000,387130000C,(04)23274275,(04)23288582,2025,1,4,15,10,臺中市,梧棲區,0,0,0,7,2,6,50,4,1,1,5,4,6,6,4,4,10,5,5,2,15,3,10,3,1,B03,7,9,5,8,4,8,,14,14,1,6,4,120.556669,24.240934,3
1491,66000,387130000C,(04)23274275,(04)23288582,2025,1,4,15,15,臺中市,西區,0,0,0,7,,,40,,,,,,,,,,,,,,,,,,,B03,,,1,,1,,,84,84,1,12,4,120.657866,24.157526,3
1492,66000,387130000C,(04)23274275,(04)23288582,2025,1,4,15,23,臺中市,太平區,0,1,0,7,3,6,50,13,9,1,5,4,6,6,4,4,5,2,5,2,27,2,9,1,1,C03,7,9,1,10,7,11,,59,59,1,6,4,120.710438,24.115433,2
1493,66000,387130000C,(04)23274275,(04)23288582,2025,1,4,15,30,臺中市,南屯區,0,0,0,7,,,50,,,,,,,,,,,,,,,,,,,C03,,,3,,1,,,59,59,1,13,4,120.651053,24.13617,3
1494,66000,387130000C,(04)23274275,(04)23288582,2025,1,4,15,30,臺中市,烏日區,0,0,0,7,,,50,,,,,,,,,,,,,,9,,,,,C03,,,1,,9,,,85,85,1,6,4,120.609357,24.112785,3
1495,66000,387130000C,(04)23274275,(04)23288582,2025,1,4,15,30,臺中市,烏日區,0,2,0,7,2,6,50,3,7,1,5,4,6,6,4,4,5,4,4,2,17,2,9,5,4,F01,7,9,7,21,2,11,,84,84,1,6,1,120.636278,24.11036,2
1496,66000,387130000C,(04)23274275,(04)23288582,2025,1,4,15,34,臺中市,大肚區,0,0,0,7,,,70,,,,,,,,,,,,,,,,,,,B03,,,1,,2,,,21,21,1,6,4,120.548509,24.142558,3
1497,66000,387130000C,(04)23274275,(04)23288582,2025,1,4,15,37,臺中市,梧棲區,0,0,0,7,,,70,,,,,,,,,,,,,,16,,,,,B12,,,1,,2,,,47,47,1,6,4,120.524932,24.254029,3
1498,66000,387130000C,(04)23274275,(04)23288582,2025,1,4,15,43,臺中市,西區,0,0,0,7,2,6,30,3,1,1,5,4,6,6,4,4,10,5,5,2,14,,,,,B03,,,1,,2,,,49,49,1,13,4,120.665259,24.133109,3
1499,66000,387130000C,(04)23274275,(04)23288582,2025,1,4,15,50,臺中市,東區,0,2,0,7,2,6,50,13,7,1,5,4,6,6,4,4,5,5,4,2,13,2,8,2,1,C02,7,9,1,9,2,14,,7,7,1,12,4,120.710372,24.149604,2
1500,66000,387130000C,(04)23274275,(04)23288582,2025,1,4,15,50,臺中市,大甲區,0,2,0,7,3,6,40,3,24,1,5,4,6,6,4,4,10,5,5,2,13,2,9,5,4,C03,7,9,1,10,2,11,,84,84,1,4,4,120.628028,24.340565,2
1501,66000,387130000C,(04)23274275,(04)23288582,2025,1,4,15,51,臺中市,龍井區,0,2,0,7,2,6,50,13,9,1,5,4,6,6,4,4,9,5,5,1,16,2,9,5,4,C03,7,9,3,19,2,12,,7,7,1,6,4,120.586794,24.190669,2
1502,66000,387130000C,(04)23274275,(04)23288582,2025,1,4,15,52,臺中市,北區,0,0,0,7,,,50,,,,,,,,,,,,,,17,,,,,C03,,,1,,1,,,8,8,1,13,4,120.672779,24.169177,4
1503,66000,387130000C,(04)23274275,(04)23288582,2025,1,4,15,58,臺中市,東勢區,0,1,0,7,2,6,50,5,1,1,5,4,6,6,1,1,10,5,5,2,17,3,10,3,1,B03,7,6,1,8,2,5,,84,84,1,12,4,120.826056,24.264468,2
1504,66000,387130000C,(04)23274275,(04)23288582,2025,1,4,16,5,臺中市,西區,0,4,0,7,2,6,50,4,1,1,5,4,6,6,2,1,10,5,5,2,16,2,9,1,1,C03,7,6,1,10,2,12,,48,48,1,6,4,120.669,24.144703,2
1505,66000,387130000C,(04)23274275,(04)23288582,2025,1,4,16,6,臺中市,西區,0,1,0,7,2,6,50,4,1,1,5,4,6,6,1,1,10,5,5,2,17,3,10,3,1,B03,7,6,1,8,2,16,,11,11,1,12,4,120.661699,24.150845,2
1506,66000,387130000C,(04)23274275,(04)23288582,2025,1,4,16,10,臺中市,霧峰區,0,0,0,7,,,50,,,,,,,,,,,,,,,,,,,B03,,,1,,2,,,84,84,1,6,4,120.698132,24.066423,3
1507,66000,387130000C,(04)23274275,(04)23288582,2025,1,4,16,14,臺中市,北區,0,1,0,7,2,6,50,3,1,1,5,4,6,6,4,4,5,4,4,2,17,3,10,5,1,B03,7,6,1,8,2,8,,48,48,1,13,4,120.681643,24.149503,2
1508,66000,387130000C,(04)23274275,(04)23288582,2025,1,4,16,20,臺中市,北屯區,0,0,0,7,,,50,,,,,,,,,,,,,,13,,,,,B03,,,1,,2,,,7,7,1,12,4,120.686208,24.201295,3
1509,66000,387130000C,(04)23274275,(04)23288582,2025,1,4,16,20,臺中市,大里區,0,0,0,7,,,50,,,,,,,,,,,,,,,,,,,B03,,,1,,2,,,20,20,1,12,4,120.688976,24.101834,3
1510,66000,387130000C,(04)23274275,(04)23288582,2025,1,4,16,24,臺中市,后里區,0,0,0,7,,,60,,,,,,,,,,,,,,13,,,,,B03,,,1,,2,,,7,7,1,12,4,120.722436,24.28352,3
1511,66000,387130000C,(04)23274275,(04)23288582,2025,1,4,16,25,臺中市,西區,0,0,0,7,,,50,,,,,,,,,,,,,,,,,,,B03,,,1,,11,,,87,87,1,12,4,120.663545,24.14994,3
1512,66000,387130000C,(04)23274275,(04)23288582,2025,1,4,16,25,臺中市,西屯區,0,2,0,7,2,6,50,13,9,1,5,4,6,6,1,1,5,4,5,2,6,2,9,6,5,H01,8,20,7,21,10,17,,95,95,1,12,5,120.644847,24.181308,2
1513,66000,387130000C,(04)23274275,(04)23288582,2025,1,4,16,26,臺中市,北區,0,0,0,7,2,6,50,13,9,1,5,4,6,6,4,4,5,4,5,2,17,3,10,3,1,B03,7,3,1,8,2,5,,50,50,1,12,4,120.687178,24.148898,3
1514,66000,387130000C,(04)23274275,(04)23288582,2025,1,4,16,38,臺中市,北區,0,1,0,7,2,6,50,3,2,1,5,4,6,6,4,4,10,5,5,2,12,2,9,1,1,C03,7,9,1,10,2,12,,7,7,1,13,4,120.698233,24.154797,2
1515,66000,387130000C,(04)23274275,(04)23288582,2025,1,4,16,46,臺中市,潭子區,0,0,0,7,,,50,,,,,,,,,,,,,,,,,,,B03,,,1,,2,,,11,11,1,13,4,120.719861,24.22886,3
1516,66000,387130000C,(04)23274275,(04)23288582,2025,1,4,16,50,臺中市,北區,0,0,0,7,,,50,,,,,,,,,,,,,,17,,,,,B03,,,1,,1,,,49,49,1,13,4,120.671934,24.163333,3
1517,66000,387130000C,(04)23274275,(04)23288582,2025,1,4,16,56,臺中市,大里區,0,1,0,7,2,6,50,13,9,1,5,4,6,6,4,4,5,4,5,1,17,2,9,1,1,C03,7,9,5,19,11,11,,84,84,2,13,4,120.702207,24.088816,2
1518,66000,387130000C,(04)23274275,(04)23288582,2025,1,4,16,58,臺中市,北屯區,0,0,0,7,,,50,,,,,,,,,,,,,,17,,,,,B03,,,1,,1,,,51,51,1,12,4,120.688189,24.182393,3
1519,66000,387130000C,(04)23274275,(04)23288582,2025,1,4,17,1,臺中市,西屯區,0,0,0,7,,,50,,,,,,,,,,,,,,13,,,,,B01,,,1,,1,,,7,7,1,12,4,120.635879,24.181852,3
1520,66000,387130000C,(04)23274275,(04)23288582,2025,1,4,17,3,臺中市,北屯區,0,0,0,7,,,50,,,,,,,,,,,,,,13,,,,,B03,,,1,,1,,,59,59,1,12,4,120.730135,24.174267,3
1521,66000,387130000C,(04)23274275,(04)23288582,2025,1,4,17,4,臺中市,北屯區,0,0,0,7,,,50,,,,,,,,,,,,,,14,,,,,B03,,,1,,1,,,49,49,1,6,4,120.686191,24.170888,4
1522,66000,387130000C,(04)23274275,(04)23288582,2025,1,4,17,8,臺中市,西區,0,0,0,7,,,50,,,,,,,,,,,,,,17,,,,,B03,,,1,,1,,,8,8,1,12,4,120.671941,24.138386,3
1523,66000,387130000C,(04)23274275,(04)23288582,2025,1,4,17,8,臺中市,北屯區,0,0,0,7,,,50,,,,,,,,,,,,,,,,,,,B03,,,1,,1,,,51,51,1,12,4,120.665138,24.183921,3
1524,66000,387130000C,(04)23274275,(04)23288582,2025,1,4,17,11,臺中市,清水區,0,4,0,7,3,6,50,13,9,1,5,4,6,6,4,4,9,5,5,2,17,2,9,2,1,C03,7,15,1,10,2,12,,42,42,1,12,4,120.536979,24.267461,2
1525,66000,387130000C,(04)23274275,(04)23288582,2025,1,4,17,16,臺中市,南區,0,1,0,7,1,6,50,4,8,1,5,4,6,6,4,4,1,4,4,2,16,3,10,3,1,B03,7,5,1,8,2,2,,14,14,1,13,4,120.670515,24.126596,2
1526,66000,387130000C,(04)23274275,(04)23288582,2025,1,4,17,18,臺中市,大里區,0,0,0,7,,,50,,,,,,,,,,,,,,,,,,,C03,,,1,,2,,,20,20,1,6,4,120.705331,24.087659,3
1527,66000,387130000C,(04)23274275,(04)23288582,2025,1,4,17,19,臺中市,清水區,0,0,0,7,,,50,,,,,,,,,,,,,,,,,,,B03,,,1,,1,,,24,24,1,12,4,120.570009,24.263334,3
1528,66000,387130000C,(04)23274275,(04)23288582,2025,1,4,17,19,臺中市,梧棲區,0,1,0,7,3,6,50,3,2,1,5,4,6,6,4,4,5,5,5,2,16,2,9,1,1,F03,7,9,7,21,2,11,,59,59,1,6,4,120.530967,24.23915,2
1529,66000,387130000C,(04)23274275,(04)23288582,2025,1,4,17,22,臺中市,北屯區,0,2,0,7,2,6,50,4,1,1,5,4,6,6,2,1,10,5,5,2,13,2,9,2,1,C03,7,9,1,10,2,11,,7,7,1,12,4,120.702014,24.182088,2
1530,66000,387130000C,(04)23274275,(04)23288582,2025,1,4,17,24,臺中市,大里區,0,0,0,7,,,30,,,,,,,,,,,,,,,,,,,B03,,,1,,2,,,8,8,1,12,4,120.703784,24.106477,3
1531,66000,387130000C,(04)23274275,(04)23288582,2025,1,4,17,29,臺中市,梧棲區,0,0,0,7,,,40,,,,,,,,,,,,,,13,,,,,B03,,,1,,2,,,58,58,1,6,4,120.537036,24.251177,3
1532,66000,387130000C,(04)23274275,(04)23288582,2025,1,4,17,30,臺中市,大甲區,0,0,0,7,,,50,,,,,,,,,,,,,,13,,,,,B03,,,1,,1,,,7,7,1,6,4,120.648396,24.407094,3
1533,66000,387130000C,(04)23274275,(04)23288582,2025,1,4,17,32,臺中市,北屯區,0,0,0,7,,,50,,,,,,,,,,,,,,13,,,,,B03,,,1,,1,,,82,82,1,12,4,120.720333,24.162609,3
1534,66000,387130000C,(04)23274275,(04)23288582,2025,1,4,17,35,臺中市,烏日區,0,0,0,7,,,40,,,,,,,,,,,,,,2,,,,,B03,,,1,,1,,,26,26,1,6,4,120.647972,24.091972,3
1535,66000,387130000C,(04)23274275,(04)23288582,2025,1,4,17,37,臺中市,大雅區,0,0,0,7,,,30,,,,,,,,,,,,,,11,,,,,B03,,,1,,1,,,8,8,1,12,4,120.667181,24.229292,3
1536,66000,387130000C,(04)23274275,(04)23288582,2025,1,4,17,40,臺中市,烏日區,0,0,0,7,,,50,,,,,,,,,,,,,,,,,,,B03,,,1,,2,,,7,7,1,13,4,120.613524,24.106621,3
1537,66000,387130000C,(04)23274275,(04)23288582,2025,1,4,17,44,臺中市,中區,0,3,0,7,1,6,30,4,1,1,5,4,6,6,4,4,10,5,5,2,15,2,9,1,1,C03,7,9,1,10,2,11,,13,13,1,6,4,120.683719,24.140077,2
1538,66000,387130000C,(04)23274275,(04)23288582,2025,1,4,17,44,臺中市,大里區,0,0,0,6,,,,,,,,,,,,,,,,,18,,,,,,,,,,,,,119,119,1,,,120.701073,24.095173,3
1539,66000,387130000C,(04)23274275,(04)23288582,2025,1,4,17,45,臺中市,北區,0,1,0,7,3,6,50,4,3,1,5,4,6,6,1,1,5,4,5,2,6,3,10,5,4,B03,7,14,1,8,2,16,,87,87,1,13,4,120.692162,24.157582,2
1540,66000,387130000C,(04)23274275,(04)23288582,2025,1,4,17,46,臺中市,東區,0,1,0,7,1,6,30,3,1,1,5,4,6,6,4,4,10,5,5,2,16,2,9,2,1,C03,7,5,1,10,2,11,,14,14,1,13,4,120.690726,24.139524,2
1541,66000,387130000C,(04)23274275,(04)23288582,2025,1,4,17,46,臺中市,西屯區,0,0,0,7,,,30,,,,,,,,,,,,,,14,,,,,C03,,,1,,1,,,49,49,1,12,4,120.646137,24.183101,4
1542,66000,387130000C,(04)23274275,(04)23288582,2025,1,4,17,47,臺中市,梧棲區,0,1,0,7,1,6,50,4,1,1,5,4,6,6,1,1,10,5,5,2,3,2,9,6,5,H04,8,20,7,21,2,17,,95,95,1,6,5,120.528366,24.22188,2
1543,66000,387130000C,(04)23274275,(04)23288582,2025,1,4,17,48,臺中市,沙鹿區,0,1,0,7,2,6,40,3,1,1,5,4,6,6,1,1,3,4,3,2,23,2,9,1,1,C03,7,9,1,10,2,11,,59,59,1,6,4,120.575903,24.227315,2
1544,66000,387130000C,(04)23274275,(04)23288582,2025,1,4,17,50,臺中市,太平區,0,0,0,7,,,50,,,,,,,,,,,,,,,,,,,C03,,,1,,1,,,51,51,1,12,4,120.714101,24.149706,3
1545,66000,387130000C,(04)23274275,(04)23288582,2025,1,4,17,52,臺中市,西屯區,0,0,0,7,,,40,,,,,,,,,,,,,,,,,,,C03,,,1,,1,,,40,40,1,5,4,120.644164,24.201417,3
1546,66000,387130000C,(04)23274275,(04)23288582,2025,1,4,17,53,臺中市,潭子區,0,0,0,7,,,30,,,,,,,,,,,,,,,,,,,B03,,,1,,1,,,41,41,1,13,4,120.69264,24.219309,3
1547,66000,387130000C,(04)23274275,(04)23288582,2025,1,4,17,53,臺中市,北屯區,0,0,0,7,,,50,,,,,,,,,,,,,,13,,,,,B02,,,1,,1,,,59,59,1,12,4,120.680459,24.20082,4
1548,66000,387130000C,(04)23274275,(04)23288582,2025,1,4,17,56,臺中市,南屯區,0,3,0,7,1,6,50,4,1,1,5,4,6,6,2,1,10,5,5,2,16,2,9,1,1,C03,7,6,3,19,2,11,,36,36,1,6,4,120.62267,24.140394,2
1549,66000,387130000C,(04)23274275,(04)23288582,2025,1,4,17,57,臺中市,西區,0,1,0,7,1,6,50,4,1,2,5,4,6,6,1,1,10,5,5,2,13,3,10,5,4,B03,7,6,1,10,2,1,,7,7,1,12,4,120.666778,24.141012,2
1550,66000,387130000C,(04)23274275,(04)23288582,2025,1,4,17,57,臺中市,東區,0,0,0,7,,,50,,,,,,,,,,,,,,17,,,,,C03,,,1,,1,,,51,51,1,6,4,120.69665,24.147922,3
1551,66000,387130000C,(04)23274275,(04)23288582,2025,1,4,18,0,臺中市,沙鹿區,0,0,0,7,,,50,,,,,,,,,,,,,,11,,,,,C03,,,1,,2,,,12,12,1,12,2,120.571933,24.217606,4
1552,66000,387130000C,(04)23274275,(04)23288582,2025,1,4,18,9,臺中市,清水區,0,0,0,7,,,50,,,,,,,,,,,,,,,,,,,B03,,,1,,2,,,84,84,1,12,4,120.572302,24.268242,3
1553,66000,387130000C,(04)23274275,(04)23288582,2025,1,4,18,10,臺中市,大雅區,0,0,0,7,,,30,,,,,,,,,,,,,,,,,,,B03,,,1,,2,,,49,49,1,12,4,120.646851,24.219733,3
1554,66000,387130000C,(04)23274275,(04)23288582,2025,1,4,18,10,臺中市,豐原區,0,1,0,7,1,6,60,18,14,1,5,4,6,6,4,4,1,4,4,2,17,3,10,5,4,B12,7,5,1,8,2,5,,47,47,1,12,4,120.703405,24.252724,2
1555,66000,387130000C,(04)23274275,(04)23288582,2025,1,4,18,11,臺中市,大里區,0,0,0,7,,,30,,,,,,,,,,,,,,17,,,,,B12,,,1,,2,,,84,84,1,12,4,120.668708,24.085965,3
1556,66000,387130000C,(04)23274275,(04)23288582,2025,1,4,18,13,臺中市,大里區,0,1,0,7,1,6,50,13,7,1,5,4,6,6,3,1,5,4,4,1,17,3,10,3,1,B03,7,1,1,8,2,7,,51,51,1,12,4,120.684652,24.115383,2
1557,66000,387130000C,(04)23274275,(04)23288582,2025,1,4,18,14,臺中市,大里區,0,1,0,7,2,6,50,4,1,1,5,4,6,6,1,1,5,5,5,2,3,3,10,2,1,C03,7,9,1,10,2,11,,84,84,1,13,4,120.699586,24.085758,2
1558,66000,387130000C,(04)23274275,(04)23288582,2025,1,4,18,15,臺中市,太平區,0,0,0,7,,,50,,,,,,,,,,,,,,13,,,,,C03,,,1,,2,,,84,84,1,12,4,120.735567,24.14913,3
1559,66000,387130000C,(04)23274275,(04)23288582,2025,1,4,18,17,臺中市,北屯區,0,1,0,7,2,6,50,3,1,1,5,4,6,6,2,1,5,5,5,2,18,2,9,2,1,C03,7,6,1,10,2,14,,82,82,1,12,4,120.699208,24.161989,2
1560,66000,387130000C,(04)23274275,(04)23288582,2025,1,4,18,19,臺中市,北屯區,0,0,0,7,,,50,,,,,,,,,,,,,,,,,,,B12,,,1,,1,,,84,84,1,6,4,120.690842,24.173356,3
1561,66000,387130000C,(04)23274275,(04)23288582,2025,1,4,18,31,臺中市,北區,0,1,0,7,1,6,50,3,2,1,5,4,6,6,4,4,10,5,5,2,17,3,10,1,1,F03,7,6,7,21,2,14,,14,14,1,13,4,120.671927,24.153725,2
1562,66000,387130000C,(04)23274275,(04)23288582,2025,1,4,18,31,臺中市,北屯區,0,0,0,7,,,50,,,,,,,,,,,,,,,,,,,B03,,,1,,1,,,7,7,1,12,4,120.694771,24.175193,3
1563,66000,387130000C,(04)23274275,(04)23288582,2025,1,4,18,40,臺中市,西屯區,0,0,0,7,,,50,,,,,,,,,,,,,,17,,,,,B03,,,1,,1,,,40,40,1,12,4,120.645472,24.175895,3
1564,66000,387130000C,(04)23274275,(04)23288582,2025,1,4,18,42,臺中市,北區,0,0,0,7,,,50,,,,,,,,,,,,,,17,,,,,B03,,,1,,1,,,76,76,1,13,4,120.684684,24.15163,3
1565,66000,387130000C,(04)23274275,(04)23288582,2025,1,4,18,45,臺中市,西屯區,0,1,0,7,1,6,50,4,9,1,5,4,6,6,2,1,5,4,5,2,13,3,10,3,1,B03,7,9,1,8,2,5,,58,58,1,12,4,120.620195,24.187171,2
1566,66000,387130000C,(04)23274275,(04)23288582,2025,1,4,18,50,臺中市,豐原區,0,0,0,7,,,50,,,,,,,,,,,,,,,,,,,B03,,,1,,2,,,43,43,1,13,4,120.757499,24.275324,3
1567,66000,387130000C,(04)23274275,(04)23288582,2025,1,4,18,54,臺中市,西屯區,0,2,0,7,1,6,50,5,1,1,5,4,6,6,1,1,10,5,5,2,13,3,10,5,4,B12,7,9,1,8,2,1,,59,59,1,13,4,120.605256,24.171538,2
1568,66000,387130000C,(04)23274275,(04)23288582,2025,1,4,19,2,臺中市,太平區,0,0,0,7,,,50,,,,,,,,,,,,,,13,,,,,B03,,,1,,2,,,82,82,1,12,4,120.715032,24.14912,3
1569,66000,387130000C,(04)23274275,(04)23288582,2025,1,4,19,5,臺中市,潭子區,0,0,0,7,,,80,,,,,,,,,,,,,,,,,,,B03,,,1,,2,,,59,59,1,12,4,120.696555,24.201,3
1570,66000,387130000C,(04)23274275,(04)23288582,2025,1,4,19,8,臺中市,南區,0,0,0,7,,,40,,,,,,,,,,,,,,9,,,,,,,,,,,,,85,85,1,,,120.682275,24.129966,3
1571,66000,387130000C,(04)23274275,(04)23288582,2025,1,4,19,10,臺中市,北屯區,0,0,0,7,,,50,,,,,,,,,,,,,,17,,,,,B03,,,1,,2,,,84,84,1,12,4,120.673153,24.177969,3
1572,66000,387130000C,(04)23274275,(04)23288582,2025,1,4,19,10,臺中市,豐原區,0,1,0,7,2,6,50,3,9,1,5,4,6,6,1,1,1,4,5,2,17,3,10,5,4,B03,7,11,1,8,2,2,,23,23,1,12,4,120.749545,24.268486,2
1573,66000,387130000C,(04)23274275,(04)23288582,2025,1,4,19,15,臺中市,南區,0,0,0,7,,,50,,,,,,,,,,,,,,12,,,,,B03,,,1,,1,,,84,84,1,12,4,120.670095,24.114333,3
1574,66000,387130000C,(04)23274275,(04)23288582,2025,1,4,19,26,臺中市,北屯區,0,1,0,7,1,6,40,13,7,1,5,4,6,6,3,1,5,5,4,1,16,3,10,3,1,B03,7,11,1,8,2,4,,45,45,1,12,4,120.684919,24.197851,2
1575,66000,387130000C,(04)23274275,(04)23288582,2025,1,4,19,28,臺中市,北區,0,0,0,7,1,6,50,13,7,1,5,4,6,6,4,4,1,4,4,2,13,3,10,3,1,B01,7,9,1,4,1,5,,84,84,1,12,4,120.688599,24.153738,3
1576,66000,387130000C,(04)23274275,(04)23288582,2025,1,4,19,30,臺中市,大雅區,0,0,0,7,,,30,,,,,,,,,,,,,,,,,,,B03,,,1,,9,,,49,49,1,12,4,120.66678,24.23407,3