序號,縣市別代碼,機關代碼,市話,傳真,年,月,日,時,分,縣市,區,死亡數量,受傷數量,2-30,天候,道路照明設備,道路類別,道路速限,道路型態,事故位置,路面鋪裝,路面狀態,路面缺陷,障礙物,視距,號誌種類,號誌動作,分向設施,快車道或一般車道間,快慢車道間,路面邊線,事故類型及型態,受傷程度,主要傷處,保護裝備,行動電話或功能裝置,當事者區分(類別),車輛用途,當事者行動狀態,駕照狀態,駕照種類,飲酒情形,車輛撞擊部位最初,車輛撞擊部位其他,肇事因素個別,肇事因素主要,肇事逃逸,職業,共享經濟或外送平台,GPS座標X,GPS座標Y,事故類別
1577,66000,387130000C,(04)23274275,(04)23288582,2025,1,4,19,32,臺中市,北屯區,0,0,0,7,,,40,,,,,,,,,,,,,,13,,,,,B03,,,1,,1,,,59,59,1,12,4,120.721003,24.174599,3
1578,66000,387130000C,(04)23274275,(04)23288582,2025,1,4,19,33,臺中市,南屯區,0,1,0,7,1,6,50,13,9,1,5,4,6,6,4,4,9,5,5,2,17,3,10,3,1,B03,7,9,1,8,2,5,,84,84,1,13,4,120.645174,24.140608,2
1579,66000,387130000C,(04)23274275,(04)23288582,2025,1,4,19,36,臺中市,南區,0,1,0,7,1,6,50,4,1,1,5,4,6,6,2,1,10,5,5,2,17,3,10,3,1,B03,7,7,1,8,2,5,,40,40,1,6,4,120.679525,24.123833,2
1580,66000,387130000C,(04)23274275,(04)23288582,2025,1,4,19,39,臺中市,東區,0,0,0,7,,,50,,,,,,,,,,,,,,,,,,,B03,,,1,,1,,,84,84,1,13,4,120.693053,24.132756,3
1581,66000,387130000C,(04)23274275,(04)23288582,2025,1,4,19,40,臺中市,大里區,0,1,0,7,1,6,50,13,9,1,5,4,6,6,1,1,5,5,5,2,14,3,10,3,1,B03,7,2,1,8,2,7,,49,49,1,12,4,120.676963,24.100417,2
1582,66000,387130000C,(04)23274275,(04)23288582,2025,1,4,19,40,臺中市,沙鹿區,0,0,0,7,,,30,,,,,,,,,,,,,,20,,,,,B03,,,1,,2,,,59,59,1,6,4,120.562564,24.243673,3
1583,66000,387130000C,(04)23274275,(04)23288582,2025,1,4,19,43,臺中市,西區,0,0,0,7,,,50,,,,,,,,,,,,,,,,,,,C03,,,1,,1,,,7,7,1,12,4,120.669792,24.146718,3
1584,66000,387130000C,(04)23274275,(04)23288582,2025,1,4,19,44,臺中市,西區,0,0,0,7,,,,,,,,,,,,,,,,,17,,,,,,,,,,,,,86,86,1,,,120.65614,24.155586,4
1585,66000,387130000C,(04)23274275,(04)23288582,2025,1,4,19,45,臺中市,西屯區,0,2,0,7,1,6,50,13,9,1,5,4,6,6,4,4,5,4,5,2,16,3,10,3,1,B03,7,6,1,8,2,1,,34,34,1,12,4,120.614619,24.179059,2
1586,66000,387130000C,(04)23274275,(04)23288582,2025,1,4,19,51,臺中市,西區,0,0,0,7,,,50,,,,,,,,,,,,,,,,,,,B02,,,1,,1,,,15,15,1,6,4,120.658813,24.141573,3
1587,66000,387130000C,(04)23274275,(04)23288582,2025,1,4,19,54,臺中市,北區,0,0,0,7,,,50,,,,,,,,,,,,,,,,,,,B03,,,1,,1,,,84,84,1,13,4,120.684657,24.152906,3
1588,66000,387130000C,(04)23274275,(04)23288582,2025,1,4,19,58,臺中市,北區,0,1,0,7,1,6,50,4,2,1,5,4,6,6,2,1,10,5,5,2,12,3,10,1,1,C03,7,5,1,10,1,12,,20,20,1,13,4,120.684492,24.142392,2
1589,66000,387130000C,(04)23274275,(04)23288582,2025,1,4,20,0,臺中市,霧峰區,0,0,0,7,,,50,,,,,,,,,,,,,,,,,,,B03,,,1,,2,,,84,84,1,13,4,120.695825,24.016359,3
1590,66000,387130000C,(04)23274275,(04)23288582,2025,1,4,20,1,臺中市,東區,0,0,0,7,,,50,,,,,,,,,,,,,,17,,,,,B03,,,1,,1,,,47,47,1,13,4,120.686793,24.140113,4
1591,66000,387130000C,(04)23274275,(04)23288582,2025,1,4,20,10,臺中市,清水區,0,1,0,7,1,6,50,4,1,1,5,4,6,6,3,1,5,5,5,2,15,2,9,1,1,C03,7,9,1,10,2,14,,12,12,1,12,4,120.575186,24.271905,2
1592,66000,387130000C,(04)23274275,(04)23288582,2025,1,4,20,17,臺中市,北屯區,0,2,0,7,1,6,50,4,2,1,5,4,6,6,2,1,10,5,5,2,13,3,10,3,1,B11,7,9,1,4,2,1,,7,7,1,6,4,120.690783,24.17135,2
1593,66000,387130000C,(04)23274275,(04)23288582,2025,1,4,20,19,臺中市,北區,0,2,0,7,1,6,50,3,2,1,5,4,6,6,4,4,5,2,5,2,17,2,9,1,1,C03,7,6,1,10,2,12,,14,14,1,12,2,120.681745,24.158267,2
1594,66000,387130000C,(04)23274275,(04)23288582,2025,1,4,20,21,臺中市,南區,0,0,0,7,,,40,,,,,,,,,,,,,,14,,,,,B03,,,1,,2,,,49,49,1,12,4,120.658338,24.117455,3
1595,66000,387130000C,(04)23274275,(04)23288582,2025,1,4,20,25,臺中市,南屯區,0,0,0,7,,,50,,,,,,,,,,,,,,,,,,,B03,,,1,,2,,,7,7,1,6,4,120.638358,24.147176,3
1596,66000,387130000C,(04)23274275,(04)23288582,2025,1,4,20,27,臺中市,東區,0,1,0,7,1,6,50,4,4,1,5,4,6,6,2,1,5,5,5,2,13,3,10,2,1,C03,7,9,1,10,2,11,,7,7,1,13,4,120.699107,24.147953,2
1597,66000,387130000C,(04)23274275,(04)23288582,2025,1,4,20,33,臺中市,北區,0,1,0,7,1,6,50,13,9,1,5,4,6,6,4,4,5,4,5,2,12,3,10,1,1,C03,7,9,4,10,2,14,,8,8,1,12,4,120.684876,24.142704,2
1598,66000,387130000C,(04)23274275,(04)23288582,2025,1,4,20,33,臺中市,北屯區,0,1,0,7,2,6,50,4,19,1,5,4,6,6,2,1,1,4,4,2,3,3,10,3,1,B03,7,6,1,8,2,8,,10,10,1,12,4,120.676895,24.178502,2
1599,66000,387130000C,(04)23274275,(04)23288582,2025,1,4,20,36,臺中市,太平區,0,1,0,7,1,6,50,3,2,1,5,4,6,6,4,4,9,5,5,2,17,2,8,2,1,F03,7,9,7,21,2,11,,84,84,1,12,4,120.720925,24.116862,2
1600,66000,387130000C,(04)23274275,(04)23288582,2025,1,4,20,39,臺中市,南屯區,0,1,0,7,1,6,50,13,9,1,5,4,6,6,4,4,5,4,4,2,17,2,9,2,1,F03,7,9,7,21,1,11,,84,84,1,12,4,120.651024,24.150572,2
1601,66000,387130000C,(04)23274275,(04)23288582,2025,1,4,20,40,臺中市,南屯區,0,1,0,7,1,6,50,4,2,1,5,4,6,6,2,1,5,5,5,2,12,2,9,1,1,C03,7,9,1,10,2,14,,59,59,1,6,4,120.653344,24.136709,2
1602,66000,387130000C,(04)23274275,(04)23288582,2025,1,4,20,44,臺中市,西區,0,1,0,7,1,6,50,3,1,1,5,4,6,6,4,4,10,5,5,2,17,2,9,5,4,C03,7,6,1,10,2,14,,12,12,1,12,4,120.670489,24.151591,2
1603,66000,387130000C,(04)23274275,(04)23288582,2025,1,4,20,46,臺中市,大里區,0,0,0,7,,,50,,,,,,,,,,,,,,,,,,,B03,,,1,,2,,,84,84,1,12,4,120.690909,24.100987,3
1604,66000,387130000C,(04)23274275,(04)23288582,2025,1,4,20,48,臺中市,西區,0,1,0,7,1,6,50,4,1,1,5,4,6,6,4,4,10,5,5,2,9,3,10,3,1,B03,7,9,1,4,2,15,,85,85,1,12,4,120.669596,24.140004,2
1605,66000,387130000C,(04)23274275,(04)23288582,2025,1,4,20,50,臺中市,豐原區,0,0,0,7,,,50,,,,,,,,,,,,,,17,,,,,B03,,,1,,2,,,8,8,1,12,4,120.723189,24.254919,3
1606,66000,387130000C,(04)23274275,(04)23288582,2025,1,4,20,53,臺中市,潭子區,0,1,0,7,1,6,30,4,1,1,5,4,6,6,1,1,5,4,5,1,17,3,10,3,1,A01,7,6,1,8,2,1,,11,11,1,12,4,120.723406,24.194028,2
1607,66000,387130000C,(04)23274275,(04)23288582,2025,1,4,20,54,臺中市,南區,0,0,0,7,,,50,,,,,,,,,,,,,,12,,,,,B03,,,1,,2,,,40,40,1,6,4,120.669194,24.12752,3
1608,66000,387130000C,(04)23274275,(04)23288582,2025,1,4,20,56,臺中市,北屯區,0,0,0,7,,,80,,,,,,,,,,,,,,9,,,,,B03,,,1,,2,,,39,39,1,6,4,120.68847,24.201012,3
1609,66000,387130000C,(04)23274275,(04)23288582,2025,1,4,21,2,臺中市,大雅區,0,0,0,7,,,30,,,,,,,,,,,,,,,,,,,B03,,,1,,2,,,84,84,1,12,4,120.642125,24.230026,3
1610,66000,387130000C,(04)23274275,(04)23288582,2025,1,4,21,3,臺中市,南屯區,0,1,0,7,1,6,50,4,1,1,5,4,6,6,1,1,10,5,5,2,17,3,10,3,1,B02,7,11,1,8,2,1,,20,20,1,12,4,120.649983,24.133345,2
1611,66000,387130000C,(04)23274275,(04)23288582,2025,1,4,21,12,臺中市,西屯區,0,1,0,7,1,6,60,3,1,1,5,4,6,6,2,1,5,5,4,2,16,3,10,3,1,B03,7,6,3,19,2,5,,11,11,2,12,4,120.663974,24.166313,2
1612,66000,387130000C,(04)23274275,(04)23288582,2025,1,4,21,20,臺中市,東區,0,0,0,7,,,50,,,,,,,,,,,,,,17,,,,,B01,,,1,,9,,,84,84,2,6,4,120.698001,24.132851,3
1613,66000,387130000C,(04)23274275,(04)23288582,2025,1,4,21,22,臺中市,南區,0,0,0,7,,,50,,,,,,,,,,,,,,16,,,,,C03,,,1,,2,,,84,84,1,12,4,120.67848,24.128129,3
1614,66000,387130000C,(04)23274275,(04)23288582,2025,1,4,21,23,臺中市,西屯區,0,1,0,7,1,6,40,13,8,1,5,4,6,6,1,1,3,4,3,2,13,2,8,1,1,C03,7,9,1,10,1,11,,7,7,1,12,4,120.62447,24.178986,2
1615,66000,387130000C,(04)23274275,(04)23288582,2025,1,4,21,26,臺中市,北區,0,1,0,7,3,6,50,4,2,1,5,4,6,6,1,1,3,2,3,2,16,2,9,5,4,C03,7,6,1,10,2,14,,48,48,1,13,4,120.677171,24.165195,2
1616,66000,387130000C,(04)23274275,(04)23288582,2025,1,4,21,29,臺中市,大雅區,0,1,0,7,1,6,60,4,1,1,5,4,6,6,1,1,10,5,5,2,12,3,10,3,1,B03,7,7,1,8,2,5,,40,40,1,12,4,120.649969,24.212777,2
1617,66000,387130000C,(04)23274275,(04)23288582,2025,1,4,21,31,臺中市,大里區,0,0,0,7,,,50,,,,,,,,,,,,,,,,,,,B03,,,1,,1,,,7,7,1,12,4,120.687191,24.105049,3
1618,66000,387130000C,(04)23274275,(04)23288582,2025,1,4,21,45,臺中市,南區,0,1,0,7,1,6,50,5,1,1,5,4,6,6,1,1,10,5,5,2,17,2,8,2,1,C03,7,15,1,10,2,12,,84,84,1,6,4,120.660226,24.124441,2
1619,66000,387130000C,(04)23274275,(04)23288582,2025,1,4,21,48,臺中市,烏日區,0,0,0,7,,,50,,,,,,,,,,,,,,13,,,,,B03,,,1,,1,,,59,59,1,13,4,120.60728,24.110265,3
1620,66000,387130000C,(04)23274275,(04)23288582,2025,1,4,22,0,臺中市,沙鹿區,0,0,0,7,,,40,,,,,,,,,,,,,,14,,,,,B03,,,1,,2,,,84,84,1,6,4,120.567406,24.205336,3
1621,66000,387130000C,(04)23274275,(04)23288582,2025,1,4,22,0,臺中市,豐原區,0,0,0,7,,,50,,,,,,,,,,,,,,13,,,,,C03,,,1,,2,,,59,59,1,13,4,120.722209,24.249794,3
1622,66000,387130000C,(04)23274275,(04)23288582,2025,1,4,22,4,臺中市,東區,0,0,0,7,,,30,,,,,,,,,,,,,,,,,,,B03,,,1,,2,,,8,8,1,13,4,120.701751,24.133743,3
1623,66000,387130000C,(04)23274275,(04)23288582,2025,1,4,22,9,臺中市,北區,0,1,0,7,1,6,50,3,1,1,5,4,6,6,2,1,10,2,5,2,3,3,10,3,1,B03,7,6,1,8,2,5,,59,59,1,12,4,120.682856,24.14367,2
1624,66000,387130000C,(04)23274275,(04)23288582,2025,1,4,22,16,臺中市,大甲區,0,0,0,7,1,6,50,13,9,1,5,4,6,6,4,4,5,4,5,2,17,3,10,2,1,C03,7,9,1,10,4,11,,53,53,1,12,4,120.633579,24.343129,3
1625,66000,387130000C,(04)23274275,(04)23288582,2025,1,4,22,19,臺中市,大里區,0,1,0,7,3,6,50,4,1,1,5,4,6,6,1,1,10,5,5,2,16,3,10,5,4,B03,7,5,3,19,2,6,,47,47,1,6,4,120.695301,24.09639,2
1626,66000,387130000C,(04)23274275,(04)23288582,2025,1,4,22,30,臺中市,北區,0,0,0,7,,,50,,,,,,,,,,,,,,14,,,,,B03,,,1,,2,,,49,49,1,13,4,120.678344,24.151081,3
1627,66000,387130000C,(04)23274275,(04)23288582,2025,1,4,22,38,臺中市,南區,0,0,0,7,,,0,,,,,,,,,,,,,,17,,,,,,,,,,,,,85,85,1,,,120.659671,24.121328,3
1628,66000,387130000C,(04)23274275,(04)23288582,2025,1,4,22,53,臺中市,大里區,0,0,0,7,,,50,,,,,,,,,,,,,,,,,,,C03,,,1,,2,,,84,84,1,13,4,120.700026,24.091486,3
1629,66000,387130000C,(04)23274275,(04)23288582,2025,1,4,23,5,臺中市,北區,0,0,0,7,,,50,,,,,,,,,,,,,,17,,,,,C03,,,1,,1,,,84,84,1,13,4,120.665969,24.166917,3
1630,66000,387130000C,(04)23274275,(04)23288582,2025,1,4,23,5,臺中市,太平區,0,0,0,7,1,6,30,13,9,1,5,4,6,6,4,4,10,5,5,2,25,3,10,3,1,B03,8,3,1,8,2,2,,50,50,1,6,4,120.708667,24.151352,3
1631,66000,387130000C,(04)23274275,(04)23288582,2025,1,4,23,10,臺中市,南區,0,0,0,7,1,6,50,13,1,1,5,4,6,6,4,4,9,4,4,2,14,3,10,3,1,B03,7,2,1,8,1,4,,49,49,1,12,4,120.666806,24.117758,3
1632,66000,387130000C,(04)23274275,(04)23288582,2025,1,4,23,37,臺中市,清水區,0,0,0,7,,,50,,,,,,,,,,,,,,12,,,,,B03,,,1,,1,,,8,8,1,13,4,120.575088,24.271709,3
1633,66000,387130000C,(04)23274275,(04)23288582,2025,1,4,23,47,臺中市,西屯區,0,0,0,7,,,50,,,,,,,,,,,,,,17,,,,,B03,,,1,,9,,,8,8,1,13,4,120.63579,24.176305,3
1634,66000,387130000C,(04)23274275,(04)23288582,2025,1,5,0,0,臺中市,烏日區,0,0,0,7,,,30,,,,,,,,,,,,,,11,,,,,B03,,,1,,2,,,48,48,1,13,4,120.640559,24.10604,3
1635,66000,387130000C,(04)23274275,(04)23288582,2025,1,5,0,27,臺中市,西屯區,0,0,0,7,,,50,,,,,,,,,,,,,,14,,,,,B03,,,1,,2,,,49,49,1,12,4,120.651623,24.165341,3
1636,66000,387130000C,(04)23274275,(04)23288582,2025,1,5,0,41,臺中市,北屯區,0,0,0,7,,,50,,,,,,,,,,,,,,13,,,,,B01,,,1,,9,,,78,78,1,6,4,120.715149,24.164191,3
1637,66000,387130000C,(04)23274275,(04)23288582,2025,1,5,0,45,臺中市,西區,0,1,0,7,1,6,50,3,1,1,5,4,6,6,4,4,10,5,5,2,17,3,10,5,4,B03,7,6,1,15,2,8,,48,48,1,12,4,120.677481,24.146921,2
1638,66000,387130000C,(04)23274275,(04)23288582,2025,1,5,1,10,臺中市,沙鹿區,0,0,0,7,1,6,30,4,1,1,5,4,6,6,4,4,1,4,4,2,24,3,10,3,1,B03,7,5,3,19,7,1,,53,53,1,6,4,120.569981,24.218168,3
1639,66000,387130000C,(04)23274275,(04)23288582,2025,1,5,1,24,臺中市,大甲區,0,0,0,7,1,4,40,4,1,1,5,4,6,6,4,4,4,4,5,1,15,3,10,1,1,B03,7,9,1,8,2,8,8,6,6,1,12,4,120.61816,24.351399,3
1640,66000,387130000C,(04)23274275,(04)23288582,2025,1,5,1,25,臺中市,北區,0,0,0,7,,,50,,,,,,,,,,,,,,15,,,,,B01,,,1,,1,,,21,21,1,12,4,120.676907,24.165182,3
1641,66000,387130000C,(04)23274275,(04)23288582,2025,1,5,1,27,臺中市,中區,0,0,0,7,,,50,,,,,,,,,,,,,,,,,,,B01,,,1,,1,,,51,51,1,12,4,120.68315,24.141177,3
1642,66000,387130000C,(04)23274275,(04)23288582,2025,1,5,3,30,臺中市,西屯區,0,1,0,7,1,6,60,13,7,1,5,4,6,6,4,4,3,4,3,2,13,2,9,5,4,B03,7,9,1,7,8,1,,53,53,1,13,4,120.639485,24.15881,2
1643,66000,387130000C,(04)23274275,(04)23288582,2025,1,5,5,15,臺中市,西區,0,0,0,7,,,50,,,,,,,,,,,,,,,,,,,B03,,,1,,1,,,49,49,1,12,4,120.669286,24.147702,3
1644,66000,387130000C,(04)23274275,(04)23288582,2025,1,5,5,37,臺中市,南屯區,0,1,0,7,1,6,50,3,1,1,5,4,6,6,4,4,10,5,5,2,17,3,10,3,1,B12,7,5,1,8,2,1,,84,84,1,12,4,120.634204,24.143912,2
1645,66000,387130000C,(04)23274275,(04)23288582,2025,1,5,5,44,臺中市,西屯區,0,0,0,7,,,50,,,,,,,,,,,,,,16,,,,,C03,,,1,,2,,,11,11,1,12,4,120.64432,24.19081,3
1646,66000,387130000C,(04)23274275,(04)23288582,2025,1,5,5,50,臺中市,北區,0,0,0,7,,,40,,,,,,,,,,,,,,17,,,,,B03,,,1,,2,,,51,51,1,13,4,120.676394,24.150804,3
1647,66000,387130000C,(04)23274275,(04)23288582,2025,1,5,6,13,臺中市,大里區,0,1,0,7,1,6,30,3,1,1,5,4,6,6,2,1,10,5,5,2,16,2,9,1,1,F03,7,6,7,21,9,11,,23,23,1,6,4,120.694573,24.089355,2
1648,66000,387130000C,(04)23274275,(04)23288582,2025,1,5,6,55,臺中市,太平區,0,0,0,7,2,6,40,,,,,,,,,,,,,,,,,,,B03,,,1,,2,3,7,49,49,1,12,4,120.716529,24.153144,3
1649,66000,387130000C,(04)23274275,(04)23288582,2025,1,5,7,5,臺中市,潭子區,0,1,0,7,2,6,60,13,14,1,5,4,6,6,4,4,1,3,4,1,17,2,8,3,1,B03,7,7,1,8,7,1,,53,53,1,13,4,120.709609,24.23554,2
1650,66000,387130000C,(04)23274275,(04)23288582,2025,1,5,7,15,臺中市,清水區,0,0,0,7,2,6,50,13,8,1,5,4,6,6,4,4,8,3,4,2,14,,,,,B03,,,1,,1,,,49,49,1,12,4,120.57578,24.266457,3
1651,66000,387130000C,(04)23274275,(04)23288582,2025,1,5,7,49,臺中市,北區,0,0,0,7,,,50,,,,,,,,,,,,,,14,,,,,B03,,,1,,2,7,,49,49,1,12,4,120.673111,24.168016,3
1652,66000,387130000C,(04)23274275,(04)23288582,2025,1,5,7,50,臺中市,大雅區,0,2,0,7,1,6,40,3,2,1,5,4,6,6,4,4,9,5,4,1,17,2,8,1,1,C03,7,15,3,19,2,14,,87,87,1,13,4,120.641494,24.219439,2
1653,66000,387130000C,(04)23274275,(04)23288582,2025,1,5,8,0,臺中市,神岡區,0,0,0,7,,,50,,,,,,,,,,,,,,19,,,,,B03,,,1,,2,,,59,59,1,12,4,120.663572,24.279602,3
1654,66000,387130000C,(04)23274275,(04)23288582,2025,1,5,8,5,臺中市,北區,0,0,0,7,,,50,,,,,,,,,,,,,,13,,,,,B03,,,1,,2,,,59,59,1,12,4,120.684876,24.160917,3
1655,66000,387130000C,(04)23274275,(04)23288582,2025,1,5,8,5,臺中市,石岡區,0,0,0,7,,,40,,,,,,,,,,,,,,13,,,,,B03,,,1,,1,,,84,84,1,12,4,120.778329,24.27589,3
1656,66000,387130000C,(04)23274275,(04)23288582,2025,1,5,8,9,臺中市,北區,0,0,0,7,,,50,,,,,,,,,,,,,,17,,,,,C03,,,1,,1,,,84,84,1,12,4,120.679288,24.149794,3
1657,66000,387130000C,(04)23274275,(04)23288582,2025,1,5,8,15,臺中市,豐原區,0,0,0,7,,,30,,,,,,,,,,,,,,17,,,,,,,,,,,,,86,86,1,,,120.732581,24.236005,3
1658,66000,387130000C,(04)23274275,(04)23288582,2025,1,5,8,18,臺中市,西屯區,0,1,0,7,2,6,50,13,9,1,5,4,6,6,4,4,10,4,5,1,18,2,9,1,1,C03,7,9,1,10,2,14,,59,59,1,12,4,120.652132,24.197552,2
1659,66000,387130000C,(04)23274275,(04)23288582,2025,1,5,8,25,臺中市,西區,0,0,0,7,,,50,,,,,,,,,,,,,,17,,,,,B03,,,1,,9,,,43,43,2,12,4,120.663489,24.135153,3
1660,66000,387130000C,(04)23274275,(04)23288582,2025,1,5,8,26,臺中市,東區,0,1,0,7,3,6,50,3,1,1,5,4,6,6,1,1,10,5,5,2,30,2,9,1,1,C03,7,6,1,10,2,12,,84,84,1,6,4,120.686877,24.136117,2
1661,66000,387130000C,(04)23274275,(04)23288582,2025,1,5,8,40,臺中市,北區,0,2,0,7,2,6,50,4,1,1,5,4,6,6,4,4,9,5,5,2,17,2,9,1,1,C03,7,1,1,10,2,12,,51,51,1,13,4,120.682233,24.162566,2
1662,66000,387130000C,(04)23274275,(04)23288582,2025,1,5,8,41,臺中市,北區,0,0,0,7,,,50,,,,,,,,,,,,,,18,,,,,C03,,,1,,2,,,84,84,1,13,4,120.682716,24.167759,3
1663,66000,387130000C,(04)23274275,(04)23288582,2025,1,5,8,45,臺中市,南屯區,0,1,0,7,3,6,50,13,9,1,5,4,6,6,1,1,3,4,5,2,17,2,9,1,1,C03,7,9,1,10,2,11,,85,85,1,12,4,120.620556,24.145148,2
1664,66000,387130000C,(04)23274275,(04)23288582,2025,1,5,9,0,臺中市,清水區,0,0,0,7,,,70,,,,,,,,,,,,,,17,,,,,B02,,,1,,2,,,84,84,1,12,4,120.596523,24.30395,3
1665,66000,387130000C,(04)23274275,(04)23288582,2025,1,5,9,2,臺中市,清水區,0,0,0,7,1,6,50,13,9,1,5,4,6,6,4,4,9,4,5,2,11,,,,,,,,,,,,,7,7,1,,,120.564589,24.264284,3
1666,66000,387130000C,(04)23274275,(04)23288582,2025,1,5,9,5,臺中市,潭子區,0,0,0,7,,,50,,,,,,,,,,,,,,16,,,,,B03,,,1,,2,,,14,14,1,13,4,120.701553,24.21159,3
1667,66000,387130000C,(04)23274275,(04)23288582,2025,1,5,9,7,臺中市,豐原區,0,1,0,7,3,6,30,13,9,1,5,4,6,6,4,4,10,5,5,1,2,3,10,5,4,C03,7,9,3,19,2,15,,58,58,1,13,4,120.717309,24.250433,2
1668,66000,387130000C,(04)23274275,(04)23288582,2025,1,5,9,10,臺中市,烏日區,0,1,0,7,2,6,50,13,8,1,5,4,6,6,4,4,1,4,4,2,27,2,9,1,1,C03,7,9,1,10,2,11,,84,84,1,6,4,120.632742,24.110091,2
1669,66000,387130000C,(04)23274275,(04)23288582,2025,1,5,9,13,臺中市,后里區,0,1,0,6,2,6,50,4,2,1,5,4,6,6,4,4,9,4,5,1,16,2,9,2,1,C03,7,9,1,10,2,14,,7,7,1,4,4,120.73217,24.309466,2
1670,66000,387130000C,(04)23274275,(04)23288582,2025,1,5,9,16,臺中市,大里區,0,0,0,7,,,50,,,,,,,,,,,,,,16,,,,,C03,,,1,,1,,,39,39,1,6,4,120.676759,24.104878,3
1671,66000,387130000C,(04)23274275,(04)23288582,2025,1,5,9,18,臺中市,南屯區,0,0,0,7,,,50,,,,,,,,,,,,,,17,,,,,B03,,,1,,1,,,87,87,1,6,4,120.638206,24.137922,3
1672,66000,387130000C,(04)23274275,(04)23288582,2025,1,5,9,20,臺中市,梧棲區,0,0,0,7,,,50,,,,,,,,,,,,,,,,,,,B03,,,1,,2,,,49,49,1,11,4,120.553097,24.239852,3
1673,66000,387130000C,(04)23274275,(04)23288582,2025,1,5,9,21,臺中市,龍井區,0,0,0,6,,,50,,,,,,,,,,,,,,,,,,,B03,,,1,,1,,,59,59,1,6,4,120.55155,24.21308,3
1674,66000,387130000C,(04)23274275,(04)23288582,2025,1,5,9,28,臺中市,南屯區,0,0,0,7,,,50,,,,,,,,,,,,,,12,,,,,A04,,,1,,2,,,8,8,1,6,4,120.644564,24.139953,3
1675,66000,387130000C,(04)23274275,(04)23288582,2025,1,5,9,35,臺中市,北屯區,0,1,0,7,2,6,50,13,9,1,5,4,6,6,2,1,10,5,5,2,12,3,10,1,1,C03,7,9,1,10,2,14,,85,85,1,12,4,120.671159,24.17497,2
1676,66000,387130000C,(04)23274275,(04)23288582,2025,1,5,9,43,臺中市,南區,0,1,0,7,3,6,50,4,19,1,5,4,6,6,2,1,3,5,5,2,9,3,10,5,4,B03,7,6,1,8,2,4,,10,10,1,6,4,120.671811,24.119156,2
1677,66000,387130000C,(04)23274275,(04)23288582,2025,1,5,9,45,臺中市,東區,0,0,0,7,,,50,,,,,,,,,,,,,,17,,,,,C03,,,1,,2,,,85,85,1,12,4,120.696196,24.140548,4
1678,66000,387130000C,(04)23274275,(04)23288582,2025,1,5,9,47,臺中市,北屯區,0,0,0,7,,,50,,,,,,,,,,,,,,13,,,,,B03,,,1,,1,,,7,7,1,12,4,120.730495,24.177136,3
1679,66000,387130000C,(04)23274275,(04)23288582,2025,1,5,9,47,臺中市,烏日區,0,2,0,7,2,6,50,13,8,1,5,4,6,6,4,4,1,4,4,1,28,2,9,5,4,C03,7,9,1,10,2,14,,43,43,1,12,4,120.62334,24.104752,2
1680,66000,387130000C,(04)23274275,(04)23288582,2025,1,5,9,55,臺中市,北屯區,0,1,0,6,3,6,50,4,1,1,5,4,6,6,4,4,5,5,5,2,15,2,7,2,1,C03,7,9,1,10,1,12,,15,15,1,6,4,120.718149,24.172692,2
1681,66000,387130000C,(04)23274275,(04)23288582,2025,1,5,9,58,臺中市,南屯區,0,1,0,6,2,6,50,4,1,1,5,4,6,6,2,1,3,4,4,2,16,2,9,2,1,C03,7,9,3,19,2,11,,21,21,1,6,4,120.625929,24.145026,2
1682,66000,387130000C,(04)23274275,(04)23288582,2025,1,5,10,9,臺中市,大里區,0,0,0,7,,,50,,,,,,,,,,,,,,13,,,,,B03,,,1,,2,,,7,7,1,13,4,120.686075,24.095531,3
1683,66000,387130000C,(04)23274275,(04)23288582,2025,1,5,10,14,臺中市,大里區,0,2,0,7,2,6,30,3,2,1,5,4,6,6,4,4,10,5,5,2,11,2,9,1,1,C03,7,9,1,10,2,11,,41,41,1,12,4,120.68106,24.108652,2
1684,66000,387130000C,(04)23274275,(04)23288582,2025,1,5,10,20,臺中市,清水區,0,0,0,7,,,70,,,,,,,,,,,,,,17,,,,,A31,,,1,,2,,,40,40,1,12,4,120.583515,24.301965,3
1685,66000,387130000C,(04)23274275,(04)23288582,2025,1,5,10,26,臺中市,西屯區,0,1,0,6,2,6,50,4,1,1,5,4,6,6,2,1,10,5,5,2,16,3,10,3,1,B01,7,6,1,3,2,2,6,11,11,1,12,4,120.645096,24.178816,2
1686,66000,387130000C,(04)23274275,(04)23288582,2025,1,5,10,26,臺中市,西屯區,0,0,0,7,,,30,,,,,,,,,,,,,,17,,,,,B12,,,1,,1,,,8,8,1,12,4,120.614435,24.1732,3
1687,66000,387130000C,(04)23274275,(04)23288582,2025,1,5,10,29,臺中市,清水區,0,1,0,7,2,6,50,4,1,1,5,4,6,6,4,4,8,3,4,2,15,3,10,3,1,B03,7,9,1,8,2,5,,12,12,1,12,4,120.563008,24.275422,2
1688,66000,387130000C,(04)23274275,(04)23288582,2025,1,5,10,34,臺中市,北屯區,0,1,0,7,1,6,50,4,1,1,5,4,6,6,4,4,10,5,5,2,15,2,9,1,1,C03,7,9,1,10,2,11,,15,15,1,6,4,120.717407,24.172775,2
1689,66000,387130000C,(04)23274275,(04)23288582,2025,1,5,10,35,臺中市,北區,0,0,0,7,,,50,,,,,,,,,,,,,,14,,,,,B03,,,1,,2,,,49,49,1,12,4,120.680028,24.16243,3