序號,縣市別代碼,機關代碼,市話,傳真,年,月,日,時,分,縣市,區,死亡數量,受傷數量,2-30,天候,道路照明設備,道路類別,道路速限,道路型態,事故位置,路面鋪裝,路面狀態,路面缺陷,障礙物,視距,號誌種類,號誌動作,分向設施,快車道或一般車道間,快慢車道間,路面邊線,事故類型及型態,受傷程度,主要傷處,保護裝備,行動電話或功能裝置,當事者區分(類別),車輛用途,當事者行動狀態,駕照狀態,駕照種類,飲酒情形,車輛撞擊部位最初,車輛撞擊部位其他,肇事因素個別,肇事因素主要,肇事逃逸,職業,共享經濟或外送平台,GPS座標X,GPS座標Y,事故類別
2360,66000,387130000C,(04)23274275,(04)23288582,2025,1,6,20,17,臺中市,梧棲區,0,2,0,7,1,6,50,4,1,1,5,4,6,6,4,4,10,5,5,2,15,2,9,1,1,C03,7,9,1,10,2,11,,15,15,1,6,4,120.532791,24.256213,2
2361,66000,387130000C,(04)23274275,(04)23288582,2025,1,6,20,23,臺中市,北區,0,0,0,7,1,6,50,13,9,1,5,4,6,6,4,4,5,2,5,2,12,,,,,B02,,,1,,1,,,8,8,1,12,1,120.681012,24.153251,3
2362,66000,387130000C,(04)23274275,(04)23288582,2025,1,6,20,24,臺中市,南區,0,0,0,7,,,50,,,,,,,,,,,,,,14,,,,,B03,,,1,,2,,,49,49,1,12,4,120.658906,24.117901,3
2363,66000,387130000C,(04)23274275,(04)23288582,2025,1,6,20,24,臺中市,北屯區,0,2,0,7,1,6,50,4,1,1,5,4,6,6,4,4,10,5,5,2,15,3,10,3,1,B01,7,9,1,4,2,8,,12,12,1,12,4,120.691776,24.184075,2
2364,66000,387130000C,(04)23274275,(04)23288582,2025,1,6,20,25,臺中市,北屯區,0,0,0,7,,,30,,,,,,,,,,,,,,,,,,,B03,,,1,,1,,,84,84,1,12,4,120.697819,24.176436,3
2365,66000,387130000C,(04)23274275,(04)23288582,2025,1,6,20,35,臺中市,西屯區,0,0,0,7,,,50,,,,,,,,,,,,,,13,,,,,B03,,,1,,2,,,59,59,1,13,4,120.661414,24.165008,4
2366,66000,387130000C,(04)23274275,(04)23288582,2025,1,6,20,35,臺中市,外埔區,0,2,0,7,1,6,50,11,12,1,5,4,6,6,4,4,9,4,4,1,18,2,9,2,1,C03,7,9,2,19,2,11,,59,59,1,3,4,120.64567,24.337443,2
2367,66000,387130000C,(04)23274275,(04)23288582,2025,1,6,20,36,臺中市,北區,0,0,0,7,,,50,,,,,,,,,,,,,,17,,,,,C03,,,1,,1,,,7,7,1,13,4,120.682321,24.163152,4
2368,66000,387130000C,(04)23274275,(04)23288582,2025,1,6,20,40,臺中市,烏日區,0,0,0,7,,,50,,,,,,,,,,,,,,14,,,,,B03,,,1,,2,,,49,49,1,6,4,120.656939,24.057672,3
2369,66000,387130000C,(04)23274275,(04)23288582,2025,1,6,20,42,臺中市,大雅區,0,2,0,7,1,6,50,4,1,1,5,4,6,6,1,1,10,5,5,2,15,2,6,2,1,C03,7,9,3,19,2,11,,85,85,1,12,4,120.664309,24.234684,2
2370,66000,387130000C,(04)23274275,(04)23288582,2025,1,6,20,43,臺中市,梧棲區,0,0,0,7,,,50,,,,,,,,,,,,,,17,,,,,B02,,,1,,2,,,45,45,1,6,4,120.538185,24.24765,3
2371,66000,387130000C,(04)23274275,(04)23288582,2025,1,6,20,46,臺中市,大甲區,0,0,0,7,,,50,,,,,,,,,,,,,,,,,,,B03,,,1,,1,,,49,49,1,6,4,120.65185,24.38357,3
2372,66000,387130000C,(04)23274275,(04)23288582,2025,1,6,20,50,臺中市,太平區,0,2,0,7,1,6,30,4,1,1,5,4,6,6,4,4,10,5,5,2,15,2,9,2,1,C03,7,9,1,10,2,13,,12,12,1,12,2,120.722287,24.156788,2
2373,66000,387130000C,(04)23274275,(04)23288582,2025,1,6,20,51,臺中市,東區,0,2,0,7,1,6,50,4,1,1,5,4,6,6,1,1,3,4,4,2,17,2,9,2,1,C03,7,6,1,10,2,14,,48,48,1,12,4,120.687705,24.138829,2
2374,66000,387130000C,(04)23274275,(04)23288582,2025,1,6,21,2,臺中市,龍井區,0,1,0,6,1,6,30,4,1,1,5,4,6,6,4,4,10,5,5,2,15,2,8,1,1,C03,7,9,1,10,2,14,,12,12,1,6,4,120.58938,24.180919,2
2375,66000,387130000C,(04)23274275,(04)23288582,2025,1,6,21,4,臺中市,南區,0,0,0,7,,,50,,,,,,,,,,,,,,13,,,,,C03,,,1,,2,,,7,7,1,13,4,120.658402,24.117505,3
2376,66000,387130000C,(04)23274275,(04)23288582,2025,1,6,21,5,臺中市,潭子區,0,0,0,7,,,60,,,,,,,,,,,,,,13,,,,,B01,,,1,,2,,,58,58,1,12,4,120.702152,24.197197,4
2377,66000,387130000C,(04)23274275,(04)23288582,2025,1,6,21,5,臺中市,潭子區,0,2,0,6,1,6,30,4,2,1,5,4,6,6,1,1,1,4,4,1,17,2,7,1,1,C03,7,9,1,10,2,14,,39,39,1,13,4,120.684716,24.216123,2
2378,66000,387130000C,(04)23274275,(04)23288582,2025,1,6,21,5,臺中市,東區,0,0,0,7,,,50,,,,,,,,,,,,,,13,,,,,C03,,,1,,1,,,7,7,1,13,4,120.688484,24.135263,3
2379,66000,387130000C,(04)23274275,(04)23288582,2025,1,6,21,6,臺中市,大甲區,0,1,0,7,3,6,50,4,1,1,5,4,6,6,4,4,10,5,5,2,17,2,9,1,1,C03,7,9,1,10,2,11,,15,15,1,6,4,120.655348,24.403953,2
2380,66000,387130000C,(04)23274275,(04)23288582,2025,1,6,21,9,臺中市,神岡區,0,1,0,7,1,6,50,13,9,1,5,4,6,6,4,4,5,4,5,2,16,3,10,5,4,B03,7,5,5,8,2,6,,47,47,1,12,4,120.695523,24.238993,2
2381,66000,387130000C,(04)23274275,(04)23288582,2025,1,6,21,10,臺中市,霧峰區,0,0,0,6,,,50,,,,,,,,,,,,,,18,,,,,C03,,,1,,2,,,84,84,1,13,4,120.715863,24.071896,3
2382,66000,387130000C,(04)23274275,(04)23288582,2025,1,6,21,15,臺中市,西區,0,1,0,7,3,6,50,4,1,1,5,4,6,6,2,1,10,5,5,2,16,3,10,3,1,B03,7,5,1,8,2,2,,11,11,1,13,4,120.661725,24.144333,2
2383,66000,387130000C,(04)23274275,(04)23288582,2025,1,6,21,20,臺中市,西區,0,0,0,7,,,,,,,,,,,,,,,,,,,,,,,,,,,,,,119,119,1,,,120.675767,24.1341,3
2384,66000,387130000C,(04)23274275,(04)23288582,2025,1,6,21,23,臺中市,中區,0,0,0,6,,,,,,,,,,,,,,,,,,,,,,,,,,,,,,119,119,1,,,120.678774,24.142902,3
2385,66000,387130000C,(04)23274275,(04)23288582,2025,1,6,21,33,臺中市,北區,0,1,0,7,2,6,40,4,2,1,5,4,6,6,4,4,5,4,4,2,17,2,9,5,1,C03,7,9,1,10,2,11,,59,59,1,13,4,120.675574,24.169761,2
2386,66000,387130000C,(04)23274275,(04)23288582,2025,1,6,21,35,臺中市,西屯區,0,2,0,7,1,9,30,13,9,1,5,4,6,6,4,4,10,5,5,2,18,2,9,5,4,C03,7,9,1,10,2,12,,59,59,1,13,4,120.659232,24.16626,2
2387,66000,387130000C,(04)23274275,(04)23288582,2025,1,6,21,36,臺中市,西區,0,0,0,7,,,50,,,,,,,,,,,,,,,,,,,C03,,,1,,1,,,49,49,1,13,4,120.658822,24.155283,3
2388,66000,387130000C,(04)23274275,(04)23288582,2025,1,6,21,41,臺中市,沙鹿區,0,1,0,6,2,6,50,3,1,1,5,4,6,6,4,4,10,5,5,2,17,3,10,3,1,B03,7,1,1,8,2,8,,51,51,1,6,4,120.56555,24.23713,2
2389,66000,387130000C,(04)23274275,(04)23288582,2025,1,6,21,48,臺中市,沙鹿區,0,0,0,7,,,50,,,,,,,,,,,,,,14,,,,,B03,,,1,,2,,,49,49,1,12,4,120.571079,24.203681,3
2390,66000,387130000C,(04)23274275,(04)23288582,2025,1,6,21,50,臺中市,西區,0,2,0,7,1,6,40,13,8,1,5,4,6,6,4,4,5,4,4,2,17,2,9,1,1,C03,7,9,1,10,2,14,,72,72,1,13,4,120.668576,24.142749,2
2391,66000,387130000C,(04)23274275,(04)23288582,2025,1,6,22,0,臺中市,北屯區,0,0,0,7,,,50,,,,,,,,,,,,,,17,,,,,B03,,,1,,2,,,49,49,1,13,4,120.719368,24.179027,3
2392,66000,387130000C,(04)23274275,(04)23288582,2025,1,6,22,2,臺中市,大里區,0,1,0,6,2,6,50,3,1,1,5,4,6,6,4,4,10,5,5,1,17,3,10,3,1,B03,7,6,1,8,2,6,,14,14,1,13,4,120.700991,24.088746,2
2393,66000,387130000C,(04)23274275,(04)23288582,2025,1,6,22,19,臺中市,南區,0,1,0,7,1,6,50,3,1,1,5,4,6,6,4,4,3,4,4,2,17,3,10,3,1,B03,7,5,1,8,2,3,,47,47,1,12,4,120.67941,24.117567,2
2394,66000,387130000C,(04)23274275,(04)23288582,2025,1,6,22,26,臺中市,北區,0,1,0,7,1,6,50,5,9,1,5,4,6,6,2,1,10,5,5,2,18,2,9,2,1,C03,7,9,1,10,2,12,,84,84,1,13,4,120.683595,24.148102,2
2395,66000,387130000C,(04)23274275,(04)23288582,2025,1,6,22,35,臺中市,南屯區,0,0,0,7,,,50,,,,,,,,,,,,,,16,,,,,B02,,,1,,1,,,14,14,1,6,4,120.633723,24.142063,3
2396,66000,387130000C,(04)23274275,(04)23288582,2025,1,6,22,40,臺中市,大雅區,0,0,0,7,,,30,,,,,,,,,,,,,,17,,,,,A41,,,1,,2,,,84,84,1,13,4,120.640115,24.225503,3
2397,66000,387130000C,(04)23274275,(04)23288582,2025,1,6,22,50,臺中市,太平區,0,1,0,7,1,6,50,13,7,1,5,4,6,6,4,4,5,5,4,1,28,,,,,,,,,,,,,118,118,1,,,120.726203,24.149712,2
2398,66000,387130000C,(04)23274275,(04)23288582,2025,1,6,22,51,臺中市,沙鹿區,0,1,0,6,2,6,60,4,2,1,5,4,6,6,1,1,1,4,3,1,13,3,10,3,1,B03,7,9,1,8,9,1,,59,59,2,6,4,120.580758,24.201702,2
2399,66000,387130000C,(04)23274275,(04)23288582,2025,1,6,22,52,臺中市,大雅區,0,0,0,7,,,50,,,,,,,,,,,,,,13,,,,,B03,,,1,,1,,,7,7,1,12,4,120.650942,24.216443,3
2400,66000,387130000C,(04)23274275,(04)23288582,2025,1,6,23,0,臺中市,北區,0,0,0,7,,,50,,,,,,,,,,,,,,17,,,,,B03,,,1,,2,,,59,59,1,13,4,120.677829,24.162983,3
2401,66000,387130000C,(04)23274275,(04)23288582,2025,1,6,23,7,臺中市,西屯區,0,0,0,7,,,40,,,,,,,,,,,,,,11,,,,,B03,,,1,,1,,,49,49,1,12,4,120.646247,24.178777,3
2402,66000,387130000C,(04)23274275,(04)23288582,2025,1,6,23,19,臺中市,梧棲區,0,1,0,7,1,6,50,4,1,1,5,4,6,6,2,1,1,2,4,1,12,2,7,4,1,F01,7,9,7,21,2,13,,42,42,1,12,4,120.533189,24.264061,2
2403,66000,387130000C,(04)23274275,(04)23288582,2025,1,6,23,27,臺中市,南區,0,0,0,7,,,50,,,,,,,,,,,,,,17,,,,,B02,,,1,,2,,,7,7,1,13,4,120.657498,24.133777,3
2404,66000,387130000C,(04)23274275,(04)23288582,2025,1,6,23,28,臺中市,南區,0,0,0,7,,,50,,,,,,,,,,,,,,30,,,,,B03,,,1,,1,,,85,85,1,12,4,120.662975,24.127595,3
2405,66000,387130000C,(04)23274275,(04)23288582,2025,1,6,23,44,臺中市,大肚區,0,0,0,7,,,70,,,,,,,,,,,,,,,,,,,B03,,,1,,2,,,55,55,1,6,4,120.542228,24.169244,3
2406,66000,387130000C,(04)23274275,(04)23288582,2025,1,7,0,20,臺中市,后里區,0,0,0,7,,,50,,,,,,,,,,,,,,17,,,,,C03,,,1,,2,,,59,59,1,12,4,120.719471,24.307188,3
2407,66000,387130000C,(04)23274275,(04)23288582,2025,1,7,0,53,臺中市,清水區,0,1,0,7,1,6,50,13,9,1,5,4,6,6,4,4,9,4,4,1,27,2,9,3,1,B03,7,9,1,8,2,1,,84,84,1,12,4,120.598408,24.269297,2
2408,66000,387130000C,(04)23274275,(04)23288582,2025,1,7,0,55,臺中市,西區,0,2,0,7,1,6,50,4,1,1,5,4,6,6,4,4,10,5,5,2,12,2,9,1,1,C03,7,8,1,10,2,14,,40,40,1,13,4,120.660834,24.146775,2
2409,66000,387130000C,(04)23274275,(04)23288582,2025,1,7,1,9,臺中市,北區,0,0,0,7,,,50,,,,,,,,,,,,,,17,,,,,B03,,,1,,1,,,84,84,1,13,4,120.678131,24.148826,3
2410,66000,387130000C,(04)23274275,(04)23288582,2025,1,7,1,48,臺中市,西屯區,0,0,0,7,,,30,,,,,,,,,,,,,,17,,,,,B03,,,1,,2,,,59,59,1,11,4,120.644766,24.174988,3
2411,66000,387130000C,(04)23274275,(04)23288582,2025,1,7,1,53,臺中市,梧棲區,1,0,0,7,1,6,30,13,24,1,5,4,6,6,4,4,10,5,5,2,19,1,1,4,1,B03,7,9,3,19,9,8,,59,59,1,13,4,120.535393,24.235776,1
2412,66000,387130000C,(04)23274275,(04)23288582,2025,1,7,5,46,臺中市,大里區,0,1,0,7,1,6,40,13,12,1,5,4,6,6,1,1,1,4,4,1,28,2,9,1,1,C03,7,9,1,10,2,12,,84,84,1,5,4,120.695644,24.08817,2
2413,66000,387130000C,(04)23274275,(04)23288582,2025,1,7,5,50,臺中市,沙鹿區,0,1,0,7,2,6,50,3,1,1,5,4,6,6,4,4,5,5,5,2,17,2,9,1,1,C03,7,9,1,10,2,12,,84,84,1,13,4,120.563926,24.21157,2
2414,66000,387130000C,(04)23274275,(04)23288582,2025,1,7,5,57,臺中市,后里區,0,1,0,7,1,6,50,4,2,1,5,4,6,6,3,1,5,5,5,1,16,2,8,2,1,C03,7,6,3,19,2,12,,39,39,1,12,4,120.730745,24.30806,2
2415,66000,387130000C,(04)23274275,(04)23288582,2025,1,7,6,8,臺中市,南屯區,0,1,0,7,2,6,50,4,1,1,5,4,6,6,2,1,5,4,5,2,18,2,9,2,1,C03,7,15,1,10,2,14,,84,84,1,13,4,120.649895,24.148863,2
2416,66000,387130000C,(04)23274275,(04)23288582,2025,1,7,6,9,臺中市,沙鹿區,0,1,0,6,1,6,50,13,7,1,5,4,6,6,1,1,1,4,1,1,13,3,10,3,1,B03,7,9,1,8,7,8,,53,53,1,12,4,120.56878,24.202427,2
2417,66000,387130000C,(04)23274275,(04)23288582,2025,1,7,6,14,臺中市,大里區,0,1,0,7,1,6,50,3,1,1,5,4,6,6,4,4,10,5,5,2,17,3,10,3,1,B03,7,1,1,8,2,1,,39,39,1,6,4,120.695591,24.077719,2
2418,66000,387130000C,(04)23274275,(04)23288582,2025,1,7,6,15,臺中市,外埔區,0,1,0,7,1,6,70,4,1,1,5,4,6,6,1,1,1,1,5,1,17,3,10,3,1,B12,7,9,5,19,2,16,,21,21,1,12,4,120.667256,24.319928,2
2419,66000,387130000C,(04)23274275,(04)23288582,2025,1,7,6,42,臺中市,大甲區,0,0,0,7,,,50,,,,,,,,,,,,,,,,,,,C03,,,1,,2,,,21,21,1,12,4,120.626694,24.340298,3
2420,66000,387130000C,(04)23274275,(04)23288582,2025,1,7,6,45,臺中市,北屯區,0,1,0,7,2,6,40,13,8,1,5,4,6,6,1,1,5,5,4,2,18,2,9,1,1,C03,7,9,1,10,2,14,,82,82,1,12,4,120.676138,24.196745,2
2421,66000,387130000C,(04)23274275,(04)23288582,2025,1,7,6,56,臺中市,大甲區,0,1,0,7,3,6,50,3,9,1,5,4,6,6,1,1,5,4,5,1,17,3,10,3,1,B12,7,9,1,15,2,1,,21,21,1,12,4,120.611455,24.348379,2
2422,66000,387130000C,(04)23274275,(04)23288582,2025,1,7,6,58,臺中市,大里區,0,0,0,7,,,30,,,,,,,,,,,,,,16,,,,,B01,,,1,,2,,,84,84,1,6,4,120.696329,24.11111,3
2423,66000,387130000C,(04)23274275,(04)23288582,2025,1,7,7,1,臺中市,沙鹿區,0,1,0,7,2,6,50,3,1,1,5,4,6,6,4,4,4,5,5,2,17,2,9,1,1,C03,7,9,1,10,9,12,,85,85,1,13,4,120.563926,24.21157,2
2424,66000,387130000C,(04)23274275,(04)23288582,2025,1,7,7,2,臺中市,豐原區,0,1,0,7,2,6,50,3,1,1,5,4,6,6,4,4,10,5,5,2,17,3,10,5,4,B03,7,6,1,8,2,8,,84,84,1,6,4,120.737296,24.259536,2
2425,66000,387130000C,(04)23274275,(04)23288582,2025,1,7,7,6,臺中市,南區,0,0,0,7,,,50,,,,,,,,,,,,,,,,,,,B03,,,1,,2,,,40,40,1,12,4,120.676066,24.126495,3
2426,66000,387130000C,(04)23274275,(04)23288582,2025,1,7,7,8,臺中市,北屯區,0,1,0,7,1,6,50,3,1,1,5,4,1,6,1,1,1,5,5,2,18,2,9,5,4,C03,7,9,1,10,2,12,,84,84,1,13,4,120.726085,24.180468,2
2427,66000,387130000C,(04)23274275,(04)23288582,2025,1,7,7,13,臺中市,豐原區,0,1,0,7,2,6,50,4,8,1,5,4,6,6,4,4,5,5,4,2,17,3,10,3,1,B03,7,15,1,8,2,1,,84,84,1,12,4,120.714207,24.259566,2
2428,66000,387130000C,(04)23274275,(04)23288582,2025,1,7,7,18,臺中市,西屯區,0,1,0,7,2,6,50,13,9,1,5,4,6,6,4,4,5,4,5,2,13,2,7,1,1,C03,7,9,1,10,1,11,,7,7,1,13,4,120.60396,24.186579,2
2429,66000,387130000C,(04)23274275,(04)23288582,2025,1,7,7,18,臺中市,清水區,0,2,0,7,2,6,50,4,1,1,5,4,6,6,4,4,8,3,4,2,15,2,9,1,1,C03,7,9,1,8,2,14,,12,12,1,12,4,120.546858,24.264097,2
2430,66000,387130000C,(04)23274275,(04)23288582,2025,1,7,7,21,臺中市,北屯區,0,0,0,7,,,80,,,,,,,,,,,,,,17,,,,,B03,,,1,,1,,,7,7,1,13,4,120.721396,24.179283,3
2431,66000,387130000C,(04)23274275,(04)23288582,2025,1,7,7,21,臺中市,梧棲區,0,1,0,7,3,6,50,13,8,1,5,4,6,6,4,4,1,2,1,2,15,3,10,3,1,B03,7,14,1,8,2,2,,77,77,1,6,4,120.542537,24.243596,2
2432,66000,387130000C,(04)23274275,(04)23288582,2025,1,7,7,22,臺中市,大甲區,0,1,0,7,1,6,50,13,9,1,5,4,6,6,4,4,5,5,5,1,16,3,10,3,1,B03,7,11,1,8,2,8,,45,45,1,12,4,120.653211,24.377831,2
2433,66000,387130000C,(04)23274275,(04)23288582,2025,1,7,7,23,臺中市,大甲區,0,1,0,7,1,6,50,4,1,1,5,4,6,6,4,4,5,5,5,1,15,2,9,1,1,C03,7,9,1,10,2,12,,12,12,1,12,4,120.621313,24.347212,2
2434,66000,387130000C,(04)23274275,(04)23288582,2025,1,7,7,26,臺中市,大里區,0,2,0,7,3,6,50,3,2,1,5,4,6,6,4,4,5,5,5,2,16,3,10,5,4,C03,7,6,1,10,2,11,,14,14,1,13,4,120.687132,24.105862,2
2435,66000,387130000C,(04)23274275,(04)23288582,2025,1,7,7,28,臺中市,南區,0,0,0,7,,,50,,,,,,,,,,,,,,,,,,,C03,,,1,,2,,,7,7,1,13,4,120.682356,24.134136,3
2436,66000,387130000C,(04)23274275,(04)23288582,2025,1,7,7,28,臺中市,石岡區,0,2,0,7,2,6,30,4,2,1,5,4,6,6,4,4,10,5,5,1,17,2,8,5,4,C03,7,6,1,10,2,14,,14,14,1,13,4,120.793426,24.273185,2
2437,66000,387130000C,(04)23274275,(04)23288582,2025,1,7,7,32,臺中市,霧峰區,0,0,0,7,,,40,,,,,,,,,,,,,,,,,,,,,,,,,,,119,119,1,,,120.664544,24.0598,3
2438,66000,387130000C,(04)23274275,(04)23288582,2025,1,7,7,33,臺中市,東區,0,1,0,7,3,6,50,4,9,1,5,4,6,6,2,1,5,5,5,2,16,3,10,5,4,B03,7,6,1,8,2,2,,11,11,1,12,4,120.700535,24.138877,2
2439,66000,387130000C,(04)23274275,(04)23288582,2025,1,7,7,34,臺中市,西屯區,0,0,0,7,,,50,,,,,,,,,,,,,,13,,,,,B03,,,1,,1,,,56,56,1,13,4,120.598927,24.173528,3
2440,66000,387130000C,(04)23274275,(04)23288582,2025,1,7,7,35,臺中市,北屯區,0,1,0,7,2,6,50,3,1,1,5,4,6,6,1,1,10,5,5,2,13,2,9,5,4,C03,7,9,1,10,1,14,,84,84,1,12,4,120.698241,24.172787,2
2441,66000,387130000C,(04)23274275,(04)23288582,2025,1,7,7,35,臺中市,大里區,0,0,0,7,,,30,,,,,,,,,,,,,,12,,,,,B03,,,1,,2,,,84,84,1,13,4,120.680569,24.116518,3
2442,66000,387130000C,(04)23274275,(04)23288582,2025,1,7,7,35,臺中市,沙鹿區,0,1,0,7,2,6,50,3,1,1,5,4,6,6,4,4,3,5,5,2,17,2,9,1,1,C03,7,9,1,10,2,12,,87,87,1,13,4,120.563926,24.21157,2
2443,66000,387130000C,(04)23274275,(04)23288582,2025,1,7,7,36,臺中市,太平區,0,1,0,7,2,6,50,4,1,1,5,4,6,6,4,4,10,5,5,2,16,2,9,2,1,C03,7,9,1,10,2,12,,12,12,1,13,4,120.704572,24.153961,2
2444,66000,387130000C,(04)23274275,(04)23288582,2025,1,7,7,38,臺中市,神岡區,0,2,0,7,1,6,50,3,1,1,5,4,6,6,4,4,10,5,5,1,13,2,9,1,1,C03,7,9,1,10,2,11,,7,7,1,12,4,120.6846,24.246043,2
2445,66000,387130000C,(04)23274275,(04)23288582,2025,1,7,7,40,臺中市,西屯區,0,0,0,7,,,50,,,,,,,,,,,,,,12,,,,,C03,,,1,,1,,,8,8,1,12,4,120.619622,24.169277,3
2446,66000,387130000C,(04)23274275,(04)23288582,2025,1,7,7,40,臺中市,沙鹿區,0,2,0,7,2,6,50,3,9,1,5,4,6,6,4,4,9,5,5,2,13,2,9,2,1,C03,7,9,1,10,2,11,,59,59,1,12,4,120.555372,24.232939,2
2447,66000,387130000C,(04)23274275,(04)23288582,2025,1,7,7,40,臺中市,清水區,0,0,0,7,2,6,50,13,14,1,5,4,6,6,4,4,8,3,5,1,14,,,,,B12,,,1,,2,,,49,49,1,12,4,120.565165,24.278719,3
2448,66000,387130000C,(04)23274275,(04)23288582,2025,1,7,7,41,臺中市,南屯區,0,0,0,7,,,50,,,,,,,,,,,,,,,,,,,C03,,,1,,9,,,21,21,1,13,4,120.631748,24.125647,3
2449,66000,387130000C,(04)23274275,(04)23288582,2025,1,7,7,41,臺中市,沙鹿區,0,0,0,7,,,50,,,,,,,,,,,,,,17,,,,,C03,,,1,,2,,,7,7,1,6,4,120.600513,24.259611,3
2450,66000,387130000C,(04)23274275,(04)23288582,2025,1,7,7,41,臺中市,豐原區,0,2,0,6,2,6,30,3,1,1,5,4,6,6,4,4,1,2,4,1,17,3,10,2,1,C03,7,9,1,10,2,14,13,12,12,1,6,4,120.736331,24.260045,2
2451,66000,387130000C,(04)23274275,(04)23288582,2025,1,7,7,42,臺中市,南屯區,0,1,0,7,2,6,50,4,1,1,5,4,6,6,2,1,9,4,5,2,11,3,10,3,1,A12,7,6,1,7,2,2,,11,11,1,12,4,120.654492,24.129157,2
2452,66000,387130000C,(04)23274275,(04)23288582,2025,1,7,7,42,臺中市,石岡區,0,0,0,7,,,50,,,,,,,,,,,,,,17,,,,,B03,,,1,,2,,,84,84,1,13,4,120.777391,24.27479,3
2453,66000,387130000C,(04)23274275,(04)23288582,2025,1,7,7,43,臺中市,北屯區,0,0,0,7,,,40,,,,,,,,,,,,,,17,,,,,B03,,,1,,1,,,84,84,1,12,4,120.720145,24.174171,3
2454,66000,387130000C,(04)23274275,(04)23288582,2025,1,7,7,44,臺中市,北屯區,0,2,0,7,2,6,50,4,1,1,5,4,6,6,2,1,10,5,5,2,12,2,7,1,1,C03,7,7,1,10,2,13,,35,35,1,12,4,120.686216,24.181487,2
2455,66000,387130000C,(04)23274275,(04)23288582,2025,1,7,7,44,臺中市,清水區,0,0,0,7,,,30,,,,,,,,,,,,,,11,,,,,,,,,,,,,8,8,1,,,120.55889,24.258202,3
2456,66000,387130000C,(04)23274275,(04)23288582,2025,1,7,7,45,臺中市,南屯區,0,0,0,7,3,6,50,13,9,1,5,4,6,6,1,1,5,4,5,2,13,,,,,C03,,,1,,1,,,7,7,1,12,4,120.652971,24.140127,3
2457,66000,387130000C,(04)23274275,(04)23288582,2025,1,7,7,45,臺中市,大甲區,0,1,0,7,1,6,50,3,1,1,5,4,6,6,4,4,5,5,5,2,16,3,10,3,1,B03,7,6,1,8,2,1,,14,14,1,12,4,120.644114,24.401133,2
2458,66000,387130000C,(04)23274275,(04)23288582,2025,1,7,7,46,臺中市,北屯區,0,0,0,7,,,50,,,,,,,,,,,,,,17,,,,,C03,,,1,,1,,,84,84,1,6,4,120.703888,24.169708,3
2459,66000,387130000C,(04)23274275,(04)23288582,2025,1,7,7,46,臺中市,大里區,0,2,0,7,3,6,50,13,8,1,5,4,6,6,4,4,3,4,4,1,12,2,7,5,4,C03,7,9,1,10,2,14,,8,8,1,13,4,120.678817,24.10392,2
2460,66000,387130000C,(04)23274275,(04)23288582,2025,1,7,7,50,臺中市,西屯區,0,0,0,7,,,50,,,,,,,,,,,,,,12,,,,,C03,,,1,,1,,,8,8,1,13,4,120.616268,24.179491,3
2461,66000,387130000C,(04)23274275,(04)23288582,2025,1,7,7,50,臺中市,大里區,0,1,0,7,2,6,50,3,1,1,5,4,6,6,1,1,5,5,5,1,16,3,10,3,3,B03,7,6,1,8,2,1,,11,11,1,6,4,120.674817,24.110153,2
2462,66000,387130000C,(04)23274275,(04)23288582,2025,1,7,7,51,臺中市,北區,0,1,0,7,2,6,50,13,14,1,5,2,1,6,4,4,5,5,5,2,18,2,9,1,1,C03,7,9,1,10,2,14,,84,84,1,13,4,120.676954,24.152126,2
2463,66000,387130000C,(04)23274275,(04)23288582,2025,1,7,7,52,臺中市,東區,0,0,0,7,,,50,,,,,,,,,,,,,,16,,,,,C03,,,1,,1,,,11,11,1,12,4,120.70128,24.142716,3
2464,66000,387130000C,(04)23274275,(04)23288582,2025,1,7,7,52,臺中市,豐原區,0,0,0,7,,,50,,,,,,,,,,,,,,10,,,,,C03,,,1,,2,,,21,21,1,12,4,120.720827,24.251763,3
2465,66000,387130000C,(04)23274275,(04)23288582,2025,1,7,7,52,臺中市,豐原區,0,2,0,7,2,6,50,3,7,1,5,4,6,6,2,1,5,5,4,2,13,2,9,1,1,C03,7,9,1,10,2,11,,7,7,1,12,4,120.706389,24.24832,2
2466,66000,387130000C,(04)23274275,(04)23288582,2025,1,7,7,53,臺中市,中區,0,0,0,7,3,6,50,4,1,1,5,4,6,6,2,1,10,5,5,2,13,,,,,C03,,,1,,1,,,7,7,1,13,4,120.675616,24.14168,4
2467,66000,387130000C,(04)23274275,(04)23288582,2025,1,7,7,54,臺中市,太平區,0,0,0,7,,,50,,,,,,,,,,,,,,13,,,,,B03,,,1,,2,,,7,7,1,12,4,120.71005,24.134783,3
2468,66000,387130000C,(04)23274275,(04)23288582,2025,1,7,7,55,臺中市,北屯區,0,0,0,7,,,40,,,,,,,,,,,,,,,,,,,B12,,,1,,1,,,49,49,1,13,4,120.722138,24.167019,3
2469,66000,387130000C,(04)23274275,(04)23288582,2025,1,7,7,55,臺中市,龍井區,0,0,0,7,,,50,,,,,,,,,,,,,,17,,,,,B03,,,1,,2,,,45,45,1,6,4,120.54541,24.18567,3
2470,66000,387130000C,(04)23274275,(04)23288582,2025,1,7,7,59,臺中市,潭子區,0,1,0,7,3,6,50,4,1,1,5,4,6,6,1,1,1,4,5,2,18,2,9,1,1,C03,7,9,1,10,2,12,,84,84,1,13,4,120.706257,24.201032,2