序號,縣市別代碼,機關代碼,市話,傳真,年,月,日,時,分,縣市,區,死亡數量,受傷數量,2-30,天候,道路照明設備,道路類別,道路速限,道路型態,事故位置,路面鋪裝,路面狀態,路面缺陷,障礙物,視距,號誌種類,號誌動作,分向設施,快車道或一般車道間,快慢車道間,路面邊線,事故類型及型態,受傷程度,主要傷處,保護裝備,行動電話或功能裝置,當事者區分(類別),車輛用途,當事者行動狀態,駕照狀態,駕照種類,飲酒情形,車輛撞擊部位最初,車輛撞擊部位其他,肇事因素個別,肇事因素主要,肇事逃逸,職業,共享經濟或外送平台,GPS座標X,GPS座標Y,事故類別
2584,66000,387130000C,(04)23274275,(04)23288582,2025,1,7,12,1,臺中市,西區,0,0,0,7,,,50,,,,,,,,,,,,,,17,,,,,B11,,,1,,1,,,51,51,1,12,4,120.663375,24.144619,3
2585,66000,387130000C,(04)23274275,(04)23288582,2025,1,7,12,7,臺中市,潭子區,0,0,0,7,,,50,,,,,,,,,,,,,,14,,,,,B12,,,1,,1,,,49,49,1,13,4,120.701463,24.224429,3
2586,66000,387130000C,(04)23274275,(04)23288582,2025,1,7,12,8,臺中市,大里區,0,0,0,7,2,6,60,4,1,1,5,4,6,6,1,1,1,2,4,1,11,,,,,B03,,,1,,1,,,40,40,1,13,4,120.674541,24.102824,3
2587,66000,387130000C,(04)23274275,(04)23288582,2025,1,7,12,8,臺中市,大肚區,0,1,0,7,2,6,50,3,1,1,5,4,6,6,4,4,10,5,5,2,18,2,7,2,1,C03,7,5,1,10,2,12,,84,84,1,5,4,120.566183,24.125249,2
2588,66000,387130000C,(04)23274275,(04)23288582,2025,1,7,12,10,臺中市,西屯區,0,0,0,7,,,50,,,,,,,,,,,,,,17,,,,,B12,,,1,,1,,,76,76,1,12,4,120.604985,24.193389,3
2589,66000,387130000C,(04)23274275,(04)23288582,2025,1,7,12,12,臺中市,神岡區,0,0,0,7,1,6,50,13,14,1,5,4,6,6,4,4,5,5,5,1,14,,,,,B12,,,1,,2,,,49,49,1,12,4,120.700948,24.251245,3
2590,66000,387130000C,(04)23274275,(04)23288582,2025,1,7,12,13,臺中市,霧峰區,0,1,0,7,2,6,50,4,1,1,5,4,6,6,1,1,10,5,5,2,16,2,9,2,1,C03,7,6,1,10,2,14,,11,11,1,6,4,120.695953,24.065768,2
2591,66000,387130000C,(04)23274275,(04)23288582,2025,1,7,12,15,臺中市,大雅區,0,0,0,7,,,50,,,,,,,,,,,,,,,,,,,C03,,,1,,1,,,84,84,1,12,4,120.66794,24.215504,3
2592,66000,387130000C,(04)23274275,(04)23288582,2025,1,7,12,16,臺中市,大甲區,0,1,0,7,1,6,50,4,1,1,5,4,6,6,1,1,5,5,5,1,16,3,10,3,1,B03,7,6,1,8,2,1,,11,11,1,12,4,120.620255,24.349609,2
2593,66000,387130000C,(04)23274275,(04)23288582,2025,1,7,12,16,臺中市,豐原區,0,1,0,7,2,6,50,13,7,1,5,4,6,6,4,4,5,5,4,2,13,2,8,2,1,C03,7,9,1,10,2,11,,7,7,1,12,4,120.723444,24.252464,2
2594,66000,387130000C,(04)23274275,(04)23288582,2025,1,7,12,18,臺中市,太平區,0,0,0,7,,,30,,,,,,,,,,,,,,17,,,,,A11,,,1,,2,,,76,76,1,12,4,120.735937,24.117677,3
2595,66000,387130000C,(04)23274275,(04)23288582,2025,1,7,12,19,臺中市,北屯區,0,1,0,7,2,6,50,4,1,1,5,4,6,6,1,1,4,3,5,2,16,3,10,3,1,A12,7,5,1,1,2,2,,11,11,1,13,4,120.687066,24.178926,2
2596,66000,387130000C,(04)23274275,(04)23288582,2025,1,7,12,22,臺中市,東勢區,0,1,0,7,1,6,50,5,1,1,5,4,6,6,4,4,10,5,5,2,16,2,9,1,1,C03,7,9,1,10,2,14,,12,12,1,12,4,120.829573,24.251686,2
2597,66000,387130000C,(04)23274275,(04)23288582,2025,1,7,12,26,臺中市,大里區,0,0,0,7,,,40,,,,,,,,,,,,,,,,,,,B12,,,1,,1,,,20,20,1,6,4,120.686316,24.092995,3
2598,66000,387130000C,(04)23274275,(04)23288582,2025,1,7,12,27,臺中市,南屯區,0,0,0,7,,,50,,,,,,,,,,,,,,,,,,,B03,,,1,,2,,,35,35,1,13,4,120.64975,24.155611,3
2599,66000,387130000C,(04)23274275,(04)23288582,2025,1,7,12,32,臺中市,西區,0,0,0,7,,,50,,,,,,,,,,,,,,,,,,,B03,,,1,,1,,,84,84,1,6,4,120.660775,24.14661,3
2600,66000,387130000C,(04)23274275,(04)23288582,2025,1,7,12,38,臺中市,西屯區,0,0,0,7,,,50,,,,,,,,,,,,,,16,,,,,B03,,,1,,1,,,14,14,1,13,4,120.619713,24.181876,3
2601,66000,387130000C,(04)23274275,(04)23288582,2025,1,7,12,39,臺中市,西區,0,0,0,7,3,6,50,13,9,1,5,4,6,6,4,4,10,5,5,2,12,,,,,B13,,,1,,1,,,84,84,1,6,4,120.662452,24.152036,3
2602,66000,387130000C,(04)23274275,(04)23288582,2025,1,7,12,40,臺中市,北屯區,0,2,0,7,2,6,50,4,1,1,5,4,6,6,4,4,10,5,5,2,15,3,10,5,4,B03,7,9,1,8,2,5,,20,20,1,12,4,120.698276,24.18377,2
2603,66000,387130000C,(04)23274275,(04)23288582,2025,1,7,12,43,臺中市,霧峰區,0,2,0,7,2,6,50,4,1,1,5,4,6,6,1,1,10,5,5,2,17,2,9,5,4,C03,7,15,1,10,2,11,,84,84,1,13,4,120.708056,24.076447,2
2604,66000,387130000C,(04)23274275,(04)23288582,2025,1,7,12,46,臺中市,沙鹿區,0,1,0,7,2,6,30,13,9,1,5,4,6,6,4,4,10,5,5,2,17,3,10,1,1,C03,7,9,3,19,9,12,,84,84,2,13,4,120.56191,24.240678,2
2605,66000,387130000C,(04)23274275,(04)23288582,2025,1,7,12,50,臺中市,大雅區,0,1,0,7,1,6,50,3,2,1,5,4,6,6,4,4,5,5,5,1,17,2,9,2,1,C03,7,9,3,19,8,11,,84,84,1,13,4,120.64447,24.220971,2
2606,66000,387130000C,(04)23274275,(04)23288582,2025,1,7,12,51,臺中市,潭子區,0,2,0,7,2,6,50,13,9,1,5,4,6,6,4,4,5,5,5,1,16,2,7,2,1,C03,7,6,1,10,2,12,,39,39,1,12,4,120.710144,24.208885,2
2607,66000,387130000C,(04)23274275,(04)23288582,2025,1,7,12,52,臺中市,北區,0,1,0,7,2,6,50,4,2,1,5,4,6,6,2,1,10,5,5,1,18,2,9,2,1,C03,7,9,1,10,2,12,,84,84,1,13,4,120.676797,24.15187,2
2608,66000,387130000C,(04)23274275,(04)23288582,2025,1,7,12,56,臺中市,沙鹿區,0,2,0,7,2,6,50,4,1,1,5,4,6,6,4,4,5,4,4,2,17,2,9,1,1,C03,7,6,1,10,2,14,,14,14,1,12,4,120.563944,24.241908,2
2609,66000,387130000C,(04)23274275,(04)23288582,2025,1,7,12,57,臺中市,北屯區,0,0,0,7,,,50,,,,,,,,,,,,,,12,,,,,B03,,,1,,2,,,84,84,1,12,4,120.718167,24.174271,3
2610,66000,387130000C,(04)23274275,(04)23288582,2025,1,7,12,58,臺中市,西屯區,0,0,0,7,,,50,,,,,,,,,,,,,,13,,,,,B03,,,1,,1,,,59,59,1,12,4,120.63917,24.182064,3
2611,66000,387130000C,(04)23274275,(04)23288582,2025,1,7,13,0,臺中市,南屯區,0,2,0,7,3,6,50,4,2,1,5,4,6,6,1,1,5,5,5,2,13,2,7,2,1,C03,7,9,1,10,1,11,,84,84,1,13,4,120.638212,24.135302,2
2612,66000,387130000C,(04)23274275,(04)23288582,2025,1,7,13,0,臺中市,太平區,0,2,0,7,3,6,40,13,9,1,5,4,6,6,4,4,9,4,5,1,16,2,9,1,1,C03,7,11,1,10,2,14,,45,45,1,6,4,120.7299,24.125563,2
2613,66000,387130000C,(04)23274275,(04)23288582,2025,1,7,13,0,臺中市,新社區,0,0,0,7,,,30,,,,,,,,,,,,,,11,,,,,G02,,,7,,2,,,84,84,1,7,4,120.80971,24.199652,3
2614,66000,387130000C,(04)23274275,(04)23288582,2025,1,7,13,4,臺中市,霧峰區,0,2,0,7,3,6,60,3,1,1,5,4,6,6,1,1,10,5,5,2,13,2,9,1,1,C03,7,9,1,10,2,11,,7,7,1,6,4,120.692163,24.044829,2
2615,66000,387130000C,(04)23274275,(04)23288582,2025,1,7,13,8,臺中市,西屯區,0,2,0,7,3,6,50,3,1,1,5,4,6,6,4,4,4,3,4,2,16,3,10,5,4,C03,7,6,1,10,2,12,,14,14,1,13,4,120.646171,24.186393,2
2616,66000,387130000C,(04)23274275,(04)23288582,2025,1,7,13,9,臺中市,西屯區,0,0,0,7,,,50,,,,,,,,,,,,,,13,,,,,B03,,,1,,1,,,7,7,1,13,4,120.636528,24.170784,3
2617,66000,387130000C,(04)23274275,(04)23288582,2025,1,7,13,12,臺中市,大里區,0,0,0,7,,,50,,,,,,,,,,,,,,17,,,,,A11,,,1,3,2,,,84,84,1,13,4,120.718206,24.098574,3
2618,66000,387130000C,(04)23274275,(04)23288582,2025,1,7,13,15,臺中市,烏日區,0,0,0,7,,,50,,,,,,,,,,,,,,12,,,,,B01,,,1,,1,,,51,51,1,13,4,120.616168,24.110251,3
2619,66000,387130000C,(04)23274275,(04)23288582,2025,1,7,13,17,臺中市,龍井區,0,3,0,7,2,6,40,3,2,1,5,4,6,6,4,4,9,4,5,1,16,2,9,1,1,C03,7,6,1,10,2,12,,20,20,1,6,2,120.589833,24.191567,2
2620,66000,387130000C,(04)23274275,(04)23288582,2025,1,7,13,23,臺中市,西屯區,0,1,0,7,1,6,30,4,1,1,5,4,6,6,4,4,10,5,5,2,15,2,9,1,1,C03,7,9,1,10,2,12,,15,15,1,12,2,120.644259,24.180153,2
2621,66000,387130000C,(04)23274275,(04)23288582,2025,1,7,13,24,臺中市,北區,0,1,0,7,2,6,50,13,7,1,5,4,6,6,2,1,1,4,4,2,18,2,9,1,1,C03,7,9,1,10,2,14,,6,6,1,13,4,120.67605,24.157853,2
2622,66000,387130000C,(04)23274275,(04)23288582,2025,1,7,13,24,臺中市,太平區,0,1,0,7,2,6,50,5,2,1,5,4,6,6,1,1,5,2,5,2,16,3,10,3,1,B03,7,7,1,8,2,2,,39,39,1,12,4,120.703132,24.148128,2
2623,66000,387130000C,(04)23274275,(04)23288582,2025,1,7,13,30,臺中市,西屯區,0,0,0,7,,,50,,,,,,,,,,,,,,13,,,,,B11,,,1,,1,,,84,84,1,12,4,120.644033,24.160964,3
2624,66000,387130000C,(04)23274275,(04)23288582,2025,1,7,13,32,臺中市,西屯區,0,0,0,7,,,50,,,,,,,,,,,,,,13,,,,,B03,,,1,,1,,,8,8,1,12,4,120.64171,24.172891,3
2625,66000,387130000C,(04)23274275,(04)23288582,2025,1,7,13,32,臺中市,沙鹿區,0,0,0,7,,,30,,,,,,,,,,,,,,,,,,,B03,,,1,,2,,,49,49,1,12,4,120.565866,24.250717,3
2626,66000,387130000C,(04)23274275,(04)23288582,2025,1,7,13,34,臺中市,大肚區,0,1,0,7,2,6,50,3,1,1,5,4,6,6,4,4,10,5,5,2,11,3,10,3,1,A11,7,6,1,1,2,4,,4,4,1,6,4,120.572367,24.160461,2
2627,66000,387130000C,(04)23274275,(04)23288582,2025,1,7,13,35,臺中市,北區,0,0,0,7,,,50,,,,,,,,,,,,,,,,,,,B03,,,1,,1,,,49,49,1,13,4,120.67678,24.153938,3
2628,66000,387130000C,(04)23274275,(04)23288582,2025,1,7,13,35,臺中市,西屯區,0,0,0,7,,,50,,,,,,,,,,,,,,13,,,,,B03,,,1,,1,,,84,84,1,12,4,120.646531,24.157749,3
2629,66000,387130000C,(04)23274275,(04)23288582,2025,1,7,13,38,臺中市,東區,0,1,0,7,3,6,50,13,9,1,5,4,6,6,4,4,5,4,5,2,13,2,9,1,1,C03,7,9,1,10,2,11,,7,7,1,6,4,120.683693,24.132593,2
2630,66000,387130000C,(04)23274275,(04)23288582,2025,1,7,13,38,臺中市,烏日區,0,0,0,7,,,80,,,,,,,,,,,,,,13,,,,,B03,,,1,,2,,,59,59,1,13,4,120.614653,24.105423,3
2631,66000,387130000C,(04)23274275,(04)23288582,2025,1,7,13,42,臺中市,大里區,0,1,0,7,2,6,50,11,9,1,5,4,6,6,4,4,5,5,4,2,12,3,10,3,3,B03,7,4,1,8,2,2,,84,84,1,6,4,120.674447,24.102139,2
2632,66000,387130000C,(04)23274275,(04)23288582,2025,1,7,13,44,臺中市,潭子區,0,1,0,7,2,6,50,4,1,1,5,4,6,6,4,4,10,5,5,2,16,3,10,3,1,B03,7,6,1,8,2,7,,14,14,1,12,4,120.704406,24.212441,2
2633,66000,387130000C,(04)23274275,(04)23288582,2025,1,7,13,45,臺中市,西屯區,0,0,0,7,,,30,,,,,,,,,,,,,,17,,,,,B03,,,1,,1,,,51,51,1,13,4,120.665911,24.170446,3
2634,66000,387130000C,(04)23274275,(04)23288582,2025,1,7,13,47,臺中市,西屯區,0,1,0,7,2,6,50,13,9,1,5,4,6,6,1,1,5,5,5,2,14,3,10,3,1,B03,7,2,1,8,2,7,,49,49,1,12,4,120.642378,24.169402,2
2635,66000,387130000C,(04)23274275,(04)23288582,2025,1,7,13,48,臺中市,南屯區,0,0,0,7,,,50,,,,,,,,,,,,,,13,,,,,B03,,,1,,1,,,84,84,1,13,4,120.640722,24.149881,3
2636,66000,387130000C,(04)23274275,(04)23288582,2025,1,7,13,49,臺中市,烏日區,0,0,0,7,,,30,,,,,,,,,,,,,,,,,,,B03,,,1,,2,,,13,13,1,8,4,120.642769,24.072762,3
2637,66000,387130000C,(04)23274275,(04)23288582,2025,1,7,13,57,臺中市,南區,0,0,0,7,,,50,,,,,,,,,,,,,,,,,,,B03,,,1,,2,,,49,49,1,12,4,120.645604,24.110433,3
2638,66000,387130000C,(04)23274275,(04)23288582,2025,1,7,13,59,臺中市,西區,0,1,0,7,3,6,50,4,1,1,5,4,6,6,1,1,10,5,5,2,16,2,9,1,1,C03,7,6,1,10,2,14,,84,84,1,12,4,120.657271,24.152351,2
2639,66000,387130000C,(04)23274275,(04)23288582,2025,1,7,14,0,臺中市,南屯區,0,0,0,7,,,50,,,,,,,,,,,,,,,,,,,C03,,,1,,1,,,7,7,1,6,4,120.649956,24.134835,4
2640,66000,387130000C,(04)23274275,(04)23288582,2025,1,7,14,3,臺中市,大甲區,0,0,0,7,,,50,,,,,,,,,,,,,,13,,,,,B03,,,1,,2,,,7,7,1,6,4,120.617201,24.35182,3
2641,66000,387130000C,(04)23274275,(04)23288582,2025,1,7,14,5,臺中市,北屯區,0,1,0,7,2,6,50,13,9,1,5,4,6,6,4,4,10,4,5,2,11,3,10,3,1,B03,7,9,1,8,2,8,,4,4,1,12,4,120.740362,24.180379,2
2642,66000,387130000C,(04)23274275,(04)23288582,2025,1,7,14,5,臺中市,龍井區,0,0,0,7,,,30,,,,,,,,,,,,,,17,,,,,B02,,,1,,2,,,59,59,1,6,4,120.492582,24.206754,3
2643,66000,387130000C,(04)23274275,(04)23288582,2025,1,7,14,8,臺中市,北屯區,0,1,0,7,2,6,50,3,1,1,5,4,6,6,4,4,5,5,5,2,12,3,10,3,1,B03,7,11,1,8,2,4,,45,45,1,12,4,120.699012,24.16116,2
2644,66000,387130000C,(04)23274275,(04)23288582,2025,1,7,14,10,臺中市,南屯區,0,2,0,7,2,6,50,4,1,1,5,4,6,6,1,1,10,5,5,2,16,2,7,3,1,B03,7,6,1,10,2,1,,23,23,1,12,4,120.640731,24.146859,2
2645,66000,387130000C,(04)23274275,(04)23288582,2025,1,7,14,11,臺中市,豐原區,0,0,0,7,,,50,,,,,,,,,,,,,,16,,,,,C03,,,1,,2,,,26,26,1,12,4,120.729505,24.24406,4
2646,66000,387130000C,(04)23274275,(04)23288582,2025,1,7,14,16,臺中市,西區,0,1,0,7,2,6,50,4,1,1,5,4,6,6,1,1,10,5,5,2,12,3,10,3,1,B03,7,5,5,19,2,2,,47,47,1,12,4,120.672721,24.1359,2
2647,66000,387130000C,(04)23274275,(04)23288582,2025,1,7,14,19,臺中市,西屯區,0,0,0,7,,,40,,,,,,,,,,,,,,13,,,,,B01,,,1,,1,,,7,7,1,13,4,120.62875,24.162847,3
2648,66000,387130000C,(04)23274275,(04)23288582,2025,1,7,14,19,臺中市,西屯區,0,0,0,7,,,40,,,,,,,,,,,,,,13,,,,,B03,,,1,,1,,,7,7,1,13,4,120.628464,24.162301,3
2649,66000,387130000C,(04)23274275,(04)23288582,2025,1,7,14,20,臺中市,北屯區,0,1,0,7,2,6,50,13,7,1,5,4,6,6,4,4,9,5,4,1,11,2,9,2,1,C03,7,4,1,10,2,11,,1,1,1,12,4,120.676413,24.197338,2
2650,66000,387130000C,(04)23274275,(04)23288582,2025,1,7,14,24,臺中市,北屯區,0,0,0,7,,,50,,,,,,,,,,,,,,21,,,,,A42,,,1,,2,,,73,73,2,6,4,120.712689,24.176256,3
2651,66000,387130000C,(04)23274275,(04)23288582,2025,1,7,14,25,臺中市,中區,0,0,0,7,,,50,,,,,,,,,,,,,,,,,,,F03,,,1,,2,,,12,12,1,12,4,120.6775,24.146048,3
2652,66000,387130000C,(04)23274275,(04)23288582,2025,1,7,14,26,臺中市,南屯區,0,0,0,7,,,50,,,,,,,,,,,,,,16,,,,,B03,,,1,,2,,,50,50,1,13,4,120.647662,24.133243,3
2653,66000,387130000C,(04)23274275,(04)23288582,2025,1,7,14,28,臺中市,太平區,0,1,0,7,3,6,50,13,9,1,5,4,6,6,4,4,1,5,5,2,16,3,10,1,1,C03,7,5,1,10,2,13,,47,47,1,5,4,120.711975,24.135716,2
2654,66000,387130000C,(04)23274275,(04)23288582,2025,1,7,14,31,臺中市,清水區,0,0,0,7,,,50,,,,,,,,,,,,,,,,,,,B03,,,1,,11,,,50,50,1,12,4,120.574902,24.272097,3
2655,66000,387130000C,(04)23274275,(04)23288582,2025,1,7,14,36,臺中市,北屯區,0,0,0,7,,,30,,,,,,,,,,,,,,,,,,,B03,,,1,,2,,,8,8,1,13,4,120.668494,24.179431,3
2656,66000,387130000C,(04)23274275,(04)23288582,2025,1,7,14,38,臺中市,大肚區,0,0,0,7,,,50,,,,,,,,,,,,,,,,,,,B03,,,1,,2,,,40,40,1,6,4,120.578188,24.118183,3
2657,66000,387130000C,(04)23274275,(04)23288582,2025,1,7,14,42,臺中市,西屯區,0,0,0,7,,,50,,,,,,,,,,,,,,12,,,,,B03,,,1,,1,,,58,58,1,13,4,120.640799,24.15466,3
2658,66000,387130000C,(04)23274275,(04)23288582,2025,1,7,14,46,臺中市,清水區,0,0,0,7,,,30,,,,,,,,,,,,,,,,,,,C03,,,1,,2,,,12,12,1,12,4,120.563834,24.289942,3
2659,66000,387130000C,(04)23274275,(04)23288582,2025,1,7,14,49,臺中市,西區,0,0,0,7,,,50,,,,,,,,,,,,,,,,,,,B12,,,1,,2,,,84,84,1,6,4,120.670018,24.153917,3
2660,66000,387130000C,(04)23274275,(04)23288582,2025,1,7,14,50,臺中市,北屯區,0,1,0,7,2,6,50,4,1,1,5,4,6,6,1,1,10,5,5,2,16,3,10,5,4,C03,7,6,1,10,1,12,,4,4,1,12,4,120.692203,24.173572,2
2661,66000,387130000C,(04)23274275,(04)23288582,2025,1,7,14,51,臺中市,大甲區,0,0,0,7,,,50,,,,,,,,,,,,,,12,,,,,B03,,,1,,2,,,84,84,1,6,4,120.639938,24.363678,3
2662,66000,387130000C,(04)23274275,(04)23288582,2025,1,7,14,51,臺中市,豐原區,0,0,0,7,2,6,50,13,9,1,5,4,6,6,2,1,5,2,5,2,13,3,10,3,1,B03,7,9,1,8,2,1,,7,7,1,12,4,120.720975,24.25211,3
2663,66000,387130000C,(04)23274275,(04)23288582,2025,1,7,14,52,臺中市,太平區,0,1,0,7,2,6,50,4,1,1,5,4,6,6,4,4,10,5,5,2,15,2,1,6,1,F01,7,9,7,21,2,11,14,12,12,1,12,4,120.706409,24.157865,2
2664,66000,387130000C,(04)23274275,(04)23288582,2025,1,7,14,55,臺中市,霧峰區,0,1,0,7,2,6,50,4,1,1,5,4,6,6,2,1,10,5,5,2,17,3,10,5,4,B03,7,15,1,8,2,6,,84,84,1,13,4,120.662522,24.072078,2
2665,66000,387130000C,(04)23274275,(04)23288582,2025,1,7,14,56,臺中市,西屯區,0,1,0,7,2,6,70,4,1,1,5,4,6,6,2,1,10,5,5,2,16,3,10,3,1,B03,7,6,1,8,2,5,,23,23,1,13,4,120.602633,24.182917,2
2666,66000,387130000C,(04)23274275,(04)23288582,2025,1,7,15,0,臺中市,大雅區,0,1,0,7,2,6,60,13,8,1,5,4,6,6,4,4,1,4,4,1,16,3,10,3,1,B03,7,7,1,8,2,5,,42,42,1,13,4,120.649638,24.214513,2
2667,66000,387130000C,(04)23274275,(04)23288582,2025,1,7,15,0,臺中市,后里區,0,1,0,7,3,6,50,13,9,1,5,4,6,6,4,4,10,5,5,1,11,2,8,1,1,C03,7,9,2,19,2,11,,59,59,1,4,4,120.725326,24.329621,2
2668,66000,387130000C,(04)23274275,(04)23288582,2025,1,7,15,0,臺中市,豐原區,0,0,0,7,,,40,,,,,,,,,,,,,,12,,,,,B12,,,1,,2,,,1,1,1,6,4,120.722064,24.23864,3
2669,66000,387130000C,(04)23274275,(04)23288582,2025,1,7,15,8,臺中市,豐原區,0,1,0,7,2,6,30,3,2,1,5,4,6,6,4,4,10,5,5,1,17,3,10,1,1,C03,7,6,1,10,2,16,,14,14,1,12,4,120.731343,24.268285,2
2670,66000,387130000C,(04)23274275,(04)23288582,2025,1,7,15,9,臺中市,南區,0,0,0,7,,,50,,,,,,,,,,,,,,13,,,,,B03,,,1,,1,,,50,50,1,12,4,120.652938,24.107948,3
2671,66000,387130000C,(04)23274275,(04)23288582,2025,1,7,15,10,臺中市,南屯區,0,1,0,7,2,6,50,4,1,1,5,4,6,6,4,4,10,5,5,2,16,3,10,3,1,B12,7,6,1,8,2,5,,14,14,1,13,4,120.610211,24.141605,2
2672,66000,387130000C,(04)23274275,(04)23288582,2025,1,7,15,15,臺中市,豐原區,0,2,0,7,2,6,50,4,1,1,5,4,6,6,4,4,5,5,4,2,16,2,9,1,1,C03,7,6,1,10,2,12,13,14,14,1,6,4,120.725098,24.246502,2
2673,66000,387130000C,(04)23274275,(04)23288582,2025,1,7,15,19,臺中市,霧峰區,0,2,0,7,2,6,40,3,9,1,5,4,6,6,1,1,5,5,5,1,11,2,9,1,1,C03,7,4,1,10,2,14,,39,39,1,12,4,120.709962,24.074321,2
2674,66000,387130000C,(04)23274275,(04)23288582,2025,1,7,15,24,臺中市,西區,0,0,0,7,,,50,,,,,,,,,,,,,,14,,,,,B02,,,1,,1,,,50,50,1,12,4,120.670321,24.149106,3
2675,66000,387130000C,(04)23274275,(04)23288582,2025,1,7,15,30,臺中市,北屯區,0,0,0,7,,,50,,,,,,,,,,,,,,10,,,,,C03,,,1,,1,,,7,7,1,6,4,120.690994,24.171429,3
2676,66000,387130000C,(04)23274275,(04)23288582,2025,1,7,15,30,臺中市,神岡區,0,0,0,7,,,10,,,,,,,,,,,,,,9,,,,,A11,,,1,,9,,,8,8,1,6,4,120.697635,24.244013,4
2677,66000,387130000C,(04)23274275,(04)23288582,2025,1,7,15,33,臺中市,南屯區,0,0,0,7,,,50,,,,,,,,,,,,,,13,,,,,B12,,,1,,2,,,84,84,1,13,4,120.608319,24.151027,3
2678,66000,387130000C,(04)23274275,(04)23288582,2025,1,7,15,35,臺中市,南屯區,0,0,0,7,,,50,,,,,,,,,,,,,,14,,,,,B03,,,1,,2,,,84,84,1,13,4,120.60681,24.147967,3
2679,66000,387130000C,(04)23274275,(04)23288582,2025,1,7,15,35,臺中市,北屯區,0,0,0,7,,,50,,,,,,,,,,,,,,24,,,,,B03,,,1,8,2,,,84,84,1,6,4,120.782606,24.202138,3
2680,66000,387130000C,(04)23274275,(04)23288582,2025,1,7,15,35,臺中市,梧棲區,0,1,0,7,2,6,50,4,1,1,5,4,6,6,4,4,10,5,5,2,15,3,10,3,1,B12,7,9,1,8,2,2,,15,15,2,12,4,120.544604,24.248747,2
2681,66000,387130000C,(04)23274275,(04)23288582,2025,1,7,15,35,臺中市,梧棲區,0,1,0,7,2,6,50,4,2,1,5,4,6,6,1,1,1,4,5,2,13,2,7,3,1,B03,7,9,1,8,2,1,,7,7,1,6,4,120.551902,24.2447,2
2682,66000,387130000C,(04)23274275,(04)23288582,2025,1,7,15,37,臺中市,潭子區,0,0,0,7,,,50,,,,,,,,,,,,,,17,,,,,B03,,,1,,1,,,8,8,1,12,4,120.678281,24.215594,3
2683,66000,387130000C,(04)23274275,(04)23288582,2025,1,7,15,39,臺中市,太平區,0,1,0,7,2,6,50,3,1,1,5,4,6,6,4,4,10,5,5,2,16,3,10,3,1,B03,7,5,1,8,2,5,,14,14,1,13,4,120.717135,24.148687,2
2684,66000,387130000C,(04)23274275,(04)23288582,2025,1,7,15,46,臺中市,北屯區,0,0,0,7,,,50,,,,,,,,,,,,,,,,,,,B03,,,1,,1,,,7,7,1,12,4,120.719474,24.163565,3
2685,66000,387130000C,(04)23274275,(04)23288582,2025,1,7,15,46,臺中市,霧峰區,0,2,0,7,2,6,50,3,1,1,5,4,6,6,4,4,10,5,5,2,16,2,8,1,1,C03,7,6,1,10,2,12,,14,14,1,12,4,120.698958,24.06571,2
2686,66000,387130000C,(04)23274275,(04)23288582,2025,1,7,15,52,臺中市,烏日區,0,1,0,6,3,6,50,4,1,1,5,4,6,6,1,1,5,4,5,1,17,2,8,1,1,C03,7,9,1,10,2,11,,84,84,1,6,4,120.641332,24.059919,2
2687,66000,387130000C,(04)23274275,(04)23288582,2025,1,7,15,55,臺中市,北區,0,0,0,7,,,50,,,,,,,,,,,,,,17,,,,,B03,,,1,,1,,,84,84,1,13,4,120.668073,24.154308,3
2688,66000,387130000C,(04)23274275,(04)23288582,2025,1,7,15,55,臺中市,霧峰區,0,0,0,7,,,50,,,,,,,,,,,,,,,,,,,B03,,,1,,2,,,49,49,1,6,4,120.698674,24.059436,3
2689,66000,387130000C,(04)23274275,(04)23288582,2025,1,7,16,0,臺中市,潭子區,0,0,0,7,,,30,,,,,,,,,,,,,,,,,,,B03,,,1,,2,,,24,24,1,12,4,120.701795,24.192054,3
2690,66000,387130000C,(04)23274275,(04)23288582,2025,1,7,16,0,臺中市,南屯區,0,0,0,7,,,50,,,,,,,,,,,,,,,,,,,B03,,,1,,1,,,50,50,1,6,4,120.645808,24.153489,3
2691,66000,387130000C,(04)23274275,(04)23288582,2025,1,7,16,1,臺中市,西區,0,1,0,7,2,6,40,13,8,1,5,4,6,6,4,4,1,4,4,2,18,2,9,1,1,C03,7,9,1,10,2,14,,84,84,1,12,4,120.657058,24.151427,2
2692,66000,387130000C,(04)23274275,(04)23288582,2025,1,7,16,2,臺中市,潭子區,0,0,0,7,,,50,,,,,,,,,,,,,,,,,,,B03,,,1,,2,,,59,59,1,13,4,120.706818,24.207054,3
2693,66000,387130000C,(04)23274275,(04)23288582,2025,1,7,16,4,臺中市,東區,0,0,0,7,,,50,,,,,,,,,,,,,,13,,,,,B01,,,1,,1,,,7,7,1,13,4,120.710322,24.139319,3
2694,66000,387130000C,(04)23274275,(04)23288582,2025,1,7,16,4,臺中市,南屯區,0,0,0,7,,,50,,,,,,,,,,,,,,,,,,,B03,,,1,,1,,,50,50,1,13,4,120.648908,24.151491,3
2695,66000,387130000C,(04)23274275,(04)23288582,2025,1,7,16,4,臺中市,西屯區,0,1,0,7,2,6,50,4,1,1,5,4,6,6,2,1,10,5,5,2,13,2,7,3,1,B03,7,6,1,8,2,1,,7,7,1,13,4,120.664726,24.178119,2