序號,縣市別代碼,機關代碼,市話,傳真,年,月,日,時,分,縣市,區,死亡數量,受傷數量,2-30,天候,道路照明設備,道路類別,道路速限,道路型態,事故位置,路面鋪裝,路面狀態,路面缺陷,障礙物,視距,號誌種類,號誌動作,分向設施,快車道或一般車道間,快慢車道間,路面邊線,事故類型及型態,受傷程度,主要傷處,保護裝備,行動電話或功能裝置,當事者區分(類別),車輛用途,當事者行動狀態,駕照狀態,駕照種類,飲酒情形,車輛撞擊部位最初,車輛撞擊部位其他,肇事因素個別,肇事因素主要,肇事逃逸,職業,共享經濟或外送平台,GPS座標X,GPS座標Y,事故類別
2808,66000,387130000C,(04)23274275,(04)23288582,2025,1,7,19,33,臺中市,南屯區,0,0,0,7,,,50,,,,,,,,,,,,,,,,,,,B03,,,1,,1,,,49,49,1,12,4,120.648277,24.153845,3
2809,66000,387130000C,(04)23274275,(04)23288582,2025,1,7,19,37,臺中市,東區,0,0,0,7,,,50,,,,,,,,,,,,,,17,,,,,C03,,,1,,1,,,48,48,1,12,4,120.70098,24.135041,3
2810,66000,387130000C,(04)23274275,(04)23288582,2025,1,7,19,40,臺中市,南屯區,0,2,0,7,1,6,50,3,1,1,5,4,6,6,4,4,10,5,5,2,16,2,8,1,1,C03,7,6,1,10,2,11,,87,87,1,13,4,120.654638,24.140539,2
2811,66000,387130000C,(04)23274275,(04)23288582,2025,1,7,19,40,臺中市,龍井區,0,2,0,7,1,6,60,4,1,1,5,4,6,6,4,4,10,5,5,2,12,2,9,2,1,C03,7,8,1,10,2,14,,37,37,1,5,4,120.516921,24.197759,2
2812,66000,387130000C,(04)23274275,(04)23288582,2025,1,7,19,43,臺中市,沙鹿區,0,1,0,7,2,6,30,13,9,1,5,4,6,6,4,4,10,5,5,2,18,2,9,2,1,C03,7,9,1,10,2,14,,56,56,1,6,4,120.570336,24.215992,2
2813,66000,387130000C,(04)23274275,(04)23288582,2025,1,7,19,47,臺中市,東區,0,0,0,7,,,50,,,,,,,,,,,,,,13,,,,,B12,,,1,,1,,,84,84,1,12,4,120.710166,24.149533,3
2814,66000,387130000C,(04)23274275,(04)23288582,2025,1,7,19,50,臺中市,大肚區,0,0,0,6,,,40,,,,,,,,,,,,,,12,,,,,B03,,,1,,2,,,7,7,1,6,4,120.578098,24.167206,3
2815,66000,387130000C,(04)23274275,(04)23288582,2025,1,7,19,52,臺中市,南區,0,0,0,7,,,40,,,,,,,,,,,,,,17,,,,,B02,,,1,,9,,,50,50,2,6,4,120.661868,24.112893,3
2816,66000,387130000C,(04)23274275,(04)23288582,2025,1,7,19,59,臺中市,大里區,0,1,0,7,1,6,50,5,9,1,5,4,6,6,1,1,9,4,5,1,11,3,10,3,1,B03,7,15,1,8,2,2,,43,43,1,12,4,120.685946,24.096074,2
2817,66000,387130000C,(04)23274275,(04)23288582,2025,1,7,20,1,臺中市,沙鹿區,0,0,0,7,,,60,,,,,,,,,,,,,,13,,,,,B03,,,1,,2,,,7,7,1,6,4,120.57097,24.24145,3
2818,66000,387130000C,(04)23274275,(04)23288582,2025,1,7,20,3,臺中市,新社區,0,1,0,7,1,6,50,3,1,1,5,4,6,6,1,1,10,5,5,2,12,2,8,1,1,C03,7,15,1,10,2,12,,84,84,1,12,4,120.806686,24.238265,2
2819,66000,387130000C,(04)23274275,(04)23288582,2025,1,7,20,4,臺中市,西屯區,0,0,0,7,1,6,40,13,14,1,5,4,6,6,4,4,9,4,4,2,14,,,,,B03,,,1,,1,,,49,49,1,12,4,120.643462,24.162683,3
2820,66000,387130000C,(04)23274275,(04)23288582,2025,1,7,20,11,臺中市,大雅區,0,0,0,7,,,50,,,,,,,,,,,,,,17,,,,,B03,,,1,,2,,,84,84,1,12,4,120.650964,24.218174,3
2821,66000,387130000C,(04)23274275,(04)23288582,2025,1,7,20,20,臺中市,沙鹿區,0,0,0,7,,,50,,,,,,,,,,,,,,17,,,,,B12,,,1,,2,,,85,85,1,6,4,120.573619,24.227395,3
2822,66000,387130000C,(04)23274275,(04)23288582,2025,1,7,20,20,臺中市,清水區,0,1,0,7,2,6,50,4,1,1,5,4,6,6,4,4,5,5,5,2,15,2,9,1,1,C03,7,9,1,10,2,12,,15,15,1,12,4,120.556149,24.279887,2
2823,66000,387130000C,(04)23274275,(04)23288582,2025,1,7,20,22,臺中市,北屯區,0,0,0,7,,,50,,,,,,,,,,,,,,13,,,,,B03,,,1,,1,,,7,7,1,12,4,120.710963,24.182155,3
2824,66000,387130000C,(04)23274275,(04)23288582,2025,1,7,20,31,臺中市,梧棲區,0,0,0,7,,,60,,,,,,,,,,,,,,12,,,,,B03,,,1,,2,,,51,51,1,12,4,120.540273,24.25981,3
2825,66000,387130000C,(04)23274275,(04)23288582,2025,1,7,20,35,臺中市,太平區,0,1,0,7,1,6,50,3,1,1,5,4,6,6,4,4,10,5,5,2,17,2,9,2,1,C03,7,9,1,10,2,11,,59,59,1,12,4,120.730774,24.150293,2
2826,66000,387130000C,(04)23274275,(04)23288582,2025,1,7,20,40,臺中市,大肚區,0,1,0,6,1,6,50,3,1,1,5,4,6,6,4,4,10,5,5,2,28,2,9,1,1,C03,7,9,1,10,2,11,,87,87,1,6,4,120.579375,24.168903,2
2827,66000,387130000C,(04)23274275,(04)23288582,2025,1,7,20,40,臺中市,清水區,0,0,0,7,,,50,,,,,,,,,,,,,,,,,,,B03,,,1,,2,,,49,49,1,12,4,120.571233,24.290779,3
2828,66000,387130000C,(04)23274275,(04)23288582,2025,1,7,20,43,臺中市,南區,0,0,0,7,,,50,,,,,,,,,,,,,,17,,,,,C03,,,1,,2,,,48,48,1,13,4,120.677469,24.126718,3
2829,66000,387130000C,(04)23274275,(04)23288582,2025,1,7,20,44,臺中市,西屯區,0,1,0,7,1,6,50,4,1,1,5,4,6,6,1,1,10,5,5,2,30,2,9,5,4,C03,7,9,1,10,2,12,,59,59,1,12,4,120.647894,24.174161,2
2830,66000,387130000C,(04)23274275,(04)23288582,2025,1,7,20,54,臺中市,沙鹿區,0,2,0,7,2,6,50,4,1,1,5,4,6,6,2,1,10,5,5,2,16,2,9,2,1,C03,7,6,1,10,2,14,,48,48,1,6,2,120.563861,24.206344,2
2831,66000,387130000C,(04)23274275,(04)23288582,2025,1,7,20,55,臺中市,新社區,0,0,1,7,1,6,50,3,2,1,5,4,6,6,4,4,5,5,5,1,27,5,1,1,4,C03,7,9,1,10,2,11,,85,85,1,12,4,120.800776,24.260181,2
2832,66000,387130000C,(04)23274275,(04)23288582,2025,1,7,21,3,臺中市,龍井區,0,1,0,6,1,6,40,13,8,1,5,4,6,6,4,4,3,4,3,1,18,2,9,1,1,C03,7,9,1,10,2,11,,55,55,1,5,4,120.579071,24.191388,2
2833,66000,387130000C,(04)23274275,(04)23288582,2025,1,7,21,12,臺中市,西屯區,0,1,0,6,1,6,50,4,1,1,5,4,6,6,2,1,10,5,5,2,17,3,10,6,1,F01,7,6,7,21,2,14,,48,48,1,13,4,120.661908,24.170099,2
2834,66000,387130000C,(04)23274275,(04)23288582,2025,1,7,21,12,臺中市,太平區,0,1,0,7,1,6,50,4,9,1,5,4,6,6,4,4,5,4,5,2,13,3,10,1,1,C03,7,9,1,10,2,11,,84,84,1,6,4,120.714803,24.149112,2
2835,66000,387130000C,(04)23274275,(04)23288582,2025,1,7,21,19,臺中市,太平區,0,1,0,7,1,6,50,13,9,1,5,4,1,6,4,4,5,5,4,2,29,2,9,2,1,C03,7,9,1,10,2,11,,84,84,1,12,4,120.700328,24.151988,2
2836,66000,387130000C,(04)23274275,(04)23288582,2025,1,7,21,21,臺中市,西屯區,0,0,0,7,,,50,,,,,,,,,,,,,,17,,,,,C03,,,1,,2,,,19,19,1,13,4,120.661908,24.170099,4
2837,66000,387130000C,(04)23274275,(04)23288582,2025,1,7,21,26,臺中市,西屯區,0,2,0,7,1,6,30,3,1,1,5,4,6,6,4,4,10,5,5,2,11,2,7,1,4,C03,7,6,1,10,2,11,14,84,84,1,12,4,120.592796,24.178783,2
2838,66000,387130000C,(04)23274275,(04)23288582,2025,1,7,21,28,臺中市,北屯區,0,0,0,7,,,50,,,,,,,,,,,,,,13,,,,,B03,,,1,8,1,,,84,84,1,5,4,120.687248,24.201452,3
2839,66000,387130000C,(04)23274275,(04)23288582,2025,1,7,21,29,臺中市,東區,0,1,0,7,1,6,50,4,1,1,5,4,6,6,4,4,9,4,4,2,17,3,10,3,1,B13,7,6,5,8,2,6,,11,11,1,12,4,120.694572,24.146443,2
2840,66000,387130000C,(04)23274275,(04)23288582,2025,1,7,21,35,臺中市,烏日區,0,2,0,7,1,6,60,4,1,1,5,4,6,6,1,1,1,4,4,1,15,2,9,1,1,C03,7,9,1,10,2,14,,21,21,1,6,4,120.64668,24.110366,2
2841,66000,387130000C,(04)23274275,(04)23288582,2025,1,7,21,36,臺中市,西區,0,1,0,7,3,6,40,5,1,1,5,4,6,6,1,1,10,5,5,2,23,2,9,1,1,C03,7,5,1,10,2,11,,84,84,1,12,4,120.669801,24.150724,2
2842,66000,387130000C,(04)23274275,(04)23288582,2025,1,7,21,40,臺中市,北屯區,0,1,0,7,3,6,30,3,2,1,5,4,6,6,4,4,10,5,5,2,13,2,9,2,1,C03,7,9,1,10,1,11,,84,84,1,6,4,120.703751,24.168273,2
2843,66000,387130000C,(04)23274275,(04)23288582,2025,1,7,21,40,臺中市,烏日區,0,1,0,7,1,6,60,13,14,1,5,4,6,6,1,1,1,4,5,1,17,3,10,5,1,C03,7,13,1,10,2,13,,80,80,1,6,4,120.646754,24.110404,2
2844,66000,387130000C,(04)23274275,(04)23288582,2025,1,7,21,42,臺中市,大里區,0,1,0,7,1,6,50,4,2,1,5,4,6,6,3,1,5,5,5,1,12,2,9,1,1,C03,7,6,1,11,2,12,,48,48,1,13,4,120.68362,24.106843,2
2845,66000,387130000C,(04)23274275,(04)23288582,2025,1,7,21,51,臺中市,大里區,0,1,0,7,1,6,50,13,12,1,5,4,6,6,4,4,5,5,4,1,17,3,10,3,1,B03,7,7,1,8,2,2,,40,40,1,6,4,120.70331,24.091442,2
2846,66000,387130000C,(04)23274275,(04)23288582,2025,1,7,21,56,臺中市,北屯區,0,0,0,7,,,,,,,,,,,,,,,,,12,,,,,,,,,,,,,85,85,1,,,120.665398,24.183478,3
2847,66000,387130000C,(04)23274275,(04)23288582,2025,1,7,21,57,臺中市,清水區,0,0,0,7,,,50,,,,,,,,,,,,,,,,,,,B03,,,1,,1,,,49,49,1,12,4,120.572043,24.27567,3
2848,66000,387130000C,(04)23274275,(04)23288582,2025,1,7,21,58,臺中市,西屯區,0,0,0,7,,,50,,,,,,,,,,,,,,13,,,,,B03,,,1,,1,,,56,56,1,13,4,120.65842,24.17064,3
2849,66000,387130000C,(04)23274275,(04)23288582,2025,1,7,22,2,臺中市,西區,0,1,0,7,1,6,50,4,1,1,5,4,6,6,2,1,10,5,5,2,16,3,10,3,1,B03,7,5,1,8,2,2,,84,84,1,13,4,120.657093,24.150825,2
2850,66000,387130000C,(04)23274275,(04)23288582,2025,1,7,22,3,臺中市,西屯區,0,0,0,7,,,60,,,,,,,,,,,,,,12,,,,,B03,,,1,,1,,,59,59,1,13,4,120.644251,24.194815,3
2851,66000,387130000C,(04)23274275,(04)23288582,2025,1,7,22,13,臺中市,沙鹿區,0,0,0,7,,,50,,,,,,,,,,,,,,16,,,,,C03,,,1,,1,,,39,39,1,6,4,120.574547,24.227392,3
2852,66000,387130000C,(04)23274275,(04)23288582,2025,1,7,22,15,臺中市,南屯區,0,0,0,7,,,50,,,,,,,,,,,,,,,,,,,B03,,,1,,9,,,49,49,1,13,4,120.610965,24.138496,3
2853,66000,387130000C,(04)23274275,(04)23288582,2025,1,7,22,15,臺中市,沙鹿區,0,1,0,7,2,6,30,4,1,1,5,4,6,6,4,4,10,5,5,2,15,2,9,2,1,C03,7,9,1,10,2,11,,12,12,1,6,4,120.569522,24.230333,2
2854,66000,387130000C,(04)23274275,(04)23288582,2025,1,7,22,16,臺中市,北屯區,0,0,0,7,,,50,,,,,,,,,,,,,,12,,,,,B03,,,1,,1,,,58,58,1,6,4,120.704117,24.183108,3
2855,66000,387130000C,(04)23274275,(04)23288582,2025,1,7,22,19,臺中市,龍井區,0,0,0,7,,,30,,,,,,,,,,,,,,16,,,,,B03,,,1,,1,,,14,14,1,12,4,120.589213,24.189266,3
2856,66000,387130000C,(04)23274275,(04)23288582,2025,1,7,22,30,臺中市,大甲區,0,0,0,7,1,6,50,4,2,1,5,4,6,6,1,1,4,4,5,1,17,3,10,2,1,C03,7,14,1,10,1,11,,59,59,1,12,4,120.621829,24.353426,3
2857,66000,387130000C,(04)23274275,(04)23288582,2025,1,7,22,37,臺中市,西區,0,1,0,7,1,6,50,4,1,1,5,4,6,6,4,4,10,5,5,2,15,2,9,2,1,C03,7,9,1,1,2,12,,20,20,1,12,4,120.659813,24.155466,2
2858,66000,387130000C,(04)23274275,(04)23288582,2025,1,7,22,37,臺中市,北屯區,0,0,0,7,,,30,,,,,,,,,,,,,,12,,,,,B12,,,1,8,1,,,51,51,1,6,4,120.674084,24.17508,3
2859,66000,387130000C,(04)23274275,(04)23288582,2025,1,7,22,50,臺中市,北屯區,0,1,0,7,3,6,50,3,2,1,5,4,6,6,4,4,5,5,4,2,17,2,9,2,1,C03,7,9,1,10,2,11,,84,84,1,6,4,120.690136,24.176276,2
2860,66000,387130000C,(04)23274275,(04)23288582,2025,1,7,22,58,臺中市,沙鹿區,0,0,0,7,,,30,,,,,,,,,,,,,,15,,,,,C03,,,1,,9,,,12,12,1,6,4,120.572216,24.227424,3
2861,66000,387130000C,(04)23274275,(04)23288582,2025,1,7,23,3,臺中市,北屯區,0,2,0,7,1,6,50,4,1,1,5,4,6,6,2,1,10,5,5,2,12,2,9,1,1,C03,7,9,1,10,2,12,,84,84,1,12,4,120.72472,24.176146,2
2862,66000,387130000C,(04)23274275,(04)23288582,2025,1,7,23,15,臺中市,北屯區,0,1,0,7,1,6,50,4,1,1,5,4,6,6,1,1,10,5,5,2,16,3,10,3,1,B03,7,6,1,8,2,1,,48,48,1,13,4,120.676344,24.184374,2
2863,66000,387130000C,(04)23274275,(04)23288582,2025,1,7,23,29,臺中市,龍井區,0,0,0,7,,,50,,,,,,,,,,,,,,12,,,,,B03,,,1,,2,,,50,50,1,6,4,120.586076,24.181629,3
2864,66000,387130000C,(04)23274275,(04)23288582,2025,1,7,23,34,臺中市,東區,0,0,0,7,,,50,,,,,,,,,,,,,,13,,,,,B01,,,1,,2,,,59,59,1,12,4,120.696685,24.147835,3
2865,66000,387130000C,(04)23274275,(04)23288582,2025,1,7,23,41,臺中市,烏日區,0,0,0,7,1,6,50,4,1,1,5,4,6,6,3,1,5,4,4,2,16,3,10,3,1,B03,7,6,1,8,2,5,,24,24,1,6,4,120.637705,24.109008,3
2866,66000,387130000C,(04)23274275,(04)23288582,2025,1,7,23,44,臺中市,西屯區,0,2,0,7,1,6,40,3,1,1,5,4,6,6,4,4,1,4,5,1,17,3,10,5,4,B03,7,5,1,8,2,4,,14,14,1,13,4,120.64498,24.170737,2
2867,66000,387130000C,(04)23274275,(04)23288582,2025,1,8,0,26,臺中市,烏日區,0,1,0,7,1,6,50,13,8,1,5,4,6,6,1,1,1,4,1,1,18,2,8,1,1,C03,7,14,1,10,2,12,,84,84,1,6,4,120.629535,24.095635,2
2868,66000,387130000C,(04)23274275,(04)23288582,2025,1,8,1,16,臺中市,南屯區,0,1,0,7,1,6,50,4,1,1,5,4,6,6,3,1,10,5,5,2,15,3,10,3,1,B03,7,9,1,8,2,5,,20,20,1,6,4,120.648305,24.132052,2
2869,66000,387130000C,(04)23274275,(04)23288582,2025,1,8,3,20,臺中市,大里區,0,1,0,7,1,6,50,11,9,1,5,4,6,6,4,4,9,5,5,2,20,2,9,1,1,C03,7,9,2,19,2,12,,59,59,1,13,4,120.676108,24.092204,2
2870,66000,387130000C,(04)23274275,(04)23288582,2025,1,8,3,51,臺中市,西屯區,0,0,0,7,,,50,,,,,,,,,,,,,,14,,,,,B12,,,1,,2,,,49,49,1,13,4,120.648666,24.160229,3
2871,66000,387130000C,(04)23274275,(04)23288582,2025,1,8,4,28,臺中市,太平區,0,1,0,7,1,6,50,4,1,1,5,4,6,6,3,1,10,5,5,2,15,2,9,1,1,C03,7,9,1,10,2,11,,24,24,1,12,4,120.719032,24.142307,2
2872,66000,387130000C,(04)23274275,(04)23288582,2025,1,8,4,58,臺中市,北區,0,1,0,7,1,6,40,13,8,1,5,4,6,6,4,4,1,4,4,2,18,2,9,5,4,C03,7,15,1,10,2,15,,85,85,1,13,4,120.677495,24.153185,2
2873,66000,387130000C,(04)23274275,(04)23288582,2025,1,8,5,52,臺中市,北區,0,1,0,7,1,6,50,4,2,1,5,4,6,6,1,1,5,4,4,2,18,2,9,5,1,C03,7,9,1,10,2,12,,84,84,1,13,4,120.678087,24.148923,2
2874,66000,387130000C,(04)23274275,(04)23288582,2025,1,8,5,58,臺中市,北區,0,0,0,7,,,50,,,,,,,,,,,,,,15,,,,,B03,,,1,,1,,,24,24,1,13,4,120.673627,24.152213,3
2875,66000,387130000C,(04)23274275,(04)23288582,2025,1,8,6,14,臺中市,大雅區,0,1,0,7,2,6,50,13,9,1,5,4,6,6,4,4,5,5,5,1,17,2,8,2,1,F03,7,9,7,21,2,11,,84,84,1,12,4,120.650325,24.243541,2
2876,66000,387130000C,(04)23274275,(04)23288582,2025,1,8,6,18,臺中市,西區,0,2,0,7,3,6,50,4,1,1,5,4,6,6,2,1,10,5,5,2,16,2,9,1,1,C03,7,6,1,10,2,12,,39,39,1,13,4,120.672448,24.140243,2
2877,66000,387130000C,(04)23274275,(04)23288582,2025,1,8,6,54,臺中市,西屯區,0,0,0,7,,,50,,,,,,,,,,,,,,12,,,,,B03,,,1,,1,,,35,35,1,13,4,120.627527,24.202044,3
2878,66000,387130000C,(04)23274275,(04)23288582,2025,1,8,6,55,臺中市,大肚區,0,0,0,7,,,50,,,,,,,,,,,,,,13,,,,,B03,,,1,,2,,,7,7,1,6,4,120.548176,24.14373,3
2879,66000,387130000C,(04)23274275,(04)23288582,2025,1,8,6,59,臺中市,沙鹿區,0,2,0,6,2,6,50,13,9,1,5,4,6,6,4,4,5,5,5,2,17,3,10,3,1,B12,7,14,1,8,2,7,,77,77,1,13,4,120.565772,24.248421,2
2880,66000,387130000C,(04)23274275,(04)23288582,2025,1,8,7,0,臺中市,大里區,0,0,0,7,,,50,,,,,,,,,,,,,,,,,,,B03,,,1,,1,,,20,20,1,12,4,120.690429,24.10242,3
2881,66000,387130000C,(04)23274275,(04)23288582,2025,1,8,7,7,臺中市,潭子區,0,0,0,7,,,60,,,,,,,,,,,,,,,,,,,A05,,,1,,2,,,11,11,1,13,4,120.707632,24.225728,3
2882,66000,387130000C,(04)23274275,(04)23288582,2025,1,8,7,15,臺中市,西屯區,0,0,0,7,,,50,,,,,,,,,,,,,,13,,,,,B03,,,1,,1,,,59,59,1,13,4,120.616358,24.179489,3
2883,66000,387130000C,(04)23274275,(04)23288582,2025,1,8,7,15,臺中市,沙鹿區,0,1,0,7,2,6,50,4,9,1,5,4,6,6,1,1,1,3,5,2,15,3,10,3,1,B03,7,9,5,19,2,2,,87,87,1,12,4,120.614839,24.241916,2
2884,66000,387130000C,(04)23274275,(04)23288582,2025,1,8,7,15,臺中市,石岡區,0,1,0,6,3,6,50,3,1,1,5,4,6,6,4,4,10,5,5,1,16,3,10,3,1,B03,7,6,1,8,2,2,,14,14,1,12,4,120.791258,24.272288,2
2885,66000,387130000C,(04)23274275,(04)23288582,2025,1,8,7,17,臺中市,沙鹿區,0,1,0,7,3,6,50,3,2,1,5,4,6,6,4,4,5,5,4,2,17,3,10,3,1,B03,7,6,1,8,2,16,,14,14,1,12,4,120.566633,24.211783,2
2886,66000,387130000C,(04)23274275,(04)23288582,2025,1,8,7,19,臺中市,南屯區,0,1,0,6,2,6,50,4,2,1,5,4,6,6,2,1,5,5,4,2,18,2,9,1,1,C03,7,9,1,10,2,14,,84,84,1,6,4,120.628556,24.120708,2
2887,66000,387130000C,(04)23274275,(04)23288582,2025,1,8,7,20,臺中市,東區,0,0,0,7,,,80,,,,,,,,,,,,,,,,,,,B03,,,1,,1,,,7,7,1,13,4,120.710048,24.137012,3
2888,66000,387130000C,(04)23274275,(04)23288582,2025,1,8,7,22,臺中市,北屯區,0,1,0,7,1,6,50,4,1,1,5,4,6,6,2,1,10,5,5,2,13,2,9,5,4,C03,7,9,1,10,2,11,,7,7,1,13,4,120.702015,24.182195,2
2889,66000,387130000C,(04)23274275,(04)23288582,2025,1,8,7,24,臺中市,西區,0,1,0,7,3,6,50,4,1,1,5,4,6,6,1,1,10,5,5,2,17,3,10,3,1,B03,7,6,1,8,2,8,,11,11,1,6,4,120.658166,24.133754,2
2890,66000,387130000C,(04)23274275,(04)23288582,2025,1,8,7,24,臺中市,太平區,0,1,0,7,3,6,40,4,8,1,5,4,6,6,1,1,5,5,4,1,13,2,9,1,1,C03,7,9,1,10,2,11,,7,7,1,12,4,120.718186,24.148836,2
2891,66000,387130000C,(04)23274275,(04)23288582,2025,1,8,7,25,臺中市,太平區,0,1,0,7,3,6,50,4,1,1,5,4,6,6,1,1,9,5,5,2,16,3,10,3,1,B03,7,6,1,8,2,2,,11,11,1,12,4,120.715287,24.158896,2
2892,66000,387130000C,(04)23274275,(04)23288582,2025,1,8,7,28,臺中市,南屯區,0,0,0,7,,,50,,,,,,,,,,,,,,,,,,,C03,,,1,,2,,,59,59,1,13,4,120.623497,24.149515,3
2893,66000,387130000C,(04)23274275,(04)23288582,2025,1,8,7,29,臺中市,霧峰區,0,1,0,7,2,6,50,3,1,1,5,4,6,6,2,1,10,5,5,2,16,3,10,3,1,B03,7,5,1,10,2,2,6,11,11,1,13,4,120.691765,24.042774,2
2894,66000,387130000C,(04)23274275,(04)23288582,2025,1,8,7,29,臺中市,梧棲區,0,1,0,7,2,6,50,13,7,1,5,4,6,6,4,4,5,5,4,2,17,3,10,3,1,B03,7,14,1,8,2,2,,76,76,1,6,4,120.542958,24.242953,2
2895,66000,387130000C,(04)23274275,(04)23288582,2025,1,8,7,30,臺中市,后里區,0,1,0,7,3,6,60,4,1,1,5,4,6,6,4,4,10,5,5,2,12,3,10,3,1,B03,7,5,1,8,2,2,,47,47,1,12,4,120.722058,24.307115,2
2896,66000,387130000C,(04)23274275,(04)23288582,2025,1,8,7,33,臺中市,南屯區,0,0,0,7,3,6,50,13,7,1,5,4,6,6,4,4,5,5,4,2,13,,,,,B03,,,1,,1,,,84,84,1,12,4,120.637721,24.143224,3
2897,66000,387130000C,(04)23274275,(04)23288582,2025,1,8,7,33,臺中市,西屯區,0,0,0,7,,,50,,,,,,,,,,,,,,13,,,,,B03,,,1,,1,,,7,7,1,12,4,120.615727,24.186388,3
2898,66000,387130000C,(04)23274275,(04)23288582,2025,1,8,7,35,臺中市,太平區,0,1,0,7,3,6,50,13,8,1,5,4,6,6,4,4,5,5,4,1,12,3,10,3,1,B01,7,7,1,4,2,5,,84,84,1,12,4,120.70181,24.147958,2
2899,66000,387130000C,(04)23274275,(04)23288582,2025,1,8,7,39,臺中市,沙鹿區,0,0,0,7,,,50,,,,,,,,,,,,,,,,,,,B12,,,1,,2,,,84,84,1,13,4,120.560992,24.206635,3
2900,66000,387130000C,(04)23274275,(04)23288582,2025,1,8,7,40,臺中市,豐原區,0,1,0,7,2,6,50,4,1,1,5,4,1,6,1,1,1,5,5,2,12,2,9,5,4,C03,7,4,1,10,2,14,,84,84,1,13,4,120.704849,24.255109,2
2901,66000,387130000C,(04)23274275,(04)23288582,2025,1,8,7,41,臺中市,神岡區,0,1,0,7,2,6,50,13,14,1,5,4,6,6,4,4,9,5,5,1,17,2,9,1,1,C03,7,11,1,10,2,11,,59,59,1,12,4,120.686374,24.245097,2
2902,66000,387130000C,(04)23274275,(04)23288582,2025,1,8,7,42,臺中市,北屯區,0,2,0,7,2,6,50,13,9,1,5,4,6,6,4,4,4,3,5,2,16,2,9,2,1,C03,7,5,1,10,2,12,,84,84,1,13,4,120.718825,24.173583,2
2903,66000,387130000C,(04)23274275,(04)23288582,2025,1,8,7,42,臺中市,西屯區,0,0,0,7,,,40,,,,,,,,,,,,,,12,,,,,B03,,,1,,1,,,8,8,1,13,4,120.607672,24.194878,3
2904,66000,387130000C,(04)23274275,(04)23288582,2025,1,8,7,43,臺中市,潭子區,0,0,0,7,,,50,,,,,,,,,,,,,,,,,,,B02,,,1,,2,,,84,84,1,13,4,120.705676,24.226106,3
2905,66000,387130000C,(04)23274275,(04)23288582,2025,1,8,7,45,臺中市,南屯區,0,1,0,6,2,6,50,4,1,1,5,4,6,6,2,1,10,5,5,2,13,2,9,1,1,C03,7,9,1,10,2,11,,7,7,1,6,4,120.628808,24.120769,2
2906,66000,387130000C,(04)23274275,(04)23288582,2025,1,8,7,45,臺中市,北屯區,0,2,0,7,2,6,30,4,1,1,5,4,6,6,4,4,10,5,5,2,15,2,9,5,4,C03,7,9,1,10,2,12,,15,15,1,12,4,120.698687,24.166387,2
2907,66000,387130000C,(04)23274275,(04)23288582,2025,1,8,7,46,臺中市,龍井區,0,2,0,7,3,6,30,13,9,5,5,4,6,6,4,4,10,5,5,1,16,2,9,1,1,C03,7,6,1,10,2,11,,84,84,1,6,4,120.51094,24.203352,2
2908,66000,387130000C,(04)23274275,(04)23288582,2025,1,8,7,47,臺中市,中區,0,0,0,7,,,50,,,,,,,,,,,,,,13,,,,,C03,,,1,,1,,,84,84,1,12,4,120.681783,24.140465,3
2909,66000,387130000C,(04)23274275,(04)23288582,2025,1,8,7,47,臺中市,大甲區,0,0,0,7,,,50,,,,,,,,,,,,,,13,,,,,C03,,,1,,2,,,7,7,1,6,4,120.659839,24.398481,3
2910,66000,387130000C,(04)23274275,(04)23288582,2025,1,8,7,52,臺中市,南屯區,0,0,0,7,,,50,,,,,,,,,,,,,,,,,,,C03,,,1,,2,,,59,59,1,13,4,120.652984,24.153866,3
2911,66000,387130000C,(04)23274275,(04)23288582,2025,1,8,7,53,臺中市,西區,0,0,0,6,3,6,50,13,9,1,5,4,6,6,4,4,10,5,5,2,14,,,,,B03,,,1,,2,,,49,49,1,13,4,120.665183,24.135175,3
2912,66000,387130000C,(04)23274275,(04)23288582,2025,1,8,7,53,臺中市,太平區,0,1,0,7,3,6,30,3,2,1,5,4,6,6,4,4,10,5,5,1,13,2,9,2,1,C03,7,9,1,10,2,11,,7,7,1,12,4,120.7283,24.141337,2
2913,66000,387130000C,(04)23274275,(04)23288582,2025,1,8,7,53,臺中市,豐原區,0,0,0,7,,,50,,,,,,,,,,,,,,16,,,,,B03,,,1,,2,,,47,47,1,6,4,120.720244,24.251731,3
2914,66000,387130000C,(04)23274275,(04)23288582,2025,1,8,7,56,臺中市,東區,0,0,0,7,,,50,,,,,,,,,,,,,,,,,,,C03,,,1,,1,,,7,7,1,12,4,120.694369,24.134391,3
2915,66000,387130000C,(04)23274275,(04)23288582,2025,1,8,7,56,臺中市,北屯區,0,1,0,7,2,6,50,4,1,1,5,4,6,6,4,4,10,5,5,2,15,2,9,1,1,C03,7,9,1,10,2,11,,12,12,1,12,4,120.685773,24.195212,2
2916,66000,387130000C,(04)23274275,(04)23288582,2025,1,8,7,57,臺中市,潭子區,0,1,0,7,3,6,50,3,1,1,5,4,6,6,1,1,1,5,5,1,17,2,9,2,1,C03,7,9,1,10,2,11,,7,7,1,13,4,120.673659,24.205694,2
2917,66000,387130000C,(04)23274275,(04)23288582,2025,1,8,8,0,臺中市,南區,0,0,0,7,,,50,,,,,,,,,,,,,,17,,,,,B12,,,1,,11,,,85,85,1,12,4,120.668671,24.114849,3