序號,縣市別代碼,機關代碼,市話,傳真,年,月,日,時,分,縣市,區,死亡數量,受傷數量,2-30,天候,道路照明設備,道路類別,道路速限,道路型態,事故位置,路面鋪裝,路面狀態,路面缺陷,障礙物,視距,號誌種類,號誌動作,分向設施,快車道或一般車道間,快慢車道間,路面邊線,事故類型及型態,受傷程度,主要傷處,保護裝備,行動電話或功能裝置,當事者區分(類別),車輛用途,當事者行動狀態,駕照狀態,駕照種類,飲酒情形,車輛撞擊部位最初,車輛撞擊部位其他,肇事因素個別,肇事因素主要,肇事逃逸,職業,共享經濟或外送平台,GPS座標X,GPS座標Y,事故類別
2918,66000,387130000C,(04)23274275,(04)23288582,2025,1,8,8,0,臺中市,西屯區,0,1,0,7,2,6,50,13,9,1,5,4,6,6,4,4,5,5,5,2,12,3,10,3,1,B03,7,9,1,8,2,2,,8,8,1,12,4,120.655741,24.156468,2
2919,66000,387130000C,(04)23274275,(04)23288582,2025,1,8,8,1,臺中市,清水區,0,0,0,7,,,30,,,,,,,,,,,,,,,,,,,C03,,,1,,2,,,14,14,1,12,4,120.603638,24.309833,3
2920,66000,387130000C,(04)23274275,(04)23288582,2025,1,8,8,4,臺中市,西區,0,0,0,7,,,50,,,,,,,,,,,,,,13,,,,,B03,,,1,,1,,,7,7,1,12,4,120.659245,24.15599,3
2921,66000,387130000C,(04)23274275,(04)23288582,2025,1,8,8,5,臺中市,西區,0,0,0,7,,,50,,,,,,,,,,,,,,13,,,,,C03,,,1,,1,,,59,59,1,12,4,120.676748,24.14063,3
2922,66000,387130000C,(04)23274275,(04)23288582,2025,1,8,8,5,臺中市,北屯區,0,0,0,7,,,50,,,,,,,,,,,,,,13,,,,,C03,,,1,,1,,,7,7,1,12,4,120.69914,24.164145,3
2923,66000,387130000C,(04)23274275,(04)23288582,2025,1,8,8,5,臺中市,烏日區,0,3,0,7,3,6,50,4,1,1,5,4,6,6,4,4,5,5,4,2,12,2,9,1,1,C03,7,1,1,10,2,14,,51,51,1,6,4,120.637256,24.108841,2
2924,66000,387130000C,(04)23274275,(04)23288582,2025,1,8,8,6,臺中市,西屯區,0,0,0,7,,,50,,,,,,,,,,,,,,13,,,,,C03,,,1,,2,,,84,84,1,13,4,120.607054,24.193937,3
2925,66000,387130000C,(04)23274275,(04)23288582,2025,1,8,8,6,臺中市,太平區,0,1,0,7,3,6,50,4,1,1,5,4,6,6,4,4,10,5,5,2,13,3,10,3,1,B03,7,5,1,8,2,5,,7,7,1,12,4,120.719375,24.103133,2
2926,66000,387130000C,(04)23274275,(04)23288582,2025,1,8,8,8,臺中市,大雅區,0,2,0,7,1,6,30,13,9,1,5,4,6,6,4,4,10,5,5,2,17,2,9,1,1,C03,7,9,1,10,2,11,,1,1,1,13,4,120.6402,24.211194,2
2927,66000,387130000C,(04)23274275,(04)23288582,2025,1,8,8,8,臺中市,北屯區,0,1,0,7,1,6,40,13,8,1,5,4,6,6,4,4,1,4,4,2,17,3,10,5,4,B03,7,7,1,3,2,2,,40,40,1,13,4,120.686378,24.204627,2
2928,66000,387130000C,(04)23274275,(04)23288582,2025,1,8,8,8,臺中市,大肚區,0,1,0,7,3,6,50,13,9,1,5,4,6,6,4,4,1,4,5,1,13,3,10,2,1,C03,7,12,5,19,2,13,,42,42,1,6,4,120.548795,24.141565,2
2929,66000,387130000C,(04)23274275,(04)23288582,2025,1,8,8,9,臺中市,潭子區,0,2,0,6,2,6,50,4,1,1,5,4,6,6,4,4,5,5,5,2,12,2,9,1,1,C03,7,6,1,10,2,12,,43,43,1,13,4,120.700041,24.208885,2
2930,66000,387130000C,(04)23274275,(04)23288582,2025,1,8,8,9,臺中市,西區,0,0,0,6,3,6,50,13,8,1,5,4,6,6,4,4,8,3,2,2,12,,,,,B03,,,1,,1,,,7,7,1,13,4,120.658489,24.1583,3
2931,66000,387130000C,(04)23274275,(04)23288582,2025,1,8,8,9,臺中市,南屯區,0,1,0,7,1,6,50,4,1,1,5,4,6,6,4,4,5,4,4,2,16,3,10,5,4,B03,7,5,1,8,2,8,,12,12,1,13,4,120.648963,24.137877,2
2932,66000,387130000C,(04)23274275,(04)23288582,2025,1,8,8,10,臺中市,西區,0,1,0,7,2,6,40,13,8,1,5,4,6,6,4,4,1,4,2,2,12,3,10,2,1,C03,7,9,1,10,2,14,,84,84,1,12,4,120.671731,24.149555,2
2933,66000,387130000C,(04)23274275,(04)23288582,2025,1,8,8,10,臺中市,梧棲區,0,0,0,7,,,60,,,,,,,,,,,,,,17,,,,,B12,,,1,,1,,,59,59,1,6,4,120.536994,24.25138,3
2934,66000,387130000C,(04)23274275,(04)23288582,2025,1,8,8,17,臺中市,龍井區,0,1,0,7,3,6,50,13,9,1,5,4,6,6,4,4,10,5,5,2,14,3,10,3,1,B03,7,2,1,8,2,6,,49,49,1,6,4,120.549464,24.212394,2
2935,66000,387130000C,(04)23274275,(04)23288582,2025,1,8,8,19,臺中市,北屯區,0,0,0,7,,,50,,,,,,,,,,,,,,,,,,,B03,,,1,,1,,,8,8,1,12,4,120.69934,24.170599,3
2936,66000,387130000C,(04)23274275,(04)23288582,2025,1,8,8,19,臺中市,太平區,0,1,0,7,3,6,50,13,9,1,5,4,6,6,4,4,5,5,5,2,17,2,9,2,1,C03,7,9,1,10,2,11,,84,84,1,12,4,120.701717,24.153394,2
2937,66000,387130000C,(04)23274275,(04)23288582,2025,1,8,8,19,臺中市,豐原區,0,2,0,7,2,6,50,4,2,1,5,4,6,6,2,1,1,2,4,2,12,2,8,1,1,C03,7,3,3,19,2,14,,84,84,1,12,4,120.712909,24.255733,2
2938,66000,387130000C,(04)23274275,(04)23288582,2025,1,8,8,21,臺中市,北屯區,0,0,0,7,,,50,,,,,,,,,,,,,,13,,,,,C03,,,1,,1,,,7,7,1,6,4,120.691287,24.170528,3
2939,66000,387130000C,(04)23274275,(04)23288582,2025,1,8,8,21,臺中市,沙鹿區,0,0,0,7,,,50,,,,,,,,,,,,,,,,,,,B03,,,1,,9,,,4,4,2,13,4,120.559719,24.229601,3
2940,66000,387130000C,(04)23274275,(04)23288582,2025,1,8,8,22,臺中市,太平區,0,0,0,7,,,30,,,,,,,,,,,,,,15,,,,,C03,,,1,,1,,,51,51,1,13,4,120.723525,24.155655,3
2941,66000,387130000C,(04)23274275,(04)23288582,2025,1,8,8,25,臺中市,西屯區,0,1,0,7,2,6,50,3,2,1,5,4,6,6,2,1,5,4,5,2,13,2,8,2,1,C03,7,9,1,10,2,11,,7,7,1,12,4,120.620614,24.184046,2
2942,66000,387130000C,(04)23274275,(04)23288582,2025,1,8,8,26,臺中市,豐原區,0,1,0,6,2,6,50,3,9,1,5,4,6,6,4,4,1,4,5,1,13,2,7,5,4,C03,7,9,1,10,2,12,,59,59,1,13,4,120.722987,24.254912,2
2943,66000,387130000C,(04)23274275,(04)23288582,2025,1,8,8,27,臺中市,南屯區,0,0,0,7,3,6,50,13,9,1,5,4,6,6,4,4,5,5,5,2,17,,,,,C03,,,1,,2,,,50,50,1,12,4,120.603078,24.13591,3
2944,66000,387130000C,(04)23274275,(04)23288582,2025,1,8,8,28,臺中市,烏日區,0,1,0,7,2,6,50,13,9,1,5,4,6,6,2,1,5,2,5,2,16,3,10,5,4,B03,7,11,1,8,2,2,,45,45,1,13,4,120.648363,24.092038,2
2945,66000,387130000C,(04)23274275,(04)23288582,2025,1,8,8,31,臺中市,西區,0,0,0,7,,,50,,,,,,,,,,,,,,15,,,,,C03,,,1,,1,,,12,12,1,12,4,120.657974,24.152553,3
2946,66000,387130000C,(04)23274275,(04)23288582,2025,1,8,8,33,臺中市,大肚區,0,1,0,7,3,6,50,5,4,1,5,4,6,6,4,4,5,4,5,1,16,3,10,3,1,B03,7,11,1,8,2,1,,45,45,1,12,4,120.543114,24.150471,2
2947,66000,387130000C,(04)23274275,(04)23288582,2025,1,8,8,34,臺中市,西屯區,0,0,0,7,,,30,,,,,,,,,,,,,,20,,,,,A41,,,1,,9,,,8,8,1,12,4,120.612653,24.160202,3
2948,66000,387130000C,(04)23274275,(04)23288582,2025,1,8,8,36,臺中市,北屯區,0,0,0,7,,,50,,,,,,,,,,,,,,15,,,,,C03,,,1,,1,,,12,12,1,13,4,120.715763,24.172305,3
2949,66000,387130000C,(04)23274275,(04)23288582,2025,1,8,8,42,臺中市,梧棲區,0,1,0,7,2,6,50,4,1,1,5,4,6,6,1,1,10,5,5,2,16,3,10,3,1,B03,7,5,1,8,2,5,,11,11,1,12,4,120.555957,24.250803,2
2950,66000,387130000C,(04)23274275,(04)23288582,2025,1,8,8,43,臺中市,龍井區,0,2,0,7,2,6,30,4,1,1,5,4,6,6,4,4,10,5,5,2,15,2,8,5,4,C03,7,9,1,10,2,13,,12,12,1,6,4,120.595052,24.186894,2
2951,66000,387130000C,(04)23274275,(04)23288582,2025,1,8,8,43,臺中市,豐原區,0,0,0,7,,,30,,,,,,,,,,,,,,14,,,,,B03,,,1,,2,,,49,49,1,12,4,120.706746,24.248877,3
2952,66000,387130000C,(04)23274275,(04)23288582,2025,1,8,8,44,臺中市,東區,0,0,0,7,,,50,,,,,,,,,,,,,,13,,,,,B12,,,1,,1,,,84,84,1,6,4,120.689297,24.144334,3
2953,66000,387130000C,(04)23274275,(04)23288582,2025,1,8,8,45,臺中市,霧峰區,0,0,0,7,,,40,,,,,,,,,,,,,,,,,,,B03,,,1,,1,,,7,7,1,6,4,120.662621,24.068663,3
2954,66000,387130000C,(04)23274275,(04)23288582,2025,1,8,8,45,臺中市,太平區,0,0,0,7,,,50,,,,,,,,,,,,,,17,,,,,B12,,,1,,2,,,84,84,1,12,4,120.724081,24.136397,3
2955,66000,387130000C,(04)23274275,(04)23288582,2025,1,8,8,46,臺中市,南屯區,0,1,0,7,2,6,50,13,9,1,5,4,6,6,4,4,9,5,5,2,17,2,9,2,1,C03,7,4,1,10,2,12,,39,39,1,13,4,120.627765,24.140444,2
2956,66000,387130000C,(04)23274275,(04)23288582,2025,1,8,8,47,臺中市,南屯區,0,1,0,7,2,6,50,4,1,1,5,4,6,6,1,1,10,5,5,2,16,3,10,3,1,B12,7,6,1,7,2,2,,11,11,1,6,4,120.60182,24.139314,2
2957,66000,387130000C,(04)23274275,(04)23288582,2025,1,8,8,47,臺中市,西屯區,0,0,0,7,,,30,,,,,,,,,,,,,,14,,,,,B12,,,1,,1,,,49,49,1,12,4,120.653276,24.203574,3
2958,66000,387130000C,(04)23274275,(04)23288582,2025,1,8,8,50,臺中市,西屯區,0,0,0,7,,,50,,,,,,,,,,,,,,13,,,,,C03,,,1,,1,,,7,7,1,12,4,120.638347,24.203173,3
2959,66000,387130000C,(04)23274275,(04)23288582,2025,1,8,8,51,臺中市,西屯區,0,1,0,7,2,6,50,4,2,1,5,4,6,6,2,1,5,5,4,2,13,2,8,5,1,C03,7,9,1,10,1,11,,7,7,1,13,4,120.647873,24.169797,2
2960,66000,387130000C,(04)23274275,(04)23288582,2025,1,8,8,52,臺中市,豐原區,0,1,0,7,2,6,50,3,9,1,5,4,6,6,1,1,1,4,5,1,13,3,10,5,4,B03,7,9,1,8,2,1,,84,84,1,13,4,120.709132,24.252112,2
2961,66000,387130000C,(04)23274275,(04)23288582,2025,1,8,8,53,臺中市,豐原區,0,0,0,7,2,6,50,13,9,1,5,4,6,6,4,4,10,5,5,1,12,3,10,3,1,B03,7,9,1,8,2,2,,84,84,1,12,4,120.714423,24.239004,3
2962,66000,387130000C,(04)23274275,(04)23288582,2025,1,8,9,0,臺中市,清水區,0,0,0,7,,,50,,,,,,,,,,,,,,17,,,,,C03,,,1,,1,,,58,58,1,12,4,120.567118,24.268351,3
2963,66000,387130000C,(04)23274275,(04)23288582,2025,1,8,9,7,臺中市,西屯區,0,0,0,7,,,50,,,,,,,,,,,,,,12,,,,,B03,,,1,,2,,,8,8,1,12,4,120.635423,24.172378,3
2964,66000,387130000C,(04)23274275,(04)23288582,2025,1,8,9,12,臺中市,大里區,0,1,0,7,2,6,50,3,1,1,5,4,6,6,4,4,10,5,5,1,16,3,10,3,1,B03,7,5,1,8,2,8,,14,14,1,12,4,120.67958,24.106257,2
2965,66000,387130000C,(04)23274275,(04)23288582,2025,1,8,9,18,臺中市,神岡區,0,0,0,7,1,6,30,4,2,1,5,4,6,6,2,1,10,5,5,1,14,,,,,B03,,,1,,2,,,49,49,1,12,4,120.711411,24.261914,3
2966,66000,387130000C,(04)23274275,(04)23288582,2025,1,8,9,22,臺中市,南屯區,0,0,0,7,,,50,,,,,,,,,,,,,,13,,,,,C03,,,1,,1,,,7,7,1,6,4,120.609883,24.140483,3
2967,66000,387130000C,(04)23274275,(04)23288582,2025,1,8,9,29,臺中市,北區,0,1,0,7,2,6,50,13,7,1,5,4,6,6,4,4,5,5,4,2,2,3,10,5,4,B03,7,9,3,19,11,1,,84,84,1,12,4,120.678038,24.152325,2
2968,66000,387130000C,(04)23274275,(04)23288582,2025,1,8,9,33,臺中市,南屯區,0,2,0,7,3,6,60,13,9,1,5,4,6,6,1,1,1,4,1,2,16,2,9,3,1,B03,7,9,1,8,2,1,,25,25,1,12,4,120.636,24.12079,2
2969,66000,387130000C,(04)23274275,(04)23288582,2025,1,8,9,37,臺中市,豐原區,0,0,0,7,,,50,,,,,,,,,,,,,,13,,,,,B03,,,1,,2,,,58,58,1,12,4,120.71972,24.261511,3
2970,66000,387130000C,(04)23274275,(04)23288582,2025,1,8,9,40,臺中市,北屯區,0,1,0,7,2,6,50,13,9,1,5,4,6,6,4,4,9,4,5,2,17,2,7,1,1,C03,7,1,1,10,2,11,12,51,51,1,12,4,120.673752,24.188572,2
2971,66000,387130000C,(04)23274275,(04)23288582,2025,1,8,9,44,臺中市,大甲區,0,2,0,7,2,6,50,3,1,1,5,4,6,6,4,4,10,5,5,2,16,2,9,2,1,C03,7,6,1,10,2,14,,12,12,1,6,4,120.627886,24.341815,2
2972,66000,387130000C,(04)23274275,(04)23288582,2025,1,8,9,50,臺中市,大里區,0,1,0,7,2,6,30,3,1,1,5,4,6,6,4,4,10,5,5,2,16,2,9,1,1,C03,7,6,5,10,2,13,,14,14,1,13,4,120.72764,24.094462,2
2973,66000,387130000C,(04)23274275,(04)23288582,2025,1,8,9,52,臺中市,西屯區,0,0,0,7,,,70,,,,,,,,,,,,,,13,,,,,B03,,,1,,1,,,59,59,1,13,4,120.615434,24.183068,3
2974,66000,387130000C,(04)23274275,(04)23288582,2025,1,8,9,52,臺中市,豐原區,0,0,0,7,3,9,50,18,21,4,5,4,6,6,4,4,10,5,5,1,14,3,10,5,4,C03,7,2,1,10,2,13,,84,84,1,13,4,120.727143,24.239161,3
2975,66000,387130000C,(04)23274275,(04)23288582,2025,1,8,9,55,臺中市,豐原區,0,0,0,7,2,6,50,4,2,1,5,4,6,6,4,4,10,5,5,2,14,3,10,3,1,B12,7,2,1,8,2,3,,49,49,1,12,4,120.715671,24.245605,3
2976,66000,387130000C,(04)23274275,(04)23288582,2025,1,8,9,56,臺中市,太平區,0,2,0,7,3,6,50,13,7,1,5,4,6,6,4,4,5,5,5,2,18,2,9,1,1,C03,7,1,1,10,2,11,,84,84,1,12,4,120.712525,24.149977,2
2977,66000,387130000C,(04)23274275,(04)23288582,2025,1,8,9,58,臺中市,大雅區,0,1,0,7,1,6,70,13,8,1,5,4,6,6,4,4,1,4,4,1,17,3,10,3,1,B03,7,7,1,8,2,2,,40,40,1,13,4,120.642037,24.229691,2
2978,66000,387130000C,(04)23274275,(04)23288582,2025,1,8,9,59,臺中市,南屯區,0,0,0,7,,,40,,,,,,,,,,,,,,14,,,,,B03,,,1,,1,,,49,49,1,12,4,120.625757,24.113373,3
2979,66000,387130000C,(04)23274275,(04)23288582,2025,1,8,10,0,臺中市,西屯區,0,1,0,7,3,6,50,3,2,1,5,4,6,6,4,4,10,5,5,2,12,3,10,5,4,C03,7,9,1,10,2,12,,8,8,1,13,4,120.593534,24.180452,2
2980,66000,387130000C,(04)23274275,(04)23288582,2025,1,8,10,1,臺中市,南區,0,0,0,7,,,50,,,,,,,,,,,,,,,,,,,B03,,,1,,1,,,49,49,1,12,4,120.672316,24.126616,3
2981,66000,387130000C,(04)23274275,(04)23288582,2025,1,8,10,1,臺中市,清水區,0,2,0,7,3,6,50,4,1,1,5,4,6,6,3,1,5,5,5,1,15,2,9,2,1,C03,7,9,1,10,3,14,,24,24,1,12,4,120.567592,24.272506,2
2982,66000,387130000C,(04)23274275,(04)23288582,2025,1,8,10,4,臺中市,北區,0,1,0,7,2,6,50,4,4,1,5,4,6,6,2,1,1,4,5,2,12,3,10,1,1,C03,7,12,1,10,2,14,,84,84,1,13,4,120.664671,24.154627,2
2983,66000,387130000C,(04)23274275,(04)23288582,2025,1,8,10,4,臺中市,大里區,0,1,0,7,2,6,50,3,1,1,5,4,6,6,3,1,5,5,4,2,17,2,8,1,1,C03,7,1,1,8,2,14,,84,84,1,13,4,120.694126,24.111622,2
2984,66000,387130000C,(04)23274275,(04)23288582,2025,1,8,10,5,臺中市,潭子區,0,1,0,7,3,6,40,4,1,1,5,4,6,6,1,1,5,5,5,1,17,2,8,2,1,C03,7,6,1,10,2,14,,11,11,1,13,4,120.717415,24.218179,2
2985,66000,387130000C,(04)23274275,(04)23288582,2025,1,8,10,5,臺中市,沙鹿區,0,1,0,7,3,6,60,13,8,1,5,4,6,6,4,4,3,4,4,1,16,3,10,5,4,B12,7,7,1,8,2,2,,40,40,1,6,4,120.599264,24.250042,2
2986,66000,387130000C,(04)23274275,(04)23288582,2025,1,8,10,8,臺中市,大里區,0,0,0,7,,,50,,,,,,,,,,,,,,,,,,,C03,,,1,,2,,,7,7,1,6,4,120.695301,24.09639,3
2987,66000,387130000C,(04)23274275,(04)23288582,2025,1,8,10,8,臺中市,大里區,0,0,0,7,,,50,,,,,,,,,,,,,,,,,,,C03,,,1,,2,,,7,7,1,12,4,120.699588,24.115037,3
2988,66000,387130000C,(04)23274275,(04)23288582,2025,1,8,10,9,臺中市,太平區,0,0,0,7,,,40,,,,,,,,,,,,,,13,,,,,B03,,,1,,1,,,61,61,1,12,4,120.715381,24.151947,3
2989,66000,387130000C,(04)23274275,(04)23288582,2025,1,8,10,12,臺中市,北區,0,0,0,7,,,50,,,,,,,,,,,,,,13,,,,,B03,,,1,,2,,,7,7,1,13,4,120.681737,24.155294,3
2990,66000,387130000C,(04)23274275,(04)23288582,2025,1,8,10,13,臺中市,西屯區,0,1,0,7,2,6,50,4,1,1,5,4,6,6,2,1,10,5,5,2,15,2,9,2,1,C03,7,9,1,10,2,12,,21,21,1,13,4,120.647135,24.168746,2
2991,66000,387130000C,(04)23274275,(04)23288582,2025,1,8,10,14,臺中市,北區,0,1,0,7,3,6,50,4,1,1,5,4,6,6,1,1,5,5,4,2,17,2,8,1,1,C03,7,9,1,10,2,12,,21,21,1,13,4,120.674325,24.170023,2
2992,66000,387130000C,(04)23274275,(04)23288582,2025,1,8,10,15,臺中市,太平區,0,1,0,7,3,6,50,3,1,1,5,4,6,6,1,1,10,5,4,2,16,3,10,3,1,B03,7,5,1,8,2,2,,11,11,1,12,4,120.715905,24.134802,2
2993,66000,387130000C,(04)23274275,(04)23288582,2025,1,8,10,16,臺中市,大里區,0,0,0,7,,,50,,,,,,,,,,,,,,13,,,,,C03,,,1,,2,,,7,7,1,6,4,120.688907,24.093601,3
2994,66000,387130000C,(04)23274275,(04)23288582,2025,1,8,10,19,臺中市,北屯區,0,1,0,7,2,6,50,13,9,1,5,4,6,6,4,4,1,4,5,2,13,2,8,2,1,C03,7,9,1,10,2,11,,84,84,1,12,4,120.730069,24.177556,2
2995,66000,387130000C,(04)23274275,(04)23288582,2025,1,8,10,19,臺中市,豐原區,0,0,0,7,,,40,,,,,,,,,,,,,,14,,,,,B12,,,1,,1,,,49,49,1,13,4,120.71089,24.239475,3
2996,66000,387130000C,(04)23274275,(04)23288582,2025,1,8,10,25,臺中市,北屯區,0,0,0,7,,,50,,,,,,,,,,,,,,,,,,,B03,,,1,,1,,,49,49,1,12,4,120.684084,24.172353,3
2997,66000,387130000C,(04)23274275,(04)23288582,2025,1,8,10,25,臺中市,大里區,0,1,0,7,1,6,40,3,2,1,5,4,6,6,1,1,10,5,5,2,16,3,10,3,1,B03,7,1,1,8,2,8,,51,51,1,12,4,120.678435,24.097361,2
2998,66000,387130000C,(04)23274275,(04)23288582,2025,1,8,10,29,臺中市,太平區,0,0,0,7,3,6,50,13,9,1,5,4,6,6,4,4,5,4,5,1,16,3,10,2,1,C03,7,9,1,10,4,15,,84,84,1,12,4,120.715265,24.133285,3
2999,66000,387130000C,(04)23274275,(04)23288582,2025,1,8,10,31,臺中市,豐原區,0,1,0,7,2,6,50,13,9,1,5,4,6,6,4,4,9,5,5,2,27,2,9,1,1,C03,7,9,1,10,2,11,,84,84,1,12,4,120.71732,24.234149,2
3000,66000,387130000C,(04)23274275,(04)23288582,2025,1,8,10,35,臺中市,北屯區,0,0,0,7,1,6,50,3,2,1,5,4,6,6,4,4,10,5,5,2,17,,,,,A11,,,1,,1,,,49,49,1,13,4,120.685357,24.167818,3
3001,66000,387130000C,(04)23274275,(04)23288582,2025,1,8,10,37,臺中市,沙鹿區,0,0,0,7,,,50,,,,,,,,,,,,,,,,,,,B03,,,1,,1,,,49,49,1,13,4,120.564423,24.249342,3
3002,66000,387130000C,(04)23274275,(04)23288582,2025,1,8,10,38,臺中市,太平區,0,0,0,7,,,50,,,,,,,,,,,,,,14,,,,,B03,,,1,,2,,,50,50,1,13,4,120.716004,24.148432,3
3003,66000,387130000C,(04)23274275,(04)23288582,2025,1,8,10,40,臺中市,沙鹿區,0,0,0,7,2,6,50,13,9,1,5,4,6,6,1,1,1,3,4,2,13,,,,,C03,,,1,,2,,,7,7,1,12,4,120.56037,24.239429,3
3004,66000,387130000C,(04)23274275,(04)23288582,2025,1,8,10,53,臺中市,潭子區,0,1,0,7,2,6,50,5,1,1,5,4,6,6,2,1,1,4,5,2,13,3,10,3,1,B03,7,9,1,6,2,8,,7,7,1,13,4,120.70359,24.201162,2
3005,66000,387130000C,(04)23274275,(04)23288582,2025,1,8,10,54,臺中市,西屯區,0,0,0,7,,,0,,,,,,,,,,,,,,14,,,,,B03,,,1,,2,,,84,84,1,12,4,120.635145,24.17586,3
3006,66000,387130000C,(04)23274275,(04)23288582,2025,1,8,10,55,臺中市,北屯區,0,0,0,7,,,80,,,,,,,,,,,,,,13,,,,,B03,,,1,,1,,,7,7,1,13,4,120.720668,24.167477,3
3007,66000,387130000C,(04)23274275,(04)23288582,2025,1,8,10,55,臺中市,西屯區,0,0,0,7,,,30,,,,,,,,,,,,,,11,,,,,B03,,,1,,2,,,8,8,1,12,4,120.647747,24.182783,3
3008,66000,387130000C,(04)23274275,(04)23288582,2025,1,8,11,4,臺中市,大里區,0,2,0,7,2,6,40,13,8,1,5,4,6,6,4,4,5,4,4,1,13,2,9,2,1,C03,7,9,1,10,2,14,11,7,7,1,13,4,120.709782,24.09432,2
3009,66000,387130000C,(04)23274275,(04)23288582,2025,1,8,11,8,臺中市,西區,0,1,0,7,2,6,50,3,1,1,5,4,6,6,1,1,10,5,5,2,16,3,10,3,1,B03,7,6,1,8,2,2,,11,11,1,12,4,120.657737,24.154201,2
3010,66000,387130000C,(04)23274275,(04)23288582,2025,1,8,11,11,臺中市,西區,0,0,0,7,,,50,,,,,,,,,,,,,,11,,,,,F01,,,7,,2,,,4,4,1,12,4,120.659689,24.142855,3
3011,66000,387130000C,(04)23274275,(04)23288582,2025,1,8,11,19,臺中市,西區,0,0,0,7,,,50,,,,,,,,,,,,,,,,,,,B12,,,1,,1,,,7,7,1,12,4,120.658322,24.146697,3
3012,66000,387130000C,(04)23274275,(04)23288582,2025,1,8,11,21,臺中市,西屯區,0,2,0,7,2,6,50,4,2,1,5,4,6,6,1,1,10,5,5,2,17,2,9,4,4,C03,7,1,3,19,2,14,,51,51,1,13,4,120.646442,24.164718,2
3013,66000,387130000C,(04)23274275,(04)23288582,2025,1,8,11,22,臺中市,東區,0,0,0,7,,,50,,,,,,,,,,,,,,12,,,,,C03,,,1,,2,,,40,40,1,6,4,120.683693,24.132593,3
3014,66000,387130000C,(04)23274275,(04)23288582,2025,1,8,11,22,臺中市,大里區,0,0,0,7,,,30,,,,,,,,,,,,,,11,,,,,A11,,,1,,2,,,72,72,1,12,4,120.686469,24.094916,3
3015,66000,387130000C,(04)23274275,(04)23288582,2025,1,8,11,24,臺中市,南屯區,0,0,0,7,,,50,,,,,,,,,,,,,,,,,,,B03,,,3,,2,,,59,59,1,13,4,120.612991,24.149939,3
3016,66000,387130000C,(04)23274275,(04)23288582,2025,1,8,11,24,臺中市,西屯區,0,0,0,7,,,50,,,,,,,,,,,,,,13,,,,,B03,,,1,,1,,,59,59,1,13,4,120.644164,24.201417,3
3017,66000,387130000C,(04)23274275,(04)23288582,2025,1,8,11,24,臺中市,大里區,0,1,0,7,2,6,50,13,9,1,5,4,6,6,4,4,1,4,5,1,12,3,10,1,1,C03,7,7,1,10,2,12,,40,40,1,13,4,120.681141,24.104047,2
3018,66000,387130000C,(04)23274275,(04)23288582,2025,1,8,11,27,臺中市,外埔區,0,0,0,7,,,50,,,,,,,,,,,,,,27,,,,,B03,,,1,,2,,,84,84,1,12,4,120.628714,24.325467,3
3019,66000,387130000C,(04)23274275,(04)23288582,2025,1,8,11,29,臺中市,南屯區,0,2,0,7,1,6,50,13,9,1,5,4,6,6,4,4,9,5,5,2,12,2,8,5,4,C03,7,6,1,10,2,13,,48,48,1,13,4,120.637307,24.133555,2
3020,66000,387130000C,(04)23274275,(04)23288582,2025,1,8,11,33,臺中市,北區,0,2,0,7,2,6,50,3,1,1,5,4,6,6,2,1,2,4,4,2,15,2,9,1,1,C03,7,9,1,10,2,11,12,21,21,1,13,4,120.685093,24.157602,2
3021,66000,387130000C,(04)23274275,(04)23288582,2025,1,8,11,37,臺中市,潭子區,0,0,0,7,,,50,,,,,,,,,,,,,,16,,,,,B03,,,1,,2,,,26,26,1,12,4,120.702994,24.200645,3
3022,66000,387130000C,(04)23274275,(04)23288582,2025,1,8,11,37,臺中市,西區,0,0,0,7,,,50,,,,,,,,,,,,,,,,,,,B03,,,1,,1,,,84,84,1,6,4,120.67394,24.149326,3
3023,66000,387130000C,(04)23274275,(04)23288582,2025,1,8,11,38,臺中市,北區,0,2,0,7,2,6,50,3,1,1,5,4,6,6,4,4,10,5,5,2,16,2,9,1,1,C04,7,6,1,10,2,12,,14,14,1,12,4,120.67454,24.159285,2
3024,66000,387130000C,(04)23274275,(04)23288582,2025,1,8,11,40,臺中市,南屯區,0,0,0,7,3,6,50,13,9,1,5,4,6,6,4,4,3,4,5,2,24,,,,,A41,,,1,,9,,,84,84,1,12,4,120.630193,24.146756,3
3025,66000,387130000C,(04)23274275,(04)23288582,2025,1,8,11,40,臺中市,西屯區,0,1,0,7,2,6,60,13,7,1,5,4,6,6,4,4,1,4,1,2,13,3,10,2,1,C02,7,9,1,10,2,12,,7,7,1,13,4,120.647523,24.163596,2
3026,66000,387130000C,(04)23274275,(04)23288582,2025,1,8,11,44,臺中市,東區,0,1,0,7,3,6,50,4,1,1,5,4,6,6,1,1,10,5,5,2,18,2,8,2,1,C03,7,9,1,10,2,14,,84,84,1,13,4,120.709158,24.144452,2
3027,66000,387130000C,(04)23274275,(04)23288582,2025,1,8,11,44,臺中市,北屯區,0,1,0,7,1,6,50,3,1,1,5,4,6,6,1,1,10,5,5,2,16,3,10,3,1,B03,7,5,1,8,2,6,,85,85,1,12,4,120.663979,24.200782,2
3028,66000,387130000C,(04)23274275,(04)23288582,2025,1,8,11,45,臺中市,南屯區,0,0,0,7,,,50,,,,,,,,,,,,,,17,,,,,C03,,,1,,1,,,48,48,1,6,2,120.651963,24.155658,4
3029,66000,387130000C,(04)23274275,(04)23288582,2025,1,8,11,46,臺中市,中區,0,0,0,7,,,50,,,,,,,,,,,,,,12,,,,,B03,,,1,,1,,,84,84,1,12,4,120.676084,24.145489,4