序號,縣市別代碼,機關代碼,市話,傳真,年,月,日,時,分,縣市,區,死亡數量,受傷數量,2-30,天候,道路照明設備,道路類別,道路速限,道路型態,事故位置,路面鋪裝,路面狀態,路面缺陷,障礙物,視距,號誌種類,號誌動作,分向設施,快車道或一般車道間,快慢車道間,路面邊線,事故類型及型態,受傷程度,主要傷處,保護裝備,行動電話或功能裝置,當事者區分(類別),車輛用途,當事者行動狀態,駕照狀態,駕照種類,飲酒情形,車輛撞擊部位最初,車輛撞擊部位其他,肇事因素個別,肇事因素主要,肇事逃逸,職業,共享經濟或外送平台,GPS座標X,GPS座標Y,事故類別
3365,66000,387130000C,(04)23274275,(04)23288582,2025,1,9,7,48,臺中市,大里區,0,0,0,7,,,50,,,,,,,,,,,,,,12,,,,,B03,,,1,,1,,,8,8,1,13,4,120.690039,24.092803,3
3366,66000,387130000C,(04)23274275,(04)23288582,2025,1,9,7,48,臺中市,太平區,0,0,0,7,,,50,,,,,,,,,,,,,,13,,,,,C03,,,1,,2,,,7,7,1,12,4,120.733318,24.152316,3
3367,66000,387130000C,(04)23274275,(04)23288582,2025,1,9,7,48,臺中市,太平區,0,2,0,7,2,6,50,4,1,1,5,4,6,6,4,4,10,5,5,2,17,2,9,1,1,C03,7,6,1,10,2,12,,14,14,1,12,4,120.715153,24.137825,2
3368,66000,387130000C,(04)23274275,(04)23288582,2025,1,9,7,49,臺中市,西屯區,0,1,0,7,2,6,50,13,8,1,5,4,6,6,4,4,9,5,4,2,16,3,10,3,1,B03,7,6,1,8,2,5,,59,59,1,12,4,120.611146,24.19207,2
3369,66000,387130000C,(04)23274275,(04)23288582,2025,1,9,7,50,臺中市,中區,0,0,0,7,,,30,,,,,,,,,,,,,,,,,,,C03,,,1,,2,,,84,84,1,12,4,120.680906,24.141098,3
3370,66000,387130000C,(04)23274275,(04)23288582,2025,1,9,7,50,臺中市,西屯區,0,0,0,7,,,80,,,,,,,,,,,,,,12,,,,,B03,,,1,,1,,,40,40,1,13,4,120.659289,24.200784,3
3371,66000,387130000C,(04)23274275,(04)23288582,2025,1,9,7,52,臺中市,神岡區,0,2,0,7,1,6,30,13,9,1,5,4,6,6,4,4,10,5,5,1,13,2,9,1,4,C03,7,9,1,10,2,11,,84,84,1,12,4,120.661454,24.277224,2
3372,66000,387130000C,(04)23274275,(04)23288582,2025,1,9,7,53,臺中市,梧棲區,0,0,0,7,,,30,,,,,,,,,,,,,,11,,,,,B03,,,1,,2,,,84,84,1,6,4,120.558392,24.25825,3
3373,66000,387130000C,(04)23274275,(04)23288582,2025,1,9,7,54,臺中市,梧棲區,0,0,0,7,,,50,,,,,,,,,,,,,,,,,,,B03,,,1,,1,,,7,7,1,6,4,120.532859,24.221202,3
3374,66000,387130000C,(04)23274275,(04)23288582,2025,1,9,7,56,臺中市,南屯區,0,2,0,7,3,6,50,4,1,1,5,4,6,6,1,1,10,5,5,2,15,2,9,2,1,C03,7,9,3,19,1,12,,21,21,1,12,4,120.653038,24.135043,2
3375,66000,387130000C,(04)23274275,(04)23288582,2025,1,9,7,57,臺中市,西屯區,0,0,0,7,,,30,,,,,,,,,,,,,,13,,,,,C03,,,1,,1,,,7,7,1,13,4,120.660594,24.201286,3
3376,66000,387130000C,(04)23274275,(04)23288582,2025,1,9,7,58,臺中市,西屯區,0,0,0,7,,,30,,,,,,,,,,,,,,17,,,,,C03,,,1,,11,,,87,87,1,13,4,120.647252,24.182005,3
3377,66000,387130000C,(04)23274275,(04)23288582,2025,1,9,8,1,臺中市,霧峰區,0,0,0,7,,,50,,,,,,,,,,,,,,,,,,,B03,,,1,,2,,,50,50,1,13,4,120.649571,24.085832,3
3378,66000,387130000C,(04)23274275,(04)23288582,2025,1,9,8,3,臺中市,北屯區,0,0,0,7,,,50,,,,,,,,,,,,,,2,,,,,B03,,,1,,1,,,84,84,1,13,4,120.680946,24.1913,3
3379,66000,387130000C,(04)23274275,(04)23288582,2025,1,9,8,4,臺中市,烏日區,0,0,0,7,,,50,,,,,,,,,,,,,,13,,,,,B03,,,1,,1,,,59,59,1,13,4,120.614906,24.107596,3
3380,66000,387130000C,(04)23274275,(04)23288582,2025,1,9,8,8,臺中市,神岡區,0,0,0,7,,,50,,,,,,,,,,,,,,17,,,,,B02,,,1,,2,,,40,40,1,12,4,120.695933,24.248334,3
3381,66000,387130000C,(04)23274275,(04)23288582,2025,1,9,8,9,臺中市,南屯區,0,0,0,7,,,50,,,,,,,,,,,,,,,,,,,C03,,,1,,1,,,84,84,1,13,4,120.620761,24.145181,3
3382,66000,387130000C,(04)23274275,(04)23288582,2025,1,9,8,10,臺中市,大雅區,0,0,0,7,,,30,,,,,,,,,,,,,,12,,,,,,,,,,,,,86,86,1,,,120.662761,24.219859,3
3383,66000,387130000C,(04)23274275,(04)23288582,2025,1,9,8,12,臺中市,大里區,0,1,0,6,2,6,50,3,1,1,5,4,6,6,4,4,10,5,5,2,17,3,10,1,1,C03,7,6,1,10,2,11,,14,14,1,13,4,120.703917,24.097135,2
3384,66000,387130000C,(04)23274275,(04)23288582,2025,1,9,8,14,臺中市,烏日區,0,1,0,7,2,6,50,13,9,1,5,4,6,6,4,4,5,5,5,2,17,3,10,5,4,B13,7,5,1,8,2,2,,47,47,1,12,4,120.650424,24.107315,2
3385,66000,387130000C,(04)23274275,(04)23288582,2025,1,9,8,14,臺中市,東勢區,0,1,0,7,2,6,50,5,9,1,5,4,6,6,1,1,5,5,5,1,12,3,10,5,4,B03,7,9,1,8,2,2,,8,8,1,12,4,120.828037,24.260225,2
3386,66000,387130000C,(04)23274275,(04)23288582,2025,1,9,8,19,臺中市,東區,0,1,0,7,3,6,50,13,9,1,5,4,6,6,4,4,10,5,5,2,18,2,9,2,1,C03,7,9,1,10,2,16,,84,84,1,6,4,120.686823,24.138125,2
3387,66000,387130000C,(04)23274275,(04)23288582,2025,1,9,8,20,臺中市,北屯區,0,0,0,7,,,50,,,,,,,,,,,,,,9,,,,,B03,,,1,8,1,,,40,40,1,12,4,120.721688,24.179709,3
3388,66000,387130000C,(04)23274275,(04)23288582,2025,1,9,8,22,臺中市,西屯區,0,0,0,7,,,60,,,,,,,,,,,,,,13,,,,,B03,,,1,,1,,,58,58,1,12,4,120.654698,24.160332,3
3389,66000,387130000C,(04)23274275,(04)23288582,2025,1,9,8,24,臺中市,太平區,0,0,0,7,,,30,,,,,,,,,,,,,,,,,,,A12,,,1,,1,,,84,84,1,12,4,120.728582,24.15486,3
3390,66000,387130000C,(04)23274275,(04)23288582,2025,1,9,8,25,臺中市,北區,0,2,0,7,2,6,50,13,9,1,5,4,6,6,4,4,2,4,5,2,13,2,9,1,1,C03,7,9,1,10,2,11,12,7,7,1,13,4,120.684805,24.152243,2
3391,66000,387130000C,(04)23274275,(04)23288582,2025,1,9,8,29,臺中市,西區,0,1,0,7,2,6,40,13,8,1,5,4,6,6,4,4,1,4,1,2,13,2,9,2,1,C03,7,9,1,10,2,11,,7,7,1,12,4,120.658784,24.157231,2
3392,66000,387130000C,(04)23274275,(04)23288582,2025,1,9,8,29,臺中市,南屯區,0,0,0,7,,,50,,,,,,,,,,,,,,,,,,,B03,,,1,,2,,,7,7,1,13,4,120.611728,24.135717,3
3393,66000,387130000C,(04)23274275,(04)23288582,2025,1,9,8,29,臺中市,南屯區,0,2,0,7,2,6,50,4,1,1,5,4,6,6,2,1,10,5,5,2,17,3,10,1,1,C03,7,6,1,10,2,13,,48,48,1,12,4,120.635016,24.152555,2
3394,66000,387130000C,(04)23274275,(04)23288582,2025,1,9,8,30,臺中市,潭子區,0,0,0,7,,,50,,,,,,,,,,,,,,21,,,,,B03,,,1,,2,,,50,50,1,12,4,120.692394,24.227163,3
3395,66000,387130000C,(04)23274275,(04)23288582,2025,1,9,8,32,臺中市,西屯區,0,0,0,7,,,50,,,,,,,,,,,,,,12,,,,,B12,,,1,,1,,,40,40,1,12,4,120.656553,24.198628,3
3396,66000,387130000C,(04)23274275,(04)23288582,2025,1,9,8,42,臺中市,西區,0,0,0,7,,,50,,,,,,,,,,,,,,,,,,,B03,,,1,,2,,,20,20,1,6,4,120.660187,24.140158,3
3397,66000,387130000C,(04)23274275,(04)23288582,2025,1,9,8,45,臺中市,沙鹿區,0,1,0,7,3,6,50,13,9,1,5,4,6,6,4,4,9,5,5,1,17,3,10,3,1,B12,7,5,1,7,2,5,,65,65,1,6,4,120.557119,24.228681,2
3398,66000,387130000C,(04)23274275,(04)23288582,2025,1,9,8,47,臺中市,東區,0,0,0,7,,,50,,,,,,,,,,,,,,13,,,,,C03,,,1,,2,,,7,7,1,5,4,120.694964,24.148067,3
3399,66000,387130000C,(04)23274275,(04)23288582,2025,1,9,8,50,臺中市,西區,0,1,0,7,2,6,50,4,1,1,5,4,6,6,4,4,10,5,5,2,17,2,9,1,1,C03,7,8,1,10,1,14,,40,40,1,12,4,120.661102,24.146827,2
3400,66000,387130000C,(04)23274275,(04)23288582,2025,1,9,8,50,臺中市,西屯區,0,2,0,7,2,6,40,3,1,1,5,4,6,6,4,4,10,5,5,2,17,3,10,3,4,B03,7,6,1,8,2,6,,48,48,1,13,4,120.662032,24.163735,2
3401,66000,387130000C,(04)23274275,(04)23288582,2025,1,9,8,51,臺中市,北區,0,0,0,7,,,50,,,,,,,,,,,,,,,,,,,C03,,,1,,1,,,11,11,1,13,4,120.681971,24.15176,3
3402,66000,387130000C,(04)23274275,(04)23288582,2025,1,9,8,52,臺中市,西區,0,1,0,6,1,6,50,13,7,1,5,4,6,6,4,4,5,4,5,2,17,3,10,5,4,A11,7,9,1,3,2,1,,7,7,1,11,4,120.661687,24.146708,2
3403,66000,387130000C,(04)23274275,(04)23288582,2025,1,9,8,53,臺中市,北屯區,0,0,0,7,,,30,,,,,,,,,,,,,,,,,,,B03,,,1,,2,,,84,84,1,6,4,120.664035,24.187446,3
3404,66000,387130000C,(04)23274275,(04)23288582,2025,1,9,8,59,臺中市,大里區,0,0,0,7,2,6,80,13,9,1,5,4,6,6,4,4,1,3,5,1,12,,,,,B03,,,1,,2,,,40,40,1,13,4,120.685936,24.092331,3
3405,66000,387130000C,(04)23274275,(04)23288582,2025,1,9,9,4,臺中市,西區,0,0,0,7,,,50,,,,,,,,,,,,,,13,,,,,B03,,,3,,1,,,84,84,1,11,4,120.667054,24.136577,3
3406,66000,387130000C,(04)23274275,(04)23288582,2025,1,9,9,6,臺中市,北屯區,0,0,0,7,,,50,,,,,,,,,,,,,,,,,,,A05,,,1,,1,,,8,8,1,12,4,120.713686,24.165954,4
3407,66000,387130000C,(04)23274275,(04)23288582,2025,1,9,9,7,臺中市,北區,0,0,0,7,,,50,,,,,,,,,,,,,,17,,,,,B03,,,1,,2,,,82,82,1,13,4,120.676813,24.150578,3
3408,66000,387130000C,(04)23274275,(04)23288582,2025,1,9,9,8,臺中市,西屯區,0,0,0,7,,,50,,,,,,,,,,,,,,12,,,,,B03,,,1,,1,,,8,8,1,13,4,120.646454,24.164454,3
3409,66000,387130000C,(04)23274275,(04)23288582,2025,1,9,9,9,臺中市,南區,0,0,0,7,,,50,,,,,,,,,,,,,,,,,,,B12,,,5,,1,,,49,49,1,12,4,120.652766,24.117995,3
3410,66000,387130000C,(04)23274275,(04)23288582,2025,1,9,9,14,臺中市,龍井區,0,0,0,6,,,40,,,,,,,,,,,,,,12,,,,,B13,,,1,,2,,,84,84,1,6,4,120.591249,24.1911,3
3411,66000,387130000C,(04)23274275,(04)23288582,2025,1,9,9,17,臺中市,西屯區,0,0,0,7,,,50,,,,,,,,,,,,,,14,,,,,A11,,,1,,1,,,49,49,1,12,4,120.607101,24.15598,3
3412,66000,387130000C,(04)23274275,(04)23288582,2025,1,9,9,19,臺中市,南區,0,2,0,7,3,6,50,13,6,1,5,4,6,6,4,4,1,5,5,2,17,2,9,2,1,C03,7,11,1,10,2,11,,4,4,1,12,4,120.659233,24.117323,2
3413,66000,387130000C,(04)23274275,(04)23288582,2025,1,9,9,19,臺中市,南屯區,0,0,0,7,,,50,,,,,,,,,,,,,,13,,,,,B03,,,1,,1,,,7,7,1,6,4,120.63675,24.135747,3
3414,66000,387130000C,(04)23274275,(04)23288582,2025,1,9,9,19,臺中市,霧峰區,0,1,0,7,2,6,40,13,8,1,5,4,6,6,4,4,5,5,4,1,13,3,10,2,1,C03,7,9,1,10,1,11,,59,59,1,13,4,120.698649,24.063934,2
3415,66000,387130000C,(04)23274275,(04)23288582,2025,1,9,9,19,臺中市,大甲區,0,1,0,7,3,6,50,13,9,1,5,4,6,6,1,1,5,5,5,1,12,3,10,3,1,B03,7,9,1,8,2,5,,7,7,1,12,4,120.624981,24.347442,2
3416,66000,387130000C,(04)23274275,(04)23288582,2025,1,9,9,25,臺中市,大里區,0,0,0,7,,,40,,,,,,,,,,,,,,,,,,,C03,,,1,,2,,,85,85,1,12,4,120.661555,24.087664,3
3417,66000,387130000C,(04)23274275,(04)23288582,2025,1,9,9,25,臺中市,大里區,0,1,0,7,2,6,30,4,1,1,5,4,6,6,4,4,10,5,5,2,15,3,10,3,1,B02,7,9,1,8,2,8,,12,12,1,12,4,120.692129,24.112095,2
3418,66000,387130000C,(04)23274275,(04)23288582,2025,1,9,9,31,臺中市,霧峰區,0,2,0,7,2,6,50,13,9,1,5,4,6,6,4,4,5,5,5,1,12,3,10,2,1,C03,7,9,1,10,2,11,,7,7,1,6,4,120.703016,24.07078,2
3419,66000,387130000C,(04)23274275,(04)23288582,2025,1,9,9,33,臺中市,北屯區,0,1,0,7,2,6,50,4,1,1,5,4,6,6,4,4,10,5,5,2,15,3,10,3,1,B03,7,9,1,8,2,5,,12,12,1,12,4,120.680276,24.177906,2
3420,66000,387130000C,(04)23274275,(04)23288582,2025,1,9,9,34,臺中市,南屯區,0,1,0,7,2,6,50,13,9,1,5,4,6,6,4,4,9,5,5,2,17,2,1,3,1,B03,7,1,1,8,2,8,,51,51,1,6,4,120.594294,24.152749,2
3421,66000,387130000C,(04)23274275,(04)23288582,2025,1,9,9,35,臺中市,北屯區,0,1,0,6,2,6,50,13,9,1,5,4,6,6,4,4,1,4,5,2,13,2,9,1,1,C03,7,9,1,10,2,11,,7,7,1,13,4,120.692767,24.162605,2
3422,66000,387130000C,(04)23274275,(04)23288582,2025,1,9,9,35,臺中市,西屯區,0,2,0,7,2,6,50,4,7,1,5,4,6,6,1,1,1,4,4,2,13,2,9,5,4,C03,7,9,1,10,2,11,12,7,7,1,12,4,120.648876,24.174847,2
3423,66000,387130000C,(04)23274275,(04)23288582,2025,1,9,9,36,臺中市,梧棲區,0,1,0,7,3,6,70,5,1,1,5,4,6,6,1,1,10,5,5,2,16,2,9,1,1,C03,7,6,1,10,2,11,,36,36,1,6,4,120.54963,24.239022,2
3424,66000,387130000C,(04)23274275,(04)23288582,2025,1,9,9,38,臺中市,沙鹿區,0,0,0,7,,,50,,,,,,,,,,,,,,13,,,,,C03,,,1,,2,,,84,84,1,6,4,120.560375,24.235196,3
3425,66000,387130000C,(04)23274275,(04)23288582,2025,1,9,9,41,臺中市,西區,0,0,0,7,,,50,,,,,,,,,,,,,,,,,,,B03,,,1,,1,,,51,51,1,6,4,120.665455,24.148394,3
3426,66000,387130000C,(04)23274275,(04)23288582,2025,1,9,9,45,臺中市,清水區,0,0,0,7,,,50,,,,,,,,,,,,,,13,,,,,A31,,,1,,2,,,7,7,1,12,4,120.564949,24.297275,3
3427,66000,387130000C,(04)23274275,(04)23288582,2025,1,9,9,47,臺中市,南屯區,0,1,0,7,2,6,50,4,1,1,5,4,6,6,1,1,9,5,5,2,17,2,8,2,1,C03,7,9,1,10,2,11,,21,21,1,13,4,120.648689,24.153609,2
3428,66000,387130000C,(04)23274275,(04)23288582,2025,1,9,10,0,臺中市,北區,0,2,0,7,3,6,50,4,2,1,5,4,6,6,4,4,5,4,5,2,15,2,8,5,4,C03,7,9,1,10,2,14,,12,12,1,13,4,120.678362,24.162684,2
3429,66000,387130000C,(04)23274275,(04)23288582,2025,1,9,10,2,臺中市,西屯區,0,0,0,7,,,50,,,,,,,,,,,,,,17,,,,,B03,,,1,,1,,,20,20,1,12,4,120.655911,24.158976,3
3430,66000,387130000C,(04)23274275,(04)23288582,2025,1,9,10,2,臺中市,太平區,0,2,0,7,3,6,30,13,9,1,5,4,6,6,4,4,10,5,5,2,16,2,8,2,1,C03,7,6,1,10,2,12,,84,84,1,12,4,120.732951,24.143103,2
3431,66000,387130000C,(04)23274275,(04)23288582,2025,1,9,10,4,臺中市,石岡區,0,0,0,7,,,40,,,,,,,,,,,,,,14,,,,,B12,,,1,,1,,,49,49,1,12,4,120.768346,24.278871,3
3432,66000,387130000C,(04)23274275,(04)23288582,2025,1,9,10,9,臺中市,西屯區,0,1,0,7,2,6,50,13,7,1,5,4,6,6,4,4,5,4,4,2,3,2,9,6,5,H01,8,18,7,21,10,17,,95,95,1,13,5,120.656663,24.156679,2
3433,66000,387130000C,(04)23274275,(04)23288582,2025,1,9,10,9,臺中市,大里區,0,1,0,6,2,6,50,13,9,1,5,4,6,6,4,4,9,4,5,2,18,2,9,1,1,C03,7,9,1,10,2,14,,84,84,1,13,4,120.693244,24.095044,2
3434,66000,387130000C,(04)23274275,(04)23288582,2025,1,9,10,15,臺中市,大里區,0,2,0,7,2,6,30,5,1,1,5,4,6,6,1,1,10,5,5,2,17,2,9,1,1,C03,7,5,1,10,2,11,,84,84,1,13,4,120.689846,24.11279,2
3435,66000,387130000C,(04)23274275,(04)23288582,2025,1,9,10,19,臺中市,烏日區,0,0,0,7,,,50,,,,,,,,,,,,,,18,,,,,B12,,,1,,2,,,59,59,1,13,4,120.634814,24.112335,3
3436,66000,387130000C,(04)23274275,(04)23288582,2025,1,9,10,20,臺中市,烏日區,0,0,0,7,,,50,,,,,,,,,,,,,,14,,,,,B01,,,1,,2,,,49,49,1,6,4,120.615475,24.114286,3
3437,66000,387130000C,(04)23274275,(04)23288582,2025,1,9,10,22,臺中市,霧峰區,0,0,0,7,,,50,,,,,,,,,,,,,,13,,,,,B03,,,1,,1,,,59,59,1,13,4,120.691456,24.042785,3
3438,66000,387130000C,(04)23274275,(04)23288582,2025,1,9,10,30,臺中市,北屯區,0,1,0,7,1,6,50,13,7,1,5,4,6,6,4,4,5,5,4,2,13,3,10,5,4,B02,7,9,1,8,2,1,,84,84,1,13,4,120.676688,24.174456,2
3439,66000,387130000C,(04)23274275,(04)23288582,2025,1,9,10,41,臺中市,太平區,0,1,0,7,2,6,50,13,7,1,5,4,6,6,4,4,5,4,4,2,16,3,10,3,1,B03,7,11,1,8,2,8,,45,45,1,13,4,120.716385,24.148571,2
3440,66000,387130000C,(04)23274275,(04)23288582,2025,1,9,10,44,臺中市,潭子區,0,0,0,7,,,60,,,,,,,,,,,,,,,,,,,B12,,,1,,9,,,73,73,1,13,4,120.686412,24.206643,3
3441,66000,387130000C,(04)23274275,(04)23288582,2025,1,9,10,44,臺中市,南屯區,0,0,0,7,,,40,,,,,,,,,,,,,,13,,,,,B03,,,1,,1,,,59,59,1,6,4,120.624014,24.151965,3
3442,66000,387130000C,(04)23274275,(04)23288582,2025,1,9,10,45,臺中市,東勢區,0,0,0,7,,,50,,,,,,,,,,,,,,17,,,,,B03,,,1,,2,,,8,8,1,12,4,120.826944,24.254168,3
3443,66000,387130000C,(04)23274275,(04)23288582,2025,1,9,10,47,臺中市,大里區,0,0,0,7,,,80,,,,,,,,,,,,,,12,,,,,B03,,,1,,2,,,84,84,1,6,4,120.690704,24.098029,3
3444,66000,387130000C,(04)23274275,(04)23288582,2025,1,9,10,50,臺中市,東區,0,1,0,7,2,6,50,13,9,1,5,4,6,6,4,4,5,4,5,2,13,2,8,2,1,C03,7,9,1,10,2,11,,7,7,1,6,4,120.702284,24.131544,2
3445,66000,387130000C,(04)23274275,(04)23288582,2025,1,9,10,51,臺中市,東區,0,1,0,7,3,6,50,3,7,1,5,4,6,6,4,4,5,4,4,2,13,2,9,2,1,C03,7,9,1,10,2,11,,84,84,1,13,4,120.691425,24.14738,2
3446,66000,387130000C,(04)23274275,(04)23288582,2025,1,9,10,51,臺中市,大里區,0,0,0,7,,,,,,,,,,,,,,,,,30,,,,,,,,,,,,,119,119,1,,,120.690577,24.09304,3
3447,66000,387130000C,(04)23274275,(04)23288582,2025,1,9,10,55,臺中市,東勢區,0,2,0,7,2,6,60,13,9,1,5,4,6,6,4,4,1,5,5,1,17,2,9,2,1,C03,7,8,5,19,2,14,,40,40,1,12,4,120.833414,24.242052,2
3448,66000,387130000C,(04)23274275,(04)23288582,2025,1,9,10,56,臺中市,西屯區,0,2,0,7,2,6,50,4,1,1,5,4,6,6,4,4,10,5,5,2,15,2,9,2,1,C03,7,9,1,10,2,14,,12,12,1,13,4,120.647527,24.171204,2
3449,66000,387130000C,(04)23274275,(04)23288582,2025,1,9,11,0,臺中市,西區,0,2,0,7,2,6,50,4,1,1,5,4,6,6,4,4,10,5,5,2,17,2,9,1,1,C03,7,9,1,10,2,12,,15,15,1,12,4,120.663725,24.13107,2
3450,66000,387130000C,(04)23274275,(04)23288582,2025,1,9,11,0,臺中市,太平區,0,0,0,7,,,50,,,,,,,,,,,,,,,,,,,C03,,,1,,2,,,84,84,1,12,4,120.715575,24.136022,3
3451,66000,387130000C,(04)23274275,(04)23288582,2025,1,9,11,4,臺中市,烏日區,0,0,0,7,,,50,,,,,,,,,,,,,,,,,,,B03,,,1,,1,,,40,40,1,13,4,120.618662,24.116192,3
3452,66000,387130000C,(04)23274275,(04)23288582,2025,1,9,11,5,臺中市,霧峰區,0,0,0,6,,,50,,,,,,,,,,,,,,18,,,,,C03,,,1,,8,,,84,84,1,13,4,120.688511,24.065802,3
3453,66000,387130000C,(04)23274275,(04)23288582,2025,1,9,11,5,臺中市,太平區,0,3,0,7,3,6,50,4,1,1,5,4,6,6,3,1,5,5,5,2,15,2,9,2,1,C03,7,9,1,10,2,11,,24,24,1,12,4,120.716209,24.147128,2
3454,66000,387130000C,(04)23274275,(04)23288582,2025,1,9,11,6,臺中市,西屯區,0,0,0,7,,,50,,,,,,,,,,,,,,12,,,,,B03,,,1,,1,,,40,40,1,13,4,120.610245,24.187507,3
3455,66000,387130000C,(04)23274275,(04)23288582,2025,1,9,11,12,臺中市,北區,0,0,0,7,,,50,,,,,,,,,,,,,,,,,,,C03,,,1,,2,,,84,84,1,12,4,120.6774,24.169909,4
3456,66000,387130000C,(04)23274275,(04)23288582,2025,1,9,11,13,臺中市,南屯區,0,1,0,7,2,6,50,13,9,1,5,4,6,6,4,4,5,5,4,2,17,3,10,3,1,B03,7,11,1,8,2,7,,39,39,1,12,4,120.609717,24.130366,2
3457,66000,387130000C,(04)23274275,(04)23288582,2025,1,9,11,22,臺中市,霧峰區,0,0,0,7,,,30,,,,,,,,,,,,,,13,,,,,C03,,,1,,2,,,87,87,1,13,4,120.71448,24.076467,3
3458,66000,387130000C,(04)23274275,(04)23288582,2025,1,9,11,30,臺中市,東勢區,0,0,0,7,,,30,,,,,,,,,,,,,,,,,,,A12,,,1,,2,,,84,84,1,12,4,120.854857,24.237345,3
3459,66000,387130000C,(04)23274275,(04)23288582,2025,1,9,11,33,臺中市,豐原區,0,0,0,7,,,50,,,,,,,,,,,,,,17,,,,,B03,,,1,,2,,,51,51,1,12,4,120.709693,24.247834,3
3460,66000,387130000C,(04)23274275,(04)23288582,2025,1,9,11,35,臺中市,豐原區,0,2,0,7,2,6,50,3,1,1,5,4,6,6,1,1,10,5,5,2,17,2,9,2,1,C03,7,1,1,10,2,14,,25,25,1,13,4,120.703463,24.239994,2
3461,66000,387130000C,(04)23274275,(04)23288582,2025,1,9,11,37,臺中市,西區,0,1,0,7,2,6,50,13,7,1,5,4,6,6,2,1,3,4,4,2,13,3,10,3,1,B01,7,9,1,4,1,1,,84,84,1,12,4,120.67262,24.146698,2
3462,66000,387130000C,(04)23274275,(04)23288582,2025,1,9,11,38,臺中市,大肚區,0,0,0,7,,,30,,,,,,,,,,,,,,13,,,,,C03,,,1,,2,,,7,7,1,6,4,120.572883,24.173638,3
3463,66000,387130000C,(04)23274275,(04)23288582,2025,1,9,11,41,臺中市,潭子區,0,1,0,7,3,6,30,13,9,1,5,4,6,6,4,4,10,5,5,1,17,2,8,2,1,C03,7,9,1,10,2,11,,59,59,1,13,4,120.710194,24.220548,2
3464,66000,387130000C,(04)23274275,(04)23288582,2025,1,9,11,44,臺中市,東區,0,1,0,7,2,6,50,13,9,1,5,4,6,6,4,4,5,4,5,2,2,3,10,3,1,B03,7,9,1,8,2,2,,58,58,1,12,4,120.688549,24.135721,2
3465,66000,387130000C,(04)23274275,(04)23288582,2025,1,9,11,45,臺中市,南區,0,0,0,7,,,30,,,,,,,,,,,,,,,,,,,B03,,,1,,9,,,49,49,1,13,4,120.680087,24.118415,3
3466,66000,387130000C,(04)23274275,(04)23288582,2025,1,9,11,48,臺中市,神岡區,0,0,0,7,,,30,,,,,,,,,,,,,,27,,,,,A12,,,1,,2,,,84,84,1,12,4,120.676071,24.271877,3
3467,66000,387130000C,(04)23274275,(04)23288582,2025,1,9,11,50,臺中市,南屯區,0,0,0,7,,,50,,,,,,,,,,,,,,,,,,,B12,,,1,,1,,,49,49,1,13,4,120.638592,24.141364,3
3468,66000,387130000C,(04)23274275,(04)23288582,2025,1,9,11,52,臺中市,大里區,0,2,0,7,2,6,50,4,1,1,5,4,5,6,4,4,10,5,5,2,17,2,9,2,1,C03,7,1,1,10,2,14,,51,51,1,6,4,120.708901,24.083141,2
3469,66000,387130000C,(04)23274275,(04)23288582,2025,1,9,11,54,臺中市,豐原區,0,0,0,7,,,30,,,,,,,,,,,,,,14,,,,,C03,,,1,,1,,,49,49,1,12,4,120.700541,24.250316,3
3470,66000,387130000C,(04)23274275,(04)23288582,2025,1,9,11,57,臺中市,西區,0,1,0,7,2,6,50,13,9,1,5,4,6,6,4,4,5,5,5,2,12,3,10,5,1,B03,7,13,1,8,2,4,,76,76,1,12,4,120.671163,24.142313,2
3471,66000,387130000C,(04)23274275,(04)23288582,2025,1,9,11,57,臺中市,東區,0,1,0,7,2,6,30,3,1,1,5,4,3,6,4,4,1,5,5,2,16,3,10,3,1,B03,7,5,1,8,2,1,,12,12,1,12,4,120.684265,24.123065,2
3472,66000,387130000C,(04)23274275,(04)23288582,2025,1,9,11,59,臺中市,西屯區,0,0,0,7,,,50,,,,,,,,,,,,,,12,,,,,B12,,,1,,1,,,40,40,1,13,4,120.630765,24.162551,3
3473,66000,387130000C,(04)23274275,(04)23288582,2025,1,9,12,6,臺中市,東區,0,1,0,7,3,6,50,5,1,1,5,4,6,6,1,1,10,5,5,2,16,3,10,3,1,B03,7,5,1,8,2,5,,11,11,1,13,4,120.693573,24.147967,2
3474,66000,387130000C,(04)23274275,(04)23288582,2025,1,9,12,6,臺中市,大里區,0,2,0,7,2,6,30,4,1,1,5,4,6,6,4,4,10,5,5,2,15,2,9,1,1,C03,7,9,1,10,2,11,,15,15,1,13,4,120.706153,24.084133,2
3475,66000,387130000C,(04)23274275,(04)23288582,2025,1,9,12,11,臺中市,西區,0,2,0,7,3,6,50,4,1,1,5,4,6,6,4,4,10,5,5,2,17,2,9,1,1,C03,7,9,1,10,2,12,,4,4,1,6,4,120.659491,24.159897,2
3476,66000,387130000C,(04)23274275,(04)23288582,2025,1,9,12,13,臺中市,后里區,0,1,0,7,2,6,50,13,12,1,5,4,6,6,4,4,1,4,4,1,13,3,10,2,1,C03,7,9,3,19,2,11,,7,7,1,6,4,120.722511,24.309792,2
3477,66000,387130000C,(04)23274275,(04)23288582,2025,1,9,12,14,臺中市,西區,0,0,0,7,,,50,,,,,,,,,,,,,,,,,,,C03,,,1,,1,,,84,84,1,12,4,120.664377,24.139461,3