序號,縣市別代碼,機關代碼,市話,傳真,年,月,日,時,分,縣市,區,死亡數量,受傷數量,2-30,天候,道路照明設備,道路類別,道路速限,道路型態,事故位置,路面鋪裝,路面狀態,路面缺陷,障礙物,視距,號誌種類,號誌動作,分向設施,快車道或一般車道間,快慢車道間,路面邊線,事故類型及型態,受傷程度,主要傷處,保護裝備,行動電話或功能裝置,當事者區分(類別),車輛用途,當事者行動狀態,駕照狀態,駕照種類,飲酒情形,車輛撞擊部位最初,車輛撞擊部位其他,肇事因素個別,肇事因素主要,肇事逃逸,職業,共享經濟或外送平台,GPS座標X,GPS座標Y,事故類別
3478,66000,387130000C,(04)23274275,(04)23288582,2025,1,9,12,20,臺中市,北屯區,0,1,0,7,2,6,50,4,1,1,5,4,6,6,2,1,3,3,5,2,13,2,9,2,1,C03,7,9,1,10,2,11,14,7,7,1,13,4,120.685337,24.172006,2
3479,66000,387130000C,(04)23274275,(04)23288582,2025,1,9,12,22,臺中市,龍井區,0,1,0,7,2,6,60,13,7,1,5,4,6,6,4,4,1,4,1,2,13,2,1,3,1,B03,7,9,1,8,2,1,,7,7,1,6,4,120.586873,24.185969,2
3480,66000,387130000C,(04)23274275,(04)23288582,2025,1,9,12,24,臺中市,北屯區,0,2,0,7,2,6,50,11,9,1,5,4,6,6,4,4,1,4,5,2,12,2,9,2,1,C03,7,8,1,10,2,14,,40,40,1,5,4,120.671109,24.175001,2
3481,66000,387130000C,(04)23274275,(04)23288582,2025,1,9,12,30,臺中市,北屯區,0,0,0,7,,,50,,,,,,,,,,,,,,,,,,,,,,,,,,,86,86,1,,,120.686348,24.195231,3
3482,66000,387130000C,(04)23274275,(04)23288582,2025,1,9,12,30,臺中市,沙鹿區,0,1,0,7,3,6,50,13,7,1,5,4,6,6,4,4,3,4,4,2,17,2,8,2,1,C03,7,9,1,10,2,14,,7,7,1,5,4,120.567243,24.204723,2
3483,66000,387130000C,(04)23274275,(04)23288582,2025,1,9,12,34,臺中市,西屯區,0,0,0,7,,,80,,,,,,,,,,,,,,13,,,,,B03,,,1,,1,,,7,7,1,12,4,120.634948,24.179291,3
3484,66000,387130000C,(04)23274275,(04)23288582,2025,1,9,12,35,臺中市,西屯區,0,0,0,7,,,40,,,,,,,,,,,,,,13,,,,,A11,,,1,,1,,,7,7,1,12,4,120.644164,24.201417,3
3485,66000,387130000C,(04)23274275,(04)23288582,2025,1,9,12,38,臺中市,北區,0,0,0,7,,,50,,,,,,,,,,,,,,14,,,,,B03,,,1,,1,,,49,49,1,13,4,120.682243,24.167219,3
3486,66000,387130000C,(04)23274275,(04)23288582,2025,1,9,12,40,臺中市,西屯區,0,0,0,7,,,50,,,,,,,,,,,,,,17,,,,,B02,,,1,,2,,,50,50,1,12,4,120.637243,24.178516,3
3487,66000,387130000C,(04)23274275,(04)23288582,2025,1,9,12,48,臺中市,北屯區,0,0,0,7,,,50,,,,,,,,,,,,,,,,,,,C03,,,1,,1,,,49,49,1,12,4,120.666847,24.186937,3
3488,66000,387130000C,(04)23274275,(04)23288582,2025,1,9,12,52,臺中市,豐原區,0,0,0,7,,,50,,,,,,,,,,,,,,16,,,,,B03,,,1,,2,,,40,40,1,12,4,120.711164,24.246711,3
3489,66000,387130000C,(04)23274275,(04)23288582,2025,1,9,12,54,臺中市,大甲區,0,0,0,7,,,50,,,,,,,,,,,,,,,,,,,B03,,,1,,1,,,84,84,1,12,4,120.646977,24.405958,3
3490,66000,387130000C,(04)23274275,(04)23288582,2025,1,9,12,56,臺中市,南區,0,0,0,7,,,50,,,,,,,,,,,,,,,,,,,B12,,,1,,1,,,84,84,1,6,4,120.657253,24.130603,3
3491,66000,387130000C,(04)23274275,(04)23288582,2025,1,9,12,57,臺中市,太平區,0,2,0,7,2,6,50,13,9,1,5,4,6,6,4,4,9,4,5,2,16,2,7,2,1,C03,7,9,1,10,1,13,,8,8,1,13,4,120.715457,24.151943,2
3492,66000,387130000C,(04)23274275,(04)23288582,2025,1,9,12,57,臺中市,豐原區,0,0,0,7,,,50,,,,,,,,,,,,,,13,,,,,B03,,,1,,2,,,7,7,1,13,4,120.70638,24.24932,3
3493,66000,387130000C,(04)23274275,(04)23288582,2025,1,9,13,0,臺中市,南屯區,0,2,0,7,3,6,50,4,1,1,5,4,6,6,1,1,5,2,5,2,15,2,9,1,1,F02,7,9,7,21,2,14,,21,21,1,12,4,120.6131,24.140259,2
3494,66000,387130000C,(04)23274275,(04)23288582,2025,1,9,13,0,臺中市,沙鹿區,0,0,0,7,,,50,,,,,,,,,,,,,,17,,,,,B12,,,1,,1,,,78,78,1,6,4,120.578602,24.21389,3
3495,66000,387130000C,(04)23274275,(04)23288582,2025,1,9,13,3,臺中市,潭子區,0,1,0,7,3,6,30,3,1,1,5,4,6,6,4,4,10,5,5,1,17,3,10,3,1,B03,7,6,1,8,2,1,,14,14,1,13,4,120.704541,24.212719,2
3496,66000,387130000C,(04)23274275,(04)23288582,2025,1,9,13,3,臺中市,西屯區,0,0,0,7,,,50,,,,,,,,,,,,,,13,,,,,B12,,,1,,2,,,56,56,1,13,4,120.651332,24.207975,3
3497,66000,387130000C,(04)23274275,(04)23288582,2025,1,9,13,4,臺中市,北區,0,0,0,7,,,50,,,,,,,,,,,,,,12,,,,,C03,,,1,,1,,,84,84,1,13,4,120.679842,24.162946,4
3498,66000,387130000C,(04)23274275,(04)23288582,2025,1,9,13,5,臺中市,南屯區,0,1,0,7,3,6,50,4,1,1,5,4,6,6,1,1,10,5,5,2,17,3,10,3,1,B03,7,5,1,8,2,2,,47,47,1,12,4,120.614131,24.139166,2
3499,66000,387130000C,(04)23274275,(04)23288582,2025,1,9,13,10,臺中市,大雅區,0,1,0,7,2,6,30,4,1,1,5,4,6,6,1,1,9,4,5,1,9,3,10,6,5,H01,8,16,7,21,10,17,,96,96,1,12,5,120.649583,24.224102,2
3500,66000,387130000C,(04)23274275,(04)23288582,2025,1,9,13,11,臺中市,西屯區,0,0,0,7,,,50,,,,,,,,,,,,,,14,,,,,B03,,,1,,1,,,59,59,1,12,4,120.655902,24.169031,3
3501,66000,387130000C,(04)23274275,(04)23288582,2025,1,9,13,15,臺中市,太平區,0,0,0,7,,,50,,,,,,,,,,,,,,,,,,,B03,,,1,,1,,,49,49,1,12,4,120.713577,24.151523,3
3502,66000,387130000C,(04)23274275,(04)23288582,2025,1,9,13,25,臺中市,南區,0,1,0,7,2,6,50,4,1,1,5,4,6,6,1,1,10,5,5,2,17,3,10,3,1,B03,7,5,1,8,2,6,,11,11,1,12,4,120.653763,24.116717,2
3503,66000,387130000C,(04)23274275,(04)23288582,2025,1,9,13,29,臺中市,大肚區,0,0,0,7,,,30,,,,,,,,,,,,,,17,,,,,B11,,,1,,2,,,93,93,1,12,4,120.549765,24.140827,3
3504,66000,387130000C,(04)23274275,(04)23288582,2025,1,9,13,34,臺中市,龍井區,0,0,0,7,,,40,,,,,,,,,,,,,,16,,,,,C03,,,1,,2,,,7,7,1,6,4,120.586918,24.18819,4
3505,66000,387130000C,(04)23274275,(04)23288582,2025,1,9,13,40,臺中市,西區,0,2,0,7,2,6,50,3,1,1,5,4,6,6,4,4,10,5,5,2,16,2,9,2,1,C03,7,6,1,10,2,13,,84,84,1,12,4,120.669595,24.132012,2
3506,66000,387130000C,(04)23274275,(04)23288582,2025,1,9,13,40,臺中市,梧棲區,0,0,0,7,,,30,,,,,,,,,,,,,,14,,,,,A41,,,1,,2,,,49,49,1,13,4,120.538678,24.264102,3
3507,66000,387130000C,(04)23274275,(04)23288582,2025,1,9,13,50,臺中市,大雅區,0,1,0,7,3,6,50,4,1,1,5,4,6,6,1,1,3,4,5,1,16,2,9,1,1,C03,7,6,1,10,2,13,,36,36,1,13,4,120.644865,24.225654,2
3508,66000,387130000C,(04)23274275,(04)23288582,2025,1,9,13,53,臺中市,神岡區,0,0,0,7,,,50,,,,,,,,,,,,,,17,,,,,A12,,,1,,2,,,21,21,1,13,4,120.692432,24.248791,3
3509,66000,387130000C,(04)23274275,(04)23288582,2025,1,9,13,58,臺中市,西屯區,0,1,0,7,2,6,30,13,9,1,5,4,6,6,4,4,10,5,5,2,17,3,10,2,1,C03,7,6,1,10,2,11,,20,20,1,12,4,120.646158,24.182635,2
3510,66000,387130000C,(04)23274275,(04)23288582,2025,1,9,14,0,臺中市,北區,0,0,0,7,,,50,,,,,,,,,,,,,,17,,,,,B03,,,1,,1,,,8,8,1,13,4,120.689721,24.161858,3
3511,66000,387130000C,(04)23274275,(04)23288582,2025,1,9,14,0,臺中市,北區,0,0,0,7,,,50,,,,,,,,,,,,,,13,,,,,C03,,,3,,1,,,7,7,1,13,4,120.671022,24.173245,3
3512,66000,387130000C,(04)23274275,(04)23288582,2025,1,9,14,2,臺中市,沙鹿區,0,1,0,7,3,6,30,4,1,1,5,4,3,3,4,4,10,5,5,2,15,3,10,3,1,B03,7,9,1,8,2,1,,15,15,1,6,4,120.561477,24.245326,2
3513,66000,387130000C,(04)23274275,(04)23288582,2025,1,9,14,5,臺中市,沙鹿區,0,0,0,7,,,60,,,,,,,,,,,,,,13,,,,,B03,,,1,,1,,,84,84,1,6,4,120.560779,24.208622,3
3514,66000,387130000C,(04)23274275,(04)23288582,2025,1,9,14,7,臺中市,南屯區,0,1,0,7,2,6,50,4,1,1,5,4,6,6,2,1,10,5,5,2,16,3,10,3,1,B03,7,6,1,8,2,1,,11,11,1,13,4,120.636755,24.145243,2
3515,66000,387130000C,(04)23274275,(04)23288582,2025,1,9,14,9,臺中市,西屯區,0,0,0,7,,,50,,,,,,,,,,,,,,17,,,,,A11,,,1,,1,,,8,8,1,13,4,120.652049,24.165728,3
3516,66000,387130000C,(04)23274275,(04)23288582,2025,1,9,14,12,臺中市,沙鹿區,0,0,0,7,,,60,,,,,,,,,,,,,,13,,,,,B03,,,1,,1,,,84,84,1,6,4,120.596803,24.250314,3
3517,66000,387130000C,(04)23274275,(04)23288582,2025,1,9,14,13,臺中市,北屯區,0,1,0,7,1,6,50,4,1,1,5,4,6,6,4,4,10,5,5,2,17,3,10,5,4,B03,7,6,1,8,1,8,,14,14,1,13,4,120.717249,24.172868,2
3518,66000,387130000C,(04)23274275,(04)23288582,2025,1,9,14,13,臺中市,大甲區,0,1,0,7,2,6,50,4,1,1,5,4,6,6,1,2,5,5,5,1,15,2,9,1,1,C03,7,9,5,19,2,11,,21,21,1,12,4,120.623804,24.342694,2
3519,66000,387130000C,(04)23274275,(04)23288582,2025,1,9,14,15,臺中市,西屯區,0,3,0,7,2,6,50,4,1,1,5,4,6,6,2,1,10,5,5,2,13,2,9,2,1,C03,7,9,1,10,2,11,,7,7,1,12,4,120.635342,24.182005,2
3520,66000,387130000C,(04)23274275,(04)23288582,2025,1,9,14,18,臺中市,北屯區,0,0,0,7,,,80,,,,,,,,,,,,,,13,,,,,B03,,,1,,1,,,7,7,1,13,4,120.720579,24.165929,3
3521,66000,387130000C,(04)23274275,(04)23288582,2025,1,9,14,26,臺中市,大肚區,0,1,0,7,2,6,70,13,9,1,5,4,6,6,4,4,1,4,5,1,13,2,8,3,1,A11,7,9,1,3,2,1,,7,7,1,6,4,120.548375,24.143577,2
3522,66000,387130000C,(04)23274275,(04)23288582,2025,1,9,14,27,臺中市,霧峰區,0,0,0,6,2,6,50,13,9,1,5,4,6,6,4,4,10,5,5,1,17,,,,,C03,,,1,,2,,,7,7,1,13,4,120.713926,24.076738,3
3523,66000,387130000C,(04)23274275,(04)23288582,2025,1,9,14,32,臺中市,西屯區,0,2,0,7,2,6,30,13,9,1,5,4,6,6,4,4,10,5,5,2,16,2,9,5,4,C03,7,9,1,10,2,11,,56,56,1,12,4,120.647571,24.182044,2
3524,66000,387130000C,(04)23274275,(04)23288582,2025,1,9,14,37,臺中市,太平區,0,2,0,7,3,6,50,13,9,1,5,4,6,6,4,4,5,5,5,1,16,2,9,2,1,C03,7,9,1,10,2,11,,84,84,1,12,4,120.721152,24.120194,2
3525,66000,387130000C,(04)23274275,(04)23288582,2025,1,9,14,38,臺中市,西區,0,0,0,7,,,40,,,,,,,,,,,,,,,,,,,C03,,,1,,1,,,7,7,1,12,4,120.663708,24.154673,3
3526,66000,387130000C,(04)23274275,(04)23288582,2025,1,9,14,38,臺中市,豐原區,0,0,0,7,,,40,,,,,,,,,,,,,,22,,,,,B02,,,1,,2,,,50,50,1,13,4,120.724431,24.227398,3
3527,66000,387130000C,(04)23274275,(04)23288582,2025,1,9,14,41,臺中市,南區,0,2,0,7,3,6,50,3,1,1,5,4,6,6,4,4,9,5,5,2,13,2,9,2,1,C03,7,9,3,19,2,11,,84,84,1,13,4,120.677786,24.133248,2
3528,66000,387130000C,(04)23274275,(04)23288582,2025,1,9,14,43,臺中市,西區,0,0,0,7,,,50,,,,,,,,,,,,,,12,,,,,B12,,,1,,1,,,84,84,1,12,4,120.661521,24.148649,3
3529,66000,387130000C,(04)23274275,(04)23288582,2025,1,9,14,46,臺中市,北屯區,0,0,0,7,,,50,,,,,,,,,,,,,,13,,,,,B03,,,1,,1,,,82,82,1,6,4,120.683339,24.172265,3
3530,66000,387130000C,(04)23274275,(04)23288582,2025,1,9,14,47,臺中市,大肚區,0,0,0,7,,,50,,,,,,,,,,,,,,17,,,,,B12,,,1,,2,,,59,59,1,6,4,120.57972,24.170714,3
3531,66000,387130000C,(04)23274275,(04)23288582,2025,1,9,14,50,臺中市,豐原區,0,0,0,7,,,50,,,,,,,,,,,,,,16,,,,,B03,,,1,,2,,,84,84,1,12,4,120.715447,24.251838,4
3532,66000,387130000C,(04)23274275,(04)23288582,2025,1,9,14,54,臺中市,西屯區,0,0,0,7,,,50,,,,,,,,,,,,,,12,,,,,B03,,,1,,1,,,20,20,1,12,4,120.637174,24.181483,4
3533,66000,387130000C,(04)23274275,(04)23288582,2025,1,9,14,56,臺中市,南屯區,0,0,0,7,,,50,,,,,,,,,,,,,,13,,,,,A12,,,1,,1,,,84,84,1,13,4,120.61541,24.147645,3
3534,66000,387130000C,(04)23274275,(04)23288582,2025,1,9,14,56,臺中市,西屯區,0,0,0,7,,,50,,,,,,,,,,,,,,14,,,,,B12,,,1,,1,,,84,84,1,13,4,120.606989,24.155124,3
3535,66000,387130000C,(04)23274275,(04)23288582,2025,1,9,14,57,臺中市,大里區,0,3,0,7,2,6,50,13,14,1,5,4,6,6,4,4,5,4,5,1,2,3,10,3,1,B03,7,9,1,8,8,1,,84,84,1,12,4,120.688192,24.101455,2
3536,66000,387130000C,(04)23274275,(04)23288582,2025,1,9,15,0,臺中市,西屯區,0,0,0,7,,,40,,,,,,,,,,,,,,17,,,,,B12,,,1,,1,,,51,51,1,13,4,120.645459,24.175781,3
3537,66000,387130000C,(04)23274275,(04)23288582,2025,1,9,15,1,臺中市,東區,0,0,0,7,1,6,50,3,1,1,5,4,6,6,4,4,10,5,5,2,18,3,10,1,1,C02,7,9,1,9,1,11,,84,84,1,12,4,120.694457,24.147985,3
3538,66000,387130000C,(04)23274275,(04)23288582,2025,1,9,15,3,臺中市,大里區,0,1,0,7,3,6,50,4,1,1,5,4,6,6,1,1,10,5,5,2,16,3,10,5,4,B12,7,9,1,8,2,5,,21,21,1,6,4,120.688875,24.091438,2
3539,66000,387130000C,(04)23274275,(04)23288582,2025,1,9,15,8,臺中市,霧峰區,0,0,0,7,,,50,,,,,,,,,,,,,,9,,,,,B03,,,1,8,2,,,84,84,1,13,4,120.714219,24.075232,3
3540,66000,387130000C,(04)23274275,(04)23288582,2025,1,9,15,15,臺中市,東勢區,0,0,0,7,,,50,,,,,,,,,,,,,,,,,,,B12,,,1,,1,,,84,84,1,12,4,120.827293,24.260047,3
3541,66000,387130000C,(04)23274275,(04)23288582,2025,1,9,15,20,臺中市,大肚區,0,0,0,7,,,30,,,,,,,,,,,,,,14,,,,,B02,,,1,,1,,,49,49,1,6,4,120.573328,24.12508,3
3542,66000,387130000C,(04)23274275,(04)23288582,2025,1,9,15,20,臺中市,大安區,0,1,0,7,1,6,30,13,9,1,5,4,6,6,4,4,10,5,5,2,14,3,10,3,1,B03,7,2,1,4,2,3,,49,49,1,12,4,120.598845,24.354683,2
3543,66000,387130000C,(04)23274275,(04)23288582,2025,1,9,15,31,臺中市,沙鹿區,0,2,0,7,3,6,30,3,2,1,5,4,6,6,4,4,10,5,5,2,3,2,8,2,1,C03,7,5,1,10,2,11,,85,85,1,6,4,120.553555,24.218129,2
3544,66000,387130000C,(04)23274275,(04)23288582,2025,1,9,15,32,臺中市,梧棲區,0,1,0,7,2,6,30,3,1,1,5,4,6,6,4,4,9,5,5,2,16,3,10,3,1,B12,7,9,1,8,2,2,,15,15,1,13,4,120.526437,24.224916,2
3545,66000,387130000C,(04)23274275,(04)23288582,2025,1,9,15,35,臺中市,南屯區,0,0,0,7,,,50,,,,,,,,,,,,,,17,,,,,B03,,,5,,1,,,1,1,2,12,4,120.62596,24.151919,3
3546,66000,387130000C,(04)23274275,(04)23288582,2025,1,9,15,37,臺中市,南區,0,1,0,7,2,6,50,4,2,1,5,4,6,6,1,1,5,2,5,2,12,3,10,2,1,C03,7,7,1,10,2,13,,43,43,1,13,4,120.666799,24.11689,2
3547,66000,387130000C,(04)23274275,(04)23288582,2025,1,9,15,40,臺中市,南屯區,0,0,0,7,3,6,50,13,9,1,5,4,6,6,4,4,1,4,5,2,13,,,,,B03,,,1,,1,,,7,7,1,12,4,120.646639,24.133899,3
3548,66000,387130000C,(04)23274275,(04)23288582,2025,1,9,15,40,臺中市,豐原區,0,2,0,7,2,6,50,13,9,1,5,4,6,6,4,4,5,5,5,2,10,2,7,1,1,C03,7,9,1,10,2,11,,4,4,1,6,4,120.714647,24.259656,2
3549,66000,387130000C,(04)23274275,(04)23288582,2025,1,9,15,44,臺中市,烏日區,0,0,0,7,,,30,,,,,,,,,,,,,,14,,,,,B12,,,1,,2,,,49,49,1,6,4,120.652446,24.051262,3
3550,66000,387130000C,(04)23274275,(04)23288582,2025,1,9,15,48,臺中市,大雅區,0,1,0,7,3,6,70,13,7,1,5,4,6,6,4,4,3,4,4,1,18,2,9,1,1,C03,7,9,1,10,2,14,,6,6,1,13,4,120.641935,24.229759,2
3551,66000,387130000C,(04)23274275,(04)23288582,2025,1,9,15,50,臺中市,南區,0,0,0,7,,,40,,,,,,,,,,,,,,17,,,,,B03,,,1,,2,,,84,84,1,12,4,120.651136,24.112032,3
3552,66000,387130000C,(04)23274275,(04)23288582,2025,1,9,15,52,臺中市,沙鹿區,0,1,0,7,3,6,30,12,9,1,5,4,6,6,1,1,10,5,5,2,14,3,10,3,1,E03,7,2,1,8,2,3,,49,49,1,11,4,120.563629,24.234914,2
3553,66000,387130000C,(04)23274275,(04)23288582,2025,1,9,15,53,臺中市,后里區,0,1,0,7,2,6,50,4,1,1,5,4,6,6,1,1,10,5,5,2,13,2,9,2,1,C03,7,9,1,10,2,11,,7,7,1,6,4,120.722305,24.308898,2
3554,66000,387130000C,(04)23274275,(04)23288582,2025,1,9,15,58,臺中市,北屯區,0,1,0,7,2,6,50,3,1,1,5,4,6,6,2,1,10,5,5,2,18,2,9,1,1,C03,7,9,1,10,11,14,,59,59,1,6,2,120.678255,24.193254,2
3555,66000,387130000C,(04)23274275,(04)23288582,2025,1,9,16,0,臺中市,西屯區,0,1,0,7,2,6,50,3,7,1,5,4,6,6,4,4,1,4,5,2,13,3,10,3,1,B03,7,9,1,8,2,1,,59,59,1,12,4,120.634829,24.172187,2
3556,66000,387130000C,(04)23274275,(04)23288582,2025,1,9,16,3,臺中市,太平區,0,0,0,7,,,80,,,,,,,,,,,,,,13,,,,,B03,,,1,,2,,,7,7,1,13,4,120.710725,24.141557,3
3557,66000,387130000C,(04)23274275,(04)23288582,2025,1,9,16,3,臺中市,豐原區,0,1,0,7,2,6,50,5,1,1,5,4,6,6,1,1,5,5,4,1,12,3,10,5,4,B03,7,5,1,8,2,6,,84,84,1,13,4,120.716573,24.253106,2
3558,66000,387130000C,(04)23274275,(04)23288582,2025,1,9,16,7,臺中市,南屯區,0,1,0,7,2,6,50,3,2,1,5,4,6,6,4,4,10,5,5,2,16,2,8,2,1,C03,7,5,1,11,2,11,,85,85,1,13,4,120.648744,24.144489,2
3559,66000,387130000C,(04)23274275,(04)23288582,2025,1,9,16,9,臺中市,北屯區,0,0,0,7,,,50,,,,,,,,,,,,,,17,,,,,B03,,,1,,9,,,85,85,1,13,4,120.72208,24.163274,3
3560,66000,387130000C,(04)23274275,(04)23288582,2025,1,9,16,10,臺中市,沙鹿區,0,0,0,7,,,30,,,,,,,,,,,,,,17,,,,,B03,,,1,,1,,,51,51,1,6,4,120.598626,24.253432,3
3561,66000,387130000C,(04)23274275,(04)23288582,2025,1,9,16,12,臺中市,北屯區,0,0,0,7,,,50,,,,,,,,,,,,,,12,,,,,B03,,,1,8,1,,,84,84,1,6,4,120.681706,24.171986,3
3562,66000,387130000C,(04)23274275,(04)23288582,2025,1,9,16,12,臺中市,西屯區,0,0,0,6,,,30,,,,,,,,,,,,,,,,,,,B12,,,1,,1,,,8,8,1,13,4,120.640302,24.196408,3
3563,66000,387130000C,(04)23274275,(04)23288582,2025,1,9,16,14,臺中市,西屯區,0,2,0,7,2,6,50,3,1,1,5,4,6,6,4,4,10,5,5,2,16,2,9,5,4,C03,7,6,1,11,2,14,,48,48,1,12,4,120.641181,24.162122,2
3564,66000,387130000C,(04)23274275,(04)23288582,2025,1,9,16,23,臺中市,梧棲區,0,1,0,7,2,6,70,13,8,1,5,4,6,6,4,4,1,4,4,1,16,3,10,3,1,B03,7,5,1,8,2,2,,20,20,1,6,4,120.530262,24.251755,2
3565,66000,387130000C,(04)23274275,(04)23288582,2025,1,9,16,24,臺中市,太平區,0,1,0,7,3,6,50,3,1,1,5,4,6,6,3,1,10,5,5,2,16,2,8,1,1,C03,7,9,1,10,2,14,,84,84,1,12,4,120.742172,24.131091,2
3566,66000,387130000C,(04)23274275,(04)23288582,2025,1,9,16,25,臺中市,西區,0,2,0,7,1,6,50,4,1,1,5,4,6,6,1,1,10,5,5,2,17,3,10,5,4,A05,7,6,1,2,2,8,,38,38,1,12,4,120.673034,24.136395,2
3567,66000,387130000C,(04)23274275,(04)23288582,2025,1,9,16,27,臺中市,大雅區,0,0,0,7,,,0,,,,,,,,,,,,,,17,,,,,C03,,,1,,9,,,8,8,1,13,4,120.653492,24.223506,3
3568,66000,387130000C,(04)23274275,(04)23288582,2025,1,9,16,27,臺中市,霧峰區,0,0,0,7,,,50,,,,,,,,,,,,,,17,,,,,B03,,,1,,1,,,8,8,1,6,4,120.695901,24.064097,3
3569,66000,387130000C,(04)23274275,(04)23288582,2025,1,9,16,28,臺中市,北區,0,1,0,7,2,6,50,4,1,1,5,4,6,6,1,1,10,5,5,2,17,3,10,5,4,B03,7,6,1,8,2,4,,84,84,1,12,4,120.676412,24.161703,2
3570,66000,387130000C,(04)23274275,(04)23288582,2025,1,9,16,29,臺中市,大里區,0,0,0,7,,,50,,,,,,,,,,,,,,14,,,,,B03,,,1,,2,,,49,49,1,13,4,120.674967,24.1164,3
3571,66000,387130000C,(04)23274275,(04)23288582,2025,1,9,16,30,臺中市,豐原區,0,0,0,7,,,50,,,,,,,,,,,,,,17,,,,,B03,,,1,,2,,,8,8,1,13,4,120.732535,24.250667,3
3572,66000,387130000C,(04)23274275,(04)23288582,2025,1,9,16,33,臺中市,北屯區,0,0,0,7,,,50,,,,,,,,,,,,,,,,,,,B03,,,1,,1,,,84,84,1,12,4,120.704439,24.164917,3
3573,66000,387130000C,(04)23274275,(04)23288582,2025,1,9,16,33,臺中市,豐原區,0,1,0,7,3,6,40,13,8,1,5,4,1,6,4,4,1,4,4,1,13,2,8,1,4,C03,7,9,1,10,2,11,,7,7,1,12,4,120.737293,24.253099,2
3574,66000,387130000C,(04)23274275,(04)23288582,2025,1,9,16,34,臺中市,龍井區,0,2,0,7,3,6,50,13,9,1,5,4,6,6,4,4,5,5,5,1,13,2,9,6,1,F01,7,9,7,21,9,11,,59,59,1,4,4,120.532534,24.201036,2
3575,66000,387130000C,(04)23274275,(04)23288582,2025,1,9,16,35,臺中市,南屯區,0,2,0,7,2,6,50,3,1,1,5,4,6,6,4,4,10,5,5,2,16,2,8,1,1,C03,7,6,1,10,2,11,,14,14,1,11,4,120.638403,24.140541,2
3576,66000,387130000C,(04)23274275,(04)23288582,2025,1,9,16,35,臺中市,神岡區,0,0,0,7,,,60,,,,,,,,,,,,,,13,,,,,B03,,,1,,2,,,84,84,1,12,4,120.708502,24.259132,3
3577,66000,387130000C,(04)23274275,(04)23288582,2025,1,9,16,39,臺中市,北屯區,0,2,0,7,1,6,50,4,2,1,5,4,6,6,4,4,10,5,5,2,17,2,8,1,1,C04,7,6,1,10,2,11,,20,20,1,13,4,120.697391,24.182586,2
3578,66000,387130000C,(04)23274275,(04)23288582,2025,1,9,16,47,臺中市,北屯區,0,2,0,7,2,6,50,4,1,1,5,4,6,6,4,4,10,5,5,2,16,2,8,1,1,C03,7,9,1,10,2,11,,12,12,1,6,4,120.694538,24.17408,2
3579,66000,387130000C,(04)23274275,(04)23288582,2025,1,9,16,48,臺中市,龍井區,0,0,0,7,,,50,,,,,,,,,,,,,,17,,,,,B03,,,1,,9,,,34,34,1,6,4,120.582005,24.177112,3
3580,66000,387130000C,(04)23274275,(04)23288582,2025,1,9,16,50,臺中市,南屯區,0,0,0,7,3,6,50,13,9,1,5,4,6,6,4,4,5,5,5,2,14,,,,,B03,,,1,,1,,,49,49,1,12,4,120.614404,24.145421,3
3581,66000,387130000C,(04)23274275,(04)23288582,2025,1,9,16,55,臺中市,大雅區,0,0,0,7,,,60,,,,,,,,,,,,,,,,,,,B03,,,1,,1,,,7,7,1,12,4,120.646582,24.222703,3
3582,66000,387130000C,(04)23274275,(04)23288582,2025,1,9,16,55,臺中市,北區,0,2,0,7,2,6,50,4,1,1,5,4,6,6,1,1,10,5,5,2,16,2,9,5,4,C03,7,6,1,10,2,14,,48,48,1,13,4,120.686665,24.165365,2
3583,66000,387130000C,(04)23274275,(04)23288582,2025,1,9,16,59,臺中市,后里區,0,1,0,7,2,6,50,4,1,1,5,4,6,6,1,1,10,5,5,2,3,3,10,3,1,B12,7,6,1,8,2,8,,59,59,1,6,4,120.713447,24.303629,2
3584,66000,387130000C,(04)23274275,(04)23288582,2025,1,9,17,1,臺中市,北屯區,0,0,0,7,,,50,,,,,,,,,,,,,,,,,,,B03,,,1,,1,,,84,84,1,12,4,120.686499,24.197871,3
3585,66000,387130000C,(04)23274275,(04)23288582,2025,1,9,17,5,臺中市,南區,0,0,0,7,,,50,,,,,,,,,,,,,,17,,,,,C03,,,1,,9,,,59,59,1,12,4,120.655508,24.129913,3
3586,66000,387130000C,(04)23274275,(04)23288582,2025,1,9,17,5,臺中市,西屯區,0,0,0,7,,,50,,,,,,,,,,,,,,,,,,,B01,,,1,,9,,,51,51,1,12,4,120.631076,24.158289,3
3587,66000,387130000C,(04)23274275,(04)23288582,2025,1,9,17,8,臺中市,大里區,0,1,0,7,3,6,50,13,9,1,5,4,6,6,4,4,9,5,4,1,12,2,9,1,1,C03,7,5,3,19,2,14,,84,84,1,6,4,120.719251,24.094005,2
3588,66000,387130000C,(04)23274275,(04)23288582,2025,1,9,17,10,臺中市,北屯區,0,0,0,7,,,50,,,,,,,,,,,,,,14,,,,,B03,,,1,,1,,,49,49,1,6,4,120.718199,24.16992,3
3589,66000,387130000C,(04)23274275,(04)23288582,2025,1,9,17,11,臺中市,西區,0,0,0,7,,,50,,,,,,,,,,,,,,17,,,,,A04,,,1,,1,,,40,40,1,12,4,120.681734,24.136288,3