序號,縣市別代碼,機關代碼,市話,傳真,年,月,日,時,分,縣市,區,死亡數量,受傷數量,2-30,天候,道路照明設備,道路類別,道路速限,道路型態,事故位置,路面鋪裝,路面狀態,路面缺陷,障礙物,視距,號誌種類,號誌動作,分向設施,快車道或一般車道間,快慢車道間,路面邊線,事故類型及型態,受傷程度,主要傷處,保護裝備,行動電話或功能裝置,當事者區分(類別),車輛用途,當事者行動狀態,駕照狀態,駕照種類,飲酒情形,車輛撞擊部位最初,車輛撞擊部位其他,肇事因素個別,肇事因素主要,肇事逃逸,職業,共享經濟或外送平台,GPS座標X,GPS座標Y,事故類別
3590,66000,387130000C,(04)23274275,(04)23288582,2025,1,9,17,13,臺中市,北屯區,0,0,0,7,,,50,,,,,,,,,,,,,,12,,,,,C03,,,1,10,1,,,84,84,1,5,4,120.690708,24.164885,3
3591,66000,387130000C,(04)23274275,(04)23288582,2025,1,9,17,13,臺中市,霧峰區,0,0,0,7,,,40,,,,,,,,,,,,,,17,,,,,B03,,,1,8,2,,,84,84,1,13,4,120.698836,24.06478,3
3592,66000,387130000C,(04)23274275,(04)23288582,2025,1,9,17,14,臺中市,大里區,0,2,0,7,2,6,50,13,9,1,5,4,6,6,4,4,10,5,5,2,13,2,9,1,1,C03,7,9,1,10,2,11,,7,7,1,12,4,120.671958,24.086947,2
3593,66000,387130000C,(04)23274275,(04)23288582,2025,1,9,17,16,臺中市,清水區,0,1,0,7,3,6,50,13,7,1,5,4,6,6,4,4,1,4,4,2,16,2,8,1,1,C03,7,7,1,10,2,12,,40,40,1,12,4,120.573689,24.265367,2
3594,66000,387130000C,(04)23274275,(04)23288582,2025,1,9,17,19,臺中市,烏日區,0,1,0,7,1,6,80,13,7,1,5,4,6,6,4,4,1,4,1,1,13,3,10,3,1,B03,7,9,1,8,2,1,,7,7,1,6,4,120.616521,24.107356,2
3595,66000,387130000C,(04)23274275,(04)23288582,2025,1,9,17,19,臺中市,梧棲區,0,1,0,7,2,6,70,4,2,1,5,4,6,6,4,4,1,4,3,1,16,3,10,2,1,C03,7,5,1,10,1,12,,14,14,1,13,4,120.537791,24.249539,2
3596,66000,387130000C,(04)23274275,(04)23288582,2025,1,9,17,22,臺中市,北屯區,0,1,0,7,1,6,50,4,1,1,5,4,6,6,1,1,10,5,5,2,13,2,8,1,1,C03,7,9,1,10,1,11,,7,7,1,6,4,120.70391,24.180059,2
3597,66000,387130000C,(04)23274275,(04)23288582,2025,1,9,17,24,臺中市,北區,0,0,0,7,,,50,,,,,,,,,,,,,,12,,,,,B12,,,1,,2,,,40,40,1,12,4,120.67817,24.151537,3
3598,66000,387130000C,(04)23274275,(04)23288582,2025,1,9,17,26,臺中市,梧棲區,0,0,0,7,,,50,,,,,,,,,,,,,,16,,,,,B03,,,1,,2,,,14,14,1,6,4,120.530492,24.242548,3
3599,66000,387130000C,(04)23274275,(04)23288582,2025,1,9,17,26,臺中市,神岡區,0,0,0,7,1,6,50,4,1,1,5,4,6,6,2,1,10,5,5,1,13,,,,,C03,,,1,,2,,,87,87,1,12,4,120.708962,24.259443,3
3600,66000,387130000C,(04)23274275,(04)23288582,2025,1,9,17,27,臺中市,北屯區,0,1,0,7,1,6,50,4,2,1,5,4,6,6,1,1,3,4,5,2,12,2,8,1,1,C03,7,4,1,10,2,14,,7,7,1,13,4,120.685498,24.172177,2
3601,66000,387130000C,(04)23274275,(04)23288582,2025,1,9,17,28,臺中市,龍井區,0,1,0,7,1,6,70,4,1,1,5,4,6,6,1,1,10,5,5,2,16,2,9,1,1,C03,7,1,1,10,2,11,,51,51,1,6,4,120.542378,24.2182,2
3602,66000,387130000C,(04)23274275,(04)23288582,2025,1,9,17,30,臺中市,南區,0,1,0,7,1,6,50,13,7,1,5,4,6,6,4,4,1,4,5,2,13,2,9,1,1,C03,7,9,1,10,2,11,,84,84,1,12,4,120.646663,24.110379,2
3603,66000,387130000C,(04)23274275,(04)23288582,2025,1,9,17,30,臺中市,北屯區,0,0,0,7,,,50,,,,,,,,,,,,,,12,,,,,B03,,,1,,1,,,51,51,1,6,4,120.735531,24.177756,3
3604,66000,387130000C,(04)23274275,(04)23288582,2025,1,9,17,30,臺中市,西屯區,0,0,0,7,,,80,,,,,,,,,,,,,,13,,,,,B12,,,1,,1,,,59,59,1,13,4,120.634948,24.179291,3
3605,66000,387130000C,(04)23274275,(04)23288582,2025,1,9,17,30,臺中市,龍井區,0,1,0,7,1,6,40,13,8,1,5,4,6,6,4,4,1,4,1,2,16,3,10,3,1,B03,7,5,1,8,2,15,,47,47,1,6,4,120.573743,24.188808,2
3606,66000,387130000C,(04)23274275,(04)23288582,2025,1,9,17,37,臺中市,大里區,0,2,0,7,2,6,50,5,1,1,5,4,6,6,1,1,10,5,5,2,13,2,9,2,1,C03,7,9,1,10,2,11,,7,7,1,6,4,120.690382,24.092738,2
3607,66000,387130000C,(04)23274275,(04)23288582,2025,1,9,17,38,臺中市,北區,0,2,0,7,1,6,40,13,8,1,5,4,6,6,3,1,1,4,4,2,13,2,9,5,4,C03,7,9,1,10,2,11,,7,7,1,12,4,120.672725,24.168041,2
3608,66000,387130000C,(04)23274275,(04)23288582,2025,1,9,17,39,臺中市,潭子區,0,1,0,7,1,6,60,4,12,1,5,4,6,6,1,1,1,4,4,1,12,3,10,3,1,B03,7,5,1,8,2,2,,20,20,1,13,4,120.702633,24.196934,2
3609,66000,387130000C,(04)23274275,(04)23288582,2025,1,9,17,39,臺中市,大里區,0,2,0,7,2,6,50,3,1,1,5,4,6,6,1,1,4,2,5,1,13,2,9,1,1,C03,7,9,1,9,2,11,,7,7,1,13,4,120.674624,24.110309,2
3610,66000,387130000C,(04)23274275,(04)23288582,2025,1,9,17,40,臺中市,北區,0,0,0,7,,,50,,,,,,,,,,,,,,13,,,,,B03,,,1,,1,,,7,7,1,13,4,120.684868,24.160543,3
3611,66000,387130000C,(04)23274275,(04)23288582,2025,1,9,17,40,臺中市,北區,0,1,0,7,1,6,50,3,2,1,5,4,6,6,4,4,10,5,5,2,11,3,10,1,1,C03,7,6,1,10,2,11,,14,14,1,13,4,120.673253,24.169925,2
3612,66000,387130000C,(04)23274275,(04)23288582,2025,1,9,17,44,臺中市,大雅區,0,1,0,7,3,6,50,4,1,1,5,4,6,6,3,1,5,5,5,1,15,2,9,1,1,C03,7,9,1,10,2,14,,20,20,1,13,4,120.647538,24.217313,2
3613,66000,387130000C,(04)23274275,(04)23288582,2025,1,9,17,44,臺中市,西屯區,0,1,0,7,1,6,30,3,1,1,5,4,6,6,4,4,10,5,5,2,15,2,8,2,1,C03,7,9,1,10,2,12,,15,15,1,12,4,120.647707,24.176519,2
3614,66000,387130000C,(04)23274275,(04)23288582,2025,1,9,17,44,臺中市,太平區,0,0,0,7,,,50,,,,,,,,,,,,,,13,,,,,C03,,,1,,2,,,84,84,1,12,4,120.715919,24.131494,3
3615,66000,387130000C,(04)23274275,(04)23288582,2025,1,9,17,45,臺中市,北屯區,0,2,0,7,1,6,50,13,9,1,5,4,6,6,4,4,1,4,5,2,17,3,10,3,1,B03,7,15,1,8,2,2,,76,76,1,12,4,120.684338,24.172043,2
3616,66000,387130000C,(04)23274275,(04)23288582,2025,1,9,17,45,臺中市,大里區,0,0,0,7,,,60,,,,,,,,,,,,,,12,,,,,B03,,,1,,2,,,40,40,1,13,4,120.690909,24.100987,3
3617,66000,387130000C,(04)23274275,(04)23288582,2025,1,9,17,47,臺中市,大雅區,0,0,0,7,,,40,,,,,,,,,,,,,,17,,,,,C03,,,1,,1,,,25,25,1,12,4,120.640846,24.206795,3
3618,66000,387130000C,(04)23274275,(04)23288582,2025,1,9,17,49,臺中市,北區,0,0,0,7,,,50,,,,,,,,,,,,,,17,,,,,C03,,,1,,1,,,42,42,1,13,4,120.678473,24.167137,3
3619,66000,387130000C,(04)23274275,(04)23288582,2025,1,9,17,49,臺中市,南屯區,0,1,0,7,1,6,50,4,1,1,5,4,6,6,2,1,10,5,5,2,12,2,8,2,1,C03,7,15,1,10,2,12,,1,1,1,13,4,120.635755,24.151498,2
3620,66000,387130000C,(04)23274275,(04)23288582,2025,1,9,17,49,臺中市,北屯區,0,1,0,7,3,6,50,13,8,1,5,4,6,6,4,4,1,5,4,2,13,3,10,2,1,C03,7,9,1,10,1,11,,7,7,1,6,4,120.666528,24.180742,2
3621,66000,387130000C,(04)23274275,(04)23288582,2025,1,9,17,50,臺中市,北屯區,0,0,0,7,,,50,,,,,,,,,,,,,,13,,,,,B03,,,1,8,1,,,7,7,1,6,4,120.686194,24.193865,3
3622,66000,387130000C,(04)23274275,(04)23288582,2025,1,9,17,51,臺中市,沙鹿區,0,1,0,6,1,6,50,3,2,1,5,4,6,6,1,1,8,3,4,1,17,3,10,5,4,B03,7,5,1,8,2,15,,20,20,1,13,4,120.555987,24.212659,2
3623,66000,387130000C,(04)23274275,(04)23288582,2025,1,9,17,53,臺中市,北屯區,0,1,0,7,1,6,50,3,1,1,5,4,6,6,1,1,10,5,5,2,16,3,10,3,1,B03,7,6,3,19,2,6,,11,11,1,6,4,120.727754,24.163279,2
3624,66000,387130000C,(04)23274275,(04)23288582,2025,1,9,17,53,臺中市,西屯區,0,1,0,7,1,6,50,4,1,1,5,4,6,6,4,4,10,5,5,2,15,2,9,5,4,C03,7,9,1,10,2,11,,15,15,1,13,4,120.65547,24.197595,2
3625,66000,387130000C,(04)23274275,(04)23288582,2025,1,9,17,54,臺中市,大里區,0,0,0,7,,,50,,,,,,,,,,,,,,,,,,,F03,,,7,,2,,,8,8,1,6,4,120.702587,24.088041,3
3626,66000,387130000C,(04)23274275,(04)23288582,2025,1,9,17,54,臺中市,大甲區,0,1,0,7,1,6,50,4,1,1,5,4,6,6,4,4,5,5,4,2,15,3,10,3,1,B03,7,9,1,8,2,2,,15,15,1,12,4,120.652399,24.400415,2
3627,66000,387130000C,(04)23274275,(04)23288582,2025,1,9,17,59,臺中市,東區,0,0,0,7,,,50,,,,,,,,,,,,,,13,,,,,B03,,,1,,1,,,58,58,1,12,4,120.691192,24.132024,3
3628,66000,387130000C,(04)23274275,(04)23288582,2025,1,9,18,0,臺中市,大里區,0,2,0,7,1,6,50,3,1,1,5,4,6,6,4,4,10,5,5,2,17,3,10,5,4,C03,7,6,1,10,2,11,,84,84,1,13,4,120.703844,24.093905,2
3629,66000,387130000C,(04)23274275,(04)23288582,2025,1,9,18,0,臺中市,神岡區,0,1,0,7,2,6,50,13,9,1,5,4,6,6,4,4,1,4,5,2,16,2,9,5,4,C03,7,8,1,10,2,14,,40,40,1,13,4,120.683908,24.246416,2
3630,66000,387130000C,(04)23274275,(04)23288582,2025,1,9,18,5,臺中市,東區,0,0,0,7,,,50,,,,,,,,,,,,,,13,,,,,C03,,,1,,2,,,7,7,1,13,4,120.701199,24.132119,3
3631,66000,387130000C,(04)23274275,(04)23288582,2025,1,9,18,5,臺中市,大里區,0,1,0,7,1,6,50,3,2,1,5,4,6,6,4,4,5,5,4,1,17,2,9,1,1,C03,7,9,1,10,2,12,,84,84,1,13,4,120.683748,24.111283,2
3632,66000,387130000C,(04)23274275,(04)23288582,2025,1,9,18,5,臺中市,大甲區,0,2,0,7,1,6,50,4,1,1,5,4,6,6,1,1,5,5,5,1,3,2,9,1,1,C03,7,9,1,10,2,11,,21,21,1,12,4,120.620649,24.350454,2
3633,66000,387130000C,(04)23274275,(04)23288582,2025,1,9,18,6,臺中市,大雅區,0,0,0,7,,,70,,,,,,,,,,,,,,,,,,,B03,,,1,,2,,,84,84,1,12,4,120.641015,24.230935,3
3634,66000,387130000C,(04)23274275,(04)23288582,2025,1,9,18,6,臺中市,北屯區,0,0,0,7,,,50,,,,,,,,,,,,,,,,,,,B03,,,1,,1,,,84,84,1,13,4,120.690241,24.172947,3
3635,66000,387130000C,(04)23274275,(04)23288582,2025,1,9,18,9,臺中市,后里區,0,0,0,7,,,50,,,,,,,,,,,,,,16,,,,,B03,,,1,,2,,,14,14,1,12,4,120.693613,24.314721,4
3636,66000,387130000C,(04)23274275,(04)23288582,2025,1,9,18,10,臺中市,潭子區,0,0,0,7,,,50,,,,,,,,,,,,,,,,,,,B03,,,1,,2,,,59,59,1,13,4,120.720023,24.228398,3
3637,66000,387130000C,(04)23274275,(04)23288582,2025,1,9,18,10,臺中市,東區,0,0,0,7,,,50,,,,,,,,,,,,,,13,,,,,B03,,,1,,1,,,7,7,1,13,4,120.701199,24.132119,3
3638,66000,387130000C,(04)23274275,(04)23288582,2025,1,9,18,12,臺中市,龍井區,0,1,0,7,1,6,40,12,7,1,5,4,6,6,4,4,4,3,4,2,18,2,9,1,1,C03,7,9,1,10,2,12,,6,6,1,6,4,120.554948,24.187316,2
3639,66000,387130000C,(04)23274275,(04)23288582,2025,1,9,18,12,臺中市,沙鹿區,0,1,0,7,1,6,50,13,7,1,5,4,6,6,4,4,5,5,4,2,16,3,10,3,1,B03,7,6,1,8,2,5,2,39,39,1,6,4,120.582001,24.223593,2
3640,66000,387130000C,(04)23274275,(04)23288582,2025,1,9,18,16,臺中市,南屯區,0,2,0,7,1,6,50,14,9,1,5,4,6,6,4,4,9,5,5,2,3,2,9,6,5,H01,8,18,7,21,10,17,,98,98,1,12,5,120.647229,24.142627,2
3641,66000,387130000C,(04)23274275,(04)23288582,2025,1,9,18,16,臺中市,大里區,0,2,0,7,2,6,50,13,9,1,5,4,6,6,4,4,5,5,5,1,3,2,9,2,1,C03,7,9,1,10,2,11,,84,84,1,6,4,120.708585,24.083648,2
3642,66000,387130000C,(04)23274275,(04)23288582,2025,1,9,18,19,臺中市,大雅區,0,1,0,7,1,6,50,3,2,1,5,4,6,6,4,4,9,4,5,1,17,2,9,1,1,C03,7,5,1,10,2,14,,14,14,1,11,4,120.648421,24.226296,2
3643,66000,387130000C,(04)23274275,(04)23288582,2025,1,9,18,19,臺中市,大甲區,0,0,0,7,1,6,40,4,1,1,5,4,5,6,1,1,8,4,5,1,11,3,10,1,1,C03,7,9,1,10,2,12,12,11,11,1,12,4,120.618192,24.34885,3
3644,66000,387130000C,(04)23274275,(04)23288582,2025,1,9,18,20,臺中市,南屯區,0,2,0,7,1,6,50,13,9,1,5,4,6,6,1,1,3,2,5,2,12,2,9,1,1,C03,7,9,1,10,2,12,,85,85,1,12,4,120.632356,24.145477,2
3645,66000,387130000C,(04)23274275,(04)23288582,2025,1,9,18,24,臺中市,西區,0,0,0,7,,,50,,,,,,,,,,,,,,,,,,,C03,,,1,,1,,,84,84,1,12,4,120.680301,24.141938,3
3646,66000,387130000C,(04)23274275,(04)23288582,2025,1,9,18,28,臺中市,西屯區,0,1,0,1,1,6,40,13,8,1,5,4,6,6,4,4,1,5,1,2,13,2,9,5,4,C03,7,9,1,10,2,11,14,7,7,1,12,4,120.61721,24.181974,2
3647,66000,387130000C,(04)23274275,(04)23288582,2025,1,9,18,28,臺中市,霧峰區,0,0,0,7,,,50,,,,,,,,,,,,,,,,,,,B03,,,1,,1,,,84,84,1,6,4,120.691553,24.07755,3
3648,66000,387130000C,(04)23274275,(04)23288582,2025,1,9,18,30,臺中市,烏日區,0,2,0,7,1,6,50,4,1,1,5,4,6,6,2,1,10,5,5,2,13,2,9,1,1,C03,7,9,1,10,2,14,,7,7,1,6,4,120.624546,24.104122,2
3649,66000,387130000C,(04)23274275,(04)23288582,2025,1,9,18,32,臺中市,北屯區,0,2,0,7,1,6,30,3,19,1,5,4,6,6,4,4,10,5,5,2,3,2,8,1,1,C03,7,9,1,10,2,11,,10,10,1,6,4,120.703396,24.171899,2
3650,66000,387130000C,(04)23274275,(04)23288582,2025,1,9,18,33,臺中市,潭子區,0,0,0,7,,,80,,,,,,,,,,,,,,,,,,,B03,,,1,,2,,,84,84,1,13,4,120.719927,24.196038,3
3651,66000,387130000C,(04)23274275,(04)23288582,2025,1,9,18,33,臺中市,潭子區,0,0,0,7,,,40,,,,,,,,,,,,,,,,,,,B03,,,1,,2,,,7,7,1,13,4,120.700143,24.200963,3
3652,66000,387130000C,(04)23274275,(04)23288582,2025,1,9,18,33,臺中市,南屯區,0,0,0,7,,,50,,,,,,,,,,,,,,,,,,,A02,,,1,,2,,,84,84,1,13,4,120.64668,24.137191,3
3653,66000,387130000C,(04)23274275,(04)23288582,2025,1,9,18,34,臺中市,太平區,0,0,0,7,,,80,,,,,,,,,,,,,,13,,,,,B03,,,1,,1,,,7,7,1,13,4,120.710725,24.141557,3
3654,66000,387130000C,(04)23274275,(04)23288582,2025,1,9,18,34,臺中市,后里區,0,0,0,7,,,30,,,,,,,,,,,,,,25,,,,,B03,,,1,,2,,,50,50,1,6,4,120.724496,24.309584,3
3655,66000,387130000C,(04)23274275,(04)23288582,2025,1,9,18,37,臺中市,南屯區,0,2,0,7,1,6,50,3,2,1,5,4,6,6,4,4,5,5,5,2,12,2,9,1,1,C03,7,9,1,10,2,11,,84,84,1,12,4,120.648643,24.144102,2
3656,66000,387130000C,(04)23274275,(04)23288582,2025,1,9,18,39,臺中市,北屯區,0,0,0,7,,,50,,,,,,,,,,,,,,,,,,,B03,,,1,,1,,,84,84,1,13,4,120.72266,24.162012,3
3657,66000,387130000C,(04)23274275,(04)23288582,2025,1,9,18,40,臺中市,南屯區,0,0,0,7,,,50,,,,,,,,,,,,,,17,,,,,B03,,,1,,2,,,59,59,1,6,4,120.595711,24.136411,3
3658,66000,387130000C,(04)23274275,(04)23288582,2025,1,9,18,40,臺中市,南屯區,0,1,0,7,1,6,50,3,1,1,5,4,6,6,4,4,1,4,4,2,20,2,9,6,1,F01,7,9,7,21,2,11,,59,59,1,3,1,120.646562,24.147784,2
3659,66000,387130000C,(04)23274275,(04)23288582,2025,1,9,18,42,臺中市,西屯區,0,1,0,7,1,6,50,3,1,1,5,4,6,6,2,1,4,3,5,2,13,2,8,5,4,C03,7,9,1,10,2,11,,7,7,1,13,4,120.613715,24.173131,2
3660,66000,387130000C,(04)23274275,(04)23288582,2025,1,9,18,44,臺中市,東區,0,0,0,7,1,6,50,3,1,1,5,4,6,6,3,,10,5,5,2,17,3,10,1,1,C03,7,6,1,10,1,12,,14,14,1,12,4,120.684949,24.123929,3
3661,66000,387130000C,(04)23274275,(04)23288582,2025,1,9,18,46,臺中市,烏日區,0,0,0,7,,,50,,,,,,,,,,,,,,12,,,,,B01,,,1,,1,,,40,40,1,13,4,120.615155,24.117805,3
3662,66000,387130000C,(04)23274275,(04)23288582,2025,1,9,18,47,臺中市,西區,0,0,0,7,,,50,,,,,,,,,,,,,,13,,,,,C03,,,1,,1,,,7,7,1,12,4,120.655347,24.150959,3
3663,66000,387130000C,(04)23274275,(04)23288582,2025,1,9,18,50,臺中市,大雅區,0,0,0,7,,,70,,,,,,,,,,,,,,12,,,,,B12,,,1,,1,,,84,84,1,13,4,120.633859,24.237242,3
3664,66000,387130000C,(04)23274275,(04)23288582,2025,1,9,18,51,臺中市,太平區,0,1,0,7,1,6,50,13,7,1,5,4,6,6,2,1,5,5,4,1,18,2,9,1,1,C03,7,9,1,10,1,14,,84,84,1,12,4,120.729874,24.109488,2
3665,66000,387130000C,(04)23274275,(04)23288582,2025,1,9,18,57,臺中市,梧棲區,0,0,0,7,,,60,,,,,,,,,,,,,,12,,,,,B03,,,1,,1,,,47,47,1,13,4,120.534445,24.246541,3
3666,66000,387130000C,(04)23274275,(04)23288582,2025,1,9,18,58,臺中市,北屯區,0,0,0,7,,,40,,,,,,,,,,,,,,12,,,,,C03,,,1,10,1,,,68,68,1,6,4,120.666592,24.181384,3
3667,66000,387130000C,(04)23274275,(04)23288582,2025,1,9,18,58,臺中市,沙鹿區,0,1,0,6,1,6,40,4,2,1,5,4,6,6,1,1,3,3,3,1,17,3,10,5,4,B03,7,7,1,8,2,15,,84,84,1,13,4,120.581094,24.201827,2
3668,66000,387130000C,(04)23274275,(04)23288582,2025,1,9,18,58,臺中市,沙鹿區,0,1,0,7,2,6,50,4,1,1,5,4,6,6,4,4,10,5,5,2,18,2,8,1,1,C03,7,9,1,10,2,14,,85,85,1,6,4,120.576834,24.224518,2
3669,66000,387130000C,(04)23274275,(04)23288582,2025,1,9,18,59,臺中市,西區,0,0,0,6,,,50,,,,,,,,,,,,,,,,,,,B03,,,1,,2,,,84,84,1,12,4,120.657471,24.142711,3
3670,66000,387130000C,(04)23274275,(04)23288582,2025,1,9,18,59,臺中市,南屯區,0,1,0,7,1,6,50,4,1,1,5,4,6,6,1,1,5,4,5,2,16,3,10,3,1,B03,7,6,1,8,2,5,,11,11,1,12,4,120.637279,24.147006,2
3671,66000,387130000C,(04)23274275,(04)23288582,2025,1,9,19,0,臺中市,北區,0,0,0,7,,,50,,,,,,,,,,,,,,17,,,,,C03,,,1,,2,,,50,50,1,12,4,120.685067,24.147612,3
3672,66000,387130000C,(04)23274275,(04)23288582,2025,1,9,19,0,臺中市,南屯區,0,0,0,7,,,50,,,,,,,,,,,,,,17,,,,,C03,,,1,,2,,,7,7,1,12,4,120.634692,24.153487,3
3673,66000,387130000C,(04)23274275,(04)23288582,2025,1,9,19,0,臺中市,北屯區,0,1,0,7,3,6,50,4,1,1,5,4,6,6,1,1,10,5,5,2,16,3,10,3,1,B03,7,5,1,8,1,6,,84,84,1,6,4,120.704135,24.164592,2
3674,66000,387130000C,(04)23274275,(04)23288582,2025,1,9,19,3,臺中市,沙鹿區,0,2,0,7,2,6,30,4,1,1,5,4,6,6,1,1,10,5,5,2,15,2,7,1,1,C03,7,9,1,10,2,11,,21,21,1,6,4,120.579912,24.215449,2
3675,66000,387130000C,(04)23274275,(04)23288582,2025,1,9,19,7,臺中市,南區,0,0,0,7,,,50,,,,,,,,,,,,,,13,,,,,B03,,,1,,1,,,84,84,1,13,4,120.670211,24.114001,3
3676,66000,387130000C,(04)23274275,(04)23288582,2025,1,9,19,9,臺中市,烏日區,0,3,0,7,1,6,50,13,7,1,5,4,6,6,4,4,5,5,4,2,12,3,10,3,1,B03,7,1,1,8,2,8,,51,51,1,6,4,120.638786,24.109357,2
3677,66000,387130000C,(04)23274275,(04)23288582,2025,1,9,19,10,臺中市,大雅區,0,0,0,7,,,30,,,,,,,,,,,,,,,,,,,B03,,,1,,2,,,49,49,1,12,4,120.641506,24.224955,3
3678,66000,387130000C,(04)23274275,(04)23288582,2025,1,9,19,12,臺中市,北區,0,0,0,7,,,50,,,,,,,,,,,,,,13,,,,,C03,,,1,,1,,,8,8,1,12,4,120.672225,24.16235,3
3679,66000,387130000C,(04)23274275,(04)23288582,2025,1,9,19,13,臺中市,西屯區,0,1,0,7,1,6,50,13,8,1,5,4,6,6,4,4,5,5,4,2,1,2,8,5,4,C03,7,9,1,10,2,12,,8,8,1,13,4,120.646601,24.170763,2
3680,66000,387130000C,(04)23274275,(04)23288582,2025,1,9,19,13,臺中市,太平區,0,0,0,7,,,50,,,,,,,,,,,,,,13,,,,,B03,,,1,,2,,,7,7,1,12,4,120.710725,24.141557,3
3681,66000,387130000C,(04)23274275,(04)23288582,2025,1,9,19,18,臺中市,東區,0,2,0,7,1,6,50,13,9,1,5,4,6,6,2,1,5,4,5,2,17,2,9,2,1,C03,7,9,1,10,2,11,,84,84,1,12,4,120.690056,24.131988,2
3682,66000,387130000C,(04)23274275,(04)23288582,2025,1,9,19,23,臺中市,大里區,0,0,0,7,,,50,,,,,,,,,,,,,,30,,,,,F02,,,1,,2,,,58,58,1,13,4,120.679725,24.095736,3
3683,66000,387130000C,(04)23274275,(04)23288582,2025,1,9,19,25,臺中市,太平區,0,3,0,7,3,6,50,3,2,1,5,4,6,6,4,4,10,5,5,2,13,2,9,2,1,C03,7,9,1,10,2,11,,7,7,1,12,4,120.71707,24.124071,2
3684,66000,387130000C,(04)23274275,(04)23288582,2025,1,9,19,30,臺中市,西屯區,0,0,0,6,,,50,,,,,,,,,,,,,,,,,,,B03,,,1,,1,,,84,84,1,13,4,120.644268,24.171377,3
3685,66000,387130000C,(04)23274275,(04)23288582,2025,1,9,19,31,臺中市,中區,0,2,0,7,1,6,50,4,1,1,5,4,6,6,1,1,10,5,5,2,15,2,9,1,1,C03,7,9,1,10,2,12,,21,21,1,13,4,120.680034,24.144657,2
3686,66000,387130000C,(04)23274275,(04)23288582,2025,1,9,19,31,臺中市,大甲區,0,2,0,7,1,6,50,3,2,1,5,4,6,6,4,4,9,5,5,1,12,3,10,6,1,F01,7,9,7,21,2,16,,42,42,1,6,4,120.625923,24.346811,2
3687,66000,387130000C,(04)23274275,(04)23288582,2025,1,9,19,32,臺中市,北區,0,1,0,7,1,6,50,3,9,1,5,4,6,6,4,4,1,4,5,2,17,3,10,5,4,C03,7,15,1,10,1,12,,42,42,1,13,4,120.691892,24.15993,2
3688,66000,387130000C,(04)23274275,(04)23288582,2025,1,9,19,32,臺中市,東區,0,2,0,7,1,6,50,4,1,1,5,4,6,6,1,1,10,5,5,2,17,2,9,1,1,C03,7,5,1,10,2,12,,84,84,1,12,4,120.697147,24.138874,2
3689,66000,387130000C,(04)23274275,(04)23288582,2025,1,9,19,32,臺中市,西屯區,0,1,0,1,3,6,30,3,2,5,3,2,1,6,4,4,10,5,5,2,18,2,9,5,4,C03,7,9,1,10,2,12,,82,82,1,12,4,120.616174,24.171079,2
3690,66000,387130000C,(04)23274275,(04)23288582,2025,1,9,19,35,臺中市,龍井區,0,1,0,7,1,6,40,4,1,1,5,4,6,6,1,1,10,4,1,1,13,2,9,2,1,C03,7,9,1,10,1,11,,7,7,1,6,4,120.592952,24.182892,2
3691,66000,387130000C,(04)23274275,(04)23288582,2025,1,9,19,36,臺中市,北屯區,0,0,0,7,,,50,,,,,,,,,,,,,,,,,,,B03,,,1,,1,,,49,49,1,13,4,120.693551,24.1641,3
3692,66000,387130000C,(04)23274275,(04)23288582,2025,1,9,19,49,臺中市,大甲區,0,1,0,7,1,6,50,3,2,1,5,4,6,6,4,4,5,5,4,1,11,2,9,3,1,B03,7,9,1,8,2,8,,55,55,1,6,4,120.630031,24.345761,2
3693,66000,387130000C,(04)23274275,(04)23288582,2025,1,9,19,50,臺中市,豐原區,0,2,0,7,1,6,30,3,1,1,5,4,6,6,4,4,5,5,5,2,16,2,8,1,4,C03,7,6,1,10,2,11,,87,87,1,13,4,120.720875,24.251244,2
3694,66000,387130000C,(04)23274275,(04)23288582,2025,1,9,19,52,臺中市,西區,0,0,0,7,,,50,,,,,,,,,,,,,,17,,,,,C03,,,1,,1,,,85,85,1,13,4,120.661845,24.135471,3
3695,66000,387130000C,(04)23274275,(04)23288582,2025,1,9,19,52,臺中市,北屯區,0,0,0,7,,,50,,,,,,,,,,,,,,,,,,,B03,,,1,,1,,,51,51,1,13,4,120.683034,24.184909,3
3696,66000,387130000C,(04)23274275,(04)23288582,2025,1,9,19,55,臺中市,東勢區,0,0,0,7,1,6,60,13,7,1,5,4,6,6,1,1,1,4,4,1,13,3,10,5,4,B03,7,1,1,8,1,8,,7,7,1,13,4,120.82458,24.25692,3
3697,66000,387130000C,(04)23274275,(04)23288582,2025,1,9,20,0,臺中市,豐原區,0,0,0,7,,,50,,,,,,,,,,,,,,17,,,,,B03,,,1,,2,,,50,50,1,13,4,120.74586,24.264424,3
3698,66000,387130000C,(04)23274275,(04)23288582,2025,1,9,20,2,臺中市,石岡區,0,1,0,7,1,6,50,4,1,1,5,4,6,6,3,1,10,5,5,2,17,2,9,2,1,C03,7,5,1,10,2,12,,85,85,1,12,4,120.779859,24.275888,2
3699,66000,387130000C,(04)23274275,(04)23288582,2025,1,9,20,5,臺中市,龍井區,0,1,0,7,1,6,40,13,9,1,5,4,6,6,4,4,5,4,5,1,13,2,9,2,1,C03,7,9,1,10,2,11,,7,7,1,6,4,120.565592,24.180076,2
3700,66000,387130000C,(04)23274275,(04)23288582,2025,1,9,20,6,臺中市,東區,0,0,0,7,,,50,,,,,,,,,,,,,,14,,,,,B03,,,1,,1,,,49,49,1,13,5,120.707009,24.148943,3