序號,縣市別代碼,機關代碼,市話,傳真,年,月,日,時,分,縣市,區,死亡數量,受傷數量,2-30,天候,道路照明設備,道路類別,道路速限,道路型態,事故位置,路面鋪裝,路面狀態,路面缺陷,障礙物,視距,號誌種類,號誌動作,分向設施,快車道或一般車道間,快慢車道間,路面邊線,事故類型及型態,受傷程度,主要傷處,保護裝備,行動電話或功能裝置,當事者區分(類別),車輛用途,當事者行動狀態,駕照狀態,駕照種類,飲酒情形,車輛撞擊部位最初,車輛撞擊部位其他,肇事因素個別,肇事因素主要,肇事逃逸,職業,共享經濟或外送平台,GPS座標X,GPS座標Y,事故類別
3701,66000,387130000C,(04)23274275,(04)23288582,2025,1,9,20,11,臺中市,西屯區,0,0,0,7,,,50,,,,,,,,,,,,,,16,,,,,B03,,,1,,1,,,14,14,1,13,4,120.641244,24.156306,3
3702,66000,387130000C,(04)23274275,(04)23288582,2025,1,9,20,11,臺中市,太平區,0,2,0,7,1,6,50,13,7,1,5,4,6,6,4,4,5,4,4,1,16,2,9,1,1,C03,7,1,1,10,2,14,,51,51,1,12,4,120.720138,24.156774,2
3703,66000,387130000C,(04)23274275,(04)23288582,2025,1,9,20,14,臺中市,北屯區,0,1,0,6,1,6,50,5,1,1,5,4,6,6,2,1,10,5,5,2,18,2,9,2,1,C03,7,9,1,10,2,12,,84,84,1,6,4,120.730194,24.177064,2
3704,66000,387130000C,(04)23274275,(04)23288582,2025,1,9,20,15,臺中市,西屯區,0,1,0,7,1,6,50,4,1,1,5,4,6,6,4,4,10,5,5,2,15,3,10,3,1,B01,7,9,1,4,2,5,,15,15,1,12,4,120.641499,24.161002,2
3705,66000,387130000C,(04)23274275,(04)23288582,2025,1,9,20,18,臺中市,西屯區,0,3,1,7,1,6,70,13,7,1,5,4,6,6,2,1,1,4,1,2,13,5,11,5,4,B12,7,9,5,19,9,1,,7,7,2,13,4,120.614143,24.185299,2
3706,66000,387130000C,(04)23274275,(04)23288582,2025,1,9,20,23,臺中市,南屯區,0,1,0,7,1,6,50,3,1,1,5,4,6,6,4,4,10,5,5,2,18,2,9,1,1,C03,7,9,1,10,2,16,,59,59,1,13,4,120.641556,24.138752,2
3707,66000,387130000C,(04)23274275,(04)23288582,2025,1,9,20,31,臺中市,沙鹿區,0,1,0,6,1,6,50,4,2,1,5,4,6,6,1,1,3,3,3,1,17,3,10,5,4,B03,7,6,4,19,2,2,,11,11,1,13,4,120.575117,24.210005,2
3708,66000,387130000C,(04)23274275,(04)23288582,2025,1,9,20,32,臺中市,東區,0,1,0,7,1,6,50,5,1,1,5,4,6,6,2,1,10,5,5,2,16,3,10,2,1,C03,7,6,1,10,2,11,,11,11,1,12,4,120.701061,24.144641,2
3709,66000,387130000C,(04)23274275,(04)23288582,2025,1,9,20,33,臺中市,西區,0,1,0,7,1,6,50,4,2,1,5,4,6,6,1,1,10,5,5,2,18,2,8,2,1,C03,7,9,1,10,2,12,,85,85,1,12,4,120.667803,24.14017,2
3710,66000,387130000C,(04)23274275,(04)23288582,2025,1,9,20,34,臺中市,大里區,0,3,0,7,3,6,50,4,1,1,5,4,6,6,1,1,5,5,5,1,16,2,9,5,4,C03,7,6,1,10,2,14,,11,11,1,13,4,120.684171,24.116772,2
3711,66000,387130000C,(04)23274275,(04)23288582,2025,1,9,20,42,臺中市,沙鹿區,0,2,0,7,2,6,50,13,7,1,5,4,6,6,4,4,5,5,4,2,13,2,8,1,1,C03,7,9,1,10,2,11,,7,7,1,6,4,120.570083,24.223197,2
3712,66000,387130000C,(04)23274275,(04)23288582,2025,1,9,20,44,臺中市,梧棲區,0,0,0,7,,,70,,,,,,,,,,,,,,12,,,,,B03,,,1,,1,,,76,76,1,13,4,120.531696,24.251345,3
3713,66000,387130000C,(04)23274275,(04)23288582,2025,1,9,20,53,臺中市,西屯區,0,1,0,7,1,6,50,3,1,1,5,4,6,6,1,1,10,5,5,2,16,3,10,5,4,B03,7,6,1,8,2,6,,11,11,1,12,4,120.646445,24.175213,2
3714,66000,387130000C,(04)23274275,(04)23288582,2025,1,9,20,53,臺中市,豐原區,0,1,0,7,1,6,50,3,2,1,5,4,6,6,4,4,5,5,4,2,16,2,9,1,4,C03,7,6,1,10,2,14,,14,14,1,13,2,120.713857,24.250989,2
3715,66000,387130000C,(04)23274275,(04)23288582,2025,1,9,20,58,臺中市,北屯區,0,0,0,7,,,50,,,,,,,,,,,,,,,,,,,B03,,,1,,1,,,40,40,1,13,4,120.663576,24.186897,3
3716,66000,387130000C,(04)23274275,(04)23288582,2025,1,9,21,0,臺中市,太平區,0,0,0,7,,,50,,,,,,,,,,,,,,14,,,,,B12,,,1,,2,,,49,49,1,12,4,120.715147,24.147089,3
3717,66000,387130000C,(04)23274275,(04)23288582,2025,1,9,21,0,臺中市,烏日區,0,0,0,7,,,50,,,,,,,,,,,,,,17,,,,,B03,,,1,,2,,,50,50,1,6,4,120.606964,24.106464,3
3718,66000,387130000C,(04)23274275,(04)23288582,2025,1,9,21,1,臺中市,大里區,0,1,0,7,1,6,50,13,9,1,5,4,6,6,4,4,10,5,5,1,17,2,9,2,1,C03,7,9,1,10,2,12,,56,56,1,12,4,120.685558,24.119277,2
3719,66000,387130000C,(04)23274275,(04)23288582,2025,1,9,21,5,臺中市,太平區,0,1,0,7,3,6,50,4,1,1,5,4,6,6,1,1,10,5,5,2,17,3,10,5,4,F03,7,1,7,21,2,13,,51,51,1,12,4,120.730847,24.112122,2
3720,66000,387130000C,(04)23274275,(04)23288582,2025,1,9,21,22,臺中市,清水區,0,0,0,7,,,50,,,,,,,,,,,,,,,,,,,B03,,,1,,1,,,49,49,1,12,4,120.571328,24.275478,3
3721,66000,387130000C,(04)23274275,(04)23288582,2025,1,9,21,24,臺中市,清水區,0,2,0,7,1,6,50,4,1,1,5,4,6,6,3,1,5,4,4,1,15,2,9,2,1,C03,7,9,1,10,2,12,,24,24,1,13,4,120.578061,24.271785,2
3722,66000,387130000C,(04)23274275,(04)23288582,2025,1,9,21,30,臺中市,東區,0,3,0,7,1,6,50,4,1,1,5,4,6,6,1,1,10,5,5,2,17,3,10,3,1,B03,7,6,1,8,2,1,,25,25,1,12,4,120.704391,24.131021,2
3723,66000,387130000C,(04)23274275,(04)23288582,2025,1,9,21,43,臺中市,中區,0,2,0,7,1,6,50,4,1,1,5,4,6,6,4,4,5,4,4,2,3,2,8,6,5,H01,8,18,7,21,10,17,,98,98,1,12,5,120.681255,24.136777,2
3724,66000,387130000C,(04)23274275,(04)23288582,2025,1,9,21,45,臺中市,北區,0,1,0,7,1,6,50,13,9,1,5,4,6,6,4,4,8,3,5,2,13,2,9,1,1,C03,7,9,1,10,2,11,,58,58,1,13,4,120.678147,24.153959,2
3725,66000,387130000C,(04)23274275,(04)23288582,2025,1,9,21,55,臺中市,北區,0,0,0,7,,,50,,,,,,,,,,,,,,13,,,,,B03,,,1,,9,,,77,77,1,12,4,120.676776,24.156682,3
3726,66000,387130000C,(04)23274275,(04)23288582,2025,1,9,22,0,臺中市,太平區,0,0,0,7,,,30,,,,,,,,,,,,,,,,,,,B03,,,1,,9,,,84,84,1,12,4,120.710749,24.156837,3
3727,66000,387130000C,(04)23274275,(04)23288582,2025,1,9,22,13,臺中市,西屯區,0,0,0,7,,,50,,,,,,,,,,,,,,16,,,,,B03,,,1,,1,,,11,11,1,13,4,120.651201,24.166899,3
3728,66000,387130000C,(04)23274275,(04)23288582,2025,1,9,22,16,臺中市,南屯區,0,1,0,7,1,6,50,4,19,1,5,4,6,6,4,4,10,5,5,2,3,3,10,3,1,B03,7,6,1,8,2,8,,10,10,1,6,4,120.634556,24.138871,2
3729,66000,387130000C,(04)23274275,(04)23288582,2025,1,9,22,16,臺中市,西屯區,0,2,0,6,1,6,50,13,9,1,5,4,6,6,3,1,3,4,5,1,17,2,7,1,1,C03,7,15,1,10,2,12,,84,84,1,12,4,120.603057,24.185036,2
3730,66000,387130000C,(04)23274275,(04)23288582,2025,1,9,22,25,臺中市,大里區,0,0,0,7,,,50,,,,,,,,,,,,,,,,,,,B03,,,1,,2,,,7,7,1,12,4,120.694066,24.107107,3
3731,66000,387130000C,(04)23274275,(04)23288582,2025,1,9,22,25,臺中市,太平區,0,1,0,7,3,6,50,13,8,1,5,4,6,6,4,4,5,5,4,2,17,3,10,5,4,C03,7,1,1,10,3,11,,51,51,1,12,4,120.716997,24.148506,2
3732,66000,387130000C,(04)23274275,(04)23288582,2025,1,9,22,28,臺中市,霧峰區,0,1,0,7,1,6,50,3,1,1,5,4,6,6,4,4,10,5,5,1,21,2,3,5,4,B03,7,9,1,8,2,1,,84,84,1,13,4,120.714064,24.078444,2
3733,66000,387130000C,(04)23274275,(04)23288582,2025,1,9,22,34,臺中市,龍井區,0,1,0,7,1,6,50,3,1,1,5,4,6,6,4,4,10,5,5,2,3,3,10,5,4,B02,7,6,1,8,2,8,,8,8,1,5,4,120.589353,24.180678,2
3734,66000,387130000C,(04)23274275,(04)23288582,2025,1,9,22,42,臺中市,北區,0,2,0,7,1,6,50,4,1,1,5,4,6,6,1,1,5,4,5,2,16,3,10,5,4,B03,7,6,1,8,2,1,,48,48,1,12,4,120.676103,24.145615,2
3735,66000,387130000C,(04)23274275,(04)23288582,2025,1,9,23,5,臺中市,西屯區,0,0,0,7,,,30,,,,,,,,,,,,,,,,,,,B03,,,1,,2,,,48,48,1,12,4,120.65257,24.174879,3
3736,66000,387130000C,(04)23274275,(04)23288582,2025,1,9,23,7,臺中市,北區,0,0,0,7,,,30,,,,,,,,,,,,,,17,,,,,C03,,,1,,1,,,84,84,1,13,4,120.679737,24.149228,3
3737,66000,387130000C,(04)23274275,(04)23288582,2025,1,9,23,15,臺中市,西屯區,0,0,0,7,,,50,,,,,,,,,,,,,,30,,,,,B02,,,1,,2,,,8,8,1,13,4,120.616097,24.186115,3
3738,66000,387130000C,(04)23274275,(04)23288582,2025,1,9,23,25,臺中市,東區,0,0,0,7,,,50,,,,,,,,,,,,,,,,,,,C03,,,1,,2,,,7,7,1,6,4,120.696485,24.138879,4
3739,66000,387130000C,(04)23274275,(04)23288582,2025,1,9,23,29,臺中市,豐原區,0,0,0,7,,,30,,,,,,,,,,,,,,11,,,,,B12,,,1,,2,,,8,8,1,13,4,120.717284,24.268608,3
3740,66000,387130000C,(04)23274275,(04)23288582,2025,1,9,23,37,臺中市,西區,0,1,0,7,1,6,50,3,1,1,5,4,6,6,4,4,9,5,5,2,16,2,9,6,4,F01,7,5,7,21,2,11,,14,14,1,13,4,120.658912,24.15198,2
3741,66000,387130000C,(04)23274275,(04)23288582,2025,1,9,23,58,臺中市,北屯區,0,0,0,7,,,50,,,,,,,,,,,,,,17,,,,,B03,,,1,,2,,,59,59,1,13,4,120.685057,24.168872,3
3742,66000,387130000C,(04)23274275,(04)23288582,2025,1,10,0,6,臺中市,大雅區,0,0,0,7,,,50,,,,,,,,,,,,,,,,,,,B03,,,1,,2,,,7,7,1,12,4,120.654657,24.229387,3
3743,66000,387130000C,(04)23274275,(04)23288582,2025,1,10,0,25,臺中市,南屯區,0,1,0,7,2,6,50,13,9,1,5,4,6,6,4,4,9,4,4,2,12,3,10,3,1,B03,7,11,1,8,2,4,,45,45,1,12,4,120.644878,24.131662,2
3744,66000,387130000C,(04)23274275,(04)23288582,2025,1,10,0,57,臺中市,沙鹿區,0,1,0,6,1,6,50,5,2,1,5,4,6,6,1,1,8,3,4,1,18,2,9,5,4,C03,7,9,1,10,2,12,,84,84,1,13,4,120.579563,24.22166,2
3745,66000,387130000C,(04)23274275,(04)23288582,2025,1,10,0,58,臺中市,北區,0,5,0,7,1,6,50,4,1,1,5,4,6,6,3,1,10,5,5,2,15,2,1,5,1,B03,7,9,1,8,2,4,,24,24,1,13,4,120.679288,24.149794,2
3746,66000,387130000C,(04)23274275,(04)23288582,2025,1,10,1,24,臺中市,西屯區,0,0,0,7,,,50,,,,,,,,,,,,,,15,,,,,C03,,,3,,2,,,24,24,1,13,4,120.657606,24.171344,3
3747,66000,387130000C,(04)23274275,(04)23288582,2025,1,10,1,37,臺中市,清水區,0,1,0,7,1,6,50,3,1,1,5,4,6,6,1,1,8,3,4,1,13,3,10,3,1,B03,7,9,1,8,2,1,,58,58,1,12,4,120.582198,24.282478,2
3748,66000,387130000C,(04)23274275,(04)23288582,2025,1,10,3,20,臺中市,外埔區,0,1,0,7,1,6,60,13,9,1,5,4,6,6,4,4,5,4,5,2,12,2,9,1,1,C03,7,9,1,10,2,11,,84,84,1,12,4,120.658046,24.327076,2
3749,66000,387130000C,(04)23274275,(04)23288582,2025,1,10,3,32,臺中市,北區,0,1,0,7,1,6,50,4,1,1,5,4,6,6,1,1,5,4,5,2,16,3,10,5,4,B03,7,6,1,8,7,5,,53,53,1,12,4,120.682645,24.167043,2
3750,66000,387130000C,(04)23274275,(04)23288582,2025,1,10,3,36,臺中市,西屯區,0,1,0,7,1,6,50,4,2,1,5,4,6,6,1,1,5,2,5,2,13,2,9,1,1,C03,7,9,1,10,8,11,,53,53,1,12,4,120.637333,24.176228,2
3751,66000,387130000C,(04)23274275,(04)23288582,2025,1,10,5,41,臺中市,清水區,0,1,0,7,1,6,50,13,9,1,5,4,6,6,4,4,9,3,4,1,23,2,9,3,1,B03,7,9,1,8,2,8,,84,84,1,12,4,120.540121,24.27774,2
3752,66000,387130000C,(04)23274275,(04)23288582,2025,1,10,5,54,臺中市,東區,0,1,0,7,1,6,50,4,1,1,5,4,6,6,3,1,9,4,5,2,18,2,9,1,1,C03,7,9,1,10,2,14,,6,6,1,12,4,120.686787,24.13158,2
3753,66000,387130000C,(04)23274275,(04)23288582,2025,1,10,6,2,臺中市,西區,0,1,0,7,1,6,30,11,9,1,5,4,6,6,4,4,10,5,5,2,17,3,10,2,1,C03,7,1,5,19,2,16,,85,85,1,12,4,120.658791,24.158927,2
3754,66000,387130000C,(04)23274275,(04)23288582,2025,1,10,6,3,臺中市,北區,0,2,0,7,2,6,50,4,1,1,5,4,6,6,1,1,10,5,5,2,16,3,10,3,1,B12,7,5,1,8,2,5,,22,22,1,13,4,120.692251,24.161431,2
3755,66000,387130000C,(04)23274275,(04)23288582,2025,1,10,6,28,臺中市,大肚區,0,1,0,7,2,6,50,3,1,1,5,4,6,6,4,4,5,1,5,2,3,2,9,6,5,H01,8,16,7,21,10,17,,95,95,1,6,5,120.544995,24.152226,2
3756,66000,387130000C,(04)23274275,(04)23288582,2025,1,10,6,30,臺中市,大里區,0,0,0,7,,,50,,,,,,,,,,,,,,17,,,,,B01,,,1,,2,,,54,54,1,13,4,120.714628,24.099606,3
3757,66000,387130000C,(04)23274275,(04)23288582,2025,1,10,6,30,臺中市,烏日區,0,0,0,7,,,50,,,,,,,,,,,,,,9,,,,,,,,,,,,,118,118,1,6,5,120.609956,24.109981,3
3758,66000,387130000C,(04)23274275,(04)23288582,2025,1,10,6,31,臺中市,北屯區,0,1,0,7,3,6,50,13,11,1,5,4,6,6,4,4,1,4,4,1,17,2,9,2,1,C03,7,9,1,10,2,14,,5,5,1,12,4,120.785673,24.207222,2
3759,66000,387130000C,(04)23274275,(04)23288582,2025,1,10,6,35,臺中市,豐原區,0,1,0,7,2,6,50,4,9,1,5,4,6,6,1,1,5,4,5,1,12,2,9,5,4,C03,7,8,1,10,2,14,,40,40,1,13,4,120.720309,24.265396,2
3760,66000,387130000C,(04)23274275,(04)23288582,2025,1,10,6,40,臺中市,西屯區,0,0,0,7,,,40,,,,,,,,,,,,,,12,,,,,B03,,,1,,1,,,40,40,1,13,4,120.634752,24.172524,3
3761,66000,387130000C,(04)23274275,(04)23288582,2025,1,10,6,45,臺中市,龍井區,0,0,0,7,,,50,,,,,,,,,,,,,,,,,,,A02,,,1,,2,,,45,45,1,12,4,120.55025,24.209878,3
3762,66000,387130000C,(04)23274275,(04)23288582,2025,1,10,6,48,臺中市,北區,0,0,0,7,,,50,,,,,,,,,,,,,,17,,,,,B03,,,1,,2,,,84,84,1,12,4,120.665371,24.160379,3
3763,66000,387130000C,(04)23274275,(04)23288582,2025,1,10,6,48,臺中市,南屯區,0,1,0,7,2,6,50,13,8,1,5,4,6,6,4,4,5,4,4,2,28,2,9,2,1,C03,7,9,1,10,2,11,,84,84,1,12,4,120.617006,24.139466,2
3764,66000,387130000C,(04)23274275,(04)23288582,2025,1,10,6,50,臺中市,龍井區,0,0,0,7,,,60,,,,,,,,,,,,,,,,,,,B03,,,1,,1,,,7,7,1,10,4,120.574385,24.184465,3
3765,66000,387130000C,(04)23274275,(04)23288582,2025,1,10,7,0,臺中市,大里區,0,0,0,7,,,50,,,,,,,,,,,,,,17,,,,,B03,,,1,,2,,,50,50,1,6,4,120.699126,24.08967,3
3766,66000,387130000C,(04)23274275,(04)23288582,2025,1,10,7,0,臺中市,龍井區,0,0,0,7,,,50,,,,,,,,,,,,,,14,,,,,B03,,,1,,11,,,49,49,1,13,4,120.587702,24.185719,3
3767,66000,387130000C,(04)23274275,(04)23288582,2025,1,10,7,1,臺中市,南屯區,0,2,0,7,1,6,50,4,1,1,5,4,6,6,1,1,10,5,5,2,17,3,10,2,1,C03,7,5,1,10,2,12,,11,11,1,12,4,120.620854,24.13999,2
3768,66000,387130000C,(04)23274275,(04)23288582,2025,1,10,7,1,臺中市,北屯區,0,1,0,7,2,6,50,3,1,1,5,4,6,6,4,4,5,5,5,2,18,2,9,2,1,C03,7,9,1,10,2,16,,85,85,1,12,4,120.687028,24.176871,2
3769,66000,387130000C,(04)23274275,(04)23288582,2025,1,10,7,12,臺中市,南屯區,0,1,0,7,2,6,30,13,9,1,5,4,6,6,4,4,10,5,5,2,17,3,10,3,1,B03,7,1,1,8,2,16,,51,51,1,12,4,120.651732,24.135501,2
3770,66000,387130000C,(04)23274275,(04)23288582,2025,1,10,7,12,臺中市,龍井區,0,0,0,7,,,70,,,,,,,,,,,,,,,,,,,B03,,,1,,2,,,7,7,1,12,4,120.523309,24.196488,3
3771,66000,387130000C,(04)23274275,(04)23288582,2025,1,10,7,12,臺中市,龍井區,0,1,0,7,3,6,40,13,11,1,5,4,6,6,4,4,10,5,3,1,17,2,8,2,1,C03,7,9,1,10,2,11,,7,7,1,6,4,120.542879,24.218386,2
3772,66000,387130000C,(04)23274275,(04)23288582,2025,1,10,7,13,臺中市,南區,0,1,0,7,2,6,50,13,9,1,5,4,6,6,4,4,5,5,5,2,17,3,10,1,1,C03,7,1,1,10,2,11,,51,51,1,12,4,120.681096,24.118821,2
3773,66000,387130000C,(04)23274275,(04)23288582,2025,1,10,7,14,臺中市,北區,0,0,0,7,2,6,50,3,2,1,5,4,6,6,4,4,2,4,5,2,16,3,10,3,1,B03,7,5,1,8,2,2,,14,14,1,12,4,120.685868,24.15535,3
3774,66000,387130000C,(04)23274275,(04)23288582,2025,1,10,7,14,臺中市,石岡區,0,0,0,7,,,50,,,,,,,,,,,,,,12,,,,,C03,,,1,,1,,,8,8,1,12,4,120.814504,24.253619,3
3775,66000,387130000C,(04)23274275,(04)23288582,2025,1,10,7,15,臺中市,梧棲區,0,0,0,7,,,50,,,,,,,,,,,,,,9,,,,,B03,,,1,,1,,,76,76,1,6,4,120.547901,24.246342,3
3776,66000,387130000C,(04)23274275,(04)23288582,2025,1,10,7,18,臺中市,東區,0,0,0,7,,,50,,,,,,,,,,,,,,13,,,,,C03,,,1,,2,,,7,7,1,6,4,120.69754,24.129662,3
3777,66000,387130000C,(04)23274275,(04)23288582,2025,1,10,7,18,臺中市,大里區,0,0,0,7,2,6,50,8,7,1,5,4,6,6,1,1,1,4,1,1,13,,,,,B03,,,1,,2,,,84,84,1,13,4,120.688907,24.093601,3
3778,66000,387130000C,(04)23274275,(04)23288582,2025,1,10,7,19,臺中市,西區,0,3,0,7,2,6,50,4,1,1,5,4,6,6,2,1,10,5,5,2,15,2,9,1,1,C03,7,9,1,10,2,11,,21,21,1,6,4,120.679118,24.138594,2
3779,66000,387130000C,(04)23274275,(04)23288582,2025,1,10,7,19,臺中市,南屯區,0,0,0,7,,,50,,,,,,,,,,,,,,,,,,,B11,,,1,,9,,,59,59,1,13,4,120.613024,24.148678,3
3780,66000,387130000C,(04)23274275,(04)23288582,2025,1,10,7,19,臺中市,霧峰區,0,1,0,7,2,6,50,13,9,1,5,4,6,6,4,4,10,4,5,1,18,2,9,1,1,C03,7,9,1,10,2,14,,84,84,1,13,4,120.664704,24.064534,2
3781,66000,387130000C,(04)23274275,(04)23288582,2025,1,10,7,21,臺中市,沙鹿區,0,0,0,7,,,50,,,,,,,,,,,,,,,,,,,B03,,,1,,1,,,77,77,1,13,4,120.56836,24.25188,3
3782,66000,387130000C,(04)23274275,(04)23288582,2025,1,10,7,26,臺中市,東區,0,1,0,7,3,6,50,13,9,1,5,4,6,6,4,4,5,5,5,2,17,3,10,3,1,B03,7,11,1,8,9,8,2,32,32,1,13,4,120.708387,24.142513,2
3783,66000,387130000C,(04)23274275,(04)23288582,2025,1,10,7,27,臺中市,龍井區,0,0,0,7,,,60,,,,,,,,,,,,,,14,,,,,B03,,,1,,1,,,82,82,1,6,4,120.573186,24.188721,3
3784,66000,387130000C,(04)23274275,(04)23288582,2025,1,10,7,29,臺中市,霧峰區,0,0,0,7,,,50,,,,,,,,,,,,,,17,,,,,B03,,,1,,2,,,7,7,1,13,4,120.692771,24.058516,3
3785,66000,387130000C,(04)23274275,(04)23288582,2025,1,10,7,30,臺中市,西屯區,0,0,0,7,,,50,,,,,,,,,,,,,,12,,,,,B03,,,1,,1,,,40,40,1,13,4,120.621145,24.183703,3
3786,66000,387130000C,(04)23274275,(04)23288582,2025,1,10,7,30,臺中市,沙鹿區,0,1,0,7,3,6,50,13,7,1,5,4,6,6,4,4,1,4,4,2,13,3,10,3,1,B03,7,9,1,8,4,1,,7,7,1,6,4,120.572044,24.21106,2
3787,66000,387130000C,(04)23274275,(04)23288582,2025,1,10,7,30,臺中市,大甲區,0,0,0,7,,,30,,,,,,,,,,,,,,15,,,,,B03,,,1,,2,,,15,15,1,12,4,120.63601,24.412523,3
3788,66000,387130000C,(04)23274275,(04)23288582,2025,1,10,7,30,臺中市,神岡區,0,1,0,7,1,6,30,3,2,1,5,4,6,6,4,4,10,5,5,1,17,2,9,5,4,F03,7,9,7,21,2,12,,84,84,1,13,4,120.690175,24.245399,2
3789,66000,387130000C,(04)23274275,(04)23288582,2025,1,10,7,31,臺中市,西屯區,0,1,0,7,2,6,50,13,9,1,5,4,6,6,4,4,9,4,5,2,13,2,7,5,4,C03,7,9,1,10,2,11,,59,59,1,12,4,120.661401,24.201354,2
3790,66000,387130000C,(04)23274275,(04)23288582,2025,1,10,7,34,臺中市,南區,0,1,0,7,2,6,50,13,9,1,5,4,6,6,4,4,5,2,5,2,17,2,9,1,1,C03,7,9,1,10,2,12,,84,84,1,12,4,120.666647,24.120905,2
3791,66000,387130000C,(04)23274275,(04)23288582,2025,1,10,7,34,臺中市,南屯區,0,0,0,7,,,50,,,,,,,,,,,,,,,,,,,B12,,,1,,2,,,51,51,1,13,4,120.607933,24.138694,3
3792,66000,387130000C,(04)23274275,(04)23288582,2025,1,10,7,34,臺中市,北屯區,0,0,0,7,,,50,,,,,,,,,,,,,,,,,,,C03,,,2,,1,,,84,84,1,12,4,120.69833,24.174096,4
3793,66000,387130000C,(04)23274275,(04)23288582,2025,1,10,7,34,臺中市,沙鹿區,0,0,0,7,,,1,,,,,,,,,,,,,,17,,,,,C03,,,1,,11,,,8,8,1,6,4,120.57031,24.236502,3
3794,66000,387130000C,(04)23274275,(04)23288582,2025,1,10,7,34,臺中市,清水區,0,0,0,7,,,50,,,,,,,,,,,,,,,,,,,B03,,,1,,2,,,82,82,1,12,4,120.559083,24.274927,3
3795,66000,387130000C,(04)23274275,(04)23288582,2025,1,10,7,37,臺中市,西區,0,0,0,7,,,50,,,,,,,,,,,,,,,,,,,B03,,,1,,1,,,40,40,1,12,4,120.677628,24.137167,3
3796,66000,387130000C,(04)23274275,(04)23288582,2025,1,10,7,39,臺中市,北屯區,0,1,0,7,2,6,50,3,1,1,5,4,6,6,4,4,4,3,5,2,17,2,9,2,1,C03,7,9,1,10,2,14,,6,6,1,13,4,120.692406,24.195977,2
3797,66000,387130000C,(04)23274275,(04)23288582,2025,1,10,7,39,臺中市,北屯區,0,1,0,7,2,6,80,10,9,1,5,4,6,6,4,4,1,4,5,2,13,2,9,2,1,C02,7,9,1,9,1,11,,7,7,1,13,4,120.667623,24.201061,2
3798,66000,387130000C,(04)23274275,(04)23288582,2025,1,10,7,39,臺中市,大里區,0,2,0,7,2,6,40,13,8,1,5,4,6,6,4,4,2,2,5,1,13,2,9,2,1,C03,7,9,1,10,2,11,,7,7,1,6,4,120.688907,24.093601,2
3799,66000,387130000C,(04)23274275,(04)23288582,2025,1,10,7,40,臺中市,大雅區,0,0,0,7,,,50,,,,,,,,,,,,,,,,,,,C03,,,1,,2,,,20,20,1,12,4,120.635872,24.215506,3
3800,66000,387130000C,(04)23274275,(04)23288582,2025,1,10,7,40,臺中市,南屯區,0,2,0,7,1,6,50,4,1,1,5,4,6,6,2,1,1,2,4,2,12,2,9,5,4,C03,7,9,3,19,2,15,,4,4,1,13,4,120.636798,24.153605,2
3801,66000,387130000C,(04)23274275,(04)23288582,2025,1,10,7,41,臺中市,大里區,0,1,0,7,2,6,50,13,9,1,5,4,6,6,4,4,5,5,5,1,16,3,10,3,1,B01,7,1,1,1,2,8,,51,51,1,12,4,120.700056,24.110098,2
3802,66000,387130000C,(04)23274275,(04)23288582,2025,1,10,7,43,臺中市,太平區,0,3,0,7,2,6,50,13,9,1,5,4,6,6,4,4,5,5,5,2,17,2,9,1,1,C03,7,15,1,10,2,14,,39,39,1,6,4,120.717558,24.112134,2
3803,66000,387130000C,(04)23274275,(04)23288582,2025,1,10,7,43,臺中市,龍井區,0,1,0,7,2,6,50,4,1,1,5,4,6,6,2,1,10,5,5,2,12,2,8,1,1,C03,7,9,1,10,2,14,,8,8,1,6,4,120.585746,24.186006,2
3804,66000,387130000C,(04)23274275,(04)23288582,2025,1,10,7,43,臺中市,東勢區,0,0,0,7,,,50,,,,,,,,,,,,,,17,,,,,B03,,,1,,2,,,51,51,1,12,4,120.829798,24.252319,3
3805,66000,387130000C,(04)23274275,(04)23288582,2025,1,10,7,44,臺中市,南區,0,0,0,7,,,50,,,,,,,,,,,,,,16,,,,,B03,,,1,,2,,,11,11,1,12,4,120.653779,24.118711,3
3806,66000,387130000C,(04)23274275,(04)23288582,2025,1,10,7,44,臺中市,南屯區,0,1,0,7,2,6,50,4,2,1,5,4,6,6,4,4,5,4,5,2,17,3,10,3,1,B03,7,9,1,8,1,1,,12,12,1,12,4,120.61326,24.145327,2
3807,66000,387130000C,(04)23274275,(04)23288582,2025,1,10,7,44,臺中市,太平區,0,0,0,7,,,50,,,,,,,,,,,,,,17,,,,,B03,,,1,,9,,,84,84,1,12,4,120.707354,24.126636,3
3808,66000,387130000C,(04)23274275,(04)23288582,2025,1,10,7,44,臺中市,烏日區,0,0,0,7,,,50,,,,,,,,,,,,,,13,,,,,B03,,,1,,2,,,7,7,1,6,4,120.641998,24.109181,3
3809,66000,387130000C,(04)23274275,(04)23288582,2025,1,10,7,45,臺中市,大里區,0,0,0,7,,,50,,,,,,,,,,,,,,16,,,,,C03,,,1,,2,,,34,34,1,6,4,120.679112,24.079181,3
3810,66000,387130000C,(04)23274275,(04)23288582,2025,1,10,7,48,臺中市,豐原區,0,1,0,7,3,6,50,4,4,1,5,4,6,6,1,1,1,4,4,2,13,3,10,1,4,F03,7,9,7,21,2,11,,59,59,1,12,4,120.727132,24.259369,2
3811,66000,387130000C,(04)23274275,(04)23288582,2025,1,10,7,49,臺中市,南屯區,0,2,0,7,2,6,30,3,1,1,5,4,6,6,3,1,10,5,5,2,16,2,9,1,1,C03,7,6,1,10,2,14,,85,85,1,6,4,120.620101,24.136508,2