序號,縣市別代碼,機關代碼,市話,傳真,年,月,日,時,分,縣市,區,死亡數量,受傷數量,2-30,天候,道路照明設備,道路類別,道路速限,道路型態,事故位置,路面鋪裝,路面狀態,路面缺陷,障礙物,視距,號誌種類,號誌動作,分向設施,快車道或一般車道間,快慢車道間,路面邊線,事故類型及型態,受傷程度,主要傷處,保護裝備,行動電話或功能裝置,當事者區分(類別),車輛用途,當事者行動狀態,駕照狀態,駕照種類,飲酒情形,車輛撞擊部位最初,車輛撞擊部位其他,肇事因素個別,肇事因素主要,肇事逃逸,職業,共享經濟或外送平台,GPS座標X,GPS座標Y,事故類別
4033,66000,387130000C,(04)23274275,(04)23288582,2025,1,10,14,41,臺中市,大里區,0,2,0,7,2,6,50,4,1,1,5,4,6,6,4,4,10,5,5,2,16,2,9,2,1,C03,7,5,1,10,2,14,,12,12,1,6,4,120.703385,24.092583,2
4034,66000,387130000C,(04)23274275,(04)23288582,2025,1,10,14,43,臺中市,大里區,0,0,0,7,2,6,60,4,2,1,5,4,6,6,1,1,1,2,4,2,13,,,,,B12,,,1,,2,,,7,7,1,13,4,120.669674,24.103566,3
4035,66000,387130000C,(04)23274275,(04)23288582,2025,1,10,14,45,臺中市,西區,0,0,0,7,,,50,,,,,,,,,,,,,,,,,,,C03,,,1,,2,,,84,84,1,6,4,120.660183,24.13797,4
4036,66000,387130000C,(04)23274275,(04)23288582,2025,1,10,14,50,臺中市,西區,0,0,0,7,,,30,,,,,,,,,,,,,,17,,,,,B03,,,1,,11,,,84,84,1,12,4,120.661354,24.149113,3
4037,66000,387130000C,(04)23274275,(04)23288582,2025,1,10,14,50,臺中市,豐原區,0,2,0,7,2,6,50,13,9,1,5,4,6,6,4,4,5,5,5,2,13,2,9,2,1,C03,7,9,1,10,2,11,,7,7,1,13,4,120.737125,24.235533,2
4038,66000,387130000C,(04)23274275,(04)23288582,2025,1,10,14,51,臺中市,南區,0,0,0,7,,,50,,,,,,,,,,,,,,13,,,,,C03,,,1,,2,,,7,7,1,6,4,120.666752,24.119376,3
4039,66000,387130000C,(04)23274275,(04)23288582,2025,1,10,14,51,臺中市,南屯區,0,1,0,7,3,6,50,4,2,1,5,4,6,6,1,1,1,4,5,2,17,3,10,3,1,B03,7,7,1,8,2,6,,40,40,1,12,4,120.636914,24.119853,2
4040,66000,387130000C,(04)23274275,(04)23288582,2025,1,10,14,56,臺中市,大雅區,0,0,0,7,,,60,,,,,,,,,,,,,,,,,,,B03,,,1,,1,,,7,7,1,13,4,120.646738,24.222107,3
4041,66000,387130000C,(04)23274275,(04)23288582,2025,1,10,14,56,臺中市,北屯區,0,0,0,7,,,50,,,,,,,,,,,,,,14,,,,,B03,,,1,,1,,,49,49,1,12,4,120.678448,24.186945,3
4042,66000,387130000C,(04)23274275,(04)23288582,2025,1,10,14,56,臺中市,外埔區,0,0,0,7,,,50,,,,,,,,,,,,,,16,,,,,B03,,,1,,2,,,14,14,1,12,4,120.642177,24.345321,3
4043,66000,387130000C,(04)23274275,(04)23288582,2025,1,10,14,58,臺中市,北屯區,0,1,0,7,2,6,30,3,1,1,5,4,6,6,4,4,10,5,5,2,16,2,9,1,1,C03,7,5,1,10,2,11,,14,14,1,13,4,120.714423,24.173371,2
4044,66000,387130000C,(04)23274275,(04)23288582,2025,1,10,14,58,臺中市,龍井區,0,0,0,7,,,30,,,,,,,,,,,,,,,,,,,B03,,,1,,2,,,82,82,1,12,4,120.547643,24.192584,3
4045,66000,387130000C,(04)23274275,(04)23288582,2025,1,10,14,59,臺中市,東區,0,0,0,7,,,50,,,,,,,,,,,,,,17,,,,,B03,,,1,,1,,,7,7,1,13,4,120.69728,24.147784,3
4046,66000,387130000C,(04)23274275,(04)23288582,2025,1,10,15,0,臺中市,太平區,0,0,0,7,,,30,,,,,,,,,,,,,,,,,,,C03,,,1,,2,,,56,56,1,12,4,120.725722,24.145958,3
4047,66000,387130000C,(04)23274275,(04)23288582,2025,1,10,15,4,臺中市,北區,0,1,0,7,2,6,50,4,9,1,5,4,6,6,1,1,1,4,4,2,17,3,10,5,4,B13,7,9,1,8,2,5,,84,84,1,13,4,120.677477,24.153731,2
4048,66000,387130000C,(04)23274275,(04)23288582,2025,1,10,15,6,臺中市,西屯區,0,0,0,7,,,50,,,,,,,,,,,,,,13,,,,,C03,,,1,,2,,,7,7,1,12,4,120.656162,24.199746,3
4049,66000,387130000C,(04)23274275,(04)23288582,2025,1,10,15,8,臺中市,大雅區,0,0,0,7,,,50,,,,,,,,,,,,,,,,,,,C03,,,1,,1,,,7,7,1,12,4,120.649964,24.221653,3
4050,66000,387130000C,(04)23274275,(04)23288582,2025,1,10,15,10,臺中市,大肚區,0,1,0,7,2,6,50,13,9,1,5,4,6,6,4,4,9,5,5,1,13,2,9,2,1,C03,7,9,1,10,2,11,,84,84,1,6,4,120.574144,24.159289,2
4051,66000,387130000C,(04)23274275,(04)23288582,2025,1,10,15,12,臺中市,北區,0,0,0,7,,,50,,,,,,,,,,,,,,12,,,,,C03,,,1,,1,,,8,8,1,13,4,120.672032,24.170218,3
4052,66000,387130000C,(04)23274275,(04)23288582,2025,1,10,15,14,臺中市,霧峰區,1,0,0,7,2,6,40,13,8,1,5,4,6,6,4,4,3,4,3,2,23,1,9,1,1,C03,7,9,1,10,11,14,,84,84,1,12,4,120.667805,24.083441,1
4053,66000,387130000C,(04)23274275,(04)23288582,2025,1,10,15,17,臺中市,沙鹿區,0,0,0,7,,,50,,,,,,,,,,,,,,13,,,,,B03,,,1,,1,,,7,7,1,6,4,120.562433,24.233402,3
4054,66000,387130000C,(04)23274275,(04)23288582,2025,1,10,15,20,臺中市,北區,0,0,0,7,,,50,,,,,,,,,,,,,,17,,,,,A11,,,1,,2,,,84,84,1,13,4,120.700459,24.154381,3
4055,66000,387130000C,(04)23274275,(04)23288582,2025,1,10,15,23,臺中市,東區,0,1,0,7,1,6,50,4,1,1,5,4,6,6,4,4,10,5,5,2,15,2,9,1,1,C03,7,9,1,10,2,12,,12,12,1,12,4,120.690342,24.127046,2
4056,66000,387130000C,(04)23274275,(04)23288582,2025,1,10,15,26,臺中市,石岡區,0,1,0,7,2,6,50,3,1,1,5,4,6,6,1,1,10,5,5,2,17,3,10,3,1,B03,7,6,1,8,2,2,,11,11,1,12,4,120.767404,24.275966,2
4057,66000,387130000C,(04)23274275,(04)23288582,2025,1,10,15,33,臺中市,西屯區,0,1,0,7,2,6,50,13,9,1,5,4,6,6,4,4,1,4,5,2,17,2,9,2,1,C03,7,9,1,10,2,11,,8,8,1,12,4,120.615643,24.186342,2
4058,66000,387130000C,(04)23274275,(04)23288582,2025,1,10,15,34,臺中市,北屯區,0,2,0,7,2,6,50,13,9,1,5,4,6,6,4,4,1,4,5,2,13,2,8,2,1,C03,7,9,1,10,2,11,,7,7,1,12,4,120.692561,24.171108,2
4059,66000,387130000C,(04)23274275,(04)23288582,2025,1,10,15,37,臺中市,神岡區,0,0,0,7,,,50,,,,,,,,,,,,,,13,,,,,B03,,,1,,2,,,7,7,1,13,4,120.693437,24.248225,3
4060,66000,387130000C,(04)23274275,(04)23288582,2025,1,10,15,39,臺中市,大甲區,0,1,0,7,2,6,50,4,1,1,5,4,6,6,4,4,10,5,5,2,16,3,10,3,1,B03,7,4,1,8,2,2,,34,34,1,6,4,120.63428,24.424114,2
4061,66000,387130000C,(04)23274275,(04)23288582,2025,1,10,15,40,臺中市,南屯區,0,2,0,7,3,6,50,13,8,1,5,4,6,6,4,4,1,2,1,2,13,2,8,2,1,C03,7,9,1,10,2,11,,7,7,1,12,4,120.623756,24.152844,2
4062,66000,387130000C,(04)23274275,(04)23288582,2025,1,10,15,40,臺中市,北屯區,0,0,0,7,,,50,,,,,,,,,,,,,,,,,,,C03,,,1,,1,,,40,40,1,13,4,120.698553,24.170421,4
4063,66000,387130000C,(04)23274275,(04)23288582,2025,1,10,15,40,臺中市,北屯區,0,1,0,7,2,6,80,13,9,1,5,4,6,6,4,4,1,4,5,2,12,2,1,3,1,B02,7,8,1,8,2,7,,40,40,1,6,4,120.721046,24.177918,2
4064,66000,387130000C,(04)23274275,(04)23288582,2025,1,10,15,44,臺中市,西屯區,0,1,0,7,1,6,50,13,9,1,5,4,6,6,4,4,5,4,5,2,13,2,9,5,4,C03,7,9,1,10,2,11,,7,7,1,13,4,120.616515,24.183142,2
4065,66000,387130000C,(04)23274275,(04)23288582,2025,1,10,15,48,臺中市,北屯區,0,0,0,7,,,30,,,,,,,,,,,,,,16,,,,,B01,,,1,,1,,,51,51,1,12,4,120.691121,24.178352,3
4066,66000,387130000C,(04)23274275,(04)23288582,2025,1,10,15,48,臺中市,西屯區,0,1,0,6,2,6,50,4,2,1,5,4,6,6,2,1,1,4,5,2,12,3,10,1,1,C03,7,8,1,10,2,14,,35,35,1,12,4,120.649632,24.162839,2
4067,66000,387130000C,(04)23274275,(04)23288582,2025,1,10,15,49,臺中市,南區,0,1,0,7,2,6,30,4,1,1,5,4,6,6,4,4,10,5,5,2,15,3,10,3,1,B03,7,9,1,8,2,2,,15,15,1,13,4,120.681798,24.125568,2
4068,66000,387130000C,(04)23274275,(04)23288582,2025,1,10,15,52,臺中市,大里區,0,1,0,7,2,6,80,13,9,1,5,4,6,6,4,4,2,4,5,1,13,2,3,3,1,B03,7,9,1,8,2,1,,7,7,1,13,4,120.690704,24.098029,2
4069,66000,387130000C,(04)23274275,(04)23288582,2025,1,10,15,52,臺中市,龍井區,0,0,0,7,,,30,,,,,,,,,,,,,,30,,,,,B03,,,1,,9,,,84,84,1,6,4,120.584988,24.181605,3
4070,66000,387130000C,(04)23274275,(04)23288582,2025,1,10,15,53,臺中市,北屯區,0,1,0,7,2,6,50,11,9,1,5,4,6,6,4,4,1,4,5,2,19,2,9,1,1,C03,7,15,5,10,2,11,,59,59,1,6,4,120.787238,24.206714,2
4071,66000,387130000C,(04)23274275,(04)23288582,2025,1,10,15,55,臺中市,西屯區,0,1,0,7,2,6,30,3,1,1,5,4,6,6,4,4,10,5,5,2,13,2,8,1,1,C03,7,9,1,10,1,11,,59,59,1,5,4,120.64615,24.182326,2
4072,66000,387130000C,(04)23274275,(04)23288582,2025,1,10,15,56,臺中市,大里區,0,1,0,7,2,6,50,5,1,1,5,4,6,6,2,1,10,5,5,2,16,3,10,3,1,B03,7,5,1,7,2,2,,42,42,1,13,4,120.702367,24.087189,2
4073,66000,387130000C,(04)23274275,(04)23288582,2025,1,10,15,56,臺中市,太平區,0,1,0,7,2,6,50,4,1,1,5,4,6,6,4,4,10,5,5,2,16,2,8,2,1,C03,7,9,1,10,1,14,,84,84,1,12,4,120.716345,24.141799,2
4074,66000,387130000C,(04)23274275,(04)23288582,2025,1,10,15,56,臺中市,清水區,0,1,0,7,2,6,50,4,1,1,5,4,6,6,4,4,5,2,4,1,15,2,8,2,1,C03,7,9,1,10,2,11,,15,15,1,6,2,120.548646,24.274728,2
4075,66000,387130000C,(04)23274275,(04)23288582,2025,1,10,15,57,臺中市,霧峰區,0,2,0,7,3,6,50,3,1,1,5,4,6,6,4,4,10,5,5,2,16,2,9,6,1,F01,7,6,7,21,1,11,,48,48,1,2,4,120.697237,24.067264,2
4076,66000,387130000C,(04)23274275,(04)23288582,2025,1,10,16,0,臺中市,西區,0,0,0,7,,,50,,,,,,,,,,,,,,,,,,,B03,,,1,,1,,,76,76,1,12,4,120.678009,24.1357,3
4077,66000,387130000C,(04)23274275,(04)23288582,2025,1,10,16,0,臺中市,西區,0,0,0,7,,,50,,,,,,,,,,,,,,,,,,,B01,,,1,,1,,,45,45,1,12,4,120.664298,24.150856,3
4078,66000,387130000C,(04)23274275,(04)23288582,2025,1,10,16,0,臺中市,西屯區,0,2,0,7,2,6,40,4,8,1,5,4,6,6,1,1,5,4,4,2,13,2,9,1,4,C03,7,9,3,19,2,11,,58,58,1,13,4,120.648987,24.174942,2
4079,66000,387130000C,(04)23274275,(04)23288582,2025,1,10,16,2,臺中市,南區,0,0,0,7,,,50,,,,,,,,,,,,,,13,,,,,C01,,,1,,2,,,7,7,1,12,4,120.670798,24.129409,3
4080,66000,387130000C,(04)23274275,(04)23288582,2025,1,10,16,2,臺中市,大里區,0,1,0,7,2,6,30,4,1,1,5,4,6,6,4,4,10,5,5,2,16,2,9,1,1,C03,7,5,1,10,2,11,,58,58,1,13,4,120.706166,24.084938,2
4081,66000,387130000C,(04)23274275,(04)23288582,2025,1,10,16,3,臺中市,大里區,0,0,0,7,,,60,,,,,,,,,,,,,,16,,,,,B03,,,1,,2,,,11,11,1,13,4,120.671758,24.102391,3
4082,66000,387130000C,(04)23274275,(04)23288582,2025,1,10,16,4,臺中市,大安區,0,0,0,7,,,50,,,,,,,,,,,,,,,,,,,B03,,,1,,2,,,84,84,1,6,4,120.588164,24.345677,3
4083,66000,387130000C,(04)23274275,(04)23288582,2025,1,10,16,7,臺中市,潭子區,0,0,0,7,,,80,,,,,,,,,,,,,,,,,,,B12,,,1,,2,,,40,40,1,13,4,120.718644,24.197159,3
4084,66000,387130000C,(04)23274275,(04)23288582,2025,1,10,16,10,臺中市,北區,0,1,0,7,2,6,30,13,9,1,5,4,6,6,4,4,10,5,5,2,17,2,9,5,1,C03,7,9,1,10,2,12,,84,84,1,13,4,120.691155,24.149841,2
4085,66000,387130000C,(04)23274275,(04)23288582,2025,1,10,16,11,臺中市,北區,0,1,0,7,3,6,50,4,1,1,5,4,6,6,4,4,10,5,5,2,15,2,9,1,1,C03,7,9,1,10,2,12,,20,20,1,12,4,120.677217,24.172249,2
4086,66000,387130000C,(04)23274275,(04)23288582,2025,1,10,16,12,臺中市,北區,0,2,0,7,2,6,50,4,19,1,5,4,6,6,1,1,10,5,5,2,3,2,8,5,4,C03,7,5,1,8,2,11,,10,10,1,13,4,120.683349,24.148457,2
4087,66000,387130000C,(04)23274275,(04)23288582,2025,1,10,16,12,臺中市,神岡區,0,2,0,7,1,6,30,11,9,1,5,4,6,1,4,4,10,5,5,2,17,2,9,1,1,C03,7,9,1,10,2,16,,6,6,1,12,4,120.677157,24.242008,2
4088,66000,387130000C,(04)23274275,(04)23288582,2025,1,10,16,19,臺中市,梧棲區,0,1,0,7,2,6,50,3,1,1,5,4,6,5,4,4,5,4,4,2,16,3,10,1,1,C03,7,6,1,10,2,12,,14,14,1,12,4,120.545884,24.243996,2
4089,66000,387130000C,(04)23274275,(04)23288582,2025,1,10,16,20,臺中市,南屯區,0,1,0,7,3,6,50,13,9,1,5,4,6,6,1,1,5,4,5,2,13,3,10,3,1,B03,7,9,1,8,2,1,,7,7,1,12,4,120.639668,24.147177,2
4090,66000,387130000C,(04)23274275,(04)23288582,2025,1,10,16,21,臺中市,北屯區,0,0,0,7,,,50,,,,,,,,,,,,,,,,,,,B03,,,1,,1,,,51,51,1,12,4,120.691521,24.163838,3
4091,66000,387130000C,(04)23274275,(04)23288582,2025,1,10,16,25,臺中市,南屯區,0,1,0,7,3,6,50,13,9,1,5,4,6,6,4,4,5,5,5,2,17,3,10,5,1,B03,7,13,1,8,2,4,,76,76,1,12,4,120.649214,24.147811,2
4092,66000,387130000C,(04)23274275,(04)23288582,2025,1,10,16,28,臺中市,北屯區,0,0,0,7,,,50,,,,,,,,,,,,,,12,,,,,,,,,,,,,119,119,1,,,120.712542,24.182632,4
4093,66000,387130000C,(04)23274275,(04)23288582,2025,1,10,16,28,臺中市,太平區,0,0,0,7,2,3,40,13,17,1,5,4,6,6,4,4,2,5,5,2,13,3,10,3,1,B03,7,9,1,8,2,1,,7,7,1,6,4,120.710725,24.141557,3
4094,66000,387130000C,(04)23274275,(04)23288582,2025,1,10,16,30,臺中市,清水區,0,2,0,7,3,6,40,13,7,1,5,4,6,6,2,1,1,4,4,2,16,2,9,1,1,C03,7,11,1,10,2,12,,45,45,1,12,4,120.574122,24.265336,2
4095,66000,387130000C,(04)23274275,(04)23288582,2025,1,10,16,31,臺中市,北屯區,0,0,0,7,,,50,,,,,,,,,,,,,,,,,,,C03,,,1,,1,,,84,84,1,13,4,120.68479,24.170725,4
4096,66000,387130000C,(04)23274275,(04)23288582,2025,1,10,16,33,臺中市,北屯區,0,1,0,7,2,6,50,3,1,1,5,4,6,6,2,1,10,5,5,2,12,3,10,1,1,C03,7,15,1,10,2,13,,42,42,1,6,4,120.699208,24.175883,2
4097,66000,387130000C,(04)23274275,(04)23288582,2025,1,10,16,35,臺中市,南區,0,1,0,7,2,6,50,3,1,1,5,4,6,6,4,4,5,2,5,2,12,3,10,3,1,B03,7,9,1,8,2,5,,8,8,1,13,4,120.667216,24.128383,2
4098,66000,387130000C,(04)23274275,(04)23288582,2025,1,10,16,35,臺中市,南屯區,0,0,0,7,,,50,,,,,,,,,,,,,,17,,,,,C03,,,1,,2,,,84,84,1,13,4,120.643991,24.149192,4
4099,66000,387130000C,(04)23274275,(04)23288582,2025,1,10,16,39,臺中市,北屯區,0,1,0,7,3,6,50,13,9,1,5,4,6,6,4,4,10,4,5,2,2,3,10,3,1,B03,7,9,1,8,2,8,,84,84,1,12,4,120.742507,24.181928,2
4100,66000,387130000C,(04)23274275,(04)23288582,2025,1,10,16,40,臺中市,東區,0,1,0,7,1,6,50,4,1,1,5,4,6,6,4,4,10,5,5,2,17,3,10,3,1,B01,7,6,1,3,2,8,,6,6,1,12,4,120.697162,24.139603,2
4101,66000,387130000C,(04)23274275,(04)23288582,2025,1,10,16,40,臺中市,南屯區,0,0,0,7,,,50,,,,,,,,,,,,,,,,,,,B03,,,1,,9,,,49,49,1,12,4,120.647024,24.130924,3
4102,66000,387130000C,(04)23274275,(04)23288582,2025,1,10,16,41,臺中市,北區,0,0,0,7,,,50,,,,,,,,,,,,,,13,,,,,B03,,,1,,1,,,7,7,1,13,4,120.692058,24.160326,3
4103,66000,387130000C,(04)23274275,(04)23288582,2025,1,10,16,45,臺中市,南屯區,0,1,0,7,2,6,50,4,1,1,5,4,6,6,1,1,10,5,5,2,9,3,10,3,1,B03,7,6,1,8,2,1,,10,10,1,12,4,120.61181,24.14869,2
4104,66000,387130000C,(04)23274275,(04)23288582,2025,1,10,16,46,臺中市,西屯區,0,1,0,7,2,6,50,13,9,1,5,4,6,6,4,4,5,4,5,2,13,2,9,5,1,C03,7,9,1,10,2,11,,7,7,1,12,4,120.624479,24.195239,2
4105,66000,387130000C,(04)23274275,(04)23288582,2025,1,10,16,47,臺中市,南區,0,0,0,7,,,50,,,,,,,,,,,,,,13,,,,,B03,,,1,,2,,,84,84,1,13,4,120.660395,24.123758,3
4106,66000,387130000C,(04)23274275,(04)23288582,2025,1,10,16,47,臺中市,烏日區,0,1,0,7,3,9,50,4,1,1,5,4,5,6,1,1,10,5,5,2,16,3,10,3,1,B12,7,5,1,8,2,2,,43,43,1,6,4,120.64545,24.057853,2
4107,66000,387130000C,(04)23274275,(04)23288582,2025,1,10,16,49,臺中市,南區,0,0,0,7,,,50,,,,,,,,,,,,,,17,,,,,B03,,,1,,11,,,7,7,2,13,4,120.655663,24.126039,3
4108,66000,387130000C,(04)23274275,(04)23288582,2025,1,10,16,49,臺中市,南區,0,2,0,7,2,6,50,5,1,1,5,4,6,6,2,1,10,5,5,2,16,2,9,2,1,C03,7,6,1,10,2,12,,11,11,1,12,4,120.653862,24.122356,2
4109,66000,387130000C,(04)23274275,(04)23288582,2025,1,10,16,50,臺中市,西屯區,0,0,0,7,,,80,,,,,,,,,,,,,,13,,,,,B12,,,1,,1,,,83,83,1,12,4,120.633463,24.173172,3
4110,66000,387130000C,(04)23274275,(04)23288582,2025,1,10,16,50,臺中市,太平區,0,1,0,7,3,6,50,5,1,1,5,4,6,6,1,1,10,5,5,2,16,3,10,3,1,B03,7,6,1,8,2,8,,84,84,1,12,4,120.72403,24.137124,2
4111,66000,387130000C,(04)23274275,(04)23288582,2025,1,10,16,51,臺中市,太平區,0,1,0,7,2,6,50,4,1,1,5,4,6,6,3,1,10,5,5,2,15,3,10,3,1,B03,7,9,1,8,2,8,,24,24,1,12,4,120.715651,24.14319,2
4112,66000,387130000C,(04)23274275,(04)23288582,2025,1,10,16,55,臺中市,北區,0,0,0,7,,,50,,,,,,,,,,,,,,16,,,,,B03,,,1,,2,,,39,39,1,13,4,120.676987,24.151417,3
4113,66000,387130000C,(04)23274275,(04)23288582,2025,1,10,16,55,臺中市,北屯區,0,0,0,7,,,50,,,,,,,,,,,,,,9,,,,,B13,,,1,,1,,,71,71,1,6,4,120.676935,24.182873,3
4114,66000,387130000C,(04)23274275,(04)23288582,2025,1,10,16,56,臺中市,霧峰區,0,1,0,7,2,6,40,4,1,1,5,4,6,6,1,1,5,5,5,1,15,3,10,3,1,B03,7,9,5,19,2,5,,21,21,1,13,4,120.699052,24.077985,2
4115,66000,387130000C,(04)23274275,(04)23288582,2025,1,10,16,56,臺中市,大甲區,0,2,0,7,2,6,50,3,1,1,5,4,6,6,1,1,10,5,5,2,13,3,10,2,1,C03,7,9,1,10,2,11,,7,7,1,6,4,120.627286,24.35064,2
4116,66000,387130000C,(04)23274275,(04)23288582,2025,1,10,16,57,臺中市,南區,0,2,0,7,1,6,0,3,1,1,5,4,6,6,4,4,10,5,5,2,30,,,,,,,,,,,,,119,119,1,,,120.651775,24.12409,2
4117,66000,387130000C,(04)23274275,(04)23288582,2025,1,10,16,57,臺中市,沙鹿區,0,0,0,7,,,60,,,,,,,,,,,,,,,,,,,B03,,,1,,11,,,26,26,2,13,4,120.606246,24.247298,3
4118,66000,387130000C,(04)23274275,(04)23288582,2025,1,10,16,58,臺中市,北區,0,0,0,7,,,50,,,,,,,,,,,,,,12,,,,,B11,,,1,,1,,,59,59,1,12,4,120.697141,24.157912,3
4119,66000,387130000C,(04)23274275,(04)23288582,2025,1,10,16,58,臺中市,南屯區,0,0,0,7,3,6,50,13,7,1,5,4,6,6,4,4,5,5,4,2,12,,,,,B03,,,1,,1,,,85,85,1,12,4,120.635192,24.152451,3
4120,66000,387130000C,(04)23274275,(04)23288582,2025,1,10,16,58,臺中市,西屯區,0,2,0,7,2,6,50,13,5,1,5,4,6,6,4,4,5,4,4,2,3,2,9,6,5,H01,8,16,7,21,10,17,,95,95,1,12,5,120.620424,24.187681,2
4121,66000,387130000C,(04)23274275,(04)23288582,2025,1,10,16,58,臺中市,西屯區,0,0,0,7,,,30,,,,,,,,,,,,,,17,,,,,B03,,,1,,1,,,59,59,1,13,4,120.623584,24.194394,3
4122,66000,387130000C,(04)23274275,(04)23288582,2025,1,10,17,0,臺中市,南區,0,1,0,7,1,6,50,13,7,1,5,4,6,6,4,4,5,5,4,2,17,3,10,3,1,B03,7,15,1,8,2,4,,76,76,1,12,4,120.675092,24.129332,2
4123,66000,387130000C,(04)23274275,(04)23288582,2025,1,10,17,0,臺中市,北屯區,0,0,0,7,,,30,,,,,,,,,,,,,,17,,,,,,,,,,,,,86,86,1,,,120.670921,24.184607,3
4124,66000,387130000C,(04)23274275,(04)23288582,2025,1,10,17,1,臺中市,太平區,0,1,0,7,2,6,50,3,2,1,5,4,6,6,4,4,10,5,5,2,17,3,10,2,1,C02,7,1,1,9,2,11,,51,51,1,12,4,120.707999,24.12133,2
4125,66000,387130000C,(04)23274275,(04)23288582,2025,1,10,17,5,臺中市,東區,0,1,0,7,2,6,50,4,1,1,5,4,6,6,1,1,5,4,5,2,16,3,10,3,1,B03,7,6,1,8,2,2,,11,11,1,13,4,120.692395,24.139415,2
4126,66000,387130000C,(04)23274275,(04)23288582,2025,1,10,17,7,臺中市,潭子區,0,1,0,7,2,6,50,3,1,1,5,4,6,6,4,4,5,5,4,2,16,2,8,1,1,C03,7,9,1,10,2,12,,34,34,1,13,4,120.708069,24.231275,2
4127,66000,387130000C,(04)23274275,(04)23288582,2025,1,10,17,8,臺中市,西區,0,0,0,7,,,50,,,,,,,,,,,,,,,,,,,C03,,,1,,2,,,7,7,1,12,4,120.658862,24.147864,3
4128,66000,387130000C,(04)23274275,(04)23288582,2025,1,10,17,8,臺中市,大里區,0,1,0,7,3,6,50,13,9,1,5,4,6,6,4,4,3,4,4,1,13,2,9,1,1,C03,7,9,1,10,2,11,,7,7,1,6,4,120.69577,24.087915,2
4129,66000,387130000C,(04)23274275,(04)23288582,2025,1,10,17,11,臺中市,南區,0,0,0,7,,,30,,,,,,,,,,,,,,15,,,,,C03,,,1,,1,,,15,15,1,12,4,120.681272,24.130086,3
4130,66000,387130000C,(04)23274275,(04)23288582,2025,1,10,17,14,臺中市,霧峰區,0,1,0,7,2,6,50,4,1,1,5,4,6,6,1,1,10,5,5,2,13,3,10,2,1,C03,7,9,1,10,2,11,,58,58,1,13,4,120.694134,24.066016,2
4131,66000,387130000C,(04)23274275,(04)23288582,2025,1,10,17,15,臺中市,東區,0,0,0,7,,,50,,,,,,,,,,,,,,14,,,,,A12,,,1,,2,,,49,49,1,13,4,120.69745,24.144699,3
4132,66000,387130000C,(04)23274275,(04)23288582,2025,1,10,17,15,臺中市,西屯區,0,0,0,7,,,40,,,,,,,,,,,,,,13,,,,,B12,,,1,,1,,,7,7,1,12,4,120.632195,24.170595,3
4133,66000,387130000C,(04)23274275,(04)23288582,2025,1,10,17,15,臺中市,后里區,0,2,0,7,3,6,50,3,1,1,5,4,6,6,4,4,10,5,5,2,16,2,9,1,1,C03,7,6,1,10,2,14,,12,12,1,12,4,120.702487,24.286786,2
4134,66000,387130000C,(04)23274275,(04)23288582,2025,1,10,17,16,臺中市,大甲區,0,0,0,7,,,50,,,,,,,,,,,,,,,,,,,F01,,,7,,2,,,39,39,1,3,4,120.62315,24.349804,3
4135,66000,387130000C,(04)23274275,(04)23288582,2025,1,10,17,17,臺中市,西屯區,0,1,0,7,1,6,0,4,1,1,5,4,6,6,1,1,10,5,5,2,17,2,9,1,4,C03,7,1,1,10,2,13,,51,51,1,13,4,120.597839,24.175472,2
4136,66000,387130000C,(04)23274275,(04)23288582,2025,1,10,17,20,臺中市,大雅區,0,0,0,7,,,30,,,,,,,,,,,,,,,,,,,C03,,,1,,2,,,84,84,1,12,4,120.653087,24.237808,3
4137,66000,387130000C,(04)23274275,(04)23288582,2025,1,10,17,22,臺中市,大甲區,0,1,0,7,2,6,50,13,9,1,5,4,6,6,4,4,5,5,5,1,13,2,8,2,1,C03,7,9,1,10,2,11,,7,7,1,6,4,120.621516,24.344308,2
4138,66000,387130000C,(04)23274275,(04)23288582,2025,1,10,17,25,臺中市,大里區,0,1,0,7,1,6,50,3,2,1,5,4,6,6,1,1,3,4,4,1,16,2,2,5,4,C03,7,6,1,10,2,13,,26,26,1,13,2,120.687017,24.119305,2
4139,66000,387130000C,(04)23274275,(04)23288582,2025,1,10,17,26,臺中市,大雅區,0,2,0,7,2,6,50,13,9,1,5,4,6,6,4,4,9,5,5,1,16,3,10,3,1,B03,7,6,1,8,2,1,,84,84,1,13,4,120.648666,24.216075,2
4140,66000,387130000C,(04)23274275,(04)23288582,2025,1,10,17,27,臺中市,潭子區,0,0,0,7,,,40,,,,,,,,,,,,,,,,,,,A12,,,1,,2,,,49,49,1,13,4,120.704701,24.219907,3
4141,66000,387130000C,(04)23274275,(04)23288582,2025,1,10,17,28,臺中市,北區,0,1,0,7,1,6,50,4,1,1,5,4,6,6,1,1,5,4,5,2,17,2,9,5,1,C03,7,6,3,19,2,14,,48,48,1,13,4,120.669218,24.165127,2
4142,66000,387130000C,(04)23274275,(04)23288582,2025,1,10,17,28,臺中市,北屯區,0,1,0,7,1,6,50,4,1,1,5,4,6,6,2,1,10,5,5,2,16,3,10,3,1,B03,7,6,1,10,2,1,,23,23,1,9,4,120.668672,24.178276,2