序號,縣市別代碼,機關代碼,市話,傳真,年,月,日,時,分,縣市,區,死亡數量,受傷數量,2-30,天候,道路照明設備,道路類別,道路速限,道路型態,事故位置,路面鋪裝,路面狀態,路面缺陷,障礙物,視距,號誌種類,號誌動作,分向設施,快車道或一般車道間,快慢車道間,路面邊線,事故類型及型態,受傷程度,主要傷處,保護裝備,行動電話或功能裝置,當事者區分(類別),車輛用途,當事者行動狀態,駕照狀態,駕照種類,飲酒情形,車輛撞擊部位最初,車輛撞擊部位其他,肇事因素個別,肇事因素主要,肇事逃逸,職業,共享經濟或外送平台,GPS座標X,GPS座標Y,事故類別
4257,66000,387130000C,(04)23274275,(04)23288582,2025,1,10,19,39,臺中市,西屯區,0,0,0,7,,,50,,,,,,,,,,,,,,13,,,,,B03,,,1,,1,,,58,58,1,13,4,120.63495,24.171707,3
4258,66000,387130000C,(04)23274275,(04)23288582,2025,1,10,19,41,臺中市,北屯區,0,0,0,7,,,50,,,,,,,,,,,,,,13,,,,,B03,,,1,,1,,,84,84,1,6,4,120.717883,24.168452,3
4259,66000,387130000C,(04)23274275,(04)23288582,2025,1,10,19,42,臺中市,南區,0,0,0,7,,,50,,,,,,,,,,,,,,17,,,,,A12,,,1,,2,,,8,8,1,13,4,120.650138,24.111726,3
4260,66000,387130000C,(04)23274275,(04)23288582,2025,1,10,19,45,臺中市,西屯區,0,2,0,7,1,6,50,4,1,1,5,4,6,6,2,1,10,5,5,2,12,3,10,3,1,B12,7,9,1,8,2,4,,8,8,1,12,4,120.65242,24.166533,2
4261,66000,387130000C,(04)23274275,(04)23288582,2025,1,10,19,45,臺中市,沙鹿區,0,0,0,7,,,50,,,,,,,,,,,,,,12,,,,,B03,,,1,,2,,,51,51,1,12,4,120.564667,24.239946,3
4262,66000,387130000C,(04)23274275,(04)23288582,2025,1,10,19,48,臺中市,西屯區,0,0,0,7,,,50,,,,,,,,,,,,,,13,,,,,A41,,,1,,1,,,7,7,1,13,4,120.610865,24.17057,3
4263,66000,387130000C,(04)23274275,(04)23288582,2025,1,10,19,55,臺中市,西區,0,0,0,7,,,50,,,,,,,,,,,,,,,,,,,C03,,,1,,1,,,7,7,1,12,4,120.6529,24.147096,3
4264,66000,387130000C,(04)23274275,(04)23288582,2025,1,10,19,55,臺中市,沙鹿區,0,1,0,7,1,6,50,13,9,1,5,4,6,6,4,4,1,4,4,2,17,3,10,3,1,B03,7,7,1,8,2,2,,40,40,1,12,4,120.562162,24.24555,2
4265,66000,387130000C,(04)23274275,(04)23288582,2025,1,10,20,0,臺中市,沙鹿區,0,0,0,6,,,50,,,,,,,,,,,,,,,,,,,B03,,,1,,2,,,59,59,1,13,4,120.568834,24.223151,3
4266,66000,387130000C,(04)23274275,(04)23288582,2025,1,10,20,4,臺中市,北屯區,0,2,0,7,1,6,50,4,1,1,5,4,6,6,2,1,10,5,5,2,13,2,7,1,1,C03,7,12,1,10,1,11,,7,7,1,6,4,120.683612,24.174761,2
4267,66000,387130000C,(04)23274275,(04)23288582,2025,1,10,20,5,臺中市,沙鹿區,0,0,0,7,,,50,,,,,,,,,,,,,,14,,,,,B03,,,1,,1,,,50,50,1,13,4,120.564285,24.246998,4
4268,66000,387130000C,(04)23274275,(04)23288582,2025,1,10,20,6,臺中市,北屯區,0,2,0,7,1,6,50,4,1,1,5,4,6,6,2,1,10,5,5,2,13,2,8,1,1,C03,7,12,1,10,1,11,,7,7,1,5,4,120.676153,24.173555,2
4269,66000,387130000C,(04)23274275,(04)23288582,2025,1,10,20,8,臺中市,西區,0,0,0,7,,,50,,,,,,,,,,,,,,17,,,,,B02,,,1,,2,,,84,84,1,12,4,120.659368,24.146833,3
4270,66000,387130000C,(04)23274275,(04)23288582,2025,1,10,20,9,臺中市,北區,0,0,0,7,,,50,,,,,,,,,,,,,,18,,,,,B03,,,1,,1,,,59,59,1,12,4,120.6716,24.171916,3
4271,66000,387130000C,(04)23274275,(04)23288582,2025,1,10,20,10,臺中市,南區,0,0,0,7,1,6,50,4,1,1,5,4,6,6,4,4,10,4,5,2,14,3,10,3,1,B03,7,2,1,8,1,6,,49,49,1,12,4,120.649738,24.112379,3
4272,66000,387130000C,(04)23274275,(04)23288582,2025,1,10,20,10,臺中市,西屯區,0,1,0,7,1,6,50,13,9,1,5,4,6,6,4,4,5,4,5,2,17,3,10,3,1,B03,7,11,1,8,2,8,,45,45,1,13,4,120.625818,24.19902,2
4273,66000,387130000C,(04)23274275,(04)23288582,2025,1,10,20,11,臺中市,霧峰區,0,1,0,7,1,6,50,4,1,1,5,4,6,6,2,1,10,5,5,2,16,3,10,1,1,C03,7,6,1,10,11,11,,48,48,1,13,4,120.684494,24.050936,2
4274,66000,387130000C,(04)23274275,(04)23288582,2025,1,10,20,13,臺中市,北屯區,0,0,0,7,,,50,,,,,,,,,,,,,,,,,,,B03,,,1,,1,,,7,7,1,12,4,120.704567,24.186493,3
4275,66000,387130000C,(04)23274275,(04)23288582,2025,1,10,20,15,臺中市,西屯區,0,2,0,7,1,6,50,4,1,1,5,4,6,6,4,4,10,5,5,2,13,2,8,1,4,C03,7,9,1,10,2,11,,7,7,1,13,4,120.645186,24.177597,2
4276,66000,387130000C,(04)23274275,(04)23288582,2025,1,10,20,16,臺中市,西屯區,0,2,0,7,1,6,50,3,2,1,5,4,6,6,4,4,5,5,4,2,16,2,8,6,1,F01,7,11,7,21,5,14,,45,45,1,6,4,120.647142,24.170771,2
4277,66000,387130000C,(04)23274275,(04)23288582,2025,1,10,20,20,臺中市,南屯區,0,0,0,7,,,50,,,,,,,,,,,,,,,,,,,C03,,,1,,1,,,13,13,1,12,4,120.652161,24.153598,3
4278,66000,387130000C,(04)23274275,(04)23288582,2025,1,10,20,20,臺中市,豐原區,0,1,0,7,1,6,50,4,2,1,5,4,6,6,1,1,4,5,4,2,12,2,7,1,4,C03,7,6,1,10,2,12,,13,13,1,13,4,120.720067,24.251733,2
4279,66000,387130000C,(04)23274275,(04)23288582,2025,1,10,20,24,臺中市,大肚區,0,2,0,7,1,6,50,4,1,1,5,4,6,6,3,1,10,5,5,2,16,2,9,1,1,C03,7,6,1,10,2,11,,11,11,1,6,4,120.545185,24.148948,2
4280,66000,387130000C,(04)23274275,(04)23288582,2025,1,10,20,33,臺中市,神岡區,0,0,0,7,1,6,60,,2,1,5,4,6,6,2,1,1,5,5,1,12,,,,,B03,,,1,,2,,,40,40,1,12,4,120.711067,24.26149,3
4281,66000,387130000C,(04)23274275,(04)23288582,2025,1,10,20,34,臺中市,后里區,0,0,0,7,,,50,,,,,,,,,,,,,,14,,,,,B03,,,1,,1,,,49,49,1,12,4,120.725072,24.308988,4
4282,66000,387130000C,(04)23274275,(04)23288582,2025,1,10,20,37,臺中市,北區,0,2,0,7,1,6,50,4,19,1,5,4,6,6,1,1,10,5,5,2,3,3,10,5,4,B03,7,6,1,8,2,1,,10,10,1,13,4,120.676247,24.173206,2
4283,66000,387130000C,(04)23274275,(04)23288582,2025,1,10,20,37,臺中市,太平區,0,0,0,7,,,50,,,,,,,,,,,,,,28,,,,,C03,,,1,,2,,,84,84,1,12,4,120.722234,24.109775,3
4284,66000,387130000C,(04)23274275,(04)23288582,2025,1,10,20,39,臺中市,沙鹿區,0,0,0,7,,,50,,,,,,,,,,,,,,,,,,,B03,,,1,,2,,,84,84,1,12,4,120.610106,24.242939,3
4285,66000,387130000C,(04)23274275,(04)23288582,2025,1,10,20,41,臺中市,東區,0,0,0,7,,,50,,,,,,,,,,,,,,12,,,,,B03,,,1,,2,,,45,45,1,13,4,120.701119,24.132014,3
4286,66000,387130000C,(04)23274275,(04)23288582,2025,1,10,20,41,臺中市,西屯區,0,0,0,7,,,50,,,,,,,,,,,,,,14,,,,,B03,,,2,,2,,,49,49,1,12,4,120.655822,24.165342,3
4287,66000,387130000C,(04)23274275,(04)23288582,2025,1,10,20,48,臺中市,北屯區,0,2,0,7,1,6,50,13,7,1,5,4,6,6,4,4,1,4,4,2,13,3,10,1,1,C03,7,9,1,10,2,11,,59,59,1,6,4,120.667718,24.179732,2
4288,66000,387130000C,(04)23274275,(04)23288582,2025,1,10,20,50,臺中市,西屯區,0,0,0,7,,,60,,,,,,,,,,,,,,15,,,,,B03,,,1,,2,,,84,84,1,12,4,120.628778,24.163049,3
4289,66000,387130000C,(04)23274275,(04)23288582,2025,1,10,20,55,臺中市,北區,0,2,0,7,1,6,50,3,2,1,5,4,6,6,4,4,10,5,5,1,12,3,10,3,1,B03,7,5,1,8,2,5,,84,84,1,13,4,120.674254,24.163305,2
4290,66000,387130000C,(04)23274275,(04)23288582,2025,1,10,20,56,臺中市,西屯區,0,1,0,7,1,6,40,3,1,1,5,4,6,6,4,4,1,5,1,2,16,3,10,5,4,B03,7,5,1,8,2,5,,14,14,1,13,4,120.617728,24.182154,2
4291,66000,387130000C,(04)23274275,(04)23288582,2025,1,10,20,56,臺中市,太平區,0,0,0,7,,,50,,,,,,,,,,,,,,17,,,,,C03,,,1,,9,,,8,8,1,12,4,120.714107,24.1252,3
4292,66000,387130000C,(04)23274275,(04)23288582,2025,1,10,21,0,臺中市,西屯區,0,0,0,6,,,50,,,,,,,,,,,,,,,,,,,A31,,,1,,1,,,51,51,1,13,4,120.633597,24.182353,3
4293,66000,387130000C,(04)23274275,(04)23288582,2025,1,10,21,5,臺中市,北區,0,0,0,7,,,50,,,,,,,,,,,,,,17,,,,,B03,,,1,,1,,,84,84,1,13,4,120.685926,24.14869,3
4294,66000,387130000C,(04)23274275,(04)23288582,2025,1,10,21,7,臺中市,北屯區,0,0,0,7,,,50,,,,,,,,,,,,,,13,,,,,B03,,,1,,1,,,59,59,1,6,4,120.701845,24.170142,4
4295,66000,387130000C,(04)23274275,(04)23288582,2025,1,10,21,18,臺中市,北屯區,0,2,0,7,1,6,50,13,9,1,5,4,6,6,4,4,5,5,5,2,12,2,9,1,1,C03,7,7,1,10,2,12,,42,42,1,5,4,120.704682,24.169893,2
4296,66000,387130000C,(04)23274275,(04)23288582,2025,1,10,21,19,臺中市,南屯區,0,0,0,7,,,50,,,,,,,,,,,,,,13,,,,,B12,,,1,,2,,,7,7,1,6,4,120.644543,24.125104,3
4297,66000,387130000C,(04)23274275,(04)23288582,2025,1,10,21,19,臺中市,南屯區,0,0,0,7,,,50,,,,,,,,,,,,,,16,,,,,B03,,,1,,1,,,12,12,1,12,4,120.647775,24.1426,3
4298,66000,387130000C,(04)23274275,(04)23288582,2025,1,10,21,19,臺中市,西屯區,0,0,0,7,,,50,,,,,,,,,,,,,,13,,,,,B03,,,1,,1,,,56,56,1,12,4,120.646303,24.156853,3
4299,66000,387130000C,(04)23274275,(04)23288582,2025,1,10,21,24,臺中市,豐原區,0,0,0,7,,,50,,,,,,,,,,,,,,,,,,,B03,,,1,,2,,,40,40,1,13,4,120.719022,24.251448,3
4300,66000,387130000C,(04)23274275,(04)23288582,2025,1,10,21,34,臺中市,北區,0,1,0,7,1,6,50,13,9,1,5,4,6,6,4,4,5,5,5,2,11,3,10,1,1,C03,7,9,1,10,2,14,,4,4,1,12,4,120.681456,24.166053,2
4301,66000,387130000C,(04)23274275,(04)23288582,2025,1,10,21,35,臺中市,沙鹿區,0,1,0,7,1,6,40,13,8,1,5,4,6,6,4,4,5,4,4,2,17,2,8,2,1,C03,7,9,1,10,1,11,,59,59,1,13,4,120.574801,24.215094,2
4302,66000,387130000C,(04)23274275,(04)23288582,2025,1,10,21,45,臺中市,北屯區,0,0,0,7,,,50,,,,,,,,,,,,,,,,,,,B03,,,1,,9,,,84,84,1,12,4,120.696418,24.165762,3
4303,66000,387130000C,(04)23274275,(04)23288582,2025,1,10,21,45,臺中市,西屯區,0,0,0,7,,,50,,,,,,,,,,,,,,13,,,,,B03,,,1,,1,,,58,58,1,12,4,120.609218,24.15576,3
4304,66000,387130000C,(04)23274275,(04)23288582,2025,1,10,21,48,臺中市,西屯區,0,1,0,7,1,6,50,4,1,1,5,4,6,6,2,1,10,5,5,2,13,2,9,2,1,C03,7,9,1,10,2,11,,59,59,1,12,4,120.647384,24.159428,2
4305,66000,387130000C,(04)23274275,(04)23288582,2025,1,10,21,48,臺中市,大肚區,0,0,0,7,,,50,,,,,,,,,,,,,,,,,,,B03,,,1,,8,,,7,7,1,6,4,120.571412,24.120713,3
4306,66000,387130000C,(04)23274275,(04)23288582,2025,1,10,21,51,臺中市,北區,0,1,0,7,1,6,50,4,4,1,5,4,6,6,1,1,5,5,5,2,13,3,10,5,4,C03,7,9,1,10,2,11,,7,7,1,13,4,120.682904,24.167286,2
4307,66000,387130000C,(04)23274275,(04)23288582,2025,1,10,21,52,臺中市,北區,0,0,0,7,,,50,,,,,,,,,,,,,,12,,,,,B03,,,1,,2,,,20,20,1,13,4,120.672733,24.167813,3
4308,66000,387130000C,(04)23274275,(04)23288582,2025,1,10,21,56,臺中市,西屯區,0,0,0,7,,,70,,,,,,,,,,,,,,13,,,,,B03,,,1,,1,,,7,7,1,13,4,120.643643,24.165818,3
4309,66000,387130000C,(04)23274275,(04)23288582,2025,1,10,22,8,臺中市,北區,0,2,0,7,1,6,50,13,9,1,5,4,6,6,1,1,10,4,5,2,17,2,8,1,1,C03,7,5,1,10,2,14,,85,85,1,13,4,120.688907,24.152843,2
4310,66000,387130000C,(04)23274275,(04)23288582,2025,1,10,22,10,臺中市,烏日區,0,2,0,7,1,6,60,4,1,1,5,4,6,6,1,1,1,4,4,2,12,2,9,1,1,C03,7,9,1,10,2,11,,6,6,1,6,4,120.615626,24.105867,2
4311,66000,387130000C,(04)23274275,(04)23288582,2025,1,10,22,14,臺中市,南屯區,0,0,0,7,,,50,,,,,,,,,,,,,,16,,,,,B03,,,1,,1,,,47,47,1,6,4,120.607459,24.136481,3
4312,66000,387130000C,(04)23274275,(04)23288582,2025,1,10,22,17,臺中市,北屯區,0,1,0,7,1,6,50,13,7,1,5,4,6,6,4,4,5,4,4,2,13,2,9,1,1,C03,7,9,1,10,2,11,,7,7,1,6,4,120.69297,24.167899,2
4313,66000,387130000C,(04)23274275,(04)23288582,2025,1,10,22,19,臺中市,外埔區,0,1,0,7,1,6,40,13,8,1,5,4,6,6,4,4,5,4,4,1,18,2,9,1,1,C03,7,9,1,10,2,11,,59,59,1,6,4,120.63466,24.344444,2
4314,66000,387130000C,(04)23274275,(04)23288582,2025,1,10,22,29,臺中市,西屯區,0,0,0,6,,,50,,,,,,,,,,,,,,,,,,,B03,,,1,,1,,,40,40,1,13,4,120.643643,24.165818,3
4315,66000,387130000C,(04)23274275,(04)23288582,2025,1,10,22,40,臺中市,中區,0,1,0,7,1,6,50,5,1,1,5,4,6,6,1,1,10,5,5,1,17,3,10,5,4,B03,7,9,1,8,9,15,,84,84,1,12,4,120.681716,24.144595,2
4316,66000,387130000C,(04)23274275,(04)23288582,2025,1,10,22,41,臺中市,西屯區,0,0,0,7,,,40,,,,,,,,,,,,,,12,,,,,B02,,,1,,1,,,40,40,1,12,4,120.628944,24.162424,3
4317,66000,387130000C,(04)23274275,(04)23288582,2025,1,10,22,48,臺中市,南屯區,0,1,0,7,1,6,50,3,1,1,5,4,6,6,4,4,10,5,5,2,16,3,10,5,4,B03,7,5,1,8,2,6,,14,14,1,6,4,120.637583,24.150208,2
4318,66000,387130000C,(04)23274275,(04)23288582,2025,1,10,22,52,臺中市,南區,0,1,0,7,1,6,50,4,1,1,5,4,6,6,2,1,10,5,5,2,17,3,10,2,1,C03,7,1,1,10,2,14,,51,51,1,12,4,120.663903,24.116882,2
4319,66000,387130000C,(04)23274275,(04)23288582,2025,1,10,23,0,臺中市,北區,0,0,0,7,,,50,,,,,,,,,,,,,,12,,,,,B03,,,1,,1,,,40,40,1,12,4,120.685614,24.153033,3
4320,66000,387130000C,(04)23274275,(04)23288582,2025,1,10,23,8,臺中市,大里區,0,1,0,7,1,6,50,13,9,1,5,4,6,6,4,4,5,5,5,1,17,2,9,1,1,F03,7,9,7,21,8,11,,84,84,1,13,4,120.713434,24.086003,2
4321,66000,387130000C,(04)23274275,(04)23288582,2025,1,10,23,15,臺中市,太平區,0,4,0,5,1,6,50,3,1,1,4,4,6,6,3,1,10,5,5,2,16,2,7,1,1,C03,7,6,3,19,2,11,,24,24,1,6,4,120.722561,24.118976,2
4322,66000,387130000C,(04)23274275,(04)23288582,2025,1,10,23,17,臺中市,大里區,0,0,0,7,,,50,,,,,,,,,,,,,,13,,,,,B03,,,1,,2,,,7,7,1,6,4,120.695472,24.09677,3
4323,66000,387130000C,(04)23274275,(04)23288582,2025,1,10,23,27,臺中市,大甲區,0,0,0,7,,,50,,,,,,,,,,,,,,15,,,,,B03,,,1,,2,,,24,24,1,6,4,120.623484,24.344087,3
4324,66000,387130000C,(04)23274275,(04)23288582,2025,1,11,0,2,臺中市,西屯區,0,0,0,7,,,60,,,,,,,,,,,,,,,,,,,B01,,,1,,1,,,84,84,1,12,4,120.635359,24.182015,3
4325,66000,387130000C,(04)23274275,(04)23288582,2025,1,11,0,26,臺中市,大雅區,0,0,0,7,,,50,,,,,,,,,,,,,,15,,,,,B03,,,1,,1,,,20,20,1,13,4,120.668968,24.234884,3
4326,66000,387130000C,(04)23274275,(04)23288582,2025,1,11,0,26,臺中市,沙鹿區,0,0,0,7,,,40,,,,,,,,,,,,,,,,,,,B03,,,1,,2,,,50,50,1,12,4,120.56613,24.230496,3
4327,66000,387130000C,(04)23274275,(04)23288582,2025,1,11,0,30,臺中市,西屯區,0,0,0,7,,,40,,,,,,,,,,,,,,,,,,,C03,,,1,,1,,,7,7,1,12,4,120.634349,24.16382,3
4328,66000,387130000C,(04)23274275,(04)23288582,2025,1,11,0,38,臺中市,西屯區,0,0,0,7,,,50,,,,,,,,,,,,,,,,,,,C03,,,1,,2,,,7,7,1,5,4,120.646063,24.171866,3
4329,66000,387130000C,(04)23274275,(04)23288582,2025,1,11,0,50,臺中市,潭子區,0,0,0,7,,,50,,,,,,,,,,,,,,,,,,,B03,,,1,,3,,,59,59,1,12,4,120.690061,24.224983,3
4330,66000,387130000C,(04)23274275,(04)23288582,2025,1,11,0,58,臺中市,南區,0,1,0,7,1,6,50,4,1,1,5,4,6,6,2,1,3,2,4,2,17,3,10,3,1,B12,7,5,5,19,2,5,,11,11,1,12,4,120.675176,24.126498,2
4331,66000,387130000C,(04)23274275,(04)23288582,2025,1,11,1,23,臺中市,南屯區,0,0,0,5,,,50,,,,,,,,,,,,,,13,,,,,C03,,,1,,1,,,7,7,1,12,4,120.630085,24.165864,3
4332,66000,387130000C,(04)23274275,(04)23288582,2025,1,11,4,13,臺中市,大肚區,0,2,0,7,1,6,50,4,1,1,5,4,6,6,2,1,10,5,5,2,15,2,9,5,4,B03,7,9,3,19,4,8,,21,21,1,12,4,120.578924,24.168802,2
4333,66000,387130000C,(04)23274275,(04)23288582,2025,1,11,5,9,臺中市,沙鹿區,0,0,0,7,1,6,40,13,8,1,5,4,6,6,4,4,1,4,4,2,17,3,10,3,1,B03,7,9,1,8,5,1,,59,59,1,6,4,120.56738,24.22711,3
4334,66000,387130000C,(04)23274275,(04)23288582,2025,1,11,5,16,臺中市,西屯區,0,0,0,7,,,30,,,,,,,,,,,,,,,,,,,B03,,,1,,1,,,49,49,1,12,4,120.647782,24.183199,3
4335,66000,387130000C,(04)23274275,(04)23288582,2025,1,11,5,51,臺中市,東區,1,1,0,7,1,6,50,4,1,1,5,4,6,6,3,1,5,5,5,2,3,2,9,2,1,C03,7,9,1,10,2,11,,10,10,1,6,4,120.68874,24.1324,1
4336,66000,387130000C,(04)23274275,(04)23288582,2025,1,11,5,55,臺中市,大里區,0,1,0,7,1,6,30,4,1,1,5,4,6,6,3,1,1,5,4,1,17,3,10,3,1,B03,7,9,1,8,2,16,,84,84,1,6,4,120.668623,24.098449,2
4337,66000,387130000C,(04)23274275,(04)23288582,2025,1,11,5,58,臺中市,大雅區,0,1,0,7,1,6,70,3,2,1,5,4,6,6,1,1,1,5,4,1,17,3,10,3,1,B03,7,5,1,8,2,2,,11,11,1,13,4,120.643584,24.22818,2
4338,66000,387130000C,(04)23274275,(04)23288582,2025,1,11,5,59,臺中市,太平區,0,2,0,7,1,6,40,13,9,1,5,4,3,3,4,4,5,5,5,1,9,2,7,5,4,C03,7,9,1,10,2,11,,34,34,1,6,4,120.773173,24.102969,2
4339,66000,387130000C,(04)23274275,(04)23288582,2025,1,11,6,30,臺中市,霧峰區,0,1,0,7,2,6,50,13,9,1,5,4,6,6,4,4,5,5,5,2,18,2,9,2,1,C03,7,9,1,10,2,14,,84,84,1,6,4,120.659536,24.080955,2
4340,66000,387130000C,(04)23274275,(04)23288582,2025,1,11,6,32,臺中市,大里區,0,1,0,7,1,6,50,4,1,1,5,4,6,6,2,1,5,5,5,1,16,3,10,3,1,B03,7,5,1,8,2,2,,11,11,1,6,4,120.674623,24.103625,2
4341,66000,387130000C,(04)23274275,(04)23288582,2025,1,11,6,48,臺中市,北屯區,0,2,0,7,3,6,40,5,2,1,5,4,6,5,4,4,10,5,5,2,16,2,8,2,1,C03,7,6,1,10,2,14,,84,84,1,6,4,120.675511,24.178678,2
4342,66000,387130000C,(04)23274275,(04)23288582,2025,1,11,6,55,臺中市,太平區,0,1,0,7,2,6,50,13,9,1,5,4,6,6,4,4,5,4,5,2,17,3,10,3,1,B03,7,8,1,6,2,1,,39,39,1,12,4,120.711734,24.126266,2
4343,66000,387130000C,(04)23274275,(04)23288582,2025,1,11,6,56,臺中市,東區,0,0,0,7,,,50,,,,,,,,,,,,,,,,,,,B03,,,1,,2,,,84,84,1,12,4,120.705796,24.144294,3
4344,66000,387130000C,(04)23274275,(04)23288582,2025,1,11,7,1,臺中市,后里區,0,2,0,7,2,6,30,5,1,1,5,4,6,6,4,4,5,5,5,1,15,2,8,2,1,C03,7,9,1,10,2,11,,84,84,1,12,4,120.677453,24.313134,2
4345,66000,387130000C,(04)23274275,(04)23288582,2025,1,11,7,5,臺中市,西屯區,0,1,0,7,2,6,40,13,8,1,5,4,6,6,4,4,1,4,4,2,17,3,10,5,4,B03,7,1,1,2,2,2,,51,51,1,12,4,120.656721,24.20085,2
4346,66000,387130000C,(04)23274275,(04)23288582,2025,1,11,7,10,臺中市,清水區,0,0,0,7,,,,,,,,,,,,,,,,,,,,,,,,,,,,,,119,119,1,,,120.57446,24.270174,3
4347,66000,387130000C,(04)23274275,(04)23288582,2025,1,11,7,11,臺中市,潭子區,0,0,0,7,,,50,,,,,,,,,,,,,,12,,,,,B03,,,1,,1,,,50,50,1,13,4,120.706956,24.206924,3
4348,66000,387130000C,(04)23274275,(04)23288582,2025,1,11,7,22,臺中市,東勢區,0,0,0,7,,,,,,,,,,,,,,,,,30,,,,,,,,,,,,,119,119,1,,,120.830228,24.251493,3
4349,66000,387130000C,(04)23274275,(04)23288582,2025,1,11,7,25,臺中市,大甲區,0,2,0,7,2,6,30,4,1,1,5,4,6,6,3,1,5,5,5,1,15,2,9,1,1,F03,7,9,7,21,2,14,,24,24,1,12,4,120.649979,24.39449,2
4350,66000,387130000C,(04)23274275,(04)23288582,2025,1,11,7,26,臺中市,沙鹿區,0,1,0,7,2,6,50,11,9,1,5,4,6,6,4,4,5,5,5,2,18,2,9,2,1,C03,7,9,1,10,2,14,,59,59,1,5,4,120.584136,24.243498,2
4351,66000,387130000C,(04)23274275,(04)23288582,2025,1,11,7,33,臺中市,大里區,0,0,0,7,,,50,,,,,,,,,,,,,,16,,,,,C03,,,1,,2,,,11,11,1,12,4,120.671526,24.107902,3
4352,66000,387130000C,(04)23274275,(04)23288582,2025,1,11,7,45,臺中市,龍井區,0,2,0,7,3,6,50,4,1,1,5,4,6,6,1,1,10,5,5,1,17,2,8,2,1,C03,7,9,1,10,2,14,,21,21,1,13,4,120.52311,24.197105,2
4353,66000,387130000C,(04)23274275,(04)23288582,2025,1,11,7,46,臺中市,北區,0,2,0,7,2,6,50,13,8,1,5,4,6,6,4,4,3,4,4,2,17,2,8,3,1,B01,7,9,1,4,2,1,,59,59,1,12,4,120.674536,24.163725,2
4354,66000,387130000C,(04)23274275,(04)23288582,2025,1,11,7,47,臺中市,潭子區,0,2,0,7,2,6,50,4,1,1,5,4,3,3,4,4,10,5,5,2,16,2,9,2,1,C03,7,9,1,10,2,11,,4,4,1,12,4,120.706767,24.2104,2
4355,66000,387130000C,(04)23274275,(04)23288582,2025,1,11,7,47,臺中市,東區,0,1,0,7,3,6,50,4,20,1,5,4,6,6,4,4,10,5,5,2,2,3,10,3,1,B03,7,9,1,7,2,1,,84,84,1,13,4,120.695509,24.146319,2
4356,66000,387130000C,(04)23274275,(04)23288582,2025,1,11,7,55,臺中市,沙鹿區,0,0,0,7,,,50,,,,,,,,,,,,,,,,,,,B03,,,1,,2,,,51,51,1,13,4,120.55462,24.225649,3
4357,66000,387130000C,(04)23274275,(04)23288582,2025,1,11,8,0,臺中市,清水區,0,0,0,7,,,30,,,,,,,,,,,,,,14,,,,,B03,,,1,,1,,,49,49,1,12,4,120.548957,24.283084,3
4358,66000,387130000C,(04)23274275,(04)23288582,2025,1,11,8,2,臺中市,西區,0,2,0,7,2,6,50,3,19,1,5,4,6,6,1,1,3,5,1,2,9,2,9,1,1,C03,7,9,3,19,2,11,,21,21,1,12,4,120.667889,24.152592,2
4359,66000,387130000C,(04)23274275,(04)23288582,2025,1,11,8,2,臺中市,東區,0,1,0,7,2,6,50,3,1,1,5,4,6,6,4,4,10,5,5,2,16,2,6,1,1,C03,7,6,3,19,2,11,,14,14,1,12,4,120.692432,24.140709,2
4360,66000,387130000C,(04)23274275,(04)23288582,2025,1,11,8,2,臺中市,烏日區,0,3,0,7,3,9,50,4,1,1,5,4,6,6,1,1,10,5,5,2,16,2,9,1,1,C03,7,4,1,10,2,11,,20,20,1,6,4,120.64545,24.057853,2
4361,66000,387130000C,(04)23274275,(04)23288582,2025,1,11,8,3,臺中市,太平區,0,1,0,7,2,6,50,13,9,1,5,4,6,6,4,4,5,3,5,2,13,3,10,2,1,C03,7,9,3,19,2,11,,7,7,1,12,4,120.724278,24.149542,2
4362,66000,387130000C,(04)23274275,(04)23288582,2025,1,11,8,10,臺中市,西屯區,0,0,0,7,,,40,,,,,,,,,,,,,,17,,,,,A12,,,1,,2,,,85,85,1,13,4,120.604606,24.183527,3
4363,66000,387130000C,(04)23274275,(04)23288582,2025,1,11,8,20,臺中市,大里區,0,1,0,7,3,6,30,11,9,1,5,4,6,6,4,4,10,5,5,2,10,2,8,2,1,C03,7,9,1,10,7,11,,84,84,1,6,4,120.682753,24.097509,2
4364,66000,387130000C,(04)23274275,(04)23288582,2025,1,11,8,21,臺中市,中區,0,1,0,7,2,6,50,13,9,1,5,4,6,6,4,4,5,4,5,2,13,3,10,1,1,C03,7,9,1,10,2,11,,84,84,1,6,4,120.682438,24.140525,2
4365,66000,387130000C,(04)23274275,(04)23288582,2025,1,11,8,28,臺中市,北區,0,1,0,7,1,6,50,5,1,1,5,4,6,6,1,1,1,4,5,2,16,3,10,3,1,B01,7,5,1,4,2,6,,47,47,1,12,4,120.676179,24.158277,2
4366,66000,387130000C,(04)23274275,(04)23288582,2025,1,11,8,34,臺中市,中區,0,1,0,7,1,6,50,4,2,1,5,4,6,6,1,1,10,5,5,2,17,2,9,5,4,C03,7,9,1,8,2,11,,7,7,1,12,4,120.6684,24.153074,2
4367,66000,387130000C,(04)23274275,(04)23288582,2025,1,11,8,38,臺中市,霧峰區,0,1,0,7,2,6,50,4,2,1,5,4,6,6,1,1,5,5,4,1,16,2,9,5,4,C03,7,1,1,10,2,12,,51,51,1,12,4,120.696141,24.065481,2