序號,縣市別代碼,機關代碼,市話,傳真,年,月,日,時,分,縣市,區,死亡數量,受傷數量,2-30,天候,道路照明設備,道路類別,道路速限,道路型態,事故位置,路面鋪裝,路面狀態,路面缺陷,障礙物,視距,號誌種類,號誌動作,分向設施,快車道或一般車道間,快慢車道間,路面邊線,事故類型及型態,受傷程度,主要傷處,保護裝備,行動電話或功能裝置,當事者區分(類別),車輛用途,當事者行動狀態,駕照狀態,駕照種類,飲酒情形,車輛撞擊部位最初,車輛撞擊部位其他,肇事因素個別,肇事因素主要,肇事逃逸,職業,共享經濟或外送平台,GPS座標X,GPS座標Y,事故類別
4478,66000,387130000C,(04)23274275,(04)23288582,2025,1,11,12,14,臺中市,北屯區,0,0,0,7,,,50,,,,,,,,,,,,,,,,,,,B03,,,1,,1,,,84,84,1,12,4,120.690638,24.178806,3
4479,66000,387130000C,(04)23274275,(04)23288582,2025,1,11,12,15,臺中市,北屯區,0,1,0,7,3,6,50,4,2,1,5,4,6,6,1,1,5,5,5,2,12,3,10,3,1,B03,7,1,1,8,2,8,,51,51,1,12,4,120.687603,24.186889,2
4480,66000,387130000C,(04)23274275,(04)23288582,2025,1,11,12,16,臺中市,大甲區,0,0,0,7,,,50,,,,,,,,,,,,,,,,,,,B03,,,1,,2,,,59,59,1,6,4,120.618888,24.351278,3
4481,66000,387130000C,(04)23274275,(04)23288582,2025,1,11,12,17,臺中市,太平區,0,2,0,7,2,6,50,13,24,1,5,4,6,6,4,4,5,5,4,1,14,3,10,3,1,B03,7,2,1,8,2,6,,49,49,1,12,4,120.727277,24.149803,2
4482,66000,387130000C,(04)23274275,(04)23288582,2025,1,11,12,18,臺中市,霧峰區,0,1,0,7,2,6,50,3,1,1,5,4,6,6,1,1,5,5,5,2,13,3,10,5,4,B03,7,15,1,8,2,1,,56,56,1,12,4,120.710311,24.074169,2
4483,66000,387130000C,(04)23274275,(04)23288582,2025,1,11,12,18,臺中市,神岡區,0,1,0,7,2,6,50,3,1,1,5,4,6,6,1,1,10,5,5,2,12,3,10,5,4,B03,7,5,1,8,2,2,,8,8,1,12,4,120.664376,24.257957,2
4484,66000,387130000C,(04)23274275,(04)23288582,2025,1,11,12,19,臺中市,北區,0,0,0,7,,,50,,,,,,,,,,,,,,17,,,,,B01,,,1,,2,,,39,39,1,13,4,120.674023,24.165313,3
4485,66000,387130000C,(04)23274275,(04)23288582,2025,1,11,12,23,臺中市,西區,0,1,0,7,1,6,50,13,9,1,5,4,6,6,1,1,5,4,4,2,13,2,9,5,4,C03,7,9,1,10,2,11,,7,7,1,12,4,120.677239,24.140175,2
4486,66000,387130000C,(04)23274275,(04)23288582,2025,1,11,12,23,臺中市,太平區,0,1,0,7,2,6,50,4,1,1,5,4,6,6,1,1,10,5,5,2,16,3,10,3,1,B03,7,6,1,8,2,8,,11,11,1,12,4,120.714693,24.141452,2
4487,66000,387130000C,(04)23274275,(04)23288582,2025,1,11,12,24,臺中市,大雅區,0,0,0,6,,,0,,,,,,,,,,,,,,16,,,,,B03,,,1,,1,,,39,39,1,12,4,120.646567,24.2293,3
4488,66000,387130000C,(04)23274275,(04)23288582,2025,1,11,12,24,臺中市,霧峰區,0,2,0,7,2,6,50,4,1,1,5,4,6,6,4,4,10,5,5,2,17,2,9,1,1,C03,7,11,1,10,2,11,,46,46,1,6,4,120.69926,24.070429,2
4489,66000,387130000C,(04)23274275,(04)23288582,2025,1,11,12,25,臺中市,梧棲區,0,0,0,7,,,30,,,,,,,,,,,,,,14,,,,,B03,,,1,,2,,,49,49,1,6,4,120.553965,24.256858,3
4490,66000,387130000C,(04)23274275,(04)23288582,2025,1,11,12,27,臺中市,北屯區,0,0,0,7,,,80,,,,,,,,,,,,,,,,,,,B03,,,1,,1,,,40,40,1,6,4,120.72078,24.169097,3
4491,66000,387130000C,(04)23274275,(04)23288582,2025,1,11,12,28,臺中市,太平區,0,0,0,6,,,50,,,,,,,,,,,,,,,,,,,B03,,,1,,1,,,84,84,1,12,4,120.711076,24.152324,3
4492,66000,387130000C,(04)23274275,(04)23288582,2025,1,11,12,29,臺中市,北區,0,0,0,7,,,50,,,,,,,,,,,,,,17,,,,,B03,,,1,,1,,,40,40,1,13,4,120.684864,24.161696,3
4493,66000,387130000C,(04)23274275,(04)23288582,2025,1,11,12,35,臺中市,南區,0,0,0,7,,,50,,,,,,,,,,,,,,,,,,,B03,,,3,,2,,,7,7,1,13,4,120.682918,24.134425,3
4494,66000,387130000C,(04)23274275,(04)23288582,2025,1,11,12,37,臺中市,南區,0,0,0,7,,,50,,,,,,,,,,,,,,12,,,,,C03,,,1,,1,,,84,84,1,13,4,120.662812,24.120262,3
4495,66000,387130000C,(04)23274275,(04)23288582,2025,1,11,12,40,臺中市,大肚區,0,0,0,7,,,50,,,,,,,,,,,,,,,,,,,B03,,,1,,2,,,49,49,1,12,4,120.543836,24.151392,3
4496,66000,387130000C,(04)23274275,(04)23288582,2025,1,11,12,43,臺中市,龍井區,0,1,0,7,3,6,50,5,1,1,5,4,6,6,1,1,10,5,5,2,17,3,10,2,1,C01,7,6,1,9,2,14,,65,65,1,13,4,120.547406,24.209172,2
4497,66000,387130000C,(04)23274275,(04)23288582,2025,1,11,12,47,臺中市,西屯區,0,1,0,7,1,6,50,3,1,1,5,4,6,6,4,4,1,4,5,1,16,3,10,3,1,B03,7,5,1,8,2,2,,47,47,1,12,4,120.650184,24.163894,2
4498,66000,387130000C,(04)23274275,(04)23288582,2025,1,11,12,48,臺中市,西屯區,0,1,0,7,2,6,50,5,2,1,5,4,6,6,1,1,10,5,5,2,13,3,10,1,1,C03,7,9,1,10,2,11,,7,7,1,12,4,120.636622,24.171405,2
4499,66000,387130000C,(04)23274275,(04)23288582,2025,1,11,12,52,臺中市,東區,0,0,0,7,,,50,,,,,,,,,,,,,,,,,,,C03,,,1,,1,,,7,7,1,12,4,120.688702,24.135233,3
4500,66000,387130000C,(04)23274275,(04)23288582,2025,1,11,12,52,臺中市,西屯區,0,0,0,7,,,50,,,,,,,,,,,,,,16,,,,,C03,,,1,,1,,,11,11,1,12,4,120.646821,24.155634,3
4501,66000,387130000C,(04)23274275,(04)23288582,2025,1,11,12,55,臺中市,北區,0,1,0,7,2,6,30,4,1,1,5,4,6,6,4,4,10,5,5,2,15,2,7,1,1,C03,7,9,1,10,2,11,,15,15,1,12,4,120.683602,24.14677,2
4502,66000,387130000C,(04)23274275,(04)23288582,2025,1,11,13,2,臺中市,西屯區,0,0,0,7,,,50,,,,,,,,,,,,,,9,,,,,,,,,,,,,87,87,1,,,120.616708,24.175922,3
4503,66000,387130000C,(04)23274275,(04)23288582,2025,1,11,13,3,臺中市,南屯區,0,2,0,7,2,6,50,3,1,1,5,4,6,6,4,4,1,4,5,2,16,3,10,3,1,B03,7,5,1,8,2,2,,84,84,1,13,4,120.646643,24.147762,2
4504,66000,387130000C,(04)23274275,(04)23288582,2025,1,11,13,11,臺中市,南屯區,0,1,0,7,2,6,40,13,8,1,5,4,6,6,4,4,5,5,4,2,17,2,9,2,1,C03,7,9,1,10,2,11,,59,59,1,12,4,120.615004,24.147136,2
4505,66000,387130000C,(04)23274275,(04)23288582,2025,1,11,13,15,臺中市,清水區,0,1,0,7,3,6,50,4,1,1,5,4,6,6,4,4,5,5,4,2,17,3,10,3,1,B03,7,9,1,8,2,8,,12,12,1,12,4,120.577786,24.271173,2
4506,66000,387130000C,(04)23274275,(04)23288582,2025,1,11,13,18,臺中市,潭子區,0,0,0,7,,,30,,,,,,,,,,,,,,,,,,,B02,,,1,,11,,,8,8,1,12,4,120.706828,24.229258,3
4507,66000,387130000C,(04)23274275,(04)23288582,2025,1,11,13,18,臺中市,西屯區,0,0,0,7,,,50,,,,,,,,,,,,,,15,,,,,B03,,,1,,1,,,12,12,1,13,4,120.652089,24.191177,3
4508,66000,387130000C,(04)23274275,(04)23288582,2025,1,11,13,23,臺中市,豐原區,0,1,0,7,2,6,50,13,9,1,5,4,6,6,4,4,9,5,5,1,16,3,10,5,4,B03,7,11,1,8,2,7,,20,20,1,13,4,120.712915,24.249847,2
4509,66000,387130000C,(04)23274275,(04)23288582,2025,1,11,13,27,臺中市,太平區,0,1,0,7,2,6,50,11,9,1,5,4,6,6,4,4,5,5,5,1,18,2,9,1,1,C03,7,6,1,10,9,12,,84,84,1,12,4,120.808065,24.095749,2
4510,66000,387130000C,(04)23274275,(04)23288582,2025,1,11,13,28,臺中市,霧峰區,0,1,0,7,2,6,50,5,1,1,5,4,6,6,1,1,10,5,5,2,16,3,10,5,4,A11,7,5,1,4,2,5,,11,11,1,12,4,120.696858,24.026028,2
4511,66000,387130000C,(04)23274275,(04)23288582,2025,1,11,13,30,臺中市,東區,0,0,0,7,1,6,50,13,7,1,5,4,6,6,4,4,1,4,5,2,17,3,10,3,1,B03,7,9,1,8,1,1,,84,84,1,12,4,120.710533,24.142612,3
4512,66000,387130000C,(04)23274275,(04)23288582,2025,1,11,13,30,臺中市,大里區,0,1,0,7,2,6,50,4,1,1,5,4,6,6,1,1,10,5,5,1,16,3,10,1,1,C03,7,6,1,10,2,14,,11,11,1,12,4,120.687242,24.095523,2
4513,66000,387130000C,(04)23274275,(04)23288582,2025,1,11,13,30,臺中市,龍井區,0,2,0,7,3,6,30,4,1,1,5,4,6,6,4,4,10,5,5,1,17,2,3,3,1,B03,7,9,1,8,2,7,,12,12,1,13,4,120.533363,24.211652,2
4514,66000,387130000C,(04)23274275,(04)23288582,2025,1,11,13,33,臺中市,西屯區,0,0,0,7,,,50,,,,,,,,,,,,,,17,,,,,B03,,,1,,2,,,8,8,1,12,4,120.608483,24.186963,3
4515,66000,387130000C,(04)23274275,(04)23288582,2025,1,11,13,34,臺中市,霧峰區,0,0,0,7,,,50,,,,,,,,,,,,,,,,,,,B03,,,1,,2,,,59,59,1,6,4,120.709304,24.074056,3
4516,66000,387130000C,(04)23274275,(04)23288582,2025,1,11,13,35,臺中市,沙鹿區,0,0,0,7,,,50,,,,,,,,,,,,,,17,,,,,B03,,,1,,2,,,91,91,1,12,4,120.563612,24.206084,3
4517,66000,387130000C,(04)23274275,(04)23288582,2025,1,11,13,41,臺中市,南區,0,1,0,7,2,6,50,5,1,1,5,4,6,6,2,1,10,5,5,2,16,3,10,3,1,B03,7,5,1,8,2,5,,11,11,1,12,4,120.660243,24.124404,2
4518,66000,387130000C,(04)23274275,(04)23288582,2025,1,11,13,46,臺中市,太平區,0,2,0,6,2,6,50,4,1,1,5,4,6,6,4,4,10,5,5,2,16,2,8,2,1,C03,7,15,1,10,2,12,,34,34,1,12,4,120.725413,24.141958,2
4519,66000,387130000C,(04)23274275,(04)23288582,2025,1,11,13,51,臺中市,大里區,0,1,0,7,3,6,50,4,2,1,5,4,6,6,1,1,5,5,5,1,13,3,10,1,1,C02,7,9,3,19,2,11,,7,7,1,13,4,120.701637,24.110793,2
4520,66000,387130000C,(04)23274275,(04)23288582,2025,1,11,13,53,臺中市,大里區,0,0,0,7,,,50,,,,,,,,,,,,,,13,,,,,C03,,,1,,1,,,7,7,1,12,4,120.681082,24.104827,3
4521,66000,387130000C,(04)23274275,(04)23288582,2025,1,11,14,4,臺中市,大里區,0,0,0,7,,,50,,,,,,,,,,,,,,15,,,,,B03,,,1,,1,,,13,13,1,12,4,120.688116,24.086029,3
4522,66000,387130000C,(04)23274275,(04)23288582,2025,1,11,14,9,臺中市,南屯區,0,0,0,7,3,6,40,13,7,1,5,4,6,6,4,4,9,5,4,2,12,,,,,B03,,,1,,2,,,8,8,1,12,4,120.63258,24.127408,3
4523,66000,387130000C,(04)23274275,(04)23288582,2025,1,11,14,10,臺中市,沙鹿區,0,1,0,7,2,6,50,13,9,1,5,4,6,6,4,4,5,4,5,1,17,2,7,1,1,C03,7,9,1,10,2,14,,84,84,1,12,4,120.565152,24.243204,2
4524,66000,387130000C,(04)23274275,(04)23288582,2025,1,11,14,13,臺中市,西區,0,0,0,7,,,50,,,,,,,,,,,,,,,,,,,B03,,,1,,1,,,8,8,1,12,4,120.661488,24.154493,3
4525,66000,387130000C,(04)23274275,(04)23288582,2025,1,11,14,15,臺中市,南屯區,0,0,0,7,,,50,,,,,,,,,,,,,,17,,,,,B03,,,1,,1,,,49,49,1,12,4,120.650055,24.132029,3
4526,66000,387130000C,(04)23274275,(04)23288582,2025,1,11,14,17,臺中市,西屯區,0,0,0,7,,,40,,,,,,,,,,,,,,13,,,,,B03,,,1,,2,,,82,82,1,12,4,120.633805,24.161835,3
4527,66000,387130000C,(04)23274275,(04)23288582,2025,1,11,14,19,臺中市,南屯區,0,0,0,7,,,50,,,,,,,,,,,,,,12,,,,,C03,,,1,,1,,,84,84,1,13,4,120.646856,24.151119,3
4528,66000,387130000C,(04)23274275,(04)23288582,2025,1,11,14,27,臺中市,西區,0,0,0,7,,,50,,,,,,,,,,,,,,,,,,,B03,,,1,,1,,,84,84,1,12,4,120.665898,24.135023,3
4529,66000,387130000C,(04)23274275,(04)23288582,2025,1,11,14,30,臺中市,南屯區,0,0,0,7,,,60,,,,,,,,,,,,,,,,,,,A31,,,1,,2,,,40,40,1,6,4,120.636299,24.120502,3
4530,66000,387130000C,(04)23274275,(04)23288582,2025,1,11,14,31,臺中市,烏日區,0,0,0,7,,,50,,,,,,,,,,,,,,,,,,,A42,,,1,,1,,,40,40,1,13,4,120.618581,24.116064,3
4531,66000,387130000C,(04)23274275,(04)23288582,2025,1,11,14,33,臺中市,北區,0,2,0,7,3,6,50,4,9,1,5,4,6,6,4,4,5,4,4,2,12,2,9,5,4,B03,7,1,1,8,2,1,,51,51,1,13,4,120.671239,24.155879,2
4532,66000,387130000C,(04)23274275,(04)23288582,2025,1,11,14,33,臺中市,北屯區,0,0,0,7,,,40,,,,,,,,,,,,,,13,,,,,B03,,,1,,1,,,7,7,1,12,4,120.719482,24.163433,3
4533,66000,387130000C,(04)23274275,(04)23288582,2025,1,11,14,33,臺中市,豐原區,0,0,0,7,,,30,,,,,,,,,,,,,,,,,,,C03,,,1,,2,,,41,41,1,13,4,120.724061,24.251918,3
4534,66000,387130000C,(04)23274275,(04)23288582,2025,1,11,14,37,臺中市,南屯區,0,1,0,7,2,6,50,4,1,1,5,4,6,6,2,1,1,4,5,2,15,3,10,2,1,C03,7,9,3,19,2,12,,21,21,1,13,4,120.646658,24.148843,2
4535,66000,387130000C,(04)23274275,(04)23288582,2025,1,11,14,43,臺中市,南區,0,1,0,7,2,6,50,3,1,1,5,4,6,6,4,4,1,4,5,2,17,3,10,2,1,C03,7,9,1,10,2,13,,68,68,1,6,4,120.662918,24.120175,2
4536,66000,387130000C,(04)23274275,(04)23288582,2025,1,11,14,43,臺中市,東區,0,0,0,7,,,50,,,,,,,,,,,,,,,,,,,B03,,,1,,1,,,84,84,1,13,4,120.688484,24.135263,3
4537,66000,387130000C,(04)23274275,(04)23288582,2025,1,11,14,43,臺中市,大里區,0,2,0,7,2,6,60,13,7,1,5,4,6,6,4,4,1,4,4,1,16,3,10,3,1,B03,7,5,1,8,2,2,,47,47,1,12,4,120.686989,24.102115,2
4538,66000,387130000C,(04)23274275,(04)23288582,2025,1,11,14,47,臺中市,龍井區,0,1,0,7,2,6,30,13,9,2,5,4,6,6,4,4,10,5,5,2,18,2,9,2,1,C03,7,9,1,10,2,12,,59,59,1,6,4,120.58179,24.191838,2
4539,66000,387130000C,(04)23274275,(04)23288582,2025,1,11,14,49,臺中市,西屯區,0,0,0,7,,,40,,,,,,,,,,,,,,13,,,,,B03,,,1,,1,,,59,59,1,12,4,120.635827,24.181777,3
4540,66000,387130000C,(04)23274275,(04)23288582,2025,1,11,14,51,臺中市,北屯區,0,0,0,7,,,50,,,,,,,,,,,,,,14,,,,,B03,,,1,,1,,,49,49,1,13,4,120.681382,24.199216,3
4541,66000,387130000C,(04)23274275,(04)23288582,2025,1,11,14,56,臺中市,北區,0,1,0,7,2,6,50,13,9,1,5,4,6,6,4,4,5,4,5,2,17,2,9,5,1,C03,7,9,1,10,2,11,,7,7,1,13,4,120.685233,24.158728,2
4542,66000,387130000C,(04)23274275,(04)23288582,2025,1,11,14,58,臺中市,北屯區,0,0,0,7,,,50,,,,,,,,,,,,,,,,,,,B03,,,1,,1,,,7,7,1,13,4,120.703899,24.180089,3
4543,66000,387130000C,(04)23274275,(04)23288582,2025,1,11,14,58,臺中市,神岡區,0,2,0,7,2,6,30,13,9,1,5,4,6,6,4,4,10,5,5,1,10,2,9,1,1,C03,7,9,1,10,2,11,,41,41,1,12,4,120.641563,24.243891,2
4544,66000,387130000C,(04)23274275,(04)23288582,2025,1,11,15,7,臺中市,西屯區,0,0,0,7,,,1,,,,,,,,,,,,,,14,,,,,B03,,,1,,1,,,49,49,1,12,4,120.633223,24.165161,3
4545,66000,387130000C,(04)23274275,(04)23288582,2025,1,11,15,14,臺中市,大里區,0,1,0,6,2,6,50,13,8,1,5,4,6,6,3,1,3,4,4,2,17,3,10,3,1,B03,7,5,1,8,2,5,,20,20,1,13,4,120.690192,24.075802,2
4546,66000,387130000C,(04)23274275,(04)23288582,2025,1,11,15,17,臺中市,清水區,0,1,0,7,2,6,70,13,7,1,5,4,6,6,2,1,1,4,4,1,23,2,8,3,1,B12,7,6,1,8,2,1,,55,55,1,6,4,120.572679,24.276355,2
4547,66000,387130000C,(04)23274275,(04)23288582,2025,1,11,15,19,臺中市,西屯區,0,0,0,7,,,30,,,,,,,,,,,,,,16,,,,,B03,,,1,,1,,,14,14,1,12,4,120.64867,24.201513,3
4548,66000,387130000C,(04)23274275,(04)23288582,2025,1,11,15,21,臺中市,北屯區,0,0,0,7,,,50,,,,,,,,,,,,,,13,,,,,B03,,,1,,1,,,84,84,1,6,4,120.685754,24.177007,3
4549,66000,387130000C,(04)23274275,(04)23288582,2025,1,11,15,22,臺中市,大甲區,0,0,0,7,,,50,,,,,,,,,,,,,,16,,,,,B03,,,4,,1,,,51,51,1,6,4,120.628319,24.344979,3
4550,66000,387130000C,(04)23274275,(04)23288582,2025,1,11,15,30,臺中市,潭子區,0,0,0,7,,,30,,,,,,,,,,,,,,,,,,,B03,,,1,,2,,,49,49,1,12,4,120.709174,24.22903,3
4551,66000,387130000C,(04)23274275,(04)23288582,2025,1,11,15,30,臺中市,北屯區,0,0,0,7,,,40,,,,,,,,,,,,,,,,,,,B03,,,1,,2,,,84,84,1,13,4,120.725511,24.177384,3
4552,66000,387130000C,(04)23274275,(04)23288582,2025,1,11,15,33,臺中市,西屯區,0,0,0,7,,,30,,,,,,,,,,,,,,15,,,,,B03,,,1,,2,,,15,15,1,12,4,120.61672,24.189862,3
4553,66000,387130000C,(04)23274275,(04)23288582,2025,1,11,15,36,臺中市,北屯區,0,0,0,7,,,50,,,,,,,,,,,,,,13,,,,,B03,,,1,,1,,,84,84,1,6,4,120.685361,24.17355,3
4554,66000,387130000C,(04)23274275,(04)23288582,2025,1,11,15,37,臺中市,新社區,0,1,0,7,2,6,50,3,2,1,5,4,6,6,3,1,5,5,5,1,16,2,9,1,4,C03,7,9,1,10,2,11,,1,1,1,13,4,120.812202,24.24114,2
4555,66000,387130000C,(04)23274275,(04)23288582,2025,1,11,15,39,臺中市,南區,0,0,0,7,,,50,,,,,,,,,,,,,,13,,,,,C03,,,1,,2,,,7,7,1,12,4,120.647934,24.119206,3
4556,66000,387130000C,(04)23274275,(04)23288582,2025,1,11,15,40,臺中市,北屯區,0,3,0,7,3,6,50,4,1,1,5,4,6,6,4,4,10,5,5,2,15,2,9,2,1,C03,7,9,3,19,2,11,,12,12,1,12,4,120.701175,24.18522,2
4557,66000,387130000C,(04)23274275,(04)23288582,2025,1,11,15,43,臺中市,西屯區,0,0,0,7,,,50,,,,,,,,,,,,,,17,,,,,B03,,,1,,1,,,59,59,1,13,4,120.652808,24.160021,3
4558,66000,387130000C,(04)23274275,(04)23288582,2025,1,11,15,44,臺中市,豐原區,0,0,0,7,,,60,,,,,,,,,,,,,,17,,,,,,,,,,,,,86,86,1,,,120.723727,24.23628,4
4559,66000,387130000C,(04)23274275,(04)23288582,2025,1,11,15,45,臺中市,北區,0,2,0,7,2,6,50,4,1,1,5,4,6,6,1,1,10,5,5,2,17,2,9,5,4,C03,7,15,1,10,2,12,,42,42,1,13,4,120.682438,24.163229,2
4560,66000,387130000C,(04)23274275,(04)23288582,2025,1,11,15,45,臺中市,南屯區,0,2,0,7,2,6,50,4,1,1,5,4,6,6,1,1,10,5,5,2,17,2,9,2,1,C03,7,9,1,10,2,11,,7,7,1,12,4,120.646802,24.146809,2
4561,66000,387130000C,(04)23274275,(04)23288582,2025,1,11,15,45,臺中市,南屯區,0,1,0,7,3,6,50,13,9,1,5,4,6,6,4,4,9,5,4,2,12,3,10,3,1,B03,7,11,1,8,2,4,,45,45,1,12,4,120.637625,24.143453,2
4562,66000,387130000C,(04)23274275,(04)23288582,2025,1,11,15,46,臺中市,西區,0,2,0,7,2,6,50,3,1,1,5,4,6,6,1,1,10,5,5,2,16,3,10,3,1,B03,7,5,1,8,2,6,,20,20,1,12,4,120.665277,24.145524,2
4563,66000,387130000C,(04)23274275,(04)23288582,2025,1,11,15,49,臺中市,東區,0,2,0,7,3,6,1,4,1,1,5,4,6,6,4,4,10,5,5,2,16,2,9,5,4,C03,7,6,1,10,2,15,,14,14,1,12,4,120.699169,24.142675,2
4564,66000,387130000C,(04)23274275,(04)23288582,2025,1,11,15,50,臺中市,西區,0,0,0,7,,,30,,,,,,,,,,,,,,,,,,,B03,,,1,,2,,,84,84,1,6,4,120.663096,24.136554,3
4565,66000,387130000C,(04)23274275,(04)23288582,2025,1,11,15,50,臺中市,北屯區,0,0,0,7,,,50,,,,,,,,,,,,,,13,,,,,B03,,,1,,2,,,7,7,1,12,4,120.704663,24.187149,3
4566,66000,387130000C,(04)23274275,(04)23288582,2025,1,11,15,55,臺中市,北區,0,0,0,7,,,50,,,,,,,,,,,,,,17,,,,,B03,,,1,,2,,,84,84,1,13,4,120.693947,24.157559,3
4567,66000,387130000C,(04)23274275,(04)23288582,2025,1,11,15,55,臺中市,南區,0,0,0,7,,,50,,,,,,,,,,,,,,17,,,,,A11,,,1,,1,,,82,82,1,13,4,120.662028,24.12876,3
4568,66000,387130000C,(04)23274275,(04)23288582,2025,1,11,15,56,臺中市,太平區,0,1,0,7,2,6,50,3,1,1,5,4,6,6,4,4,10,5,5,1,16,3,10,3,1,B03,7,6,1,8,2,5,,12,12,1,12,4,120.725966,24.134768,2
4569,66000,387130000C,(04)23274275,(04)23288582,2025,1,11,16,0,臺中市,北區,0,0,0,7,,,50,,,,,,,,,,,,,,16,,,,,C03,,,6,,2,,,85,85,1,13,4,120.686354,24.152437,4
4570,66000,387130000C,(04)23274275,(04)23288582,2025,1,11,16,0,臺中市,東區,0,0,0,7,,,50,,,,,,,,,,,,,,12,,,,,B12,,,1,,1,,,84,84,1,13,4,120.688122,24.138687,3
4571,66000,387130000C,(04)23274275,(04)23288582,2025,1,11,16,3,臺中市,太平區,0,1,0,7,3,6,50,13,9,1,5,4,6,6,4,4,5,4,4,2,16,3,10,3,1,B03,7,11,1,8,2,8,,39,39,1,12,4,120.7062,24.157673,2
4572,66000,387130000C,(04)23274275,(04)23288582,2025,1,11,16,5,臺中市,西屯區,0,1,0,7,2,6,40,4,1,1,5,4,6,6,1,1,10,5,5,2,17,2,9,5,4,C03,7,15,1,10,2,11,,40,40,1,13,4,120.655911,24.158976,2
4573,66000,387130000C,(04)23274275,(04)23288582,2025,1,11,16,6,臺中市,西屯區,0,0,0,7,,,50,,,,,,,,,,,,,,13,,,,,B03,,,1,,1,,,59,59,1,12,4,120.619102,24.187457,3
4574,66000,387130000C,(04)23274275,(04)23288582,2025,1,11,16,10,臺中市,北區,0,0,0,7,,,50,,,,,,,,,,,,,,12,,,,,B03,,,1,,1,,,20,20,1,13,4,120.682802,24.148432,3
4575,66000,387130000C,(04)23274275,(04)23288582,2025,1,11,16,13,臺中市,梧棲區,0,0,0,7,,,70,,,,,,,,,,,,,,13,,,,,B03,,,1,,1,,,7,7,1,12,4,120.538054,24.249106,3
4576,66000,387130000C,(04)23274275,(04)23288582,2025,1,11,16,14,臺中市,大甲區,0,2,0,7,3,6,70,13,8,1,5,4,6,6,4,4,1,4,4,1,12,2,9,1,1,C03,7,9,1,10,2,11,,84,84,1,6,4,120.615238,24.334125,2
4577,66000,387130000C,(04)23274275,(04)23288582,2025,1,11,16,16,臺中市,石岡區,0,0,0,7,,,70,,,,,,,,,,,,,,12,,,,,B03,,,1,,2,,,84,84,1,13,4,120.764536,24.277021,3
4578,66000,387130000C,(04)23274275,(04)23288582,2025,1,11,16,20,臺中市,南屯區,0,0,0,7,,,50,,,,,,,,,,,,,,17,,,,,B03,,,1,,1,,,45,45,1,12,4,120.634686,24.154499,3
4579,66000,387130000C,(04)23274275,(04)23288582,2025,1,11,16,20,臺中市,北屯區,0,2,0,7,2,6,50,3,1,1,5,4,6,6,4,4,10,5,5,2,16,3,10,3,1,B03,7,5,1,8,2,5,,11,11,1,6,4,120.667896,24.179111,2
4580,66000,387130000C,(04)23274275,(04)23288582,2025,1,11,16,20,臺中市,沙鹿區,0,0,0,7,,,50,,,,,,,,,,,,,,12,,,,,B03,,,1,,2,,,8,8,1,13,4,120.561864,24.242513,3
4581,66000,387130000C,(04)23274275,(04)23288582,2025,1,11,16,24,臺中市,西屯區,0,1,0,7,2,6,50,13,9,1,5,4,6,6,4,4,5,5,5,2,13,3,10,3,1,B03,7,9,1,8,2,1,,84,84,1,12,4,120.661426,24.166637,2
4582,66000,387130000C,(04)23274275,(04)23288582,2025,1,11,16,24,臺中市,西屯區,0,0,0,7,,,50,,,,,,,,,,,,,,12,,,,,B03,,,1,,1,,,85,85,1,12,4,120.662517,24.200756,3
4583,66000,387130000C,(04)23274275,(04)23288582,2025,1,11,16,27,臺中市,西區,0,1,0,6,2,6,50,5,1,1,5,4,6,6,1,1,10,5,5,2,16,2,9,2,1,C03,7,9,1,10,2,12,,84,84,1,12,4,120.672156,24.151222,2
4584,66000,387130000C,(04)23274275,(04)23288582,2025,1,11,16,32,臺中市,西區,0,0,0,7,,,50,,,,,,,,,,,,,,,,,,,B03,,,1,,1,,,84,84,1,12,4,120.670353,24.143268,3
4585,66000,387130000C,(04)23274275,(04)23288582,2025,1,11,16,36,臺中市,西區,0,2,0,7,3,6,50,4,2,1,5,4,6,6,1,1,5,4,5,2,12,3,10,1,1,C03,7,4,1,10,2,13,,84,84,1,6,4,120.658608,24.146856,2
4586,66000,387130000C,(04)23274275,(04)23288582,2025,1,11,16,36,臺中市,西屯區,0,0,0,7,,,0,,,,,,,,,,,,,,14,,,,,B12,,,1,,2,,,39,39,1,12,4,120.655634,24.199244,3
4587,66000,387130000C,(04)23274275,(04)23288582,2025,1,11,16,40,臺中市,南區,0,0,0,7,1,6,50,13,9,1,5,4,6,6,4,4,5,4,5,2,17,3,10,1,1,C03,7,9,1,10,1,11,,84,84,1,12,4,120.676172,24.128894,3
4588,66000,387130000C,(04)23274275,(04)23288582,2025,1,11,16,43,臺中市,西屯區,0,0,0,7,,,30,,,,,,,,,,,,,,17,,,,,B03,,,1,,2,,,8,8,1,13,4,120.664582,24.165304,3
4589,66000,387130000C,(04)23274275,(04)23288582,2025,1,11,16,43,臺中市,沙鹿區,0,0,0,7,,,50,,,,,,,,,,,,,,,,,,,C03,,,1,,2,,,84,84,1,12,4,120.572212,24.229606,3