序號,縣市別代碼,機關代碼,市話,傳真,年,月,日,時,分,縣市,區,死亡數量,受傷數量,2-30,天候,道路照明設備,道路類別,道路速限,道路型態,事故位置,路面鋪裝,路面狀態,路面缺陷,障礙物,視距,號誌種類,號誌動作,分向設施,快車道或一般車道間,快慢車道間,路面邊線,事故類型及型態,受傷程度,主要傷處,保護裝備,行動電話或功能裝置,當事者區分(類別),車輛用途,當事者行動狀態,駕照狀態,駕照種類,飲酒情形,車輛撞擊部位最初,車輛撞擊部位其他,肇事因素個別,肇事因素主要,肇事逃逸,職業,共享經濟或外送平台,GPS座標X,GPS座標Y,事故類別
4590,66000,387130000C,(04)23274275,(04)23288582,2025,1,11,16,43,臺中市,后里區,0,1,0,7,2,6,50,13,9,1,5,4,6,6,4,4,9,5,5,1,17,3,10,3,1,B03,7,11,1,8,2,8,,45,45,1,6,4,120.721173,24.312349,2
4591,66000,387130000C,(04)23274275,(04)23288582,2025,1,11,16,45,臺中市,大里區,0,0,0,7,,,50,,,,,,,,,,,,,,17,,,,,B03,,,1,,2,,,8,8,1,6,4,120.698969,24.096528,3
4592,66000,387130000C,(04)23274275,(04)23288582,2025,1,11,16,48,臺中市,北區,0,1,0,7,2,6,50,4,2,1,5,4,6,6,2,1,10,5,5,2,12,3,10,1,1,C03,7,5,3,19,2,12,,47,47,1,13,4,120.67855,24.148559,2
4593,66000,387130000C,(04)23274275,(04)23288582,2025,1,11,16,49,臺中市,北屯區,0,0,0,7,,,50,,,,,,,,,,,,,,,,,,,B03,,,1,,1,,,84,84,1,13,4,120.709178,24.182355,3
4594,66000,387130000C,(04)23274275,(04)23288582,2025,1,11,16,49,臺中市,沙鹿區,0,1,0,7,3,6,50,4,1,1,5,4,6,6,1,1,4,5,5,2,12,2,9,2,1,C03,7,4,1,10,2,14,,84,84,1,13,4,120.576775,24.224337,2
4595,66000,387130000C,(04)23274275,(04)23288582,2025,1,11,16,51,臺中市,南屯區,0,0,0,7,,,40,,,,,,,,,,,,,,,,,,,C03,,,1,,1,,,84,84,1,13,4,120.643855,24.153629,3
4596,66000,387130000C,(04)23274275,(04)23288582,2025,1,11,16,53,臺中市,清水區,0,0,0,7,,,50,,,,,,,,,,,,,,12,,,,,B12,,,1,,2,,,40,40,1,6,4,120.547793,24.27574,3
4597,66000,387130000C,(04)23274275,(04)23288582,2025,1,11,16,55,臺中市,霧峰區,0,0,0,6,,,50,,,,,,,,,,,,,,17,,,,,,,,,,,,,51,51,1,,,120.696255,24.057682,3
4598,66000,387130000C,(04)23274275,(04)23288582,2025,1,11,16,57,臺中市,北屯區,0,1,0,7,2,6,50,4,1,1,5,4,6,6,4,4,10,5,5,2,16,3,10,1,1,C03,7,9,1,10,1,11,,13,13,1,5,4,120.684589,24.170913,2
4599,66000,387130000C,(04)23274275,(04)23288582,2025,1,11,16,59,臺中市,大里區,0,1,0,7,3,6,50,13,7,1,5,4,6,6,4,4,5,4,4,1,13,3,10,5,4,C03,7,9,1,10,2,11,,84,84,1,13,4,120.688886,24.109992,2
4600,66000,387130000C,(04)23274275,(04)23288582,2025,1,11,17,0,臺中市,西屯區,0,0,0,7,,,50,,,,,,,,,,,,,,13,,,,,B03,,,1,,1,,,59,59,1,13,4,120.6335,24.165967,3
4601,66000,387130000C,(04)23274275,(04)23288582,2025,1,11,17,2,臺中市,豐原區,0,1,0,7,1,6,30,4,2,1,5,4,6,6,1,1,10,5,5,1,11,3,10,5,4,B03,7,9,1,8,2,8,,41,41,1,13,4,120.70713,24.237014,2
4602,66000,387130000C,(04)23274275,(04)23288582,2025,1,11,17,4,臺中市,中區,0,0,0,7,,,50,,,,,,,,,,,,,,,,,,,C03,,,1,,1,,,84,84,1,12,4,120.68096,24.143781,3
4603,66000,387130000C,(04)23274275,(04)23288582,2025,1,11,17,9,臺中市,北屯區,0,0,0,7,,,50,,,,,,,,,,,,,,13,,,,,B03,,,1,,1,,,7,7,1,12,4,120.728441,24.171506,3
4604,66000,387130000C,(04)23274275,(04)23288582,2025,1,11,17,12,臺中市,南屯區,0,2,0,7,1,6,50,4,1,1,5,4,6,6,1,1,10,5,5,2,17,2,8,2,1,C03,7,7,1,10,2,12,,42,42,1,12,4,120.646681,24.153613,2
4605,66000,387130000C,(04)23274275,(04)23288582,2025,1,11,17,13,臺中市,西屯區,0,0,0,7,,,50,,,,,,,,,,,,,,14,,,,,B03,,,1,,1,,,59,59,1,12,4,120.658232,24.192652,3
4606,66000,387130000C,(04)23274275,(04)23288582,2025,1,11,17,16,臺中市,龍井區,0,1,0,7,3,6,50,4,1,1,5,4,6,6,4,4,10,5,5,2,30,2,1,5,4,B03,7,9,1,8,2,5,,6,6,1,12,4,120.513403,24.218957,2
4607,66000,387130000C,(04)23274275,(04)23288582,2025,1,11,17,16,臺中市,大肚區,0,0,0,7,,,50,,,,,,,,,,,,,,13,,,,,B03,,,1,,9,,,7,7,1,6,4,120.582993,24.172602,3
4608,66000,387130000C,(04)23274275,(04)23288582,2025,1,11,17,18,臺中市,西區,0,1,0,6,2,6,40,13,8,1,5,4,6,6,4,4,1,4,4,2,13,2,8,1,1,C03,7,9,1,10,2,11,,7,7,1,12,4,120.657511,24.137855,2
4609,66000,387130000C,(04)23274275,(04)23288582,2025,1,11,17,18,臺中市,東區,0,1,0,7,1,6,50,3,1,1,5,4,6,6,4,4,10,5,5,2,12,3,10,5,4,C03,7,7,1,10,2,12,,40,40,1,12,4,120.705108,24.144481,2
4610,66000,387130000C,(04)23274275,(04)23288582,2025,1,11,17,20,臺中市,西區,0,1,0,7,1,6,50,4,1,1,5,4,6,6,1,1,10,5,5,1,17,2,9,5,4,C03,7,9,1,9,2,11,,7,7,1,12,4,120.652988,24.150881,2
4611,66000,387130000C,(04)23274275,(04)23288582,2025,1,11,17,20,臺中市,太平區,0,0,0,7,,,50,,,,,,,,,,,,,,12,,,,,B03,,,1,,1,,,84,84,1,12,4,120.724779,24.149643,3
4612,66000,387130000C,(04)23274275,(04)23288582,2025,1,11,17,21,臺中市,東區,0,0,0,7,,,50,,,,,,,,,,,,,,13,,,,,B03,,,1,,1,,,7,7,1,12,4,120.687858,24.13653,3
4613,66000,387130000C,(04)23274275,(04)23288582,2025,1,11,17,24,臺中市,西屯區,0,0,0,7,,,50,,,,,,,,,,,,,,14,,,,,B03,,,1,,1,,,49,49,1,12,4,120.621529,24.185426,3
4614,66000,387130000C,(04)23274275,(04)23288582,2025,1,11,17,24,臺中市,大里區,0,1,0,7,2,6,50,13,7,1,5,4,6,6,4,4,1,4,4,1,13,2,9,1,1,C03,7,9,1,10,2,11,,7,7,1,13,4,120.69639,24.086221,2
4615,66000,387130000C,(04)23274275,(04)23288582,2025,1,11,17,26,臺中市,西屯區,0,2,0,7,2,6,40,13,8,1,5,4,6,6,4,4,5,5,4,2,13,2,9,2,1,C03,7,9,1,10,2,11,,58,58,1,12,4,120.644392,24.18739,2
4616,66000,387130000C,(04)23274275,(04)23288582,2025,1,11,17,27,臺中市,潭子區,0,1,0,6,3,6,60,3,2,1,5,4,6,6,1,1,1,4,4,1,17,2,8,2,1,C03,7,7,1,10,2,14,,84,84,1,13,4,120.702315,24.191936,2
4617,66000,387130000C,(04)23274275,(04)23288582,2025,1,11,17,27,臺中市,豐原區,0,0,0,7,,,60,,,,,,,,,,,,,,,,,,,B12,,,1,,2,,,50,50,1,13,4,120.723577,24.264562,3
4618,66000,387130000C,(04)23274275,(04)23288582,2025,1,11,17,28,臺中市,北屯區,0,0,0,7,,,60,,,,,,,,,,,,,,13,,,,,B03,,,1,,1,,,84,84,1,6,4,120.722456,24.16217,3
4619,66000,387130000C,(04)23274275,(04)23288582,2025,1,11,17,29,臺中市,東勢區,0,2,0,7,1,6,50,5,1,1,5,4,6,6,4,4,5,5,5,2,17,3,10,5,4,B03,7,2,1,8,2,6,,84,84,1,13,4,120.829604,24.251671,2
4620,66000,387130000C,(04)23274275,(04)23288582,2025,1,11,17,30,臺中市,南屯區,0,0,0,7,1,6,50,13,9,1,5,4,6,6,1,1,1,4,5,2,13,,,,,B03,,,1,,2,,,7,7,1,12,4,120.623733,24.145188,3
4621,66000,387130000C,(04)23274275,(04)23288582,2025,1,11,17,30,臺中市,西屯區,0,1,0,7,1,6,80,13,9,1,5,4,6,6,4,4,3,4,5,2,13,3,10,5,1,B03,7,9,1,8,1,1,,7,7,1,12,4,120.63022,24.165885,2
4622,66000,387130000C,(04)23274275,(04)23288582,2025,1,11,17,30,臺中市,烏日區,0,0,0,7,,,60,,,,,,,,,,,,,,13,,,,,B03,,,1,,2,,,84,84,1,12,4,120.645705,24.11006,3
4623,66000,387130000C,(04)23274275,(04)23288582,2025,1,11,17,38,臺中市,西區,0,0,0,7,,,50,,,,,,,,,,,,,,,,,,,C03,,,1,,1,,,84,84,1,6,4,120.666275,24.152798,3
4624,66000,387130000C,(04)23274275,(04)23288582,2025,1,11,17,41,臺中市,北屯區,0,1,0,7,1,6,50,4,1,1,5,4,6,6,4,4,10,5,5,2,15,3,10,1,1,C03,7,9,1,10,2,11,,12,12,1,6,4,120.679428,24.181803,2
4625,66000,387130000C,(04)23274275,(04)23288582,2025,1,11,17,43,臺中市,北屯區,0,0,0,7,,,30,,,,,,,,,,,,,,,,,,,B03,,,1,,1,,,49,49,1,13,4,120.660834,24.195192,3
4626,66000,387130000C,(04)23274275,(04)23288582,2025,1,11,17,44,臺中市,大里區,0,0,0,7,,,50,,,,,,,,,,,,,,11,,,,,C03,,,1,,2,,,8,8,1,12,4,120.689356,24.11217,3
4627,66000,387130000C,(04)23274275,(04)23288582,2025,1,11,17,46,臺中市,大肚區,0,1,0,7,1,6,50,13,9,1,5,4,6,6,4,4,5,5,5,1,13,3,10,2,1,C03,7,9,1,10,2,11,,7,7,1,6,4,120.579607,24.170165,2
4628,66000,387130000C,(04)23274275,(04)23288582,2025,1,11,17,48,臺中市,北區,0,1,0,7,1,6,50,13,9,1,5,4,6,6,4,4,5,5,5,2,17,3,10,3,1,B03,7,1,1,8,2,5,,51,51,1,12,4,120.682762,24.168108,2
4629,66000,387130000C,(04)23274275,(04)23288582,2025,1,11,17,48,臺中市,西屯區,0,1,0,7,1,6,40,3,1,1,5,4,6,6,2,1,10,5,5,2,13,2,8,2,1,C03,7,9,1,10,2,11,,59,59,1,12,4,120.656367,24.160367,2
4630,66000,387130000C,(04)23274275,(04)23288582,2025,1,11,17,50,臺中市,霧峰區,0,0,0,7,,,80,,,,,,,,,,,,,,17,,,,,B03,,,1,,2,,,7,7,1,6,4,120.685632,24.055907,3
4631,66000,387130000C,(04)23274275,(04)23288582,2025,1,11,17,53,臺中市,北屯區,0,2,0,7,1,6,50,13,9,1,5,4,6,6,4,4,3,4,5,2,12,3,10,3,1,A02,7,1,1,2,2,4,,51,51,1,13,4,120.693778,24.183344,2
4632,66000,387130000C,(04)23274275,(04)23288582,2025,1,11,17,54,臺中市,北屯區,0,1,0,7,2,6,50,13,7,1,5,4,6,6,4,4,9,4,4,2,18,2,9,1,1,C03,7,9,1,10,2,14,,43,43,1,6,4,120.684771,24.173554,2
4633,66000,387130000C,(04)23274275,(04)23288582,2025,1,11,17,54,臺中市,烏日區,0,0,0,7,,,50,,,,,,,,,,,,,,13,,,,,B03,,,1,,1,,,84,84,1,6,4,120.62036,24.102093,3
4634,66000,387130000C,(04)23274275,(04)23288582,2025,1,11,17,55,臺中市,潭子區,0,0,0,7,,,60,,,,,,,,,,,,,,,,,,,A11,,,1,,2,,,43,43,1,13,4,120.702254,24.192445,3
4635,66000,387130000C,(04)23274275,(04)23288582,2025,1,11,17,55,臺中市,北區,0,0,0,7,,,50,,,,,,,,,,,,,,17,,,,,B03,,,1,,1,,,84,84,1,13,4,120.68142,24.152629,3
4636,66000,387130000C,(04)23274275,(04)23288582,2025,1,11,17,55,臺中市,南區,0,0,0,7,,,40,,,,,,,,,,,,,,14,,,,,A42,,,1,,2,,,49,49,1,13,4,120.669685,24.128877,3
4637,66000,387130000C,(04)23274275,(04)23288582,2025,1,11,17,56,臺中市,北屯區,0,0,0,7,,,50,,,,,,,,,,,,,,12,,,,,B03,,,1,,1,,,40,40,1,12,4,120.68154,24.176969,3
4638,66000,387130000C,(04)23274275,(04)23288582,2025,1,11,17,57,臺中市,大里區,0,0,0,7,,,50,,,,,,,,,,,,,,15,,,,,F01,,,1,,2,,,21,21,1,13,4,120.70361,24.107674,3
4639,66000,387130000C,(04)23274275,(04)23288582,2025,1,11,18,6,臺中市,西區,0,0,0,7,,,50,,,,,,,,,,,,,,,,,,,C03,,,1,,1,,,49,49,1,12,4,120.662535,24.136451,4
4640,66000,387130000C,(04)23274275,(04)23288582,2025,1,11,18,8,臺中市,南區,0,0,0,7,,,50,,,,,,,,,,,,,,17,,,,,B03,,,1,,2,,,7,7,1,13,4,120.670135,24.113638,3
4641,66000,387130000C,(04)23274275,(04)23288582,2025,1,11,18,9,臺中市,大里區,0,0,0,7,,,50,,,,,,,,,,,,,,17,,,,,C03,,,1,,2,,,84,84,1,12,4,120.681349,24.115313,3
4642,66000,387130000C,(04)23274275,(04)23288582,2025,1,11,18,10,臺中市,北屯區,0,0,0,7,,,50,,,,,,,,,,,,,,12,,,,,B03,,,1,,2,,,85,85,1,6,4,120.693236,24.162896,3
4643,66000,387130000C,(04)23274275,(04)23288582,2025,1,11,18,10,臺中市,豐原區,0,1,0,7,1,6,30,13,9,1,5,4,6,6,4,4,10,5,5,2,18,2,8,1,1,C03,7,11,1,10,2,16,,84,84,1,12,4,120.726099,24.252468,2
4644,66000,387130000C,(04)23274275,(04)23288582,2025,1,11,18,11,臺中市,北屯區,0,0,0,7,,,50,,,,,,,,,,,,,,13,,,,,C01,,,1,,1,,,7,7,1,6,4,120.701078,24.16989,3
4645,66000,387130000C,(04)23274275,(04)23288582,2025,1,11,18,14,臺中市,南屯區,0,1,0,7,3,6,50,3,1,1,5,4,6,6,3,1,10,5,5,2,17,3,10,3,1,B03,7,5,1,8,2,2,,84,84,1,12,4,120.635444,24.141424,2
4646,66000,387130000C,(04)23274275,(04)23288582,2025,1,11,18,15,臺中市,沙鹿區,0,0,0,7,1,6,60,13,7,1,5,4,6,6,1,1,1,3,1,1,14,,,,,B03,,,1,,2,,,84,84,1,12,4,120.589594,24.249953,3
4647,66000,387130000C,(04)23274275,(04)23288582,2025,1,11,18,17,臺中市,大里區,0,1,0,7,1,6,50,4,2,1,5,4,6,6,4,4,5,4,4,2,12,3,10,5,4,B03,7,9,1,8,2,8,,84,84,1,13,4,120.706103,24.104897,2
4648,66000,387130000C,(04)23274275,(04)23288582,2025,1,11,18,18,臺中市,北區,0,0,0,7,,,50,,,,,,,,,,,,,,12,,,,,C03,,,1,,2,,,8,8,1,13,4,120.678964,24.171314,3
4649,66000,387130000C,(04)23274275,(04)23288582,2025,1,11,18,18,臺中市,南屯區,0,0,0,7,,,50,,,,,,,,,,,,,,17,,,,,B03,,,1,,9,,,8,8,1,6,4,120.610934,24.138457,3
4650,66000,387130000C,(04)23274275,(04)23288582,2025,1,11,18,19,臺中市,沙鹿區,0,0,0,7,,,50,,,,,,,,,,,,,,,,,,,B03,,,1,,2,,,84,84,1,12,4,120.564112,24.206576,3
4651,66000,387130000C,(04)23274275,(04)23288582,2025,1,11,18,22,臺中市,北區,0,0,0,7,,,50,,,,,,,,,,,,,,14,,,,,B03,,,1,,1,,,49,49,1,13,4,120.682805,24.161503,3
4652,66000,387130000C,(04)23274275,(04)23288582,2025,1,11,18,26,臺中市,北屯區,0,0,0,7,,,50,,,,,,,,,,,,,,,,,,,C03,,,1,,1,,,84,84,1,13,4,120.721027,24.178953,3
4653,66000,387130000C,(04)23274275,(04)23288582,2025,1,11,18,26,臺中市,太平區,0,1,0,7,1,6,50,4,1,1,5,4,6,6,2,1,10,5,5,2,16,3,10,3,1,B03,7,6,1,8,2,1,,11,11,1,12,4,120.717918,24.1288,2
4654,66000,387130000C,(04)23274275,(04)23288582,2025,1,11,18,27,臺中市,南屯區,0,0,0,7,,,50,,,,,,,,,,,,,,,,,,,B03,,,1,,2,,,7,7,1,13,4,120.646675,24.147764,3
4655,66000,387130000C,(04)23274275,(04)23288582,2025,1,11,18,30,臺中市,西屯區,0,2,0,7,1,6,50,4,1,1,5,4,6,6,1,1,10,5,5,2,16,3,10,5,4,B03,7,5,3,19,2,6,,84,84,1,13,4,120.635172,24.179435,2
4656,66000,387130000C,(04)23274275,(04)23288582,2025,1,11,18,32,臺中市,太平區,0,2,0,7,1,6,50,13,9,1,5,4,6,6,4,4,5,2,5,1,3,2,1,6,5,H01,8,16,7,21,10,17,,95,95,1,12,5,120.723689,24.133889,2
4657,66000,387130000C,(04)23274275,(04)23288582,2025,1,11,18,37,臺中市,大里區,0,2,0,6,2,6,50,4,1,1,5,4,6,6,1,1,10,5,5,1,17,2,8,1,1,C03,7,6,1,10,2,11,11,11,11,1,13,4,120.703431,24.091517,2
4658,66000,387130000C,(04)23274275,(04)23288582,2025,1,11,18,40,臺中市,東區,0,2,0,7,1,6,50,4,1,1,5,4,6,6,1,1,10,5,5,2,17,2,9,1,1,C01,7,9,1,9,2,11,,84,84,1,12,4,120.700116,24.140067,2
4659,66000,387130000C,(04)23274275,(04)23288582,2025,1,11,18,42,臺中市,西屯區,0,1,0,7,1,6,1,4,1,1,5,4,6,6,1,1,1,4,1,2,17,2,8,1,1,C03,7,1,1,10,2,11,,51,51,1,12,4,120.629034,24.205726,2
4660,66000,387130000C,(04)23274275,(04)23288582,2025,1,11,18,45,臺中市,南屯區,0,0,0,7,,,50,,,,,,,,,,,,,,,,,,,B03,,,1,,1,,,7,7,1,12,4,120.614025,24.139097,3
4661,66000,387130000C,(04)23274275,(04)23288582,2025,1,11,18,46,臺中市,大甲區,0,1,0,7,1,6,50,4,1,1,5,4,6,6,1,3,10,5,5,2,15,3,10,3,1,B03,7,9,1,8,2,5,,13,13,1,6,4,120.626538,24.344554,2
4662,66000,387130000C,(04)23274275,(04)23288582,2025,1,11,18,48,臺中市,東區,0,2,0,7,2,6,50,4,1,1,5,4,5,6,1,1,10,5,5,2,16,3,10,1,1,C03,7,5,1,10,2,13,,11,11,1,12,4,120.682918,24.134425,2
4663,66000,387130000C,(04)23274275,(04)23288582,2025,1,11,18,50,臺中市,南區,0,0,0,7,,,50,,,,,,,,,,,,,,11,,,,,B03,,,1,,2,,,45,45,1,13,4,120.671741,24.118343,3
4664,66000,387130000C,(04)23274275,(04)23288582,2025,1,11,18,50,臺中市,豐原區,0,0,0,7,,,50,,,,,,,,,,,,,,14,,,,,B03,,,1,,2,,,49,49,1,12,4,120.720837,24.250632,3
4665,66000,387130000C,(04)23274275,(04)23288582,2025,1,11,18,56,臺中市,北屯區,0,0,0,7,,,50,,,,,,,,,,,,,,13,,,,,B03,,,1,,1,,,7,7,1,12,4,120.708226,24.170284,4
4666,66000,387130000C,(04)23274275,(04)23288582,2025,1,11,18,56,臺中市,大里區,0,0,0,7,,,50,,,,,,,,,,,,,,16,,,,,B03,,,1,,2,,,39,39,1,13,4,120.674923,24.115149,3
4667,66000,387130000C,(04)23274275,(04)23288582,2025,1,11,19,0,臺中市,大雅區,0,0,0,7,,,50,,,,,,,,,,,,,,12,,,,,C03,,,1,,1,,,84,84,1,13,4,120.649449,24.223997,3
4668,66000,387130000C,(04)23274275,(04)23288582,2025,1,11,19,0,臺中市,后里區,0,0,0,7,,,50,,,,,,,,,,,,,,30,,,,,B03,,,1,,2,,,50,50,1,12,4,120.717988,24.31072,3
4669,66000,387130000C,(04)23274275,(04)23288582,2025,1,11,19,1,臺中市,南區,0,0,0,7,,,50,,,,,,,,,,,,,,17,,,,,B01,,,1,,1,,,8,8,1,13,4,120.661476,24.121735,3
4670,66000,387130000C,(04)23274275,(04)23288582,2025,1,11,19,1,臺中市,豐原區,0,0,0,7,,,50,,,,,,,,,,,,,,17,,,,,B12,,,1,,2,,,50,50,1,13,4,120.738991,24.255803,3
4671,66000,387130000C,(04)23274275,(04)23288582,2025,1,11,19,10,臺中市,北區,0,0,0,7,,,50,,,,,,,,,,,,,,17,,,,,B03,,,1,,2,,,48,48,1,13,4,120.667544,24.164919,3
4672,66000,387130000C,(04)23274275,(04)23288582,2025,1,11,19,10,臺中市,東區,0,1,0,7,1,6,50,13,7,1,5,4,6,6,4,4,5,4,4,2,17,3,10,3,1,B03,7,1,1,8,2,8,,51,51,1,12,4,120.706764,24.137283,2
4673,66000,387130000C,(04)23274275,(04)23288582,2025,1,11,19,10,臺中市,龍井區,0,1,0,7,1,6,50,13,9,1,5,4,6,6,4,4,10,5,5,2,12,2,9,1,1,C03,7,9,1,10,2,11,,84,84,1,12,4,120.538551,24.219585,2
4674,66000,387130000C,(04)23274275,(04)23288582,2025,1,11,19,13,臺中市,西區,0,1,0,7,1,6,50,13,7,1,5,4,6,6,4,4,1,4,4,2,12,2,9,1,1,C03,7,8,1,10,2,14,,40,40,1,13,4,120.665502,24.142716,2
4675,66000,387130000C,(04)23274275,(04)23288582,2025,1,11,19,17,臺中市,豐原區,0,0,0,7,,,50,,,,,,,,,,,,,,,,,,,B03,,,1,,2,,,50,50,1,13,4,120.720304,24.25326,3
4676,66000,387130000C,(04)23274275,(04)23288582,2025,1,11,19,19,臺中市,潭子區,0,1,0,7,1,6,50,3,1,1,5,4,6,6,4,4,10,5,5,2,17,3,10,3,1,B03,7,9,1,8,2,8,,84,84,1,12,4,120.700644,24.212491,2
4677,66000,387130000C,(04)23274275,(04)23288582,2025,1,11,19,21,臺中市,東區,0,0,0,7,,,50,,,,,,,,,,,,,,12,,,,,A12,,,1,,2,,,40,40,1,12,4,120.70928,24.149448,3
4678,66000,387130000C,(04)23274275,(04)23288582,2025,1,11,19,22,臺中市,北區,0,0,0,7,,,50,,,,,,,,,,,,,,16,,,,,B03,,,1,,1,,,11,11,1,12,4,120.67075,24.159647,3
4679,66000,387130000C,(04)23274275,(04)23288582,2025,1,11,19,22,臺中市,北屯區,0,1,0,7,1,6,50,13,9,1,5,4,6,6,4,4,5,4,4,2,13,2,8,1,1,C03,7,9,1,10,2,11,,7,7,1,5,4,120.685346,24.177507,2
4680,66000,387130000C,(04)23274275,(04)23288582,2025,1,11,19,30,臺中市,大里區,0,0,0,7,,,50,,,,,,,,,,,,,,16,,,,,B03,,,1,,2,,,14,14,1,13,4,120.703648,24.092674,3
4681,66000,387130000C,(04)23274275,(04)23288582,2025,1,11,19,32,臺中市,北屯區,0,0,0,7,,,50,,,,,,,,,,,,,,12,,,,,C03,,,1,,2,,,8,8,1,6,4,120.686308,24.190047,3
4682,66000,387130000C,(04)23274275,(04)23288582,2025,1,11,19,32,臺中市,西屯區,0,1,0,7,1,6,50,3,1,1,5,4,6,6,4,4,10,5,5,2,13,2,8,5,1,C03,7,9,1,10,2,14,,7,7,1,12,4,120.648432,24.1702,2
4683,66000,387130000C,(04)23274275,(04)23288582,2025,1,11,19,33,臺中市,潭子區,0,0,0,7,,,50,,,,,,,,,,,,,,,,,,,B03,,,1,,2,,,26,26,1,12,4,120.686781,24.210318,3
4684,66000,387130000C,(04)23274275,(04)23288582,2025,1,11,19,35,臺中市,后里區,0,1,0,7,1,6,50,3,1,1,5,4,6,6,1,1,10,5,5,2,17,3,10,3,1,B03,7,11,1,8,2,4,,45,45,1,6,4,120.721649,24.306125,2
4685,66000,387130000C,(04)23274275,(04)23288582,2025,1,11,19,36,臺中市,北屯區,0,0,0,7,,,50,,,,,,,,,,,,,,13,,,,,B03,,,1,,1,,,84,84,1,12,4,120.668132,24.179178,3
4686,66000,387130000C,(04)23274275,(04)23288582,2025,1,11,19,40,臺中市,南屯區,0,0,0,7,1,6,50,13,9,1,5,4,6,6,4,4,5,5,5,2,14,,,,,B02,,,1,,1,,,49,49,1,12,4,120.648725,24.15039,3
4687,66000,387130000C,(04)23274275,(04)23288582,2025,1,11,19,40,臺中市,太平區,0,3,0,7,1,6,50,13,9,1,5,4,6,6,2,1,1,4,5,2,17,2,7,2,1,C03,7,9,1,10,1,11,,84,84,1,12,4,120.722216,24.145913,2
4688,66000,387130000C,(04)23274275,(04)23288582,2025,1,11,19,43,臺中市,西區,0,0,0,7,,,50,,,,,,,,,,,,,,,,,,,B03,,,1,,1,,,84,84,1,12,4,120.659547,24.156896,3
4689,66000,387130000C,(04)23274275,(04)23288582,2025,1,11,19,45,臺中市,西屯區,0,1,0,7,1,6,50,3,1,1,5,4,6,6,1,1,5,5,4,2,13,2,9,2,1,C03,7,9,1,10,2,11,,59,59,1,12,4,120.592708,24.179094,2
4690,66000,387130000C,(04)23274275,(04)23288582,2025,1,11,19,45,臺中市,大里區,0,2,0,7,1,6,50,3,2,1,5,4,6,6,1,1,2,4,5,1,16,2,9,1,1,C03,7,7,1,10,2,13,,40,40,1,12,4,120.661716,24.109198,2
4691,66000,387130000C,(04)23274275,(04)23288582,2025,1,11,19,45,臺中市,清水區,0,1,0,7,1,6,40,4,8,1,5,4,6,6,2,1,1,2,1,1,12,2,8,1,1,C03,7,9,1,10,2,11,,7,7,1,13,4,120.564581,24.270948,2
4692,66000,387130000C,(04)23274275,(04)23288582,2025,1,11,19,50,臺中市,東區,0,0,0,7,,,1,,,,,,,,,,,,,,14,,,,,B03,,,1,,1,,,84,84,1,12,4,120.690605,24.143549,3
4693,66000,387130000C,(04)23274275,(04)23288582,2025,1,11,19,54,臺中市,梧棲區,0,0,0,7,,,,,,,,,,,,,,,,,16,,,,,,,,,,,,,20,20,2,,,120.528274,24.222666,3
4694,66000,387130000C,(04)23274275,(04)23288582,2025,1,11,20,1,臺中市,西屯區,0,0,0,7,,,50,,,,,,,,,,,,,,14,,,,,B03,,,1,,1,,,49,49,1,13,4,120.660102,24.164309,3
4695,66000,387130000C,(04)23274275,(04)23288582,2025,1,11,20,8,臺中市,豐原區,0,1,0,7,1,6,50,3,1,1,5,4,6,6,4,4,5,2,5,1,16,3,10,5,4,B03,7,6,1,8,2,6,,14,14,1,13,4,120.720795,24.268283,2
4696,66000,387130000C,(04)23274275,(04)23288582,2025,1,11,20,10,臺中市,沙鹿區,0,0,0,7,1,6,50,13,9,1,5,4,6,6,4,4,8,4,5,2,12,,,,,C03,,,1,,2,,,59,59,1,12,4,120.566775,24.226958,3
4697,66000,387130000C,(04)23274275,(04)23288582,2025,1,11,20,15,臺中市,北區,0,2,0,7,1,6,30,3,1,1,5,4,6,6,4,4,5,5,5,2,17,2,9,5,1,C03,7,6,1,10,2,14,,14,14,1,13,4,120.685079,24.151991,2
4698,66000,387130000C,(04)23274275,(04)23288582,2025,1,11,20,15,臺中市,南屯區,0,1,0,7,3,6,50,3,2,1,5,4,6,6,3,1,1,2,5,2,28,2,9,2,1,C03,7,9,1,10,2,11,,87,87,1,12,4,120.594983,24.148346,2
4699,66000,387130000C,(04)23274275,(04)23288582,2025,1,11,20,17,臺中市,東區,0,1,0,7,1,6,50,13,9,1,5,4,6,6,4,4,5,5,5,2,12,3,10,3,1,B03,7,8,1,8,2,8,,42,42,1,13,4,120.701517,24.14171,2
4700,66000,387130000C,(04)23274275,(04)23288582,2025,1,11,20,18,臺中市,大里區,0,0,0,7,,,50,,,,,,,,,,,,,,16,,,,,B03,,,1,,2,,,40,40,1,12,4,120.689535,24.114471,3
4701,66000,387130000C,(04)23274275,(04)23288582,2025,1,11,20,23,臺中市,北區,0,1,0,7,1,6,50,4,1,1,5,4,6,6,4,4,10,5,5,2,16,3,10,5,4,B03,7,11,1,8,2,8,,45,45,1,13,4,120.680996,24.153491,2