序號,縣市別代碼,機關代碼,市話,傳真,年,月,日,時,分,縣市,區,死亡數量,受傷數量,2-30,天候,道路照明設備,道路類別,道路速限,道路型態,事故位置,路面鋪裝,路面狀態,路面缺陷,障礙物,視距,號誌種類,號誌動作,分向設施,快車道或一般車道間,快慢車道間,路面邊線,事故類型及型態,受傷程度,主要傷處,保護裝備,行動電話或功能裝置,當事者區分(類別),車輛用途,當事者行動狀態,駕照狀態,駕照種類,飲酒情形,車輛撞擊部位最初,車輛撞擊部位其他,肇事因素個別,肇事因素主要,肇事逃逸,職業,共享經濟或外送平台,GPS座標X,GPS座標Y,事故類別
4702,66000,387130000C,(04)23274275,(04)23288582,2025,1,11,20,25,臺中市,北屯區,0,1,0,7,1,6,50,13,9,1,5,4,6,6,4,4,1,4,5,2,18,2,9,1,1,C03,7,9,1,10,2,14,,43,43,1,6,4,120.694286,24.165637,2
4703,66000,387130000C,(04)23274275,(04)23288582,2025,1,11,20,26,臺中市,東區,0,1,0,7,1,6,50,13,9,1,5,4,6,6,4,4,5,5,5,2,18,2,9,2,1,C03,7,9,1,10,2,14,,84,84,1,13,4,120.701466,24.140992,2
4704,66000,387130000C,(04)23274275,(04)23288582,2025,1,11,20,28,臺中市,東區,0,1,0,7,1,6,50,4,1,1,5,4,6,6,1,1,9,4,4,2,16,3,10,3,1,B03,7,5,1,8,2,5,,11,11,1,13,4,120.693922,24.132949,2
4705,66000,387130000C,(04)23274275,(04)23288582,2025,1,11,20,28,臺中市,大里區,0,0,0,7,,,50,,,,,,,,,,,,,,16,,,,,C03,,,1,,2,,,7,7,1,12,4,120.681211,24.104689,3
4706,66000,387130000C,(04)23274275,(04)23288582,2025,1,11,20,30,臺中市,沙鹿區,0,0,0,7,1,6,60,4,7,1,5,4,6,6,1,1,1,3,4,1,12,,,,,B03,,,1,,2,,,40,40,1,12,4,120.597818,24.249996,3
4707,66000,387130000C,(04)23274275,(04)23288582,2025,1,11,20,31,臺中市,沙鹿區,0,1,0,7,1,6,30,4,1,1,5,4,6,6,4,4,10,5,5,2,15,2,9,1,1,C03,7,9,1,10,2,12,,15,15,1,12,4,120.617492,24.242062,2
4708,66000,387130000C,(04)23274275,(04)23288582,2025,1,11,20,35,臺中市,大雅區,0,0,0,7,,,30,,,,,,,,,,,,,,,,,,,B03,,,1,,10,,,87,87,1,13,4,120.6313,24.210765,3
4709,66000,387130000C,(04)23274275,(04)23288582,2025,1,11,20,40,臺中市,大肚區,0,0,0,7,,,50,,,,,,,,,,,,,,,,,,,B03,,,1,,2,,,43,43,1,6,4,120.56176,24.125018,3
4710,66000,387130000C,(04)23274275,(04)23288582,2025,1,11,20,44,臺中市,西區,0,0,0,7,,,50,,,,,,,,,,,,,,,,,,,B03,,,1,,1,,,49,49,1,12,4,120.675918,24.1453,3
4711,66000,387130000C,(04)23274275,(04)23288582,2025,1,11,20,44,臺中市,北屯區,0,3,0,7,1,6,50,4,4,1,5,4,6,6,2,1,1,2,5,2,13,2,7,1,1,C03,7,12,1,8,2,11,,7,7,1,12,4,120.698333,24.172948,2
4712,66000,387130000C,(04)23274275,(04)23288582,2025,1,11,20,46,臺中市,北屯區,0,0,0,7,,,50,,,,,,,,,,,,,,,,,,,B03,,,1,,1,,,84,84,1,13,4,120.707758,24.18387,3
4713,66000,387130000C,(04)23274275,(04)23288582,2025,1,11,20,53,臺中市,大里區,0,0,0,6,,,50,,,,,,,,,,,,,,17,,,,,B03,,,1,,1,,,49,49,1,13,4,120.692834,24.07832,3
4714,66000,387130000C,(04)23274275,(04)23288582,2025,1,11,20,55,臺中市,北屯區,0,0,0,7,,,50,,,,,,,,,,,,,,16,,,,,B03,,,1,,2,,,24,24,1,12,4,120.672555,24.178002,3
4715,66000,387130000C,(04)23274275,(04)23288582,2025,1,11,20,55,臺中市,神岡區,0,0,0,7,1,6,50,13,9,1,5,4,6,6,1,1,5,4,4,2,13,3,10,5,4,B03,7,9,1,8,7,1,,59,59,1,12,4,120.655372,24.258558,3
4716,66000,387130000C,(04)23274275,(04)23288582,2025,1,11,21,0,臺中市,豐原區,0,1,0,7,1,6,50,13,9,1,5,4,6,6,4,4,5,5,5,1,17,2,9,5,4,F02,7,9,7,21,8,14,,84,84,1,13,4,120.701741,24.251471,2
4717,66000,387130000C,(04)23274275,(04)23288582,2025,1,11,21,2,臺中市,北屯區,0,0,0,7,,,50,,,,,,,,,,,,,,14,,,,,B03,,,1,,1,,,49,49,1,6,4,120.66082,24.191198,3
4718,66000,387130000C,(04)23274275,(04)23288582,2025,1,11,21,16,臺中市,西屯區,0,1,0,7,1,6,50,13,9,1,5,4,6,6,4,4,5,4,5,2,13,2,9,5,4,C03,7,9,1,10,2,11,,7,7,1,13,4,120.647155,24.174521,2
4719,66000,387130000C,(04)23274275,(04)23288582,2025,1,11,21,31,臺中市,大肚區,0,1,0,7,1,6,70,13,7,1,5,4,6,6,2,1,1,3,4,1,13,3,10,3,1,A11,7,9,1,7,2,1,,7,7,1,6,4,120.553931,24.132586,2
4720,66000,387130000C,(04)23274275,(04)23288582,2025,1,11,21,40,臺中市,北區,0,0,0,7,,,50,,,,,,,,,,,,,,21,,,,,B12,,,3,,2,,,26,26,1,13,4,120.675852,24.148149,3
4721,66000,387130000C,(04)23274275,(04)23288582,2025,1,11,21,41,臺中市,南區,0,0,0,7,,,50,,,,,,,,,,,,,,12,,,,,B03,,,1,,2,,,59,59,1,12,4,120.668749,24.11784,3
4722,66000,387130000C,(04)23274275,(04)23288582,2025,1,11,21,53,臺中市,北屯區,0,0,0,7,,,80,,,,,,,,,,,,,,,,,,,B03,,,1,,1,,,40,40,1,13,4,120.72031,24.16491,3
4723,66000,387130000C,(04)23274275,(04)23288582,2025,1,11,21,53,臺中市,沙鹿區,0,1,0,7,1,6,30,4,1,1,5,4,6,6,4,4,10,5,5,2,15,2,9,2,1,C03,7,9,1,10,2,11,,12,12,1,12,4,120.569522,24.230333,2
4724,66000,387130000C,(04)23274275,(04)23288582,2025,1,11,21,59,臺中市,南屯區,0,2,0,7,1,6,50,4,1,1,5,4,6,6,1,1,10,5,5,2,15,2,9,2,4,C03,7,9,1,10,2,14,,21,21,1,6,4,120.65222,24.149934,2
4725,66000,387130000C,(04)23274275,(04)23288582,2025,1,11,21,59,臺中市,后里區,0,1,0,7,1,6,40,11,8,1,5,4,6,6,4,4,1,4,4,1,18,2,9,2,1,C03,7,9,1,10,2,11,,59,59,1,5,4,120.7254,24.320702,2
4726,66000,387130000C,(04)23274275,(04)23288582,2025,1,11,22,0,臺中市,北區,0,2,0,7,1,6,50,13,7,1,5,4,6,6,4,4,5,5,4,2,13,2,9,5,4,C03,7,9,1,10,2,11,,84,84,1,12,4,120.668152,24.171513,2
4727,66000,387130000C,(04)23274275,(04)23288582,2025,1,11,22,1,臺中市,西屯區,0,1,0,7,2,6,30,3,1,1,5,4,6,6,4,4,5,4,4,2,16,2,8,2,1,C03,7,6,1,10,2,14,,14,14,1,12,4,120.650316,24.175515,2
4728,66000,387130000C,(04)23274275,(04)23288582,2025,1,11,22,23,臺中市,大肚區,0,0,0,7,,,60,,,,,,,,,,,,,,16,,,,,B03,,,4,,2,,,21,21,1,6,4,120.582703,24.172544,3
4729,66000,387130000C,(04)23274275,(04)23288582,2025,1,11,22,25,臺中市,太平區,0,1,0,7,1,6,50,3,1,1,5,4,6,6,4,4,10,5,5,2,16,3,10,3,1,B03,7,6,1,8,2,1,,14,14,1,6,4,120.717589,24.117264,2
4730,66000,387130000C,(04)23274275,(04)23288582,2025,1,11,22,25,臺中市,沙鹿區,0,1,0,7,1,6,50,3,9,1,5,4,6,6,1,1,4,3,4,2,13,3,10,3,1,B12,7,9,1,8,7,1,,7,7,1,12,4,120.567053,24.236919,2
4731,66000,387130000C,(04)23274275,(04)23288582,2025,1,11,22,25,臺中市,清水區,0,0,0,7,1,6,50,4,1,1,5,4,6,6,4,4,8,4,5,2,22,,,,,B03,,,1,,1,,,8,8,1,11,4,120.559976,24.257906,3
4732,66000,387130000C,(04)23274275,(04)23288582,2025,1,11,22,30,臺中市,大雅區,0,0,0,7,,,,,,,,,,,,,,,,,17,,,,,,,,,,,,,86,86,1,,,120.649129,24.226843,3
4733,66000,387130000C,(04)23274275,(04)23288582,2025,1,11,22,31,臺中市,南區,0,0,0,7,,,30,,,,,,,,,,,,,,13,,,,,B03,,,1,,2,,,50,50,1,13,4,120.660101,24.118515,3
4734,66000,387130000C,(04)23274275,(04)23288582,2025,1,11,22,34,臺中市,西屯區,0,0,0,7,,,50,,,,,,,,,,,,,,16,,,,,B01,,,1,,2,,,48,48,1,12,4,120.652953,24.204213,3
4735,66000,387130000C,(04)23274275,(04)23288582,2025,1,11,22,37,臺中市,北屯區,0,0,0,7,,,50,,,,,,,,,,,,,,12,,,,,B03,,,1,,2,,,84,84,1,6,4,120.703781,24.168377,3
4736,66000,387130000C,(04)23274275,(04)23288582,2025,1,11,22,37,臺中市,西屯區,0,1,0,7,1,6,40,3,1,1,5,4,6,6,1,1,10,5,5,2,17,2,9,2,1,C03,7,9,5,19,2,11,,59,59,1,12,4,120.652953,24.204213,2
4737,66000,387130000C,(04)23274275,(04)23288582,2025,1,11,22,45,臺中市,南屯區,0,2,0,7,1,6,50,4,1,1,5,4,6,6,2,1,10,5,5,2,16,3,10,5,4,B03,7,5,1,8,2,8,,47,47,1,6,4,120.646767,24.129898,2
4738,66000,387130000C,(04)23274275,(04)23288582,2025,1,11,23,3,臺中市,西區,0,2,0,7,1,6,50,4,1,1,5,4,6,6,1,1,10,5,5,2,16,2,8,2,1,C03,7,5,1,10,2,12,,47,47,1,13,4,120.672721,24.1359,2
4739,66000,387130000C,(04)23274275,(04)23288582,2025,1,11,23,13,臺中市,龍井區,0,2,0,7,1,6,60,4,2,1,5,4,6,6,3,1,10,5,5,2,17,3,10,3,1,B03,7,7,1,8,2,6,,27,27,1,6,4,120.575525,24.18498,2
4740,66000,387130000C,(04)23274275,(04)23288582,2025,1,11,23,17,臺中市,大里區,0,0,0,7,,,50,,,,,,,,,,,,,,17,,,,,C03,,,1,,2,,,84,84,1,6,4,120.682361,24.104503,3
4741,66000,387130000C,(04)23274275,(04)23288582,2025,1,11,23,20,臺中市,北區,0,0,0,7,,,30,,,,,,,,,,,,,,17,,,,,B03,,,1,,1,,,12,12,1,13,4,120.682966,24.145685,3
4742,66000,387130000C,(04)23274275,(04)23288582,2025,1,11,23,35,臺中市,北屯區,0,1,0,6,3,6,50,13,14,1,5,4,6,5,4,4,9,5,5,2,17,2,8,2,1,C03,7,9,1,10,1,12,,84,84,1,5,4,120.724195,24.165534,2
4743,66000,387130000C,(04)23274275,(04)23288582,2025,1,11,23,43,臺中市,東區,0,0,0,7,,,50,,,,,,,,,,,,,,17,,,,,,,,,,,,,85,85,1,,,120.705033,24.140601,3
4744,66000,387130000C,(04)23274275,(04)23288582,2025,1,12,0,2,臺中市,太平區,0,2,0,7,1,6,50,13,9,1,5,4,6,6,4,4,5,4,5,1,18,2,9,1,1,C03,7,9,1,10,2,12,,90,90,1,6,4,120.707095,24.119241,2
4745,66000,387130000C,(04)23274275,(04)23288582,2025,1,12,0,10,臺中市,南屯區,0,0,0,7,,,50,,,,,,,,,,,,,,12,,,,,B03,,,1,,9,,,59,59,1,12,4,120.635669,24.146568,3
4746,66000,387130000C,(04)23274275,(04)23288582,2025,1,12,0,26,臺中市,神岡區,0,0,0,7,,,50,,,,,,,,,,,,,,12,,,,,B03,,,1,,2,,,59,59,1,12,4,120.698503,24.248958,3
4747,66000,387130000C,(04)23274275,(04)23288582,2025,1,12,0,43,臺中市,北屯區,0,2,0,7,1,6,50,4,1,1,5,4,6,6,1,1,10,5,5,2,15,3,10,3,1,B12,7,9,3,19,2,8,,21,21,1,6,4,120.671698,24.178317,2
4748,66000,387130000C,(04)23274275,(04)23288582,2025,1,12,0,48,臺中市,北屯區,0,1,0,6,1,6,50,3,1,1,5,4,6,6,3,1,10,5,5,2,21,2,1,3,1,B03,7,15,1,8,1,1,,54,54,1,6,4,120.747613,24.195947,2
4749,66000,387130000C,(04)23274275,(04)23288582,2025,1,12,1,3,臺中市,北區,0,0,0,7,,,50,,,,,,,,,,,,,,16,,,,,B03,,,3,,2,,,38,38,1,12,4,120.686162,24.154328,3
4750,66000,387130000C,(04)23274275,(04)23288582,2025,1,12,1,24,臺中市,西屯區,0,1,0,7,1,6,50,4,1,1,5,4,6,6,2,1,10,5,5,2,16,2,8,1,1,C03,7,6,1,10,2,12,,36,36,1,5,4,120.639083,24.164986,2
4751,66000,387130000C,(04)23274275,(04)23288582,2025,1,12,1,33,臺中市,西屯區,0,1,0,7,1,6,60,4,1,1,5,4,6,6,2,1,1,2,1,2,12,3,10,2,1,C03,7,9,1,10,2,12,,7,7,1,5,4,120.646356,24.164477,2
4752,66000,387130000C,(04)23274275,(04)23288582,2025,1,12,1,53,臺中市,潭子區,0,1,0,7,1,6,50,11,9,1,5,4,6,6,4,4,10,5,5,1,18,2,9,2,1,C03,7,9,1,10,2,14,,59,59,1,12,4,120.681039,24.222023,2
4753,66000,387130000C,(04)23274275,(04)23288582,2025,1,12,1,56,臺中市,西屯區,0,0,0,7,,,60,,,,,,,,,,,,,,12,,,,,B03,,,1,,1,,,40,40,1,12,4,120.640911,24.167565,3
4754,66000,387130000C,(04)23274275,(04)23288582,2025,1,12,1,59,臺中市,清水區,0,1,0,7,1,6,30,13,9,1,5,4,6,6,4,4,10,4,5,2,12,2,9,3,1,B03,7,9,1,8,7,5,,8,8,1,12,4,120.556798,24.312036,2
4755,66000,387130000C,(04)23274275,(04)23288582,2025,1,12,2,5,臺中市,西屯區,0,1,0,7,1,6,60,4,1,1,5,4,6,6,2,1,5,2,4,2,16,3,10,3,1,B03,7,8,5,19,2,8,,35,35,1,12,4,120.645545,24.172416,2
4756,66000,387130000C,(04)23274275,(04)23288582,2025,1,12,5,42,臺中市,北區,0,1,0,7,1,6,50,3,1,1,5,4,6,6,1,1,10,5,5,2,17,3,10,5,4,B03,7,7,1,8,5,5,,84,84,1,12,4,120.685093,24.157602,2
4757,66000,387130000C,(04)23274275,(04)23288582,2025,1,12,5,44,臺中市,東區,0,1,0,7,1,6,50,3,2,1,5,4,6,6,4,4,5,4,5,2,9,3,10,3,1,B03,7,5,1,8,2,1,,84,84,1,12,4,120.692435,24.142114,2
4758,66000,387130000C,(04)23274275,(04)23288582,2025,1,12,5,47,臺中市,太平區,0,0,0,7,,,50,,,,,,,,,,,,,,17,,,,,C03,,,1,,9,,,59,59,2,12,4,120.705053,24.157026,3
4759,66000,387130000C,(04)23274275,(04)23288582,2025,1,12,6,8,臺中市,大安區,0,0,0,7,,,90,,,,,,,,,,,,,,13,,,,,B03,,,1,,2,,,59,59,1,6,4,120.61368,24.405727,3
4760,66000,387130000C,(04)23274275,(04)23288582,2025,1,12,7,11,臺中市,后里區,0,0,0,7,2,6,50,13,9,1,5,4,6,6,4,4,5,5,5,1,17,3,10,3,1,B03,7,9,1,7,2,5,,84,84,1,12,4,120.724662,24.309087,3
4761,66000,387130000C,(04)23274275,(04)23288582,2025,1,12,7,21,臺中市,北屯區,0,1,0,7,2,6,50,4,1,1,5,4,6,6,4,4,10,5,5,2,17,2,9,1,1,C03,7,9,1,10,2,14,,6,6,1,12,4,120.68344,24.171653,2
4762,66000,387130000C,(04)23274275,(04)23288582,2025,1,12,7,38,臺中市,梧棲區,0,1,0,7,2,6,50,3,1,1,5,4,6,6,4,4,1,4,4,1,16,3,10,3,1,B03,7,5,1,8,2,2,,14,14,1,6,4,120.537988,24.258399,2
4763,66000,387130000C,(04)23274275,(04)23288582,2025,1,12,7,59,臺中市,西屯區,0,1,0,7,2,6,50,13,9,1,5,4,6,6,4,4,5,4,5,2,16,3,10,5,4,C03,7,6,1,10,2,12,14,39,39,1,12,4,120.644603,24.171586,2
4764,66000,387130000C,(04)23274275,(04)23288582,2025,1,12,8,0,臺中市,南區,0,1,0,7,2,6,50,3,1,1,5,4,6,6,4,4,9,5,4,2,17,3,10,3,1,B03,7,5,1,8,2,4,,14,14,1,12,4,120.656256,24.127525,2
4765,66000,387130000C,(04)23274275,(04)23288582,2025,1,12,8,1,臺中市,沙鹿區,0,0,0,7,,,50,,,,,,,,,,,,,,,,,,,B02,,,1,,2,,,50,50,1,13,4,120.571743,24.228489,3
4766,66000,387130000C,(04)23274275,(04)23288582,2025,1,12,8,2,臺中市,大甲區,0,0,0,7,,,50,,,,,,,,,,,,,,,,,,,C03,,,1,,1,,,8,8,1,6,4,120.62725,24.341369,3
4767,66000,387130000C,(04)23274275,(04)23288582,2025,1,12,8,8,臺中市,北屯區,0,1,0,7,2,6,30,4,1,1,5,4,6,6,4,4,10,5,5,2,15,2,9,2,1,C03,7,9,1,10,2,11,,15,15,1,6,4,120.692654,24.16681,2
4768,66000,387130000C,(04)23274275,(04)23288582,2025,1,12,8,16,臺中市,大安區,0,1,0,7,3,6,60,4,9,1,5,4,6,6,1,1,5,4,4,1,17,3,10,3,1,B03,7,6,1,8,2,1,,11,11,1,12,4,120.60191,24.368109,2
4769,66000,387130000C,(04)23274275,(04)23288582,2025,1,12,8,35,臺中市,中區,0,2,0,7,2,6,50,4,1,1,5,4,6,6,2,1,10,5,5,2,17,2,9,1,1,C03,7,9,1,10,2,14,,21,21,1,12,2,120.676551,24.145028,2
4770,66000,387130000C,(04)23274275,(04)23288582,2025,1,12,8,38,臺中市,霧峰區,0,0,0,7,2,6,50,14,9,1,5,4,6,6,4,4,10,5,5,1,17,,,,,B03,,,1,,2,,,51,51,1,6,4,120.694629,24.044651,3
4771,66000,387130000C,(04)23274275,(04)23288582,2025,1,12,8,40,臺中市,北屯區,0,0,0,7,,,50,,,,,,,,,,,,,,,,,,,B03,,,1,,1,,,84,84,1,12,4,120.728937,24.169796,3
4772,66000,387130000C,(04)23274275,(04)23288582,2025,1,12,8,46,臺中市,潭子區,0,0,0,7,,,30,,,,,,,,,,,,,,,,,,,B03,,,1,,2,,,14,14,1,13,4,120.72557,24.199818,3
4773,66000,387130000C,(04)23274275,(04)23288582,2025,1,12,8,51,臺中市,大雅區,0,1,0,7,1,6,50,3,19,1,5,4,6,6,1,1,5,5,4,2,3,3,10,3,1,B12,7,6,1,8,2,1,,10,10,1,12,4,120.650942,24.216443,2
4774,66000,387130000C,(04)23274275,(04)23288582,2025,1,12,8,52,臺中市,大里區,0,1,0,7,2,6,50,13,9,1,5,4,6,6,4,4,5,5,5,2,17,3,10,5,4,B02,7,15,5,19,11,4,,76,76,1,12,4,120.699059,24.091802,2
4775,66000,387130000C,(04)23274275,(04)23288582,2025,1,12,9,0,臺中市,烏日區,0,2,0,7,2,6,25,12,17,1,5,4,6,6,4,4,1,5,1,2,12,2,9,5,4,C03,7,5,1,10,2,13,,65,65,1,13,4,120.640607,24.116468,2
4776,66000,387130000C,(04)23274275,(04)23288582,2025,1,12,9,4,臺中市,潭子區,0,1,0,7,3,6,50,4,2,1,5,4,6,6,1,1,1,4,5,2,17,2,8,2,1,C03,7,8,1,10,2,14,,85,85,1,13,4,120.719202,24.218089,2
4777,66000,387130000C,(04)23274275,(04)23288582,2025,1,12,9,12,臺中市,龍井區,0,2,0,7,3,6,50,3,1,1,5,4,6,6,4,4,9,5,5,1,17,2,8,4,1,F01,7,6,7,21,1,14,,20,20,1,2,4,120.530615,24.183235,2
4778,66000,387130000C,(04)23274275,(04)23288582,2025,1,12,9,18,臺中市,西區,0,2,0,7,2,6,50,4,1,1,5,4,6,6,1,1,10,5,5,2,15,2,9,1,1,C03,7,9,1,10,2,11,,21,21,1,12,4,120.653882,24.149942,2
4779,66000,387130000C,(04)23274275,(04)23288582,2025,1,12,9,20,臺中市,石岡區,0,0,0,7,,,40,,,,,,,,,,,,,,17,,,,,C03,,,1,,2,,,84,84,1,13,4,120.784731,24.274636,3
4780,66000,387130000C,(04)23274275,(04)23288582,2025,1,12,9,22,臺中市,大里區,0,3,0,7,3,6,30,4,1,1,5,4,6,6,4,4,10,5,5,2,15,2,9,1,1,C03,7,9,1,10,2,11,,12,12,1,13,4,120.687908,24.113138,2
4781,66000,387130000C,(04)23274275,(04)23288582,2025,1,12,9,30,臺中市,西屯區,0,0,0,7,,,30,,,,,,,,,,,,,,12,,,,,B01,,,1,,1,,,51,51,1,6,4,120.64352,24.178233,3
4782,66000,387130000C,(04)23274275,(04)23288582,2025,1,12,9,31,臺中市,大雅區,0,2,0,7,1,6,30,4,1,1,5,4,6,6,4,4,10,5,5,2,17,2,9,2,1,C03,7,9,1,10,2,14,,41,41,1,12,2,120.648836,24.228089,2
4783,66000,387130000C,(04)23274275,(04)23288582,2025,1,12,9,34,臺中市,西區,0,0,0,7,,,50,,,,,,,,,,,,,,,,,,,B12,,,1,,1,,,50,50,1,6,4,120.65157,24.146637,3
4784,66000,387130000C,(04)23274275,(04)23288582,2025,1,12,9,35,臺中市,清水區,0,1,0,7,3,6,50,3,1,1,5,4,6,6,4,4,9,4,5,1,30,,,,,,,,,,,,,119,119,1,,,120.588582,24.29702,2
4785,66000,387130000C,(04)23274275,(04)23288582,2025,1,12,9,37,臺中市,霧峰區,0,1,0,7,1,6,50,4,1,1,5,4,6,6,4,4,10,5,5,2,16,2,7,1,1,F03,7,6,7,21,2,11,,48,48,1,12,4,120.698871,24.066237,2
4786,66000,387130000C,(04)23274275,(04)23288582,2025,1,12,9,42,臺中市,西屯區,0,0,0,7,,,0,,,,,,,,,,,,,,14,,,,,B03,,,1,,1,,,49,49,1,13,4,120.614593,24.183081,3
4787,66000,387130000C,(04)23274275,(04)23288582,2025,1,12,9,44,臺中市,北屯區,0,1,0,7,2,6,50,4,1,1,5,4,6,6,1,1,10,5,5,2,15,3,10,3,1,B03,7,9,1,8,2,8,,21,21,1,13,4,120.687631,24.186899,2
4788,66000,387130000C,(04)23274275,(04)23288582,2025,1,12,9,47,臺中市,東區,0,0,0,7,,,30,,,,,,,,,,,,,,17,,,,,B03,,,1,,1,,,84,84,1,13,4,120.697034,24.147605,3
4789,66000,387130000C,(04)23274275,(04)23288582,2025,1,12,9,47,臺中市,大安區,0,0,0,7,,,50,,,,,,,,,,,,,,,,,,,B03,,,1,,2,,,15,15,1,6,4,120.620702,24.376171,3
4790,66000,387130000C,(04)23274275,(04)23288582,2025,1,12,9,57,臺中市,南區,0,1,0,7,2,6,50,4,1,1,5,4,6,6,4,4,10,5,5,2,15,3,10,3,1,B03,7,9,1,8,2,1,,13,13,1,12,4,120.67615,24.130093,2
4791,66000,387130000C,(04)23274275,(04)23288582,2025,1,12,10,1,臺中市,西區,0,1,0,7,2,6,50,13,7,1,5,4,6,6,1,1,3,4,4,2,9,3,10,3,1,A04,7,15,1,2,2,16,,84,84,1,12,4,120.657595,24.142821,2
4792,66000,387130000C,(04)23274275,(04)23288582,2025,1,12,10,5,臺中市,西屯區,0,1,0,7,2,6,30,3,1,1,5,4,6,6,4,4,10,5,5,2,16,3,10,3,1,B03,7,6,1,8,2,4,,14,14,1,12,4,120.652198,24.15758,2
4793,66000,387130000C,(04)23274275,(04)23288582,2025,1,12,10,6,臺中市,南屯區,0,3,0,7,2,6,50,4,2,1,5,4,6,6,3,1,1,3,5,2,13,2,9,2,4,C03,7,9,1,10,2,11,14,7,7,1,13,4,120.628282,24.147786,2
4794,66000,387130000C,(04)23274275,(04)23288582,2025,1,12,10,6,臺中市,烏日區,0,0,0,7,2,6,30,3,2,1,5,4,6,6,4,4,10,5,5,2,14,3,10,3,1,B03,7,2,1,8,2,3,,49,49,1,6,4,120.639178,24.10578,3
4795,66000,387130000C,(04)23274275,(04)23288582,2025,1,12,10,13,臺中市,北屯區,0,2,0,7,2,6,30,4,1,1,5,4,6,6,4,4,10,5,5,2,15,2,9,1,1,C03,7,9,1,10,2,12,,15,15,1,6,4,120.701902,24.167534,2
4796,66000,387130000C,(04)23274275,(04)23288582,2025,1,12,10,14,臺中市,大甲區,0,1,0,7,3,6,50,13,9,1,5,4,6,6,4,4,9,5,5,1,17,3,10,3,1,B03,7,9,1,8,2,2,,85,85,1,6,4,120.62516,24.339343,2
4797,66000,387130000C,(04)23274275,(04)23288582,2025,1,12,10,20,臺中市,大雅區,0,2,0,7,3,6,30,13,9,1,5,4,6,6,4,4,10,5,5,2,17,2,9,1,1,C03,7,12,1,10,2,14,,6,6,1,12,4,120.624174,24.235445,2
4798,66000,387130000C,(04)23274275,(04)23288582,2025,1,12,10,20,臺中市,清水區,0,1,0,7,3,6,30,4,1,1,5,4,6,6,4,4,10,5,5,2,16,3,10,3,1,B03,7,5,1,8,2,8,,14,14,1,12,4,120.631366,24.277367,2
4799,66000,387130000C,(04)23274275,(04)23288582,2025,1,12,10,20,臺中市,大甲區,0,1,0,7,3,6,50,4,1,1,5,4,6,6,4,4,10,5,5,2,17,3,10,3,1,B03,7,6,1,8,2,1,,14,14,1,6,4,120.623899,24.345373,2
4800,66000,387130000C,(04)23274275,(04)23288582,2025,1,12,10,22,臺中市,西屯區,0,1,0,7,2,6,50,3,1,1,5,4,6,6,4,4,10,5,5,2,16,3,10,1,1,C03,7,6,1,10,2,11,,48,48,1,12,4,120.657928,24.164294,2
4801,66000,387130000C,(04)23274275,(04)23288582,2025,1,12,10,22,臺中市,大甲區,0,2,0,7,3,6,50,3,1,1,5,4,6,6,4,4,10,5,5,2,17,3,10,3,1,B03,7,5,1,8,2,3,,14,14,1,6,4,120.628337,24.352365,2
4802,66000,387130000C,(04)23274275,(04)23288582,2025,1,12,10,23,臺中市,西屯區,0,2,0,7,2,6,30,3,1,1,5,4,6,6,4,4,10,5,5,1,16,2,9,1,1,C03,7,9,1,10,2,11,,87,87,1,12,4,120.666171,24.173614,2
4803,66000,387130000C,(04)23274275,(04)23288582,2025,1,12,10,25,臺中市,中區,0,1,0,7,2,6,50,13,9,1,5,4,6,6,4,4,7,5,5,2,2,3,10,3,1,B03,7,1,1,8,2,1,,51,51,1,12,4,120.684125,24.139968,2
4804,66000,387130000C,(04)23274275,(04)23288582,2025,1,12,10,25,臺中市,南屯區,0,2,0,7,1,6,30,13,9,1,5,4,6,6,4,4,10,5,5,2,3,2,9,6,5,H01,8,16,7,21,10,17,,95,95,1,6,5,120.637382,24.138053,2
4805,66000,387130000C,(04)23274275,(04)23288582,2025,1,12,10,25,臺中市,太平區,0,1,0,7,2,6,30,13,9,1,5,4,6,6,4,4,10,5,5,2,17,2,9,1,1,C03,7,9,1,10,2,11,,84,84,1,6,4,120.716939,24.124045,2
4806,66000,387130000C,(04)23274275,(04)23288582,2025,1,12,10,29,臺中市,大里區,0,0,0,7,2,6,50,4,1,1,5,4,6,6,1,1,10,5,5,2,13,,,,,C03,,,1,,2,,,59,59,1,6,4,120.703742,24.093107,3
4807,66000,387130000C,(04)23274275,(04)23288582,2025,1,12,10,39,臺中市,大肚區,0,0,0,7,,,50,,,,,,,,,,,,,,12,,,,,B03,,,1,,2,,,8,8,1,6,4,120.579528,24.169746,3
4808,66000,387130000C,(04)23274275,(04)23288582,2025,1,12,10,41,臺中市,太平區,0,1,0,7,2,6,50,13,7,1,5,4,6,6,4,4,5,4,4,1,18,2,9,1,1,C03,7,9,1,10,2,14,,84,84,1,12,4,120.735411,24.127924,2
4809,66000,387130000C,(04)23274275,(04)23288582,2025,1,12,10,42,臺中市,東區,0,1,0,7,2,6,50,4,1,1,5,4,6,6,2,1,10,5,5,2,16,3,10,3,1,B03,7,5,3,19,2,2,,47,47,1,6,4,120.700211,24.132476,2
4810,66000,387130000C,(04)23274275,(04)23288582,2025,1,12,10,43,臺中市,西區,0,0,0,7,,,50,,,,,,,,,,,,,,,,,,,C03,,,1,,1,,,84,84,1,12,4,120.683312,24.138386,3
4811,66000,387130000C,(04)23274275,(04)23288582,2025,1,12,10,44,臺中市,西區,0,0,0,7,,,50,,,,,,,,,,,,,,12,,,,,C03,,,1,,2,,,20,20,1,12,4,120.671253,24.137206,4