序號,縣市別代碼,機關代碼,市話,傳真,年,月,日,時,分,縣市,區,死亡數量,受傷數量,2-30,天候,道路照明設備,道路類別,道路速限,道路型態,事故位置,路面鋪裝,路面狀態,路面缺陷,障礙物,視距,號誌種類,號誌動作,分向設施,快車道或一般車道間,快慢車道間,路面邊線,事故類型及型態,受傷程度,主要傷處,保護裝備,行動電話或功能裝置,當事者區分(類別),車輛用途,當事者行動狀態,駕照狀態,駕照種類,飲酒情形,車輛撞擊部位最初,車輛撞擊部位其他,肇事因素個別,肇事因素主要,肇事逃逸,職業,共享經濟或外送平台,GPS座標X,GPS座標Y,事故類別
5258,66000,387130000C,(04)23274275,(04)23288582,2025,1,13,9,40,臺中市,北屯區,0,0,0,7,,,40,,,,,,,,,,,,,,13,,,,,B12,,,1,,1,,,7,7,1,6,4,120.680459,24.20082,3
5259,66000,387130000C,(04)23274275,(04)23288582,2025,1,13,9,41,臺中市,梧棲區,0,0,0,7,,,40,,,,,,,,,,,,,,16,,,,,B03,,,1,,1,,,45,45,1,6,4,120.538681,24.249161,3
5260,66000,387130000C,(04)23274275,(04)23288582,2025,1,13,9,44,臺中市,西區,0,0,0,7,,,50,,,,,,,,,,,,,,,,,,,B03,,,1,,1,,,34,34,1,6,4,120.675196,24.133717,3
5261,66000,387130000C,(04)23274275,(04)23288582,2025,1,13,9,46,臺中市,西屯區,0,0,0,7,,,50,,,,,,,,,,,,,,13,,,,,A11,,,1,,1,,,7,7,1,12,4,120.603578,24.175013,3
5262,66000,387130000C,(04)23274275,(04)23288582,2025,1,13,9,47,臺中市,北區,0,2,0,7,2,6,50,13,8,1,5,4,6,6,4,4,5,4,4,2,17,2,9,5,1,C03,7,9,1,10,2,14,,8,8,1,13,4,120.694711,24.15724,2
5263,66000,387130000C,(04)23274275,(04)23288582,2025,1,13,9,51,臺中市,烏日區,0,0,0,7,,,30,,,,,,,,,,,,,,17,,,,,C03,,,1,,2,,,51,51,1,13,4,120.636275,24.100738,3
5264,66000,387130000C,(04)23274275,(04)23288582,2025,1,13,9,55,臺中市,北區,0,0,0,7,2,6,30,13,9,1,5,4,6,6,4,4,10,4,5,2,17,3,10,6,5,B03,8,13,7,21,10,4,,87,87,1,12,5,120.673427,24.157538,3
5265,66000,387130000C,(04)23274275,(04)23288582,2025,1,13,9,55,臺中市,北屯區,0,1,0,7,2,6,50,4,1,1,5,4,6,6,2,1,10,5,5,2,16,3,10,3,1,B03,7,5,1,8,2,5,,47,47,1,12,4,120.686607,24.197844,2
5266,66000,387130000C,(04)23274275,(04)23288582,2025,1,13,9,57,臺中市,大里區,0,0,0,7,,,50,,,,,,,,,,,,,,10,,,,,B12,,,1,,2,,,6,6,1,12,4,120.676135,24.116524,3
5267,66000,387130000C,(04)23274275,(04)23288582,2025,1,13,9,58,臺中市,大里區,0,2,0,7,2,6,50,13,9,1,5,4,6,6,4,4,10,5,5,1,13,3,10,2,1,C03,7,3,1,10,2,13,,84,84,1,12,4,120.671952,24.087975,2
5268,66000,387130000C,(04)23274275,(04)23288582,2025,1,13,10,2,臺中市,清水區,0,0,0,7,,,50,,,,,,,,,,,,,,,,,,,B03,,,1,,2,,,50,50,1,12,4,120.568159,24.276016,3
5269,66000,387130000C,(04)23274275,(04)23288582,2025,1,13,10,7,臺中市,南區,0,2,0,7,2,6,50,4,1,1,5,4,6,6,2,1,10,5,5,2,13,2,9,1,1,C03,7,9,1,10,2,11,,7,7,1,12,4,120.662475,24.127303,2
5270,66000,387130000C,(04)23274275,(04)23288582,2025,1,13,10,10,臺中市,北屯區,0,0,0,7,,,50,,,,,,,,,,,,,,13,,,,,B03,,,1,,2,,,84,84,1,12,4,120.686473,24.20217,3
5271,66000,387130000C,(04)23274275,(04)23288582,2025,1,13,10,11,臺中市,南區,0,0,0,7,,,50,,,,,,,,,,,,,,13,,,,,C03,,,1,,2,,,87,87,1,13,4,120.662615,24.122967,3
5272,66000,387130000C,(04)23274275,(04)23288582,2025,1,13,10,13,臺中市,大肚區,0,1,0,7,2,6,50,4,2,1,5,4,6,6,3,1,5,5,5,1,17,2,9,5,4,C03,7,9,1,10,2,11,,7,7,1,6,4,120.57305,24.156978,2
5273,66000,387130000C,(04)23274275,(04)23288582,2025,1,13,10,15,臺中市,西屯區,0,2,0,7,2,6,50,13,9,1,5,4,6,6,4,4,5,4,4,2,16,2,9,1,4,C03,7,6,1,10,2,12,,39,39,1,13,4,120.647189,24.173801,2
5274,66000,387130000C,(04)23274275,(04)23288582,2025,1,13,10,15,臺中市,西屯區,0,0,0,7,,,50,,,,,,,,,,,,,,14,,,,,B03,,,1,,9,,,49,49,1,12,4,120.603397,24.185609,3
5275,66000,387130000C,(04)23274275,(04)23288582,2025,1,13,10,18,臺中市,北區,0,2,0,7,2,6,50,4,9,1,5,4,6,6,2,1,10,5,5,2,15,3,10,3,1,B03,7,9,1,8,2,5,,21,21,1,13,4,120.66922,24.164911,2
5276,66000,387130000C,(04)23274275,(04)23288582,2025,1,13,10,23,臺中市,西屯區,0,0,0,7,,,50,,,,,,,,,,,,,,14,,,,,B03,,,1,,1,,,49,49,1,12,4,120.602869,24.186394,3
5277,66000,387130000C,(04)23274275,(04)23288582,2025,1,13,10,25,臺中市,西屯區,0,3,0,7,2,6,30,4,1,1,5,4,6,6,4,4,10,5,5,2,15,2,7,5,4,C03,7,9,1,10,1,11,,15,15,1,12,4,120.648309,24.17487,2
5278,66000,387130000C,(04)23274275,(04)23288582,2025,1,13,10,27,臺中市,北屯區,0,1,0,7,2,6,50,4,1,1,5,4,6,6,4,4,10,5,5,2,15,3,10,3,1,B03,7,9,1,8,2,2,,15,15,1,12,4,120.718149,24.172692,2
5279,66000,387130000C,(04)23274275,(04)23288582,2025,1,13,10,27,臺中市,豐原區,0,0,0,7,,,50,,,,,,,,,,,,,,11,,,,,B11,,,1,,2,,,77,77,1,12,4,120.72555,24.254651,3
5280,66000,387130000C,(04)23274275,(04)23288582,2025,1,13,10,30,臺中市,南屯區,0,0,0,7,,,50,,,,,,,,,,,,,,13,,,,,B12,,,1,,1,,,59,59,1,12,4,120.616286,24.146186,3
5281,66000,387130000C,(04)23274275,(04)23288582,2025,1,13,10,31,臺中市,東區,0,1,0,7,2,6,50,4,1,1,5,4,6,6,1,1,9,5,4,2,17,3,10,3,1,B02,7,6,1,8,2,1,,11,11,1,12,4,120.70508,24.137616,2
5282,66000,387130000C,(04)23274275,(04)23288582,2025,1,13,10,35,臺中市,北屯區,0,0,0,7,,,30,,,,,,,,,,,,,,12,,,,,B11,,,1,,1,,,84,84,1,6,4,120.66606,24.179925,3
5283,66000,387130000C,(04)23274275,(04)23288582,2025,1,13,10,35,臺中市,龍井區,0,1,0,7,3,6,70,4,1,1,5,3,6,6,3,1,10,5,5,2,23,2,9,3,1,B11,7,9,1,4,2,5,,59,59,1,6,4,120.543503,24.180624,2
5284,66000,387130000C,(04)23274275,(04)23288582,2025,1,13,10,35,臺中市,豐原區,0,1,0,7,2,6,50,13,9,1,5,4,5,6,4,4,5,5,5,1,12,3,10,5,4,B03,7,9,1,8,2,2,,8,8,1,12,4,120.719053,24.249585,2
5285,66000,387130000C,(04)23274275,(04)23288582,2025,1,13,10,42,臺中市,大里區,0,0,0,7,,,50,,,,,,,,,,,,,,13,,,,,B03,,,1,,1,,,56,56,1,13,4,120.687275,24.087544,3
5286,66000,387130000C,(04)23274275,(04)23288582,2025,1,13,10,45,臺中市,中區,0,2,0,7,2,6,50,4,1,1,5,4,6,6,1,1,10,5,5,2,17,2,9,1,1,C03,7,6,1,10,2,13,,84,84,1,12,4,120.675542,24.144044,2
5287,66000,387130000C,(04)23274275,(04)23288582,2025,1,13,10,45,臺中市,豐原區,0,0,0,7,,,50,,,,,,,,,,,,,,17,,,,,B03,,,1,,2,,,59,59,1,12,4,120.744535,24.264695,3
5288,66000,387130000C,(04)23274275,(04)23288582,2025,1,13,10,48,臺中市,大雅區,0,2,0,7,3,6,50,3,1,1,5,4,6,6,3,1,10,5,5,2,17,2,9,2,1,C03,7,9,1,10,2,11,,85,85,1,12,4,120.649579,24.216446,2
5289,66000,387130000C,(04)23274275,(04)23288582,2025,1,13,10,50,臺中市,北屯區,0,0,0,7,,,50,,,,,,,,,,,,,,12,,,,,C03,,,1,,1,,,58,58,1,6,4,120.693319,24.183058,3
5290,66000,387130000C,(04)23274275,(04)23288582,2025,1,13,10,50,臺中市,豐原區,0,0,0,7,,,50,,,,,,,,,,,,,,11,,,,,B11,,,1,,9,,,76,76,1,12,4,120.69949,24.246445,3
5291,66000,387130000C,(04)23274275,(04)23288582,2025,1,13,10,54,臺中市,南區,0,1,0,7,3,6,50,3,1,1,5,4,6,6,1,1,10,5,5,2,16,3,10,3,1,B03,7,5,1,8,2,5,,11,11,1,13,4,120.651671,24.120977,2
5292,66000,387130000C,(04)23274275,(04)23288582,2025,1,13,10,55,臺中市,西區,0,0,0,7,,,50,,,,,,,,,,,,,,12,,,,,B03,,,1,,1,,,59,59,1,12,4,120.672712,24.131897,4
5293,66000,387130000C,(04)23274275,(04)23288582,2025,1,13,10,56,臺中市,南屯區,0,3,0,7,2,6,50,4,1,1,5,4,6,6,4,4,10,5,5,2,15,2,9,1,1,C03,7,9,1,10,2,14,,12,12,1,11,4,120.653952,24.143828,2
5294,66000,387130000C,(04)23274275,(04)23288582,2025,1,13,11,0,臺中市,西區,0,0,0,7,,,50,,,,,,,,,,,,,,17,,,,,B03,,,1,,1,,,84,84,1,12,4,120.675485,24.141483,3
5295,66000,387130000C,(04)23274275,(04)23288582,2025,1,13,11,1,臺中市,北屯區,0,0,0,7,,,50,,,,,,,,,,,,,,12,,,,,B03,,,1,,1,,,40,40,1,12,4,120.694259,24.16491,3
5296,66000,387130000C,(04)23274275,(04)23288582,2025,1,13,11,7,臺中市,大里區,0,1,0,7,3,6,50,4,1,1,5,4,6,6,1,1,10,5,5,2,3,3,10,3,1,B03,7,5,1,8,2,5,,58,58,1,13,4,120.702471,24.087356,2
5297,66000,387130000C,(04)23274275,(04)23288582,2025,1,13,11,8,臺中市,東區,0,2,0,7,2,6,30,4,1,1,5,4,6,6,4,4,10,5,5,2,16,2,9,1,1,C03,7,9,1,10,2,12,,84,84,1,12,4,120.703943,24.146822,2
5298,66000,387130000C,(04)23274275,(04)23288582,2025,1,13,11,10,臺中市,大里區,0,1,0,7,3,6,50,3,2,1,5,4,6,6,2,1,1,4,4,1,13,3,10,1,1,C03,7,9,1,10,2,11,,7,7,1,13,4,120.678426,24.10373,2
5299,66000,387130000C,(04)23274275,(04)23288582,2025,1,13,11,10,臺中市,烏日區,0,1,0,7,2,6,30,13,9,1,5,4,6,6,4,4,10,5,5,2,17,3,10,1,1,C03,7,1,1,10,2,13,,51,51,1,6,4,120.624041,24.108465,2
5300,66000,387130000C,(04)23274275,(04)23288582,2025,1,13,11,15,臺中市,北屯區,0,1,0,7,2,6,50,13,9,1,5,4,6,6,4,4,1,4,5,2,12,3,10,3,1,B03,7,10,1,8,2,2,,43,43,1,12,4,120.711543,24.182405,2
5301,66000,387130000C,(04)23274275,(04)23288582,2025,1,13,11,16,臺中市,北屯區,0,0,0,7,,,50,,,,,,,,,,,,,,17,,,,,C03,,,1,,1,,,85,85,1,12,4,120.694104,24.164246,3
5302,66000,387130000C,(04)23274275,(04)23288582,2025,1,13,11,17,臺中市,大雅區,0,1,0,7,1,6,50,4,2,1,5,4,6,6,4,4,5,5,5,1,17,2,9,1,1,C03,7,9,1,10,2,12,,15,15,1,13,4,120.666828,24.237868,2
5303,66000,387130000C,(04)23274275,(04)23288582,2025,1,13,11,17,臺中市,烏日區,0,0,0,7,,,50,,,,,,,,,,,,,,12,,,,,B03,,,1,,1,,,1,1,1,13,4,120.649522,24.107209,3
5304,66000,387130000C,(04)23274275,(04)23288582,2025,1,13,11,18,臺中市,南區,0,0,0,7,,,50,,,,,,,,,,,,,,,,,,,F01,,,7,,2,,,4,4,1,13,4,120.679313,24.131395,3
5305,66000,387130000C,(04)23274275,(04)23288582,2025,1,13,11,20,臺中市,北屯區,0,1,0,7,1,6,50,4,1,1,5,4,6,6,2,1,10,5,5,2,12,3,10,2,1,C03,7,9,1,10,2,12,,42,42,1,6,4,120.691358,24.165873,2
5306,66000,387130000C,(04)23274275,(04)23288582,2025,1,13,11,23,臺中市,西區,0,0,0,7,,,50,,,,,,,,,,,,,,,,,,,G03,,,1,,1,,,84,84,1,12,4,120.669191,24.136306,3
5307,66000,387130000C,(04)23274275,(04)23288582,2025,1,13,11,25,臺中市,北屯區,0,0,0,7,,,50,,,,,,,,,,,,,,13,,,,,B03,,,1,8,1,,,84,84,1,6,4,120.719774,24.180234,3
5308,66000,387130000C,(04)23274275,(04)23288582,2025,1,13,11,25,臺中市,北屯區,0,0,0,7,,,30,,,,,,,,,,,,,,9,,,,,B12,,,1,,1,,,49,49,1,6,4,120.663511,24.197047,3
5309,66000,387130000C,(04)23274275,(04)23288582,2025,1,13,11,25,臺中市,西屯區,0,1,0,7,2,6,50,13,8,1,5,4,6,6,4,4,1,4,1,2,23,2,9,5,4,C01,7,7,1,9,2,11,,84,84,1,13,4,120.63639,24.18328,2
5310,66000,387130000C,(04)23274275,(04)23288582,2025,1,13,11,27,臺中市,西屯區,0,1,0,7,2,6,50,13,9,1,5,4,6,6,4,4,3,4,5,2,30,2,9,5,4,C03,7,9,1,10,2,14,11,82,82,1,13,4,120.635661,24.179204,2
5311,66000,387130000C,(04)23274275,(04)23288582,2025,1,13,11,28,臺中市,中區,0,0,0,7,,,50,,,,,,,,,,,,,,,,,,,C03,,,1,,2,,,7,7,1,6,2,120.681386,24.140824,3
5312,66000,387130000C,(04)23274275,(04)23288582,2025,1,13,11,28,臺中市,大里區,0,2,0,7,3,6,50,3,1,1,5,4,6,6,4,4,10,5,5,2,12,2,9,1,1,C03,7,11,1,10,2,14,,32,32,1,6,2,120.683565,24.091915,2
5313,66000,387130000C,(04)23274275,(04)23288582,2025,1,13,11,32,臺中市,大雅區,0,1,0,7,2,6,50,3,9,1,5,4,6,6,3,1,10,4,5,1,17,2,9,1,1,C03,7,1,1,10,2,11,,20,20,1,12,4,120.675499,24.229556,2
5314,66000,387130000C,(04)23274275,(04)23288582,2025,1,13,11,32,臺中市,北區,0,1,0,7,2,6,50,3,1,1,5,4,6,6,4,4,10,5,5,2,17,2,9,1,1,C03,7,6,1,10,2,12,,14,14,1,13,4,120.680931,24.151866,2
5315,66000,387130000C,(04)23274275,(04)23288582,2025,1,13,11,32,臺中市,清水區,0,1,0,7,3,6,50,5,2,1,5,4,6,6,2,1,5,5,5,1,12,3,10,3,1,B03,7,9,1,8,2,5,,84,84,1,12,4,120.575202,24.278148,2
5316,66000,387130000C,(04)23274275,(04)23288582,2025,1,13,11,35,臺中市,西屯區,0,0,0,7,,,50,,,,,,,,,,,,,,12,,,,,B01,,,1,,1,,,40,40,1,12,4,120.637487,24.175913,3
5317,66000,387130000C,(04)23274275,(04)23288582,2025,1,13,11,35,臺中市,烏日區,0,0,0,7,,,50,,,,,,,,,,,,,,14,,,,,B03,,,1,,1,,,49,49,1,12,4,120.624113,24.102889,3
5318,66000,387130000C,(04)23274275,(04)23288582,2025,1,13,11,37,臺中市,北區,0,0,0,7,,,50,,,,,,,,,,,,,,17,,,,,B03,,,1,,1,,,39,39,1,13,4,120.673769,24.155966,3
5319,66000,387130000C,(04)23274275,(04)23288582,2025,1,13,11,37,臺中市,西屯區,0,0,0,7,,,60,,,,,,,,,,,,,,13,,,,,B03,,,1,,1,,,7,7,1,12,4,120.648677,24.163068,3
5320,66000,387130000C,(04)23274275,(04)23288582,2025,1,13,11,38,臺中市,潭子區,0,0,0,7,,,50,,,,,,,,,,,,,,,,,,,B12,,,1,,2,,,84,84,1,13,4,120.681224,24.207523,3
5321,66000,387130000C,(04)23274275,(04)23288582,2025,1,13,11,38,臺中市,北屯區,0,1,0,7,2,6,50,3,1,1,5,4,6,6,4,4,10,5,5,2,16,3,10,3,1,B03,7,6,1,8,2,4,,13,13,1,6,4,120.659315,24.182527,2
5322,66000,387130000C,(04)23274275,(04)23288582,2025,1,13,11,40,臺中市,北屯區,0,0,0,7,,,50,,,,,,,,,,,,,,14,,,,,A12,,,1,,1,,,49,49,1,12,4,120.710702,24.182062,3
5323,66000,387130000C,(04)23274275,(04)23288582,2025,1,13,11,40,臺中市,太平區,0,0,0,7,,,50,,,,,,,,,,,,,,12,,,,,C03,,,1,,9,,,84,84,1,12,4,120.716081,24.141856,3
5324,66000,387130000C,(04)23274275,(04)23288582,2025,1,13,11,41,臺中市,潭子區,0,0,0,7,,,50,,,,,,,,,,,,,,,,,,,,,,,,,,,86,86,1,,,120.70072,24.216181,3
5325,66000,387130000C,(04)23274275,(04)23288582,2025,1,13,11,42,臺中市,西區,0,1,0,7,2,6,50,4,1,1,5,4,6,6,1,1,10,5,5,2,17,3,10,1,1,C03,7,15,1,10,2,12,,84,84,1,12,4,120.652988,24.150881,2
5326,66000,387130000C,(04)23274275,(04)23288582,2025,1,13,11,46,臺中市,霧峰區,0,0,0,7,,,50,,,,,,,,,,,,,,14,,,,,B12,,,1,,2,,,49,49,1,6,4,120.70951,24.072482,3
5327,66000,387130000C,(04)23274275,(04)23288582,2025,1,13,11,48,臺中市,東區,0,3,0,7,2,6,50,3,1,1,5,4,6,6,1,1,5,3,5,2,13,2,9,1,1,F03,7,9,7,21,2,14,,6,6,1,13,4,120.699171,24.147947,2
5328,66000,387130000C,(04)23274275,(04)23288582,2025,1,13,11,50,臺中市,新社區,0,1,0,7,1,6,50,13,9,1,5,4,6,6,4,4,8,3,5,2,21,2,9,1,1,C03,7,9,1,10,2,11,,59,59,1,12,4,120.81595,24.198599,2
5329,66000,387130000C,(04)23274275,(04)23288582,2025,1,13,11,51,臺中市,北屯區,0,0,0,7,,,50,,,,,,,,,,,,,,,,,,,C03,,,1,,1,,,7,7,1,12,4,120.6721,24.174077,4
5330,66000,387130000C,(04)23274275,(04)23288582,2025,1,13,11,52,臺中市,沙鹿區,0,1,0,7,2,6,50,4,1,1,5,4,6,6,1,1,10,5,5,2,13,3,10,3,1,B03,7,9,1,8,2,1,,84,84,1,6,4,120.569922,24.244434,2
5331,66000,387130000C,(04)23274275,(04)23288582,2025,1,13,11,52,臺中市,沙鹿區,0,0,0,7,,,50,,,,,,,,,,,,,,17,,,,,B03,,,1,,2,,,59,59,1,13,4,120.566133,24.213081,4
5332,66000,387130000C,(04)23274275,(04)23288582,2025,1,13,11,52,臺中市,大甲區,0,2,0,7,3,6,50,5,1,1,5,4,6,6,1,1,10,5,5,2,17,2,9,1,1,C03,7,6,1,10,2,11,,23,23,1,6,4,120.621961,24.34425,2
5333,66000,387130000C,(04)23274275,(04)23288582,2025,1,13,11,53,臺中市,龍井區,0,1,0,7,2,6,60,4,1,1,5,4,6,6,2,1,10,5,5,2,16,3,10,5,4,B03,7,6,1,8,2,2,,25,25,1,12,4,120.585716,24.185847,2
5334,66000,387130000C,(04)23274275,(04)23288582,2025,1,13,11,54,臺中市,清水區,0,1,0,7,3,6,30,4,1,1,5,4,6,6,4,4,10,4,5,1,15,2,9,2,1,C03,7,9,1,10,2,11,,15,15,1,12,4,120.56576,24.271692,2
5335,66000,387130000C,(04)23274275,(04)23288582,2025,1,13,11,56,臺中市,太平區,0,1,0,7,2,6,30,5,1,1,5,4,6,6,3,1,10,5,5,2,15,2,9,1,1,C03,7,9,1,10,2,14,,24,24,1,6,4,120.721091,24.122225,2
5336,66000,387130000C,(04)23274275,(04)23288582,2025,1,13,11,58,臺中市,后里區,0,0,0,7,,,50,,,,,,,,,,,,,,17,,,,,B12,,,3,,2,,,8,8,1,12,4,120.712419,24.306867,3
5337,66000,387130000C,(04)23274275,(04)23288582,2025,1,13,11,59,臺中市,北區,0,0,0,7,,,50,,,,,,,,,,,,,,17,,,,,C03,,,1,,2,,,84,84,1,13,4,120.684877,24.166931,4
5338,66000,387130000C,(04)23274275,(04)23288582,2025,1,13,12,0,臺中市,南屯區,0,0,0,7,,,,,,,,,,,,,,,,,,,,,,,,,,,,,,119,119,1,,,120.643271,24.152576,4
5339,66000,387130000C,(04)23274275,(04)23288582,2025,1,13,12,0,臺中市,清水區,0,1,0,7,3,6,30,3,1,1,5,4,6,5,4,4,10,5,5,2,11,3,10,3,1,B03,7,5,1,8,2,7,,84,84,1,12,4,120.567979,24.267937,2
5340,66000,387130000C,(04)23274275,(04)23288582,2025,1,13,12,3,臺中市,北屯區,0,0,0,7,,,50,,,,,,,,,,,,,,13,,,,,B03,,,1,,2,,,84,84,1,12,4,120.704077,24.169368,3
5341,66000,387130000C,(04)23274275,(04)23288582,2025,1,13,12,4,臺中市,梧棲區,0,0,0,7,,,50,,,,,,,,,,,,,,12,,,,,B12,,,1,,2,,,58,58,1,13,4,120.529056,24.243705,3
5342,66000,387130000C,(04)23274275,(04)23288582,2025,1,13,12,5,臺中市,梧棲區,0,0,0,7,,,50,,,,,,,,,,,,,,13,,,,,C03,,,1,,2,,,84,84,1,6,2,120.538852,24.241515,3
5343,66000,387130000C,(04)23274275,(04)23288582,2025,1,13,12,12,臺中市,南屯區,0,0,0,7,,,40,,,,,,,,,,,,,,14,,,,,B12,,,1,,2,,,78,78,1,13,4,120.594805,24.148592,3
5344,66000,387130000C,(04)23274275,(04)23288582,2025,1,13,12,15,臺中市,北屯區,0,1,0,7,1,6,30,4,2,1,5,4,6,6,1,1,10,5,5,2,17,3,10,3,1,B03,7,5,1,8,2,8,,47,47,1,6,4,120.744828,24.187624,2
5345,66000,387130000C,(04)23274275,(04)23288582,2025,1,13,12,19,臺中市,霧峰區,0,0,0,7,,,40,,,,,,,,,,,,,,17,,,,,B03,,,1,,9,,,51,51,1,6,4,120.698838,24.066713,3
5346,66000,387130000C,(04)23274275,(04)23288582,2025,1,13,12,20,臺中市,大雅區,0,0,0,7,,,50,,,,,,,,,,,,,,,,,,,B12,,,1,,2,,,39,39,1,13,4,120.655743,24.229904,3
5347,66000,387130000C,(04)23274275,(04)23288582,2025,1,13,12,28,臺中市,霧峰區,0,0,0,7,,,30,,,,,,,,,,,,,,11,,,,,B12,,,1,,1,,,8,8,1,13,4,120.684888,24.039167,3
5348,66000,387130000C,(04)23274275,(04)23288582,2025,1,13,12,30,臺中市,西區,0,0,0,7,,,50,,,,,,,,,,,,,,9,,,,,B13,,,1,,1,,,8,8,1,12,4,120.660434,24.152634,3
5349,66000,387130000C,(04)23274275,(04)23288582,2025,1,13,12,33,臺中市,大雅區,0,0,0,7,,,70,,,,,,,,,,,,,,,,,,,A41,,,1,,2,,,84,84,1,12,4,120.630509,24.240942,3
5350,66000,387130000C,(04)23274275,(04)23288582,2025,1,13,12,33,臺中市,西屯區,0,0,0,7,,,50,,,,,,,,,,,,,,13,,,,,C03,,,1,,1,,,7,7,1,12,4,120.646886,24.15706,3
5351,66000,387130000C,(04)23274275,(04)23288582,2025,1,13,12,35,臺中市,西屯區,0,0,0,7,,,50,,,,,,,,,,,,,,14,,,,,B12,,,1,,1,,,85,85,1,13,4,120.636968,24.172684,3
5352,66000,387130000C,(04)23274275,(04)23288582,2025,1,13,12,50,臺中市,南屯區,0,1,0,7,2,6,50,4,1,1,5,4,6,6,1,1,10,5,5,2,18,2,9,2,1,C03,7,9,1,10,2,12,,59,59,1,12,4,120.646988,24.150805,2
5353,66000,387130000C,(04)23274275,(04)23288582,2025,1,13,12,54,臺中市,西區,0,2,0,7,2,6,50,3,2,1,5,4,6,6,4,4,5,5,5,2,13,2,9,2,1,C03,7,9,1,10,2,11,,59,59,1,12,4,120.664302,24.144325,2
5354,66000,387130000C,(04)23274275,(04)23288582,2025,1,13,12,55,臺中市,南區,0,0,0,7,,,50,,,,,,,,,,,,,,13,,,,,B03,,,1,,2,,,7,7,1,13,4,120.655457,24.115199,4
5355,66000,387130000C,(04)23274275,(04)23288582,2025,1,13,12,57,臺中市,豐原區,0,1,0,7,2,6,50,13,8,1,5,4,6,6,4,4,5,5,4,2,14,3,10,3,1,B03,7,2,3,19,2,3,,49,49,1,13,4,120.717757,24.253195,2
5356,66000,387130000C,(04)23274275,(04)23288582,2025,1,13,12,58,臺中市,太平區,0,0,0,7,2,6,40,3,2,1,5,4,6,6,1,1,5,5,4,2,17,3,10,1,1,C03,7,15,1,9,2,14,,40,40,1,6,4,120.717628,24.102919,3
5357,66000,387130000C,(04)23274275,(04)23288582,2025,1,13,13,0,臺中市,南屯區,0,0,0,7,,,50,,,,,,,,,,,,,,12,,,,,B02,,,1,,9,,,39,39,1,12,4,120.638358,24.147176,3
5358,66000,387130000C,(04)23274275,(04)23288582,2025,1,13,13,3,臺中市,大里區,0,2,0,7,2,6,50,4,2,1,5,4,6,6,1,1,10,5,5,2,17,2,9,2,1,C03,7,9,1,10,2,11,,7,7,1,12,4,120.667044,24.105244,2
5359,66000,387130000C,(04)23274275,(04)23288582,2025,1,13,13,10,臺中市,北屯區,0,0,0,7,,,50,,,,,,,,,,,,,,9,,,,,B02,,,1,,1,,,51,51,1,6,4,120.673201,24.174272,3
5360,66000,387130000C,(04)23274275,(04)23288582,2025,1,13,13,15,臺中市,西區,0,0,0,7,,,50,,,,,,,,,,,,,,,,,,,B03,,,1,,2,,,84,84,1,13,4,120.676046,24.137181,3
5361,66000,387130000C,(04)23274275,(04)23288582,2025,1,13,13,20,臺中市,大雅區,0,1,0,7,1,6,50,4,1,1,5,4,6,6,1,1,5,5,5,1,17,3,10,3,1,B03,7,6,1,2,2,5,,87,87,1,13,4,120.653182,24.24787,2
5362,66000,387130000C,(04)23274275,(04)23288582,2025,1,13,13,20,臺中市,西屯區,0,0,0,7,,,60,,,,,,,,,,,,,,13,,,,,B03,,,1,,1,,,7,7,1,12,4,120.647847,24.196114,3
5363,66000,387130000C,(04)23274275,(04)23288582,2025,1,13,13,21,臺中市,西屯區,0,0,0,7,,,50,,,,,,,,,,,,,,16,,,,,B03,,,1,,1,,,8,8,1,13,4,120.666962,24.172952,3
5364,66000,387130000C,(04)23274275,(04)23288582,2025,1,13,13,23,臺中市,北區,0,1,0,7,2,6,50,3,1,1,5,4,6,6,4,4,1,5,5,2,12,3,10,1,1,C03,7,5,1,10,2,12,,14,14,1,13,4,120.686497,24.155216,2
5365,66000,387130000C,(04)23274275,(04)23288582,2025,1,13,13,31,臺中市,西區,0,1,0,7,3,6,40,4,1,1,5,4,6,6,2,1,10,5,5,2,16,3,10,3,1,B03,7,5,1,8,2,5,,11,11,1,13,4,120.663775,24.154648,2
5366,66000,387130000C,(04)23274275,(04)23288582,2025,1,13,13,31,臺中市,大肚區,0,0,0,7,,,30,,,,,,,,,,,,,,,,,,,B02,,,1,,9,,,51,51,2,6,4,120.567836,24.124313,3
5367,66000,387130000C,(04)23274275,(04)23288582,2025,1,13,13,33,臺中市,南區,0,0,0,7,,,50,,,,,,,,,,,,,,17,,,,,B03,,,1,,1,,,84,84,1,13,4,120.683922,24.131912,3
5368,66000,387130000C,(04)23274275,(04)23288582,2025,1,13,13,33,臺中市,北屯區,0,0,0,7,,,50,,,,,,,,,,,,,,13,,,,,B03,,,1,,1,,,59,59,1,12,4,120.705738,24.1648,3
5369,66000,387130000C,(04)23274275,(04)23288582,2025,1,13,13,37,臺中市,南區,0,0,0,7,,,30,,,,,,,,,,,,,,14,,,,,A11,,,1,,1,,,49,49,1,12,4,120.657243,24.119846,3