序號,縣市別代碼,機關代碼,市話,傳真,年,月,日,時,分,縣市,區,死亡數量,受傷數量,2-30,天候,道路照明設備,道路類別,道路速限,道路型態,事故位置,路面鋪裝,路面狀態,路面缺陷,障礙物,視距,號誌種類,號誌動作,分向設施,快車道或一般車道間,快慢車道間,路面邊線,事故類型及型態,受傷程度,主要傷處,保護裝備,行動電話或功能裝置,當事者區分(類別),車輛用途,當事者行動狀態,駕照狀態,駕照種類,飲酒情形,車輛撞擊部位最初,車輛撞擊部位其他,肇事因素個別,肇事因素主要,肇事逃逸,職業,共享經濟或外送平台,GPS座標X,GPS座標Y,事故類別
5481,66000,387130000C,(04)23274275,(04)23288582,2025,1,13,16,42,臺中市,北區,0,0,0,7,,,50,,,,,,,,,,,,,,17,,,,,B03,,,1,,1,,,84,84,1,13,4,120.675262,24.149593,3
5482,66000,387130000C,(04)23274275,(04)23288582,2025,1,13,16,49,臺中市,大里區,0,0,0,7,,,80,,,,,,,,,,,,,,13,,,,,B03,,,1,,2,,,7,7,1,12,4,120.693881,24.106241,3
5483,66000,387130000C,(04)23274275,(04)23288582,2025,1,13,16,53,臺中市,大里區,0,1,0,7,2,6,50,3,1,1,5,4,6,6,4,4,10,5,5,2,16,3,10,3,1,B13,7,5,1,8,2,8,,13,13,1,6,4,120.708741,24.094733,2
5484,66000,387130000C,(04)23274275,(04)23288582,2025,1,13,16,54,臺中市,北屯區,0,0,0,7,,,50,,,,,,,,,,,,,,16,,,,,B03,,,1,,1,,,20,20,1,12,4,120.688032,24.173379,3
5485,66000,387130000C,(04)23274275,(04)23288582,2025,1,13,16,55,臺中市,霧峰區,0,2,0,7,2,6,50,3,1,1,5,4,6,6,4,4,10,5,5,2,17,2,9,1,1,C03,7,6,1,10,2,12,,14,14,1,12,4,120.679309,24.065029,2
5486,66000,387130000C,(04)23274275,(04)23288582,2025,1,13,16,55,臺中市,大里區,0,0,0,7,,,50,,,,,,,,,,,,,,14,,,,,B03,,,1,,2,,,49,49,1,13,4,120.689778,24.116317,3
5487,66000,387130000C,(04)23274275,(04)23288582,2025,1,13,16,57,臺中市,太平區,0,2,0,7,2,6,30,4,1,1,5,4,6,6,4,4,5,5,5,2,15,2,9,1,1,C03,7,9,1,10,2,12,,12,12,1,6,4,120.714067,24.123827,2
5488,66000,387130000C,(04)23274275,(04)23288582,2025,1,13,16,58,臺中市,豐原區,0,2,0,7,2,6,50,4,9,1,5,4,6,6,4,4,10,5,5,1,15,2,8,1,1,C03,7,9,1,10,2,12,,12,12,1,12,4,120.708547,24.239486,2
5489,66000,387130000C,(04)23274275,(04)23288582,2025,1,13,17,1,臺中市,大里區,0,1,0,7,2,6,50,4,1,1,5,4,6,6,1,1,5,2,4,2,16,2,8,1,1,C03,7,6,1,10,2,14,,48,48,1,13,4,120.68914,24.119365,2
5490,66000,387130000C,(04)23274275,(04)23288582,2025,1,13,17,5,臺中市,清水區,0,1,0,7,3,6,30,4,1,1,5,4,6,5,4,4,10,5,5,2,15,2,8,1,1,C03,7,9,1,10,2,11,,15,15,1,12,4,120.556868,24.275702,2
5491,66000,387130000C,(04)23274275,(04)23288582,2025,1,13,17,5,臺中市,后里區,0,0,0,7,2,6,30,5,1,1,5,4,6,6,1,1,5,4,5,1,17,3,10,3,1,B03,7,9,1,8,2,5,,84,84,1,12,4,120.68068,24.311199,3
5492,66000,387130000C,(04)23274275,(04)23288582,2025,1,13,17,6,臺中市,大甲區,0,1,0,7,3,6,50,4,1,1,5,4,6,6,1,1,10,5,5,2,17,3,10,3,1,B03,7,5,1,8,2,2,,11,11,1,6,4,120.618131,24.339063,2
5493,66000,387130000C,(04)23274275,(04)23288582,2025,1,13,17,9,臺中市,東區,0,0,0,7,,,50,,,,,,,,,,,,,,2,,,,,C03,,,1,,2,,,8,8,1,12,4,120.705384,24.1404,3
5494,66000,387130000C,(04)23274275,(04)23288582,2025,1,13,17,9,臺中市,神岡區,0,1,0,7,2,6,50,4,1,1,5,4,6,6,1,1,10,5,5,2,18,2,1,5,4,C03,7,9,1,10,2,15,,43,43,1,12,4,120.689117,24.239186,2
5495,66000,387130000C,(04)23274275,(04)23288582,2025,1,13,17,10,臺中市,豐原區,0,1,0,7,2,6,30,3,1,1,5,4,6,6,4,4,10,5,5,2,11,3,10,3,1,B03,7,5,1,8,2,5,,20,20,1,6,4,120.721604,24.249666,2
5496,66000,387130000C,(04)23274275,(04)23288582,2025,1,13,17,12,臺中市,南屯區,0,1,0,7,1,6,50,13,9,1,5,4,6,6,4,4,9,5,5,2,17,2,9,2,1,C03,7,9,1,10,2,11,,7,7,1,12,4,120.611003,24.145837,2
5497,66000,387130000C,(04)23274275,(04)23288582,2025,1,13,17,12,臺中市,太平區,0,1,0,7,2,6,50,13,9,1,5,4,6,6,4,4,5,5,5,2,28,,,,,,,,,,,,,118,118,1,,,120.722285,24.107819,2
5498,66000,387130000C,(04)23274275,(04)23288582,2025,1,13,17,13,臺中市,北屯區,0,0,0,7,,,50,,,,,,,,,,,,,,16,,,,,B03,,,1,,2,,,14,14,1,12,4,120.663834,24.184766,3
5499,66000,387130000C,(04)23274275,(04)23288582,2025,1,13,17,15,臺中市,南屯區,0,0,0,7,,,50,,,,,,,,,,,,,,17,,,,,B03,,,1,,2,,,77,77,1,12,4,120.644232,24.138567,3
5500,66000,387130000C,(04)23274275,(04)23288582,2025,1,13,17,16,臺中市,大里區,0,0,0,7,,,40,,,,,,,,,,,,,,12,,,,,C03,,,1,,2,,,40,40,1,12,4,120.692544,24.090938,3
5501,66000,387130000C,(04)23274275,(04)23288582,2025,1,13,17,16,臺中市,神岡區,0,0,0,7,,,50,,,,,,,,,,,,,,13,,,,,B03,,,1,,1,,,7,7,1,13,4,120.653778,24.271688,3
5502,66000,387130000C,(04)23274275,(04)23288582,2025,1,13,17,19,臺中市,潭子區,0,1,0,7,2,6,50,13,9,1,5,4,6,6,4,4,5,4,5,1,13,2,8,2,1,C03,7,9,1,10,2,11,,7,7,1,12,4,120.710492,24.20942,2
5503,66000,387130000C,(04)23274275,(04)23288582,2025,1,13,17,20,臺中市,大雅區,0,0,0,7,1,6,30,4,2,1,5,4,6,6,4,4,10,5,5,1,17,,,,,B03,,,1,,2,,,49,49,1,13,4,120.65293,24.226149,3
5504,66000,387130000C,(04)23274275,(04)23288582,2025,1,13,17,20,臺中市,大雅區,0,1,0,7,3,6,30,11,9,1,5,4,6,6,4,4,10,5,5,1,17,2,8,1,1,C03,7,9,1,10,2,11,,84,84,1,12,4,120.659241,24.230537,2
5505,66000,387130000C,(04)23274275,(04)23288582,2025,1,13,17,20,臺中市,西區,0,1,0,7,1,6,50,3,1,1,5,4,6,6,4,4,10,5,5,2,17,3,10,5,4,B03,7,6,1,8,2,1,,84,84,1,12,4,120.656278,24.15333,2
5506,66000,387130000C,(04)23274275,(04)23288582,2025,1,13,17,21,臺中市,南屯區,0,0,0,7,,,40,,,,,,,,,,,,,,,,,,,C03,,,1,,1,,,84,84,1,13,4,120.61697,24.153453,3
5507,66000,387130000C,(04)23274275,(04)23288582,2025,1,13,17,21,臺中市,北屯區,0,2,0,7,1,6,60,4,2,1,5,4,6,6,1,1,5,4,4,2,12,3,10,1,1,C03,7,4,1,10,2,13,,84,84,1,13,4,120.705646,24.164669,2
5508,66000,387130000C,(04)23274275,(04)23288582,2025,1,13,17,22,臺中市,太平區,0,3,0,7,2,6,50,3,2,1,5,4,6,6,4,4,9,5,4,1,16,2,3,3,1,B03,7,5,1,8,2,6,,14,14,1,6,4,120.72895,24.103447,2
5509,66000,387130000C,(04)23274275,(04)23288582,2025,1,13,17,23,臺中市,西屯區,0,0,0,7,,,50,,,,,,,,,,,,,,13,,,,,B03,,,1,,1,,,59,59,1,13,4,120.624591,24.178522,3
5510,66000,387130000C,(04)23274275,(04)23288582,2025,1,13,17,24,臺中市,烏日區,0,0,0,7,,,50,,,,,,,,,,,,,,12,,,,,B03,,,1,,1,,,8,8,1,13,4,120.616358,24.105482,3
5511,66000,387130000C,(04)23274275,(04)23288582,2025,1,13,17,25,臺中市,南屯區,0,2,0,7,2,6,50,13,9,1,5,4,6,6,4,4,9,4,5,2,13,2,9,1,1,C03,7,9,1,10,2,11,,7,7,1,12,4,120.64697,24.140688,2
5512,66000,387130000C,(04)23274275,(04)23288582,2025,1,13,17,25,臺中市,西屯區,0,0,0,7,,,30,,,,,,,,,,,,,,14,,,,,B03,,,1,,2,,,49,49,1,12,4,120.594246,24.196228,3
5513,66000,387130000C,(04)23274275,(04)23288582,2025,1,13,17,27,臺中市,北區,0,0,0,7,,,50,,,,,,,,,,,,,,17,,,,,B03,,,1,,1,,,51,51,1,12,4,120.679938,24.160362,3
5514,66000,387130000C,(04)23274275,(04)23288582,2025,1,13,17,28,臺中市,潭子區,0,0,0,7,,,60,,,,,,,,,,,,,,,,,,,C03,,,3,,2,,,84,84,1,13,4,120.702633,24.196934,3
5515,66000,387130000C,(04)23274275,(04)23288582,2025,1,13,17,30,臺中市,沙鹿區,0,0,0,7,,,40,,,,,,,,,,,,,,12,,,,,B03,,,1,,8,,,65,65,1,12,4,120.566367,24.25093,3
5516,66000,387130000C,(04)23274275,(04)23288582,2025,1,13,17,32,臺中市,北屯區,0,1,0,6,1,6,50,4,1,1,5,4,6,6,4,4,10,5,5,2,13,2,9,2,1,C03,7,9,3,19,2,11,,7,7,1,6,4,120.673392,24.181428,2
5517,66000,387130000C,(04)23274275,(04)23288582,2025,1,13,17,33,臺中市,西區,0,1,0,7,3,6,50,3,1,1,5,4,6,6,4,4,10,5,5,2,16,3,10,3,1,B03,7,6,1,8,2,8,,14,14,1,13,4,120.670324,24.143474,2
5518,66000,387130000C,(04)23274275,(04)23288582,2025,1,13,17,35,臺中市,太平區,0,0,0,7,,,50,,,,,,,,,,,,,,17,,,,,B12,,,1,,9,,,84,84,1,12,4,120.723769,24.146828,3
5519,66000,387130000C,(04)23274275,(04)23288582,2025,1,13,17,35,臺中市,神岡區,0,0,0,7,,,30,,,,,,,,,,,,,,16,,,,,C03,,,,,,,,84,84,2,12,,120.669471,24.269614,3
5520,66000,387130000C,(04)23274275,(04)23288582,2025,1,13,17,37,臺中市,西屯區,0,0,0,7,,,50,,,,,,,,,,,,,,14,,,,,B03,,,1,,1,,,49,49,1,12,4,120.635222,24.179586,3
5521,66000,387130000C,(04)23274275,(04)23288582,2025,1,13,17,38,臺中市,南區,0,0,0,7,,,50,,,,,,,,,,,,,,,,,,,B03,,,1,,1,,,7,7,1,12,4,120.679278,24.124247,3
5522,66000,387130000C,(04)23274275,(04)23288582,2025,1,13,17,41,臺中市,東區,0,0,0,7,,,50,,,,,,,,,,,,,,,,,,,B01,,,1,,1,,,59,59,1,6,4,120.694847,24.151099,3
5523,66000,387130000C,(04)23274275,(04)23288582,2025,1,13,17,42,臺中市,豐原區,0,0,0,7,,,60,,,,,,,,,,,,,,17,,,,,B03,,,1,,2,,,50,50,1,13,4,120.718413,24.264288,3
5524,66000,387130000C,(04)23274275,(04)23288582,2025,1,13,17,43,臺中市,西屯區,0,0,0,7,,,50,,,,,,,,,,,,,,12,,,,,F01,,,7,,1,,,59,59,1,12,4,120.654064,24.156083,3
5525,66000,387130000C,(04)23274275,(04)23288582,2025,1,13,17,44,臺中市,西屯區,0,0,0,7,,,40,,,,,,,,,,,,,,13,,,,,C03,,,1,,1,,,7,7,1,12,4,120.638391,24.15657,3
5526,66000,387130000C,(04)23274275,(04)23288582,2025,1,13,17,45,臺中市,東區,0,1,0,7,1,6,50,4,1,1,5,4,6,6,1,1,10,5,5,2,16,3,10,3,1,B03,7,6,1,8,2,6,,11,11,1,12,4,120.692574,24.138774,2
5527,66000,387130000C,(04)23274275,(04)23288582,2025,1,13,17,48,臺中市,西屯區,0,1,0,7,1,6,50,4,1,1,5,4,6,6,1,1,10,5,5,2,16,2,9,5,1,C03,7,9,1,10,2,14,,7,7,1,12,4,120.642433,24.176976,2
5528,66000,387130000C,(04)23274275,(04)23288582,2025,1,13,17,49,臺中市,豐原區,0,0,0,7,,,60,,,,,,,,,,,,,,17,,,,,C03,,,1,,2,,,84,84,1,12,4,120.729763,24.243619,3
5529,66000,387130000C,(04)23274275,(04)23288582,2025,1,13,17,50,臺中市,北屯區,0,0,0,7,,,50,,,,,,,,,,,,,,,,,,,B03,,,1,,1,,,84,84,1,13,4,120.687573,24.171241,4
5530,66000,387130000C,(04)23274275,(04)23288582,2025,1,13,17,50,臺中市,豐原區,0,0,0,7,,,50,,,,,,,,,,,,,,30,,,,,C03,,,1,,9,,,8,8,1,12,4,120.733611,24.255516,3
5531,66000,387130000C,(04)23274275,(04)23288582,2025,1,13,17,52,臺中市,后里區,0,0,0,7,,,50,,,,,,,,,,,,,,13,,,,,B03,,,1,,1,,,84,84,1,12,4,120.700448,24.312339,3
5532,66000,387130000C,(04)23274275,(04)23288582,2025,1,13,17,55,臺中市,北屯區,0,0,0,7,2,3,80,13,9,1,5,4,6,6,4,4,10,5,,2,13,,,,,B03,,,1,8,1,,,7,7,1,12,4,120.722439,24.188146,3
5533,66000,387130000C,(04)23274275,(04)23288582,2025,1,13,18,0,臺中市,烏日區,0,0,0,7,,,50,,,,,,,,,,,,,,13,,,,,B03,,,1,,2,,,7,7,1,6,4,120.625013,24.107372,3
5534,66000,387130000C,(04)23274275,(04)23288582,2025,1,13,18,5,臺中市,西屯區,0,0,0,7,,,50,,,,,,,,,,,,,,30,,,,,B03,,,1,,2,,,49,49,1,12,4,120.656639,24.163779,3
5535,66000,387130000C,(04)23274275,(04)23288582,2025,1,13,18,7,臺中市,東區,0,1,0,7,1,6,50,13,9,1,5,4,6,6,4,4,5,4,5,2,12,2,8,1,1,C03,7,8,1,10,2,14,,40,40,1,12,4,120.698976,24.147807,2
5536,66000,387130000C,(04)23274275,(04)23288582,2025,1,13,18,7,臺中市,新社區,0,0,0,7,,,50,,,,,,,,,,,,,,14,,,,,B03,,,1,,2,,,49,49,1,12,4,120.808536,24.242991,3
5537,66000,387130000C,(04)23274275,(04)23288582,2025,1,13,18,10,臺中市,西區,0,1,0,7,1,6,50,5,1,1,5,4,6,6,4,4,10,5,5,2,2,3,10,3,1,B03,7,5,1,8,2,5,,84,84,1,12,4,120.666498,24.137946,2
5538,66000,387130000C,(04)23274275,(04)23288582,2025,1,13,18,10,臺中市,北屯區,0,1,0,6,1,6,30,13,9,1,5,4,6,6,4,4,10,5,5,2,12,3,10,3,1,B03,7,13,1,8,5,4,,76,76,1,6,4,120.678002,24.191603,2
5539,66000,387130000C,(04)23274275,(04)23288582,2025,1,13,18,11,臺中市,南區,0,1,0,7,1,6,50,4,1,1,5,4,6,6,1,1,10,5,5,2,16,3,10,5,4,B03,7,6,1,8,2,6,,11,11,1,12,4,120.670401,24.129145,2
5540,66000,387130000C,(04)23274275,(04)23288582,2025,1,13,18,12,臺中市,西區,0,0,0,7,,,50,,,,,,,,,,,,,,,,,,,B03,,,1,,1,,,84,84,1,12,4,120.662609,24.155678,3
5541,66000,387130000C,(04)23274275,(04)23288582,2025,1,13,18,12,臺中市,南屯區,0,0,0,7,,,50,,,,,,,,,,,,,,,,,,,B03,,,1,,2,,,49,49,1,12,4,120.643819,24.137071,3
5542,66000,387130000C,(04)23274275,(04)23288582,2025,1,13,18,15,臺中市,南區,0,0,0,7,,,50,,,,,,,,,,,,,,,,,,,C03,,,1,,2,,,12,12,1,13,4,120.67415,24.128789,3
5543,66000,387130000C,(04)23274275,(04)23288582,2025,1,13,18,18,臺中市,北區,0,0,0,7,,,30,,,,,,,,,,,,,,17,,,,,,,,,,,,,119,119,1,,,120.669699,24.157047,3
5544,66000,387130000C,(04)23274275,(04)23288582,2025,1,13,18,18,臺中市,神岡區,0,1,0,7,2,6,30,4,9,1,5,4,6,6,4,4,10,5,5,2,15,2,9,5,4,C03,7,9,1,10,2,14,,12,12,1,13,4,120.643825,24.247739,2
5545,66000,387130000C,(04)23274275,(04)23288582,2025,1,13,18,21,臺中市,北屯區,0,1,0,7,3,6,50,4,1,1,5,4,6,6,1,1,10,5,5,2,16,3,10,3,1,B03,7,6,1,8,2,8,,11,11,1,13,4,120.707829,24.181378,2
5546,66000,387130000C,(04)23274275,(04)23288582,2025,1,13,18,22,臺中市,豐原區,0,1,0,7,1,6,50,3,2,1,5,4,6,6,2,1,1,4,5,1,13,3,10,3,1,B03,7,9,1,8,2,1,,7,7,1,6,4,120.722248,24.276815,2
5547,66000,387130000C,(04)23274275,(04)23288582,2025,1,13,18,23,臺中市,大里區,0,0,0,7,,,60,,,,,,,,,,,,,,13,,,,,B03,,,1,,2,,,59,59,1,6,4,120.670581,24.084044,3
5548,66000,387130000C,(04)23274275,(04)23288582,2025,1,13,18,23,臺中市,清水區,0,1,0,7,1,6,50,4,1,1,5,4,6,6,1,1,8,3,4,1,2,3,10,3,1,B03,7,6,1,8,2,8,,10,10,1,12,4,120.575556,24.269449,2
5549,66000,387130000C,(04)23274275,(04)23288582,2025,1,13,18,26,臺中市,西屯區,0,0,0,7,,,50,,,,,,,,,,,,,,13,,,,,C03,,,1,,1,,,7,7,1,12,4,120.663422,24.172085,3
5550,66000,387130000C,(04)23274275,(04)23288582,2025,1,13,18,27,臺中市,西屯區,0,0,0,7,,,40,,,,,,,,,,,,,,18,,,,,C03,,,1,,2,,,50,50,1,12,4,120.65592,24.165515,3
5551,66000,387130000C,(04)23274275,(04)23288582,2025,1,13,18,28,臺中市,北屯區,0,1,0,7,1,6,50,4,4,1,5,4,6,6,2,1,5,5,4,2,13,3,10,3,1,B03,7,9,1,8,2,5,,59,59,1,12,4,120.694961,24.183606,2
5552,66000,387130000C,(04)23274275,(04)23288582,2025,1,13,18,30,臺中市,大雅區,0,0,0,7,,,30,,,,,,,,,,,,,,,,,,,B03,,,1,,2,,,8,8,1,13,4,120.655289,24.227373,3
5553,66000,387130000C,(04)23274275,(04)23288582,2025,1,13,18,30,臺中市,西屯區,0,0,0,7,,,40,,,,,,,,,,,,,,12,,,,,B03,,,1,,1,,,40,40,1,12,4,120.65709,24.159314,3
5554,66000,387130000C,(04)23274275,(04)23288582,2025,1,13,18,30,臺中市,西屯區,0,0,0,7,,,50,,,,,,,,,,,,,,13,,,,,B03,,,1,,1,,,58,58,1,12,4,120.610689,24.190426,3
5555,66000,387130000C,(04)23274275,(04)23288582,2025,1,13,18,31,臺中市,大肚區,0,1,0,7,1,6,30,3,1,1,5,4,6,6,2,1,10,5,5,2,9,3,10,1,1,C03,7,9,2,19,9,12,,6,6,1,4,4,120.545318,24.151219,2
5556,66000,387130000C,(04)23274275,(04)23288582,2025,1,13,18,33,臺中市,豐原區,0,2,0,7,1,6,50,4,2,1,5,4,6,6,3,1,10,5,5,2,16,2,8,1,1,C03,7,6,1,10,2,14,,24,24,1,6,4,120.715275,24.24111,2
5557,66000,387130000C,(04)23274275,(04)23288582,2025,1,13,18,35,臺中市,南區,0,0,0,7,,,50,,,,,,,,,,,,,,17,,,,,C03,,,1,,2,,,84,84,1,12,4,120.67414,24.128793,3
5558,66000,387130000C,(04)23274275,(04)23288582,2025,1,13,18,36,臺中市,南區,0,0,0,7,,,50,,,,,,,,,,,,,,,,,,,B03,,,1,,1,,,40,40,1,12,4,120.661476,24.121735,3
5559,66000,387130000C,(04)23274275,(04)23288582,2025,1,13,18,38,臺中市,大雅區,0,0,0,7,,,50,,,,,,,,,,,,,,,,,,,B03,,,1,,2,,,59,59,1,13,4,120.631122,24.210828,3
5560,66000,387130000C,(04)23274275,(04)23288582,2025,1,13,18,39,臺中市,潭子區,0,2,0,7,1,6,50,5,1,1,5,4,6,6,4,4,10,5,5,2,16,2,9,1,1,C03,7,6,1,10,2,12,,7,7,1,12,4,120.695782,24.224151,2
5561,66000,387130000C,(04)23274275,(04)23288582,2025,1,13,18,39,臺中市,北屯區,0,0,0,7,,,50,,,,,,,,,,,,,,13,,,,,C03,,,1,,1,,,84,84,1,12,4,120.684084,24.172353,3
5562,66000,387130000C,(04)23274275,(04)23288582,2025,1,13,18,39,臺中市,西屯區,0,1,0,7,1,6,40,13,8,1,5,4,6,6,4,4,1,4,1,1,17,3,10,5,4,B03,7,5,1,8,2,15,,85,85,1,13,4,120.634673,24.180942,2
5563,66000,387130000C,(04)23274275,(04)23288582,2025,1,13,18,40,臺中市,北區,0,2,0,7,1,6,30,3,1,1,5,4,6,6,4,4,10,5,5,2,17,2,9,1,1,C03,7,21,1,10,2,11,,85,85,1,12,4,120.696863,24.15582,2
5564,66000,387130000C,(04)23274275,(04)23288582,2025,1,13,18,40,臺中市,北屯區,0,3,0,7,1,6,50,4,2,1,5,4,6,6,4,4,5,5,5,2,15,2,9,1,1,C03,7,9,1,10,2,11,,12,12,1,13,4,120.701136,24.186009,2
5565,66000,387130000C,(04)23274275,(04)23288582,2025,1,13,18,40,臺中市,太平區,0,0,0,7,1,6,50,13,9,1,5,4,6,6,4,4,5,5,5,1,13,3,10,3,1,B03,7,9,1,8,1,1,,59,59,1,6,4,120.718695,24.126266,3
5566,66000,387130000C,(04)23274275,(04)23288582,2025,1,13,18,44,臺中市,潭子區,0,0,0,7,,,30,,,,,,,,,,,,,,,,,,,B03,,,1,,2,,,59,59,1,12,4,120.676675,24.217746,3
5567,66000,387130000C,(04)23274275,(04)23288582,2025,1,13,18,44,臺中市,西屯區,0,0,0,7,,,50,,,,,,,,,,,,,,13,,,,,B03,,,1,,1,,,59,59,1,12,4,120.63955,24.168751,3
5568,66000,387130000C,(04)23274275,(04)23288582,2025,1,13,18,47,臺中市,南屯區,0,0,0,7,,,50,,,,,,,,,,,,,,17,,,,,B03,,,1,,2,,,59,59,1,6,4,120.652784,24.149915,3
5569,66000,387130000C,(04)23274275,(04)23288582,2025,1,13,18,51,臺中市,豐原區,0,0,0,7,1,6,50,18,23,5,5,4,6,6,4,4,10,5,5,2,30,3,10,1,1,C03,7,3,1,10,1,11,,50,50,1,12,4,120.717363,24.25317,3
5570,66000,387130000C,(04)23274275,(04)23288582,2025,1,13,18,52,臺中市,北屯區,0,0,0,7,,,50,,,,,,,,,,,,,,12,,,,,C03,,,5,,2,,,84,84,1,6,4,120.694824,24.166066,3
5571,66000,387130000C,(04)23274275,(04)23288582,2025,1,13,19,5,臺中市,大里區,0,2,0,7,2,6,50,13,9,1,5,4,6,6,4,4,5,5,5,1,17,2,9,5,4,F01,7,11,7,21,2,11,,39,39,1,12,4,120.69566,24.08265,2
5572,66000,387130000C,(04)23274275,(04)23288582,2025,1,13,19,5,臺中市,沙鹿區,0,0,0,7,,,30,,,,,,,,,,,,,,17,,,,,B03,,,1,,2,,,12,12,1,12,4,120.566169,24.23481,3
5573,66000,387130000C,(04)23274275,(04)23288582,2025,1,13,19,7,臺中市,潭子區,0,0,0,7,,,40,,,,,,,,,,,,,,14,,,,,B03,,,1,,2,,,82,82,1,12,4,120.699746,24.199172,3
5574,66000,387130000C,(04)23274275,(04)23288582,2025,1,13,19,8,臺中市,豐原區,0,1,0,7,1,6,50,3,1,1,5,4,6,6,4,4,5,5,4,1,9,3,10,3,1,B03,7,6,1,7,2,8,,84,84,1,6,4,120.732542,24.252702,2
5575,66000,387130000C,(04)23274275,(04)23288582,2025,1,13,19,9,臺中市,北屯區,0,0,0,7,,,50,,,,,,,,,,,,,,17,,,,,C03,,,1,,1,,,59,59,1,13,4,120.685385,24.167419,3
5576,66000,387130000C,(04)23274275,(04)23288582,2025,1,13,19,10,臺中市,西屯區,0,0,0,7,,,40,,,,,,,,,,,,,,17,,,,,B03,,,1,,1,,,8,8,1,12,4,120.649013,24.163218,3
5577,66000,387130000C,(04)23274275,(04)23288582,2025,1,13,19,10,臺中市,沙鹿區,0,0,0,7,1,6,50,4,9,1,5,4,6,6,1,1,4,3,4,1,13,,,,,C03,,,1,,2,,,7,7,1,12,4,120.564865,24.24091,3
5578,66000,387130000C,(04)23274275,(04)23288582,2025,1,13,19,14,臺中市,東區,0,0,0,7,,,50,,,,,,,,,,,,,,16,,,,,B03,,,1,,1,,,14,14,1,12,4,120.705482,24.132204,3
5579,66000,387130000C,(04)23274275,(04)23288582,2025,1,13,19,15,臺中市,潭子區,0,0,0,7,,,,,,,,,,,,,,,,,,,,,,,,,,,,,,86,86,1,,,120.718148,24.197527,3
5580,66000,387130000C,(04)23274275,(04)23288582,2025,1,13,19,15,臺中市,西屯區,0,1,0,7,1,6,50,13,9,1,5,4,6,6,4,4,5,4,5,2,13,2,9,2,1,C03,7,9,1,10,2,14,,7,7,1,12,4,120.646667,24.17491,2
5581,66000,387130000C,(04)23274275,(04)23288582,2025,1,13,19,18,臺中市,太平區,0,1,0,7,1,6,50,13,9,1,5,4,6,6,4,4,5,5,4,1,18,2,9,2,1,C03,7,9,1,10,2,12,,84,84,1,12,4,120.730522,24.150132,2
5582,66000,387130000C,(04)23274275,(04)23288582,2025,1,13,19,21,臺中市,后里區,0,1,0,7,1,6,30,5,1,1,5,4,6,6,4,4,1,4,4,1,16,3,10,3,1,B03,7,6,1,8,2,4,,12,12,1,12,4,120.721988,24.307166,2
5583,66000,387130000C,(04)23274275,(04)23288582,2025,1,13,19,26,臺中市,大里區,0,1,0,7,1,6,50,3,2,1,5,4,6,6,4,4,5,5,5,1,16,2,9,5,4,C03,7,1,1,10,2,14,,51,51,1,12,4,120.703543,24.088269,2
5584,66000,387130000C,(04)23274275,(04)23288582,2025,1,13,19,34,臺中市,北區,0,2,0,7,1,6,50,13,7,1,5,4,6,6,4,4,5,4,4,2,17,3,10,5,1,B03,7,9,1,8,1,1,,59,59,1,13,4,120.686256,24.15916,2
5585,66000,387130000C,(04)23274275,(04)23288582,2025,1,13,19,38,臺中市,豐原區,0,0,0,7,,,50,,,,,,,,,,,,,,13,,,,,B03,,,1,,2,,,59,59,1,12,4,120.725284,24.246168,3
5586,66000,387130000C,(04)23274275,(04)23288582,2025,1,13,19,40,臺中市,西屯區,0,0,0,7,,,50,,,,,,,,,,,,,,11,,,,,B03,,,1,,2,,,20,20,1,12,4,120.617498,24.185346,3
5587,66000,387130000C,(04)23274275,(04)23288582,2025,1,13,19,41,臺中市,大里區,0,3,0,7,1,6,30,4,1,1,5,4,6,6,4,4,10,5,5,2,17,2,7,1,2,C03,7,15,1,16,2,12,,61,61,1,4,4,120.688051,24.086079,2
5588,66000,387130000C,(04)23274275,(04)23288582,2025,1,13,19,46,臺中市,西屯區,0,2,0,7,1,6,50,3,1,1,5,4,6,6,1,1,8,4,5,1,17,2,9,5,4,C03,7,9,3,19,2,11,,85,85,1,13,4,120.64536,24.162595,2
5589,66000,387130000C,(04)23274275,(04)23288582,2025,1,13,20,1,臺中市,大里區,0,1,0,7,1,6,50,5,1,1,4,4,6,6,1,1,10,5,5,2,16,3,10,5,4,B03,7,11,3,19,2,8,,11,11,1,12,4,120.696204,24.086735,2
5590,66000,387130000C,(04)23274275,(04)23288582,2025,1,13,20,1,臺中市,大里區,0,0,0,7,1,6,50,5,1,1,5,4,6,6,1,1,5,2,5,1,17,,,,,B03,,,1,,2,,,48,48,1,13,4,120.690084,24.11305,3
5591,66000,387130000C,(04)23274275,(04)23288582,2025,1,13,20,5,臺中市,西屯區,0,1,0,7,1,6,50,3,1,1,5,4,6,6,1,1,10,5,5,2,16,3,10,5,4,B03,7,5,1,8,2,2,,47,47,1,12,4,120.662968,24.163798,2
5592,66000,387130000C,(04)23274275,(04)23288582,2025,1,13,20,7,臺中市,北區,0,0,0,7,,,50,,,,,,,,,,,,,,17,,,,,B01,,,1,,2,,,8,8,1,13,4,120.683265,24.153294,3