序號,縣市別代碼,機關代碼,市話,傳真,年,月,日,時,分,縣市,區,死亡數量,受傷數量,2-30,天候,道路照明設備,道路類別,道路速限,道路型態,事故位置,路面鋪裝,路面狀態,路面缺陷,障礙物,視距,號誌種類,號誌動作,分向設施,快車道或一般車道間,快慢車道間,路面邊線,事故類型及型態,受傷程度,主要傷處,保護裝備,行動電話或功能裝置,當事者區分(類別),車輛用途,當事者行動狀態,駕照狀態,駕照種類,飲酒情形,車輛撞擊部位最初,車輛撞擊部位其他,肇事因素個別,肇事因素主要,肇事逃逸,職業,共享經濟或外送平台,GPS座標X,GPS座標Y,事故類別
5593,66000,387130000C,(04)23274275,(04)23288582,2025,1,13,20,8,臺中市,豐原區,0,1,0,7,1,6,50,13,8,1,5,4,6,6,4,4,5,5,4,2,13,3,10,3,1,B03,7,11,1,8,2,6,,39,39,1,12,4,120.725994,24.241898,2
5594,66000,387130000C,(04)23274275,(04)23288582,2025,1,13,20,12,臺中市,潭子區,0,1,0,7,1,6,50,4,1,1,5,4,6,6,1,1,10,5,5,2,13,3,10,3,1,B03,7,9,1,8,2,5,,84,84,1,12,4,120.703276,24.208375,2
5595,66000,387130000C,(04)23274275,(04)23288582,2025,1,13,20,15,臺中市,西屯區,0,0,0,7,,,50,,,,,,,,,,,,,,17,,,,,B03,,,1,,1,,,49,49,1,13,4,120.635151,24.182036,3
5596,66000,387130000C,(04)23274275,(04)23288582,2025,1,13,20,15,臺中市,烏日區,0,0,0,7,,,50,,,,,,,,,,,,,,,,,,,B03,,,1,,1,,,26,26,1,13,4,120.616844,24.116186,3
5597,66000,387130000C,(04)23274275,(04)23288582,2025,1,13,20,16,臺中市,西屯區,0,1,0,7,1,6,50,4,1,1,5,4,6,6,2,1,10,5,5,2,16,3,10,3,1,B03,7,5,1,8,2,2,,25,25,1,12,4,120.635879,24.181852,2
5598,66000,387130000C,(04)23274275,(04)23288582,2025,1,13,20,23,臺中市,西屯區,0,1,0,7,1,6,50,4,1,1,5,4,6,6,2,1,10,5,5,2,16,3,10,5,1,B03,7,6,1,8,2,5,,11,11,1,11,4,120.637283,24.173182,2
5599,66000,387130000C,(04)23274275,(04)23288582,2025,1,13,20,23,臺中市,太平區,0,0,0,7,,,40,,,,,,,,,,,,,,17,,,,,B03,,,1,,1,,,50,50,1,6,4,120.717366,24.148533,3
5600,66000,387130000C,(04)23274275,(04)23288582,2025,1,13,20,26,臺中市,南區,0,1,0,7,1,6,50,3,2,1,5,4,6,6,4,4,5,4,5,2,17,2,8,5,4,C04,7,9,1,11,2,11,,84,84,1,12,4,120.66304,24.125933,2
5601,66000,387130000C,(04)23274275,(04)23288582,2025,1,13,20,27,臺中市,龍井區,0,0,0,7,,,60,,,,,,,,,,,,,,17,,,,,B03,,,1,,2,,,81,81,1,6,4,120.516238,24.202871,3
5602,66000,387130000C,(04)23274275,(04)23288582,2025,1,13,20,30,臺中市,大里區,0,1,0,7,1,6,50,4,1,1,5,4,6,6,1,1,10,5,5,2,17,2,9,1,1,C03,7,1,1,10,2,14,,51,51,1,5,4,120.714257,24.096147,2
5603,66000,387130000C,(04)23274275,(04)23288582,2025,1,13,20,34,臺中市,大里區,0,0,0,7,,,50,,,,,,,,,,,,,,13,,,,,C03,,,1,,2,,,7,7,1,12,4,120.683851,24.111865,3
5604,66000,387130000C,(04)23274275,(04)23288582,2025,1,13,20,37,臺中市,大里區,0,1,0,7,1,6,50,3,1,1,5,4,6,6,1,1,1,4,5,2,16,3,10,5,4,B02,7,6,1,8,2,8,,11,11,1,12,4,120.683074,24.086838,2
5605,66000,387130000C,(04)23274275,(04)23288582,2025,1,13,20,50,臺中市,新社區,0,1,0,7,3,6,30,13,9,1,5,4,6,6,4,4,10,5,5,2,28,2,9,1,1,C03,7,9,1,10,2,11,,43,43,1,12,4,120.8133,24.249509,2
5606,66000,387130000C,(04)23274275,(04)23288582,2025,1,13,20,55,臺中市,神岡區,0,0,0,7,,,50,,,,,,,,,,,,,,9,,,,,B03,,,1,,2,,,6,6,1,12,4,120.70202,24.27336,3
5607,66000,387130000C,(04)23274275,(04)23288582,2025,1,13,20,59,臺中市,北區,0,3,0,7,1,6,50,4,1,1,5,4,6,6,3,1,5,5,5,2,15,2,9,1,1,C03,7,9,1,10,2,11,,24,24,1,12,4,120.695941,24.159882,2
5608,66000,387130000C,(04)23274275,(04)23288582,2025,1,13,20,59,臺中市,北屯區,0,0,0,7,,,50,,,,,,,,,,,,,,16,,,,,B03,,,1,,1,,,11,11,1,6,4,120.687523,24.189333,3
5609,66000,387130000C,(04)23274275,(04)23288582,2025,1,13,21,10,臺中市,西屯區,0,0,0,7,,,40,,,,,,,,,,,,,,13,,,,,B03,,,1,,1,,,57,57,1,12,4,120.603144,24.183043,3
5610,66000,387130000C,(04)23274275,(04)23288582,2025,1,13,21,21,臺中市,太平區,0,0,0,7,,,40,,,,,,,,,,,,,,,,,,,C03,,,1,,9,,,58,58,1,12,4,120.734458,24.123172,3
5611,66000,387130000C,(04)23274275,(04)23288582,2025,1,13,21,24,臺中市,西屯區,0,1,0,7,1,6,50,13,7,1,5,4,6,6,4,4,1,4,4,2,13,2,8,1,1,C03,7,9,1,10,2,11,,7,7,1,12,4,120.638527,24.163791,2
5612,66000,387130000C,(04)23274275,(04)23288582,2025,1,13,21,29,臺中市,大里區,0,1,0,7,1,6,50,4,2,1,5,4,6,6,1,1,5,2,5,2,13,2,8,1,1,C03,7,9,1,10,2,11,,7,7,1,13,4,120.696709,24.111176,2
5613,66000,387130000C,(04)23274275,(04)23288582,2025,1,13,21,33,臺中市,西區,0,0,0,7,,,50,,,,,,,,,,,,,,,,,,,B03,,,1,,2,,,84,84,1,13,4,120.661632,24.161301,3
5614,66000,387130000C,(04)23274275,(04)23288582,2025,1,13,21,37,臺中市,大安區,0,1,0,7,1,6,50,13,9,1,5,4,6,6,4,4,10,5,5,2,27,2,9,3,1,B03,7,9,1,8,3,8,2,54,54,1,6,4,120.593475,24.357143,2
5615,66000,387130000C,(04)23274275,(04)23288582,2025,1,13,21,38,臺中市,南區,0,0,0,7,,,50,,,,,,,,,,,,,,,,,,,B03,,,1,,1,,,8,8,1,12,4,120.659678,24.116366,3
5616,66000,387130000C,(04)23274275,(04)23288582,2025,1,13,21,42,臺中市,梧棲區,0,0,0,7,,,50,,,,,,,,,,,,,,16,,,,,B03,,,1,,2,,,20,20,1,6,4,120.548395,24.247284,3
5617,66000,387130000C,(04)23274275,(04)23288582,2025,1,13,21,49,臺中市,南屯區,0,0,0,7,,,50,,,,,,,,,,,,,,14,,,,,B03,,,1,,1,,,49,49,1,12,4,120.649991,24.13204,3
5618,66000,387130000C,(04)23274275,(04)23288582,2025,1,13,21,50,臺中市,北區,0,2,0,7,2,6,40,13,8,1,5,4,6,6,4,4,5,4,4,2,17,2,9,5,1,C03,7,9,1,10,2,11,13,7,7,1,13,4,120.674249,24.163616,2
5619,66000,387130000C,(04)23274275,(04)23288582,2025,1,13,21,52,臺中市,北區,0,0,0,7,,,50,,,,,,,,,,,,,,13,,,,,B03,,,1,,1,,,59,59,1,13,4,120.675685,24.170017,3
5620,66000,387130000C,(04)23274275,(04)23288582,2025,1,13,21,52,臺中市,大里區,0,0,0,7,,,30,,,,,,,,,,,,,,14,,,,,A11,,,1,,1,,,49,49,1,12,4,120.676113,24.092442,3
5621,66000,387130000C,(04)23274275,(04)23288582,2025,1,13,22,0,臺中市,北區,0,0,0,7,,,40,,,,,,,,,,,,,,17,,,,,C03,,,1,,9,,,58,58,1,13,4,120.675316,24.161274,3
5622,66000,387130000C,(04)23274275,(04)23288582,2025,1,13,22,0,臺中市,北區,0,1,0,7,1,6,50,3,7,1,5,4,6,6,1,1,1,2,4,2,17,3,10,5,4,C03,7,15,1,10,2,12,,40,40,1,13,4,120.689258,24.147025,2
5623,66000,387130000C,(04)23274275,(04)23288582,2025,1,13,22,2,臺中市,太平區,0,0,0,7,1,6,50,,,,,,,,,,,,,,,,,,,B03,,,1,,2,8,,84,84,1,12,4,120.722889,24.13215,3
5624,66000,387130000C,(04)23274275,(04)23288582,2025,1,13,22,8,臺中市,太平區,0,0,0,7,,,30,,,,,,,,,,,,,,17,,,,,B03,,,1,,2,,,84,84,1,6,4,120.732672,24.152412,3
5625,66000,387130000C,(04)23274275,(04)23288582,2025,1,13,22,13,臺中市,西區,0,1,0,7,1,6,50,13,9,1,5,4,6,6,4,4,4,4,5,2,17,3,10,1,1,C03,7,9,1,10,2,16,,73,73,1,12,2,120.677707,24.136011,2
5626,66000,387130000C,(04)23274275,(04)23288582,2025,1,13,22,13,臺中市,豐原區,0,0,0,7,1,6,50,13,7,1,5,4,6,6,4,4,1,4,4,1,12,3,10,3,1,B03,7,9,1,8,2,4,,47,47,1,12,4,120.723487,24.244685,3
5627,66000,387130000C,(04)23274275,(04)23288582,2025,1,13,22,33,臺中市,北區,0,1,0,7,1,6,50,4,1,1,5,4,6,6,3,1,1,5,5,2,18,2,9,1,1,C03,7,9,1,10,2,14,,84,84,1,13,4,120.675428,24.153881,2
5628,66000,387130000C,(04)23274275,(04)23288582,2025,1,13,22,36,臺中市,南屯區,0,1,0,7,1,6,50,4,1,1,5,4,6,6,1,1,5,5,4,2,16,3,10,3,1,B03,7,6,1,8,2,8,,23,23,1,12,4,120.627553,24.117907,2
5629,66000,387130000C,(04)23274275,(04)23288582,2025,1,13,22,39,臺中市,豐原區,0,0,0,7,1,6,50,3,9,1,5,4,6,6,2,1,5,2,5,2,12,3,10,3,1,G06,7,9,1,17,9,8,,2,2,1,10,4,120.722621,24.236063,3
5630,66000,387130000C,(04)23274275,(04)23288582,2025,1,13,22,54,臺中市,清水區,0,0,0,7,1,6,50,13,7,1,5,4,6,6,3,1,8,1,4,2,12,,,,,B03,,,1,,1,,,11,11,1,12,4,120.579011,24.278037,3
5631,66000,387130000C,(04)23274275,(04)23288582,2025,1,13,23,14,臺中市,后里區,0,0,0,7,,,50,,,,,,,,,,,,,,,,,,,B03,,,1,,1,,,7,7,1,12,4,120.717793,24.309618,3
5632,66000,387130000C,(04)23274275,(04)23288582,2025,1,13,23,15,臺中市,后里區,0,1,0,7,1,6,60,3,1,1,5,4,6,6,3,1,10,5,5,2,16,3,10,3,1,B03,7,5,1,8,2,5,,11,11,1,12,4,120.723488,24.29823,2
5633,66000,387130000C,(04)23274275,(04)23288582,2025,1,13,23,20,臺中市,西區,0,0,0,7,,,50,,,,,,,,,,,,,,14,,,,,B03,,,1,,1,,,49,49,1,12,4,120.658977,24.155921,3
5634,66000,387130000C,(04)23274275,(04)23288582,2025,1,13,23,20,臺中市,梧棲區,0,0,0,7,,,50,,,,,,,,,,,,,,17,,,,,B03,,,1,,9,,,50,50,1,6,4,120.532553,24.258176,3
5635,66000,387130000C,(04)23274275,(04)23288582,2025,1,13,23,26,臺中市,西屯區,0,0,0,7,1,6,50,8,9,1,5,4,6,6,1,1,5,2,5,2,13,,,,,C03,,,1,,2,,,84,84,1,12,4,120.613424,24.173409,3
5636,66000,387130000C,(04)23274275,(04)23288582,2025,1,13,23,32,臺中市,北區,0,0,0,7,,,50,,,,,,,,,,,,,,13,,,,,B03,,,1,,1,,,82,82,1,13,4,120.682603,24.152992,3
5637,66000,387130000C,(04)23274275,(04)23288582,2025,1,13,23,42,臺中市,龍井區,0,1,0,7,1,6,50,4,1,1,5,4,6,6,3,1,10,5,5,2,16,2,8,1,1,C03,7,1,1,10,2,11,,51,51,1,6,4,120.522584,24.194078,2
5638,66000,387130000C,(04)23274275,(04)23288582,2025,1,13,23,51,臺中市,北區,0,0,0,7,,,30,,,,,,,,,,,,,,,,,,,B03,,,1,,2,,,8,8,1,13,4,120.693412,24.154336,3
5639,66000,387130000C,(04)23274275,(04)23288582,2025,1,14,0,19,臺中市,北區,0,1,0,7,1,6,40,13,8,1,5,4,6,6,4,4,1,4,4,2,17,2,1,3,1,B03,7,9,1,8,2,5,,84,84,1,12,4,120.683255,24.157317,2
5640,66000,387130000C,(04)23274275,(04)23288582,2025,1,14,0,35,臺中市,南屯區,0,2,0,7,1,6,50,4,1,1,5,4,6,6,2,1,10,5,5,2,12,2,8,2,4,C03,7,1,1,10,1,14,,84,84,1,6,4,120.612511,24.138412,2
5641,66000,387130000C,(04)23274275,(04)23288582,2025,1,14,0,36,臺中市,豐原區,0,0,0,7,,,50,,,,,,,,,,,,,,15,,,,,B03,,,1,,2,,,24,24,1,6,4,120.72901,24.256935,3
5642,66000,387130000C,(04)23274275,(04)23288582,2025,1,14,0,37,臺中市,北屯區,0,1,0,7,1,6,50,4,1,1,5,4,6,6,3,1,10,5,5,2,15,3,10,3,1,B03,7,9,1,8,2,4,,24,24,1,12,4,120.703723,24.174656,2
5643,66000,387130000C,(04)23274275,(04)23288582,2025,1,14,0,43,臺中市,北區,0,0,0,7,,,30,,,,,,,,,,,,,,,,,,,B01,,,1,,1,,,12,12,1,13,4,120.679634,24.152946,3
5644,66000,387130000C,(04)23274275,(04)23288582,2025,1,14,1,4,臺中市,烏日區,0,1,0,7,1,6,50,13,8,1,5,4,6,6,4,4,5,5,4,2,12,2,9,1,1,C03,7,7,1,10,9,11,12,84,84,1,6,4,120.634041,24.107219,2
5645,66000,387130000C,(04)23274275,(04)23288582,2025,1,14,1,7,臺中市,西屯區,0,1,0,7,1,6,40,5,2,1,5,4,6,6,1,1,5,5,4,2,13,2,9,5,4,C03,7,9,1,10,2,11,,59,59,1,13,4,120.638391,24.15657,2
5646,66000,387130000C,(04)23274275,(04)23288582,2025,1,14,1,16,臺中市,西區,0,0,0,7,,,50,,,,,,,,,,,,,,17,,,,,B01,,,1,,2,,,40,40,1,12,4,120.672109,24.149128,3
5647,66000,387130000C,(04)23274275,(04)23288582,2025,1,14,1,23,臺中市,西屯區,0,1,0,7,1,6,50,4,1,1,5,4,6,6,1,1,10,5,5,2,17,3,10,5,4,B03,7,11,1,8,2,4,,45,45,1,12,4,120.646487,24.175024,2
5648,66000,387130000C,(04)23274275,(04)23288582,2025,1,14,1,27,臺中市,霧峰區,0,0,0,7,,,50,,,,,,,,,,,,,,17,,,,,B03,,,1,,7,,,53,53,1,6,4,120.685446,24.052076,3
5649,66000,387130000C,(04)23274275,(04)23288582,2025,1,14,1,53,臺中市,西屯區,0,0,0,7,,,50,,,,,,,,,,,,,,11,,,,,B03,,,1,,9,,,59,59,1,13,4,120.636528,24.170784,3
5650,66000,387130000C,(04)23274275,(04)23288582,2025,1,14,3,37,臺中市,南區,0,0,0,7,,,50,,,,,,,,,,,,,,16,,,,,C03,,,1,,2,,,11,11,1,5,4,120.666806,24.117758,3
5651,66000,387130000C,(04)23274275,(04)23288582,2025,1,14,4,47,臺中市,西屯區,0,0,0,7,1,6,70,12,7,1,5,4,6,6,4,4,1,4,3,2,14,,,,,A41,,,1,,1,,,82,82,1,12,4,120.615268,24.182938,3
5652,66000,387130000C,(04)23274275,(04)23288582,2025,1,14,4,59,臺中市,南屯區,0,1,0,7,1,6,30,4,1,1,5,4,6,6,3,1,10,5,5,2,15,2,9,1,1,C03,7,9,1,10,2,12,,24,24,1,12,4,120.640335,24.140912,2
5653,66000,387130000C,(04)23274275,(04)23288582,2025,1,14,6,0,臺中市,大雅區,0,1,0,7,1,6,50,4,2,1,5,4,6,6,3,1,5,5,5,1,17,3,10,3,1,B03,7,6,1,8,2,8,,84,84,1,13,4,120.648514,24.22586,2
5654,66000,387130000C,(04)23274275,(04)23288582,2025,1,14,6,3,臺中市,西屯區,0,1,0,7,2,6,50,4,1,1,5,4,6,6,4,4,10,5,5,2,16,3,10,5,4,B12,7,6,1,8,1,5,,14,14,1,12,4,120.644338,24.201987,2
5655,66000,387130000C,(04)23274275,(04)23288582,2025,1,14,6,4,臺中市,太平區,0,1,0,7,1,6,50,3,1,1,5,4,6,6,2,1,10,5,5,2,19,2,9,3,1,B03,7,6,1,8,9,5,,55,55,2,12,4,120.714791,24.135677,2
5656,66000,387130000C,(04)23274275,(04)23288582,2025,1,14,6,30,臺中市,大雅區,0,0,0,7,,,50,,,,,,,,,,,,,,,,,,,C03,,,1,,2,,,7,7,1,13,4,120.666668,24.218502,3
5657,66000,387130000C,(04)23274275,(04)23288582,2025,1,14,6,36,臺中市,大肚區,0,1,0,7,2,6,30,4,1,1,5,4,6,6,4,4,10,5,5,2,15,3,10,3,1,B03,7,9,1,8,2,1,,12,12,1,6,4,120.539292,24.145152,2
5658,66000,387130000C,(04)23274275,(04)23288582,2025,1,14,6,43,臺中市,南區,0,2,0,7,3,6,50,4,9,1,5,4,6,6,4,4,5,5,5,2,16,2,9,5,4,C03,7,6,1,10,2,14,,20,20,1,6,3,120.667403,24.114285,2
5659,66000,387130000C,(04)23274275,(04)23288582,2025,1,14,6,45,臺中市,烏日區,0,1,0,7,3,6,50,13,9,1,5,4,6,6,4,4,5,5,5,1,16,3,10,1,1,C03,7,6,1,10,2,11,,39,39,1,6,4,120.638602,24.106273,2
5660,66000,387130000C,(04)23274275,(04)23288582,2025,1,14,6,59,臺中市,神岡區,0,1,0,6,1,6,30,11,9,1,5,4,6,6,4,4,10,5,5,2,13,2,9,1,1,C03,7,9,1,10,2,11,,7,7,1,12,4,120.648309,24.258604,2
5661,66000,387130000C,(04)23274275,(04)23288582,2025,1,14,7,2,臺中市,北屯區,0,1,0,7,3,6,40,13,8,1,5,4,6,6,4,4,1,4,1,2,17,2,9,5,4,C03,7,9,1,10,2,11,,56,56,1,13,4,120.72994,24.161081,2
5662,66000,387130000C,(04)23274275,(04)23288582,2025,1,14,7,3,臺中市,梧棲區,0,0,0,7,,,50,,,,,,,,,,,,,,14,,,,,B03,,,1,,1,,,49,49,1,6,4,120.537543,24.243746,3
5663,66000,387130000C,(04)23274275,(04)23288582,2025,1,14,7,7,臺中市,東區,0,0,0,7,,,80,,,,,,,,,,,,,,13,,,,,B03,,,1,,1,,,7,7,1,12,4,120.701779,24.122674,3
5664,66000,387130000C,(04)23274275,(04)23288582,2025,1,14,7,8,臺中市,東勢區,0,1,0,7,2,6,50,11,9,1,5,4,1,6,4,4,5,5,5,1,11,2,4,5,4,C03,7,5,1,8,2,11,,84,84,1,13,4,120.760835,24.284956,2
5665,66000,387130000C,(04)23274275,(04)23288582,2025,1,14,7,10,臺中市,豐原區,0,0,0,7,,,50,,,,,,,,,,,,,,13,,,,,C03,,,1,,2,,,7,7,1,13,4,120.722571,24.255914,3
5666,66000,387130000C,(04)23274275,(04)23288582,2025,1,14,7,13,臺中市,南屯區,0,1,0,7,2,6,40,4,2,1,5,4,6,6,2,1,10,5,5,2,12,3,10,1,1,C03,7,15,1,10,2,12,,84,84,1,13,4,120.630811,24.144949,2
5667,66000,387130000C,(04)23274275,(04)23288582,2025,1,14,7,15,臺中市,東區,0,0,0,7,,,50,,,,,,,,,,,,,,17,,,,,B03,,,1,,1,,,7,7,1,13,4,120.702225,24.140752,3
5668,66000,387130000C,(04)23274275,(04)23288582,2025,1,14,7,15,臺中市,南區,0,0,0,7,,,50,,,,,,,,,,,,,,17,,,,,B03,,,1,,10,,,87,87,1,12,4,120.671811,24.119156,3
5669,66000,387130000C,(04)23274275,(04)23288582,2025,1,14,7,18,臺中市,北屯區,0,1,0,7,2,6,50,13,7,1,5,4,6,6,4,4,1,4,4,2,13,3,10,2,1,C03,7,9,3,19,2,11,,7,7,1,12,4,120.719733,24.163056,2
5670,66000,387130000C,(04)23274275,(04)23288582,2025,1,14,7,19,臺中市,北區,0,0,0,7,,,50,,,,,,,,,,,,,,13,,,,,B03,,,5,,2,,,59,59,1,12,4,120.681225,24.157219,3
5671,66000,387130000C,(04)23274275,(04)23288582,2025,1,14,7,19,臺中市,北區,0,1,0,7,2,6,50,3,1,1,5,4,6,6,4,4,10,5,5,2,17,3,10,1,1,C03,7,6,1,10,2,12,,14,14,1,13,4,120.666265,24.160421,2
5672,66000,387130000C,(04)23274275,(04)23288582,2025,1,14,7,20,臺中市,大肚區,0,1,0,7,2,6,30,13,9,1,5,4,6,6,4,4,10,5,5,2,8,3,10,5,4,B03,7,2,1,8,2,3,,49,49,1,6,4,120.579842,24.174613,2
5673,66000,387130000C,(04)23274275,(04)23288582,2025,1,14,7,20,臺中市,神岡區,0,0,0,7,1,6,30,13,14,1,5,4,6,6,,4,5,5,5,1,12,,,,,B03,,,1,,1,,,8,8,1,12,4,120.658512,24.258032,3
5674,66000,387130000C,(04)23274275,(04)23288582,2025,1,14,7,21,臺中市,太平區,0,1,0,7,3,6,40,3,2,1,5,4,6,6,4,4,5,5,5,2,13,2,9,2,1,C03,7,9,1,10,2,11,,7,7,1,12,4,120.703004,24.119504,2
5675,66000,387130000C,(04)23274275,(04)23288582,2025,1,14,7,23,臺中市,大肚區,0,1,0,7,2,6,40,13,14,1,5,4,6,6,4,4,1,3,4,1,17,2,9,2,1,C03,7,12,1,10,2,14,,59,59,1,6,4,120.542569,24.165468,2
5676,66000,387130000C,(04)23274275,(04)23288582,2025,1,14,7,25,臺中市,大雅區,0,1,0,7,1,6,50,3,2,1,5,4,6,6,4,4,1,5,5,1,17,3,10,3,1,B03,7,5,1,8,2,5,,47,47,1,12,4,120.647901,24.221351,2
5677,66000,387130000C,(04)23274275,(04)23288582,2025,1,14,7,25,臺中市,大肚區,0,1,0,7,2,6,50,3,1,1,5,4,6,6,2,1,10,5,5,2,17,2,8,5,4,C03,7,9,6,20,2,15,,21,21,1,5,4,120.574589,24.160123,2
5678,66000,387130000C,(04)23274275,(04)23288582,2025,1,14,7,25,臺中市,梧棲區,0,1,0,7,3,6,50,4,1,1,5,4,6,6,4,4,10,5,5,2,16,2,8,1,1,C03,7,9,1,10,2,11,,59,59,1,6,4,120.527849,24.220388,2
5679,66000,387130000C,(04)23274275,(04)23288582,2025,1,14,7,27,臺中市,西屯區,0,0,0,7,,,50,,,,,,,,,,,,,,12,,,,,C03,,,1,,1,,,85,85,1,13,4,120.621903,24.186443,3
5680,66000,387130000C,(04)23274275,(04)23288582,2025,1,14,7,27,臺中市,龍井區,0,1,0,7,3,6,30,13,9,1,5,4,6,6,4,4,10,5,5,2,3,3,10,3,1,B03,7,9,1,8,2,2,,59,59,1,6,4,120.544361,24.193112,2
5681,66000,387130000C,(04)23274275,(04)23288582,2025,1,14,7,28,臺中市,豐原區,0,0,0,7,,,50,,,,,,,,,,,,,,13,,,,,B03,,,1,,1,,,7,7,1,12,4,120.72006,24.262239,3
5682,66000,387130000C,(04)23274275,(04)23288582,2025,1,14,7,30,臺中市,大雅區,0,2,0,7,2,6,50,13,9,1,5,4,6,6,4,4,5,4,5,1,17,2,9,1,1,C03,7,1,1,10,2,14,,39,39,1,12,4,120.647992,24.22342,2
5683,66000,387130000C,(04)23274275,(04)23288582,2025,1,14,7,30,臺中市,西區,0,0,0,7,,,50,,,,,,,,,,,,,,,,,,,B03,,,1,,2,,,49,49,1,12,4,120.666627,24.144606,3
5684,66000,387130000C,(04)23274275,(04)23288582,2025,1,14,7,30,臺中市,霧峰區,0,1,0,7,2,6,50,3,1,1,5,4,6,6,1,1,10,5,5,2,17,3,10,3,1,B03,7,5,1,8,2,2,,11,11,1,6,4,120.696457,24.024011,2
5685,66000,387130000C,(04)23274275,(04)23288582,2025,1,14,7,30,臺中市,沙鹿區,0,0,0,7,,,50,,,,,,,,,,,,,,11,,,,,B03,,,1,,2,,,39,39,1,13,4,120.563518,24.213361,3
5686,66000,387130000C,(04)23274275,(04)23288582,2025,1,14,7,33,臺中市,北屯區,0,0,0,7,,,50,,,,,,,,,,,,,,17,,,,,C03,,,1,,1,,,42,42,1,12,4,120.719281,24.176865,4
5687,66000,387130000C,(04)23274275,(04)23288582,2025,1,14,7,34,臺中市,北區,0,0,0,7,,,50,,,,,,,,,,,,,,17,,,,,C03,,,1,,2,,,8,8,1,12,4,120.676048,24.168759,3
5688,66000,387130000C,(04)23274275,(04)23288582,2025,1,14,7,35,臺中市,大雅區,0,1,0,7,1,6,30,13,9,1,5,4,6,6,4,4,10,5,5,1,17,3,10,3,1,B03,7,1,1,8,2,8,,51,51,1,13,4,120.656097,24.212291,2
5689,66000,387130000C,(04)23274275,(04)23288582,2025,1,14,7,35,臺中市,沙鹿區,0,0,0,7,,,40,,,,,,,,,,,,,,,,,,,C03,,,3,,2,,,48,48,1,12,4,120.565597,24.234733,3
5690,66000,387130000C,(04)23274275,(04)23288582,2025,1,14,7,36,臺中市,大里區,0,2,0,7,3,6,50,4,1,1,5,4,6,6,1,1,10,5,5,2,16,2,9,2,1,C03,7,6,1,10,2,11,,11,11,1,13,4,120.720087,24.093665,2
5691,66000,387130000C,(04)23274275,(04)23288582,2025,1,14,7,36,臺中市,大甲區,0,0,0,7,,,50,,,,,,,,,,,,,,,,,,,C03,,,1,,2,,,15,15,1,6,4,120.645056,24.404904,3
5692,66000,387130000C,(04)23274275,(04)23288582,2025,1,14,7,37,臺中市,潭子區,0,0,0,7,,,60,,,,,,,,,,,,,,,,,,,C03,,,1,,2,,,7,7,1,13,4,120.709403,24.233405,3
5693,66000,387130000C,(04)23274275,(04)23288582,2025,1,14,7,38,臺中市,南區,0,3,0,7,3,6,50,13,9,1,5,4,6,6,4,4,5,4,5,2,13,2,9,2,1,C03,7,9,1,10,2,11,13,7,7,1,13,4,120.651515,24.121544,2
5694,66000,387130000C,(04)23274275,(04)23288582,2025,1,14,7,39,臺中市,南屯區,0,1,0,7,2,6,50,4,4,1,5,4,6,6,1,1,5,2,5,2,17,3,10,1,1,C04,7,3,1,10,2,12,,84,84,1,12,4,120.646423,24.137475,2
5695,66000,387130000C,(04)23274275,(04)23288582,2025,1,14,7,39,臺中市,后里區,0,0,0,7,,,50,,,,,,,,,,,,,,12,,,,,B03,,,1,,2,,,8,8,1,12,4,120.710243,24.316586,3
5696,66000,387130000C,(04)23274275,(04)23288582,2025,1,14,7,41,臺中市,潭子區,0,0,0,7,,,60,,,,,,,,,,,,,,13,,,,,C03,,,1,,1,,,7,7,1,13,4,120.690355,24.224792,3
5697,66000,387130000C,(04)23274275,(04)23288582,2025,1,14,7,41,臺中市,烏日區,0,0,0,7,,,50,,,,,,,,,,,,,,13,,,,,C03,,,1,,1,,,59,59,1,13,4,120.620963,24.106333,3
5698,66000,387130000C,(04)23274275,(04)23288582,2025,1,14,7,42,臺中市,大里區,0,1,0,7,3,6,60,3,2,1,5,4,6,6,1,1,1,4,4,2,12,3,10,1,1,C03,7,8,1,10,2,14,,42,42,1,13,4,120.664162,24.107643,2
5699,66000,387130000C,(04)23274275,(04)23288582,2025,1,14,7,43,臺中市,南區,0,2,0,7,2,6,50,3,2,1,5,4,6,6,2,1,1,4,5,2,12,2,8,1,1,C03,7,9,1,10,2,14,,84,84,1,12,4,120.679278,24.122526,2
5700,66000,387130000C,(04)23274275,(04)23288582,2025,1,14,7,43,臺中市,大里區,0,1,0,7,2,6,50,13,9,1,5,4,6,6,4,4,9,5,5,2,11,3,10,3,1,B03,7,9,1,8,2,4,,8,8,1,12,4,120.672678,24.112772,2
5701,66000,387130000C,(04)23274275,(04)23288582,2025,1,14,7,43,臺中市,梧棲區,0,1,0,7,3,6,30,3,1,1,5,4,6,6,4,4,10,5,5,2,16,2,9,1,1,C03,7,9,1,10,2,11,,59,59,1,6,4,120.523254,24.231162,2
5702,66000,387130000C,(04)23274275,(04)23288582,2025,1,14,7,45,臺中市,大雅區,0,0,0,7,,,30,,,,,,,,,,,,,,,,,,,B03,,,1,,1,,,84,84,1,12,4,120.650999,24.209824,3
5703,66000,387130000C,(04)23274275,(04)23288582,2025,1,14,7,46,臺中市,西區,0,0,0,7,,,50,,,,,,,,,,,,,,,,,,,B03,,,1,,1,,,84,84,1,6,4,120.661688,24.140163,3