序號,縣市別代碼,機關代碼,市話,傳真,年,月,日,時,分,縣市,區,死亡數量,受傷數量,2-30,天候,道路照明設備,道路類別,道路速限,道路型態,事故位置,路面鋪裝,路面狀態,路面缺陷,障礙物,視距,號誌種類,號誌動作,分向設施,快車道或一般車道間,快慢車道間,路面邊線,事故類型及型態,受傷程度,主要傷處,保護裝備,行動電話或功能裝置,當事者區分(類別),車輛用途,當事者行動狀態,駕照狀態,駕照種類,飲酒情形,車輛撞擊部位最初,車輛撞擊部位其他,肇事因素個別,肇事因素主要,肇事逃逸,職業,共享經濟或外送平台,GPS座標X,GPS座標Y,事故類別
5813,66000,387130000C,(04)23274275,(04)23288582,2025,1,14,10,0,臺中市,大里區,0,0,0,7,,,30,,,,,,,,,,,,,,14,,,,,B03,,,1,,1,,,49,49,1,6,4,120.705142,24.087321,3
5814,66000,387130000C,(04)23274275,(04)23288582,2025,1,14,10,0,臺中市,神岡區,0,0,0,7,,,50,,,,,,,,,,,,,,12,,,,,B03,,,1,,1,,,7,7,1,13,4,120.698359,24.248614,3
5815,66000,387130000C,(04)23274275,(04)23288582,2025,1,14,10,1,臺中市,梧棲區,0,2,0,7,3,6,50,13,9,1,5,4,6,6,4,4,5,5,5,1,16,2,9,1,1,C03,7,6,1,10,2,11,,20,20,1,6,4,120.541975,24.259647,2
5816,66000,387130000C,(04)23274275,(04)23288582,2025,1,14,10,5,臺中市,豐原區,0,0,0,7,,,50,,,,,,,,,,,,,,16,,,,,C03,,,1,,2,,,48,48,1,12,4,120.720227,24.236722,3
5817,66000,387130000C,(04)23274275,(04)23288582,2025,1,14,10,6,臺中市,西區,0,2,0,7,3,6,50,4,2,1,5,4,6,6,4,4,10,5,5,2,12,2,9,1,1,C03,7,9,1,10,2,11,,84,84,1,6,4,120.660888,24.146695,2
5818,66000,387130000C,(04)23274275,(04)23288582,2025,1,14,10,6,臺中市,北區,0,2,0,7,2,6,50,4,1,1,5,4,6,6,4,4,10,3,5,2,15,3,10,1,1,C03,7,9,1,10,2,13,,15,15,1,13,4,120.682378,24.163945,2
5819,66000,387130000C,(04)23274275,(04)23288582,2025,1,14,10,9,臺中市,沙鹿區,0,0,0,7,,,50,,,,,,,,,,,,,,,,,,,B13,,,1,,1,,,7,7,1,13,4,120.569061,24.238739,3
5820,66000,387130000C,(04)23274275,(04)23288582,2025,1,14,10,10,臺中市,太平區,0,2,0,7,2,6,50,4,1,1,5,4,6,6,4,4,10,5,5,2,15,2,9,1,1,C03,7,9,3,19,2,11,,12,12,1,12,4,120.72832,24.154894,2
5821,66000,387130000C,(04)23274275,(04)23288582,2025,1,14,10,15,臺中市,龍井區,0,1,0,7,3,6,30,4,1,1,5,4,6,6,4,4,10,5,5,2,15,3,10,1,1,C03,7,9,3,19,2,12,,15,15,1,6,4,120.555305,24.213098,2
5822,66000,387130000C,(04)23274275,(04)23288582,2025,1,14,10,21,臺中市,西屯區,0,1,0,7,2,6,50,3,1,1,5,4,6,6,1,1,3,5,5,2,16,2,9,2,4,C04,7,6,1,11,2,11,,48,48,1,13,4,120.655191,24.200556,2
5823,66000,387130000C,(04)23274275,(04)23288582,2025,1,14,10,21,臺中市,龍井區,0,0,0,7,,,30,,,,,,,,,,,,,,,,,,,B03,,,1,,1,,,49,49,1,6,4,120.576576,24.180162,3
5824,66000,387130000C,(04)23274275,(04)23288582,2025,1,14,10,25,臺中市,大雅區,0,1,0,7,2,6,30,4,9,1,5,4,6,6,4,4,10,4,5,2,17,3,10,3,1,B12,7,9,1,8,2,4,,12,12,1,12,4,120.670128,24.224239,2
5825,66000,387130000C,(04)23274275,(04)23288582,2025,1,14,10,25,臺中市,南區,0,1,0,7,3,6,40,13,14,1,5,4,6,6,4,4,5,4,4,2,18,2,7,2,1,C03,7,15,1,10,2,14,,84,84,1,13,4,120.681638,24.133808,2
5826,66000,387130000C,(04)23274275,(04)23288582,2025,1,14,10,25,臺中市,豐原區,0,0,0,7,,,50,,,,,,,,,,,,,,17,,,,,C03,,,3,,2,,,39,39,1,12,4,120.743383,24.252573,3
5827,66000,387130000C,(04)23274275,(04)23288582,2025,1,14,10,26,臺中市,北屯區,0,0,0,7,,,50,,,,,,,,,,,,,,17,,,,,A12,,,1,,2,,,8,8,1,12,4,120.665044,24.181426,3
5828,66000,387130000C,(04)23274275,(04)23288582,2025,1,14,10,30,臺中市,大雅區,0,0,0,7,,,50,,,,,,,,,,,,,,,,,,,B12,,,1,,2,,,49,49,1,13,4,120.660418,24.208956,3
5829,66000,387130000C,(04)23274275,(04)23288582,2025,1,14,10,30,臺中市,東勢區,0,0,0,7,2,6,50,18,1,1,5,4,6,6,4,4,10,5,5,2,16,3,10,2,4,C03,7,9,1,10,9,15,,84,84,2,12,4,120.82853,24.256688,3
5830,66000,387130000C,(04)23274275,(04)23288582,2025,1,14,10,31,臺中市,北區,0,1,0,7,3,6,50,4,1,1,5,4,6,6,1,1,1,4,4,2,16,3,10,3,1,B03,7,6,1,8,2,2,,11,11,1,12,4,120.668116,24.162968,2
5831,66000,387130000C,(04)23274275,(04)23288582,2025,1,14,10,32,臺中市,南區,0,0,0,7,,,50,,,,,,,,,,,,,,13,,,,,B03,,,1,,1,,,7,7,1,12,4,120.669921,24.119033,3
5832,66000,387130000C,(04)23274275,(04)23288582,2025,1,14,10,35,臺中市,西屯區,0,1,0,7,2,6,50,4,1,1,5,4,6,6,2,1,10,5,5,2,18,2,1,5,4,C03,7,9,1,10,2,14,,84,84,1,12,4,120.618907,24.184707,2
5833,66000,387130000C,(04)23274275,(04)23288582,2025,1,14,10,38,臺中市,西屯區,0,1,0,7,2,6,80,13,9,1,5,4,6,6,4,4,10,4,5,2,13,3,10,3,1,B12,7,9,1,8,2,1,,7,7,1,12,4,120.63993,24.190099,2
5834,66000,387130000C,(04)23274275,(04)23288582,2025,1,14,10,39,臺中市,豐原區,0,0,0,7,,,50,,,,,,,,,,,,,,17,,,,,B03,,,5,,1,,,51,51,2,12,4,120.711165,24.239235,3
5835,66000,387130000C,(04)23274275,(04)23288582,2025,1,14,10,40,臺中市,東區,0,1,0,7,2,6,40,13,8,1,5,4,6,6,4,4,1,4,4,2,13,2,9,2,1,C03,7,9,1,10,2,11,,7,7,1,12,4,120.694456,24.146944,2
5836,66000,387130000C,(04)23274275,(04)23288582,2025,1,14,10,40,臺中市,太平區,0,1,0,7,3,6,50,3,1,1,5,4,6,6,4,4,5,5,5,1,16,2,9,2,1,C03,7,9,1,10,2,14,,20,20,1,12,4,120.711725,24.123386,2
5837,66000,387130000C,(04)23274275,(04)23288582,2025,1,14,10,44,臺中市,太平區,0,2,0,7,2,6,50,4,1,1,5,4,6,6,4,4,10,5,5,2,16,2,9,2,1,C03,7,15,1,10,2,14,,42,42,1,12,4,120.7117,24.151558,2
5838,66000,387130000C,(04)23274275,(04)23288582,2025,1,14,10,45,臺中市,北屯區,0,1,0,7,2,9,50,13,9,1,5,4,6,6,4,4,10,5,5,2,2,3,10,3,1,B12,7,9,1,8,2,5,,84,84,1,12,4,120.732764,24.179914,2
5839,66000,387130000C,(04)23274275,(04)23288582,2025,1,14,10,45,臺中市,烏日區,0,0,0,7,,,50,,,,,,,,,,,,,,16,,,,,B03,,,1,,1,,,26,26,1,6,4,120.616844,24.116186,3
5840,66000,387130000C,(04)23274275,(04)23288582,2025,1,14,10,47,臺中市,霧峰區,0,0,0,7,,,50,,,,,,,,,,,,,,,,,,,B03,,,1,,2,,,13,13,1,13,4,120.69675,24.052336,3
5841,66000,387130000C,(04)23274275,(04)23288582,2025,1,14,10,51,臺中市,南區,0,1,0,7,2,6,50,3,1,1,5,4,6,6,1,1,5,3,4,2,13,2,9,1,1,C03,7,9,1,10,2,11,,7,7,1,13,4,120.661826,24.113253,2
5842,66000,387130000C,(04)23274275,(04)23288582,2025,1,14,10,53,臺中市,大里區,0,0,0,7,,,50,,,,,,,,,,,,,,17,,,,,C03,,,1,,2,,,46,46,1,12,2,120.689036,24.115331,3
5843,66000,387130000C,(04)23274275,(04)23288582,2025,1,14,10,55,臺中市,大甲區,0,1,0,7,3,6,70,4,1,1,5,4,6,6,1,1,10,5,5,2,17,3,10,3,1,B12,7,7,1,8,2,3,,40,40,1,6,4,120.615737,24.335508,2
5844,66000,387130000C,(04)23274275,(04)23288582,2025,1,14,10,57,臺中市,豐原區,0,0,0,7,,,50,,,,,,,,,,,,,,17,,,,,B03,,,1,,2,,,51,51,1,13,4,120.717948,24.251842,3
5845,66000,387130000C,(04)23274275,(04)23288582,2025,1,14,10,58,臺中市,清水區,0,1,0,7,3,6,40,4,2,1,5,4,6,6,4,4,1,4,4,2,17,3,10,3,1,B03,7,1,1,8,2,5,,51,51,1,12,4,120.572229,24.261966,2
5846,66000,387130000C,(04)23274275,(04)23288582,2025,1,14,11,0,臺中市,北屯區,0,2,0,7,2,6,50,13,9,1,5,4,6,6,4,4,1,4,5,2,13,2,9,1,1,C03,7,9,1,10,2,11,,7,7,1,12,4,120.699891,24.162587,2
5847,66000,387130000C,(04)23274275,(04)23288582,2025,1,14,11,0,臺中市,豐原區,0,0,0,7,,,50,,,,,,,,,,,,,,14,,,,,B12,,,1,,2,,,49,49,1,13,4,120.700447,24.239802,3
5848,66000,387130000C,(04)23274275,(04)23288582,2025,1,14,11,5,臺中市,大里區,0,1,0,7,3,6,50,5,1,1,5,4,6,6,1,1,1,5,5,1,16,3,10,3,1,B11,7,5,1,8,2,2,,11,11,1,13,4,120.671961,24.108366,2
5849,66000,387130000C,(04)23274275,(04)23288582,2025,1,14,11,7,臺中市,西屯區,0,0,0,7,,,,,,,,,,,,,,,,,12,,,,,,,,,,,,,119,119,1,,,120.65709,24.159314,3
5850,66000,387130000C,(04)23274275,(04)23288582,2025,1,14,11,8,臺中市,北屯區,0,3,0,7,2,6,50,4,1,1,5,4,6,6,1,1,10,5,5,2,17,2,3,2,1,C03,7,5,1,10,2,12,,39,39,1,12,4,120.688004,24.174274,2
5851,66000,387130000C,(04)23274275,(04)23288582,2025,1,14,11,9,臺中市,西區,0,0,0,7,,,50,,,,,,,,,,,,,,,,,,,B03,,,1,,1,,,47,47,1,12,4,120.669812,24.149577,3
5852,66000,387130000C,(04)23274275,(04)23288582,2025,1,14,11,15,臺中市,龍井區,0,1,0,7,2,6,40,13,9,1,5,4,6,6,4,4,1,4,5,1,18,2,7,2,1,C03,7,9,1,10,2,12,,59,59,1,6,4,120.521797,24.216549,2
5853,66000,387130000C,(04)23274275,(04)23288582,2025,1,14,11,16,臺中市,北屯區,0,0,0,7,,,50,,,,,,,,,,,,,,13,,,,,B03,,,1,,1,,,84,84,1,12,4,120.668118,24.178527,3
5854,66000,387130000C,(04)23274275,(04)23288582,2025,1,14,11,16,臺中市,烏日區,0,1,0,7,2,6,30,4,1,1,5,4,6,6,4,4,10,5,5,2,15,3,10,5,4,B12,7,9,1,8,2,1,,15,15,1,13,4,120.640832,24.100518,2
5855,66000,387130000C,(04)23274275,(04)23288582,2025,1,14,11,17,臺中市,北區,0,1,0,7,2,6,50,3,1,1,5,4,6,6,4,4,10,5,5,2,17,3,10,3,1,B03,7,6,1,8,2,8,,14,14,1,13,4,120.676307,24.172749,2
5856,66000,387130000C,(04)23274275,(04)23288582,2025,1,14,11,17,臺中市,北屯區,0,0,0,7,,,40,,,,,,,,,,,,,,14,,,,,B03,,,1,,2,,,49,49,1,12,4,120.686158,24.192208,3
5857,66000,387130000C,(04)23274275,(04)23288582,2025,1,14,11,25,臺中市,烏日區,0,0,0,7,,,5,,,,,,,,,,,,,,12,,,,,G03,,,1,,2,,,8,8,1,12,4,120.600467,24.110798,3
5858,66000,387130000C,(04)23274275,(04)23288582,2025,1,14,11,25,臺中市,大甲區,0,0,0,7,,,50,,,,,,,,,,,,,,14,,,,,A11,,,1,,1,,,77,77,1,12,4,120.623386,24.345727,3
5859,66000,387130000C,(04)23274275,(04)23288582,2025,1,14,11,29,臺中市,東區,0,1,0,7,2,6,50,4,1,1,5,4,6,6,1,1,9,5,5,2,17,3,10,3,1,B03,7,6,1,8,2,1,,48,48,1,12,4,120.700685,24.127065,2
5860,66000,387130000C,(04)23274275,(04)23288582,2025,1,14,11,30,臺中市,南屯區,0,0,0,7,,,50,,,,,,,,,,,,,,,,,,,B12,,,1,,2,,,84,84,1,12,4,120.643921,24.13821,3
5861,66000,387130000C,(04)23274275,(04)23288582,2025,1,14,11,30,臺中市,南屯區,0,1,0,7,1,6,40,13,7,1,5,4,6,6,4,4,9,5,4,2,17,3,10,3,1,B03,7,1,1,8,2,5,,51,51,1,6,4,120.636197,24.132729,2
5862,66000,387130000C,(04)23274275,(04)23288582,2025,1,14,11,30,臺中市,西屯區,0,0,0,7,,,50,,,,,,,,,,,,,,12,,,,,B03,,,1,,1,,,20,20,1,12,4,120.615369,24.183119,3
5863,66000,387130000C,(04)23274275,(04)23288582,2025,1,14,11,30,臺中市,太平區,0,0,0,7,,,30,,,,,,,,,,,,,,17,,,,,B12,,,1,,9,,,84,84,1,12,4,120.720018,24.103383,3
5864,66000,387130000C,(04)23274275,(04)23288582,2025,1,14,11,30,臺中市,和平區,0,0,0,7,3,2,50,11,9,1,5,4,1,6,4,4,8,3,5,1,13,3,10,3,1,B03,7,12,1,8,1,1,,7,7,1,7,4,120.916595,24.187501,3
5865,66000,387130000C,(04)23274275,(04)23288582,2025,1,14,11,32,臺中市,霧峰區,0,1,0,7,3,6,50,4,1,1,5,4,6,6,4,4,10,5,5,2,15,3,10,3,1,B03,7,9,1,8,2,5,,15,15,1,13,4,120.69836,24.068009,2
5866,66000,387130000C,(04)23274275,(04)23288582,2025,1,14,11,33,臺中市,清水區,0,0,0,7,,,50,,,,,,,,,,,,,,,,,,,B12,,,1,,11,,,84,84,1,12,4,120.567758,24.270203,3
5867,66000,387130000C,(04)23274275,(04)23288582,2025,1,14,11,34,臺中市,石岡區,0,0,0,7,,,50,,,,,,,,,,,,,,12,,,,,B03,,,1,,2,,,8,8,1,12,4,120.80131,24.268854,3
5868,66000,387130000C,(04)23274275,(04)23288582,2025,1,14,11,35,臺中市,清水區,0,1,0,7,3,6,50,4,1,1,5,4,6,6,1,1,1,4,4,2,17,2,9,2,1,C03,7,9,1,10,2,11,,7,7,1,12,4,120.576084,24.270913,2
5869,66000,387130000C,(04)23274275,(04)23288582,2025,1,14,11,36,臺中市,西屯區,0,0,0,7,,,0,,,,,,,,,,,,,,17,,,,,C03,,,1,,2,,,84,84,1,13,4,120.634385,24.17931,3
5870,66000,387130000C,(04)23274275,(04)23288582,2025,1,14,11,39,臺中市,后里區,0,0,0,7,,,40,,,,,,,,,,,,,,14,,,,,A12,,,1,,2,,,49,49,1,6,4,120.723785,24.31349,3
5871,66000,387130000C,(04)23274275,(04)23288582,2025,1,14,11,40,臺中市,豐原區,0,0,0,7,,,50,,,,,,,,,,,,,,17,,,,,B12,,,1,,2,,,84,,1,12,4,120.719689,24.26399,3
5872,66000,387130000C,(04)23274275,(04)23288582,2025,1,14,11,41,臺中市,西屯區,0,0,0,7,,,50,,,,,,,,,,,,,,16,,,,,C03,,,1,,1,,,45,45,1,12,4,120.619509,24.180358,3
5873,66000,387130000C,(04)23274275,(04)23288582,2025,1,14,11,43,臺中市,西區,0,0,0,7,,,50,,,,,,,,,,,,,,17,,,,,B03,,,1,,1,,,43,43,1,12,4,120.654447,24.146612,3
5874,66000,387130000C,(04)23274275,(04)23288582,2025,1,14,11,45,臺中市,北屯區,0,0,0,7,,,50,,,,,,,,,,,,,,,,,,,B03,,,1,,2,,,49,49,1,12,4,120.670537,24.17603,3
5875,66000,387130000C,(04)23274275,(04)23288582,2025,1,14,11,46,臺中市,潭子區,0,0,0,7,,,50,,,,,,,,,,,,,,,,,,,B03,,,3,,2,,,8,8,1,12,4,120.702073,24.211438,3
5876,66000,387130000C,(04)23274275,(04)23288582,2025,1,14,11,48,臺中市,東區,0,1,0,7,3,6,50,4,1,1,5,4,6,6,1,1,10,5,5,2,16,3,10,3,1,B03,7,5,1,8,1,6,,84,84,1,13,4,120.69972,24.144646,2
5877,66000,387130000C,(04)23274275,(04)23288582,2025,1,14,11,49,臺中市,豐原區,0,0,0,7,,,50,,,,,,,,,,,,,,17,,,,,B03,,,1,,2,,,8,8,1,12,4,120.710578,24.250389,3
5878,66000,387130000C,(04)23274275,(04)23288582,2025,1,14,11,55,臺中市,南屯區,0,1,0,7,2,6,50,4,1,1,5,4,6,6,1,1,10,5,5,2,16,3,10,3,1,B03,7,6,1,8,2,5,,11,11,1,12,4,120.647815,24.143772,2
5879,66000,387130000C,(04)23274275,(04)23288582,2025,1,14,11,55,臺中市,大里區,0,1,0,7,2,6,50,4,1,1,5,4,6,6,1,1,10,5,5,2,13,3,10,2,1,C03,7,9,1,10,2,11,,84,84,1,6,4,120.697782,24.08234,2
5880,66000,387130000C,(04)23274275,(04)23288582,2025,1,14,12,0,臺中市,北屯區,0,0,0,7,,,50,,,,,,,,,,,,,,13,,,,,B03,,,1,,1,,,59,59,1,12,4,120.719015,24.180118,3
5881,66000,387130000C,(04)23274275,(04)23288582,2025,1,14,12,0,臺中市,大里區,0,1,0,7,2,6,50,3,1,1,5,4,6,6,4,4,10,5,5,2,18,2,9,2,1,C03,7,6,1,10,2,14,,14,14,1,6,4,120.707797,24.097488,2
5882,66000,387130000C,(04)23274275,(04)23288582,2025,1,14,12,7,臺中市,東勢區,0,1,0,7,2,6,50,4,9,1,5,4,6,6,3,1,5,5,5,2,13,3,10,5,4,B03,7,5,1,8,2,5,,85,85,1,13,4,120.843437,24.244552,2
5883,66000,387130000C,(04)23274275,(04)23288582,2025,1,14,12,11,臺中市,南屯區,0,0,0,7,,,50,,,,,,,,,,,,,,12,,,,,B03,,,1,,2,,,8,8,1,13,4,120.6083,24.144907,3
5884,66000,387130000C,(04)23274275,(04)23288582,2025,1,14,12,16,臺中市,大甲區,0,1,0,7,3,6,30,3,9,1,5,4,6,6,4,4,10,5,5,1,11,2,9,2,1,C03,7,5,1,10,2,11,,84,84,1,12,4,120.618534,24.343327,2
5885,66000,387130000C,(04)23274275,(04)23288582,2025,1,14,12,17,臺中市,北區,0,1,0,7,2,6,50,13,9,1,5,4,6,6,4,4,5,5,5,2,18,2,9,1,1,C03,7,9,1,10,2,14,,85,85,1,12,4,120.698372,24.156729,2
5886,66000,387130000C,(04)23274275,(04)23288582,2025,1,14,12,17,臺中市,西屯區,0,3,0,7,2,6,50,4,4,1,5,4,6,6,1,1,5,2,5,2,13,2,9,5,4,C03,7,9,1,10,2,12,,7,7,1,12,4,120.624998,24.180774,2
5887,66000,387130000C,(04)23274275,(04)23288582,2025,1,14,12,21,臺中市,西屯區,0,0,0,7,,,50,,,,,,,,,,,,,,17,,,,,B03,,,1,,2,,,8,8,1,12,4,120.635969,24.164836,3
5888,66000,387130000C,(04)23274275,(04)23288582,2025,1,14,12,22,臺中市,西屯區,0,0,0,7,,,40,,,,,,,,,,,,,,12,,,,,B03,,,1,,1,,,8,8,1,13,4,120.627626,24.183973,3
5889,66000,387130000C,(04)23274275,(04)23288582,2025,1,14,12,22,臺中市,大甲區,0,0,0,7,,,40,,,,,,,,,,,,,,11,,,,,C03,,,1,,2,,,59,59,1,13,4,120.629123,24.353985,3
5890,66000,387130000C,(04)23274275,(04)23288582,2025,1,14,12,25,臺中市,潭子區,0,0,0,7,,,50,,,,,,,,,,,,,,,,,,,B03,,,1,,2,,,84,84,1,13,4,120.707697,24.199418,3
5891,66000,387130000C,(04)23274275,(04)23288582,2025,1,14,12,27,臺中市,大里區,0,0,0,7,,,50,,,,,,,,,,,,,,30,,,,,A12,,,1,,2,,,84,84,1,13,4,120.704311,24.106473,3
5892,66000,387130000C,(04)23274275,(04)23288582,2025,1,14,12,28,臺中市,龍井區,0,0,0,7,,,50,,,,,,,,,,,,,,,,,,,B02,,,1,,2,,,49,49,1,6,4,120.549603,24.213486,3
5893,66000,387130000C,(04)23274275,(04)23288582,2025,1,14,12,30,臺中市,大雅區,0,1,0,7,1,6,30,4,1,1,5,4,6,6,4,4,10,5,5,2,17,2,7,1,1,C03,7,9,1,8,2,11,,15,15,1,13,4,120.654298,24.210958,2
5894,66000,387130000C,(04)23274275,(04)23288582,2025,1,14,12,30,臺中市,大甲區,0,2,0,7,3,6,50,13,9,1,5,4,6,6,4,4,5,4,4,1,17,2,9,1,1,C03,7,9,1,10,2,12,,84,84,1,12,4,120.627911,24.35157,2
5895,66000,387130000C,(04)23274275,(04)23288582,2025,1,14,12,33,臺中市,梧棲區,0,0,0,7,,,50,,,,,,,,,,,,,,14,,,,,B03,,,1,,1,,,49,49,1,13,4,120.529619,24.256595,3
5896,66000,387130000C,(04)23274275,(04)23288582,2025,1,14,12,35,臺中市,西區,0,3,0,7,3,6,50,3,1,1,5,4,6,6,4,4,10,5,5,2,17,2,9,1,1,C03,7,1,1,10,2,14,,84,84,1,13,4,120.676181,24.134298,2
5897,66000,387130000C,(04)23274275,(04)23288582,2025,1,14,12,35,臺中市,西屯區,0,0,0,7,,,30,,,,,,,,,,,,,,16,,,,,B03,,,5,,1,,,14,14,1,13,4,120.61333,24.174173,3
5898,66000,387130000C,(04)23274275,(04)23288582,2025,1,14,12,39,臺中市,沙鹿區,0,2,0,7,2,6,50,4,1,1,5,4,6,6,1,1,3,4,4,2,17,2,9,1,1,C03,7,6,1,10,2,14,,48,48,1,13,4,120.559304,24.235657,2
5899,66000,387130000C,(04)23274275,(04)23288582,2025,1,14,12,45,臺中市,大里區,0,0,0,7,,,50,,,,,,,,,,,,,,13,,,,,C03,,,3,,2,,,7,7,1,13,4,120.698292,24.094508,4
5900,66000,387130000C,(04)23274275,(04)23288582,2025,1,14,12,47,臺中市,大雅區,0,1,0,7,2,6,50,4,1,1,5,4,6,6,4,4,10,4,5,1,17,3,10,3,1,B03,7,5,1,8,2,7,,14,14,1,12,4,120.667978,24.216799,2
5901,66000,387130000C,(04)23274275,(04)23288582,2025,1,14,12,47,臺中市,北屯區,0,0,0,7,,,50,,,,,,,,,,,,,,14,,,,,B12,,,1,,1,,,49,49,1,12,4,120.674284,24.203747,3
5902,66000,387130000C,(04)23274275,(04)23288582,2025,1,14,12,48,臺中市,霧峰區,0,1,0,7,2,6,30,13,9,1,5,4,6,6,4,4,10,5,5,2,18,2,9,2,1,C03,7,9,1,10,2,12,,85,85,1,6,4,120.679906,24.045181,2
5903,66000,387130000C,(04)23274275,(04)23288582,2025,1,14,12,49,臺中市,北屯區,0,0,0,7,,,50,,,,,,,,,,,,,,,,,,,B03,,,1,,2,,,21,21,1,6,4,120.703106,24.169635,3
5904,66000,387130000C,(04)23274275,(04)23288582,2025,1,14,12,57,臺中市,北屯區,0,1,0,7,2,6,50,13,9,1,5,4,6,6,4,4,9,4,5,2,17,3,10,3,1,B12,7,1,5,19,2,1,,51,51,1,13,4,120.697838,24.183825,2
5905,66000,387130000C,(04)23274275,(04)23288582,2025,1,14,13,5,臺中市,大里區,0,0,0,7,,,50,,,,,,,,,,,,,,17,,,,,B03,,,1,,2,,,50,50,1,12,4,120.685591,24.120579,3
5906,66000,387130000C,(04)23274275,(04)23288582,2025,1,14,13,8,臺中市,大里區,0,0,0,7,,,50,,,,,,,,,,,,,,12,,,,,C03,,,1,,2,,,48,48,1,12,4,120.678941,24.11229,3
5907,66000,387130000C,(04)23274275,(04)23288582,2025,1,14,13,8,臺中市,沙鹿區,0,0,0,7,,,40,,,,,,,,,,,,,,17,,,,,B03,,,4,,2,,,59,59,1,6,4,120.559384,24.236781,3
5908,66000,387130000C,(04)23274275,(04)23288582,2025,1,14,13,9,臺中市,西區,0,0,0,7,,,50,,,,,,,,,,,,,,,,,,,B03,,,1,,2,,,84,84,1,6,4,120.656131,24.136488,3
5909,66000,387130000C,(04)23274275,(04)23288582,2025,1,14,13,10,臺中市,北屯區,0,0,0,7,,,50,,,,,,,,,,,,,,,,,,,C03,,,1,,1,,,7,7,1,12,4,120.698241,24.172787,3
5910,66000,387130000C,(04)23274275,(04)23288582,2025,1,14,13,12,臺中市,西屯區,0,0,0,7,,,40,,,,,,,,,,,,,,13,,,,,B01,,,1,,1,,,7,7,1,12,4,120.624345,24.178377,3
5911,66000,387130000C,(04)23274275,(04)23288582,2025,1,14,13,12,臺中市,龍井區,0,1,0,7,2,6,30,3,2,1,5,4,6,6,4,4,10,5,5,2,16,3,10,5,4,B03,7,6,1,8,2,4,,59,59,1,6,4,120.590094,24.179142,2
5912,66000,387130000C,(04)23274275,(04)23288582,2025,1,14,13,14,臺中市,大里區,0,0,0,7,,,30,,,,,,,,,,,,,,12,,,,,B03,,,1,,2,,,51,51,1,13,4,120.681087,24.097524,3
5913,66000,387130000C,(04)23274275,(04)23288582,2025,1,14,13,16,臺中市,西區,0,1,0,7,2,6,50,4,1,1,5,4,6,6,1,1,10,5,5,2,13,2,9,2,1,C03,7,9,1,10,2,11,,84,84,1,12,4,120.666927,24.153191,2
5914,66000,387130000C,(04)23274275,(04)23288582,2025,1,14,13,18,臺中市,豐原區,0,0,0,7,,,30,,,,,,,,,,,,,,14,,,,,C03,,,1,,1,,,51,51,1,12,4,120.722999,24.265402,3
5915,66000,387130000C,(04)23274275,(04)23288582,2025,1,14,13,20,臺中市,豐原區,0,1,0,7,2,6,50,4,2,1,5,4,6,6,2,1,1,4,5,2,15,3,10,3,1,A12,7,9,1,5,2,2,,21,21,1,12,4,120.736991,24.272804,2
5916,66000,387130000C,(04)23274275,(04)23288582,2025,1,14,13,22,臺中市,中區,0,1,0,7,2,6,50,4,1,1,5,4,6,6,4,4,10,5,5,2,17,2,9,1,1,C03,7,9,1,10,2,12,,15,15,1,12,4,120.678537,24.145667,2
5917,66000,387130000C,(04)23274275,(04)23288582,2025,1,14,13,22,臺中市,大里區,0,0,0,7,,,40,,,,,,,,,,,,,,,,,,,B03,,,1,,2,,,84,84,1,6,4,120.709263,24.085515,3
5918,66000,387130000C,(04)23274275,(04)23288582,2025,1,14,13,25,臺中市,西區,0,3,0,7,3,6,50,4,1,1,5,4,6,6,2,1,10,5,5,2,13,2,9,1,1,C03,7,9,1,10,2,12,,84,84,1,13,4,120.66544,24.135693,2
5919,66000,387130000C,(04)23274275,(04)23288582,2025,1,14,13,26,臺中市,潭子區,0,1,0,7,2,6,30,3,2,1,5,4,6,6,4,4,10,5,5,2,16,2,9,2,1,C03,7,6,1,10,2,12,,14,14,1,12,4,120.710205,24.215437,2
5920,66000,387130000C,(04)23274275,(04)23288582,2025,1,14,13,26,臺中市,梧棲區,0,1,0,7,2,6,50,4,2,1,5,4,6,6,2,1,10,5,5,2,16,3,10,3,1,B03,7,5,1,4,2,8,,84,84,1,6,4,120.536086,24.25904,2
5921,66000,387130000C,(04)23274275,(04)23288582,2025,1,14,13,31,臺中市,霧峰區,0,1,0,7,3,6,30,11,9,1,5,4,6,6,4,4,10,5,5,1,11,3,10,3,1,B12,7,9,1,8,2,4,,41,41,1,13,4,120.768045,24.061034,2
5922,66000,387130000C,(04)23274275,(04)23288582,2025,1,14,13,32,臺中市,烏日區,0,0,0,7,,,50,,,,,,,,,,,,,,9,,,,,B03,,,1,,2,,,84,84,1,12,4,120.599497,24.110533,3
5923,66000,387130000C,(04)23274275,(04)23288582,2025,1,14,13,34,臺中市,北屯區,0,0,0,7,,,50,,,,,,,,,,,,,,14,,,,,C03,,,1,,9,,,49,49,2,6,4,120.726854,24.165181,3
5924,66000,387130000C,(04)23274275,(04)23288582,2025,1,14,13,36,臺中市,南區,0,1,0,7,2,6,40,13,8,1,5,4,6,6,4,4,1,4,4,2,30,2,9,3,1,B03,7,15,1,8,2,1,,84,84,1,12,4,120.65112,24.112324,2