序號,縣市別代碼,機關代碼,市話,傳真,年,月,日,時,分,縣市,區,死亡數量,受傷數量,2-30,天候,道路照明設備,道路類別,道路速限,道路型態,事故位置,路面鋪裝,路面狀態,路面缺陷,障礙物,視距,號誌種類,號誌動作,分向設施,快車道或一般車道間,快慢車道間,路面邊線,事故類型及型態,受傷程度,主要傷處,保護裝備,行動電話或功能裝置,當事者區分(類別),車輛用途,當事者行動狀態,駕照狀態,駕照種類,飲酒情形,車輛撞擊部位最初,車輛撞擊部位其他,肇事因素個別,肇事因素主要,肇事逃逸,職業,共享經濟或外送平台,GPS座標X,GPS座標Y,事故類別
5925,66000,387130000C,(04)23274275,(04)23288582,2025,1,14,13,40,臺中市,東區,0,2,0,7,2,6,50,3,1,1,5,4,6,6,1,1,5,3,4,2,17,3,10,3,1,B03,7,6,1,8,2,1,,11,11,1,13,4,120.701482,24.138925,2
5926,66000,387130000C,(04)23274275,(04)23288582,2025,1,14,13,40,臺中市,豐原區,0,0,0,7,,,60,,,,,,,,,,,,,,12,,,,,B03,,,1,,2,,,42,42,1,13,4,120.703258,24.251619,3
5927,66000,387130000C,(04)23274275,(04)23288582,2025,1,14,13,42,臺中市,西區,0,0,0,7,,,50,,,,,,,,,,,,,,,,,,,B03,,,1,,1,,,40,40,1,13,4,120.673792,24.134974,3
5928,66000,387130000C,(04)23274275,(04)23288582,2025,1,14,13,43,臺中市,西區,0,0,0,7,,,40,,,,,,,,,,,,,,,,,,,B03,,,1,,1,,,84,84,1,12,4,120.658489,24.1583,3
5929,66000,387130000C,(04)23274275,(04)23288582,2025,1,14,13,44,臺中市,西屯區,0,0,0,7,,,50,,,,,,,,,,,,,,12,,,,,C03,,,1,,2,,,40,40,1,13,4,120.655224,24.200551,3
5930,66000,387130000C,(04)23274275,(04)23288582,2025,1,14,13,47,臺中市,南區,0,1,0,7,2,6,50,4,1,1,5,4,6,6,1,1,3,4,4,2,17,3,10,2,1,C03,7,9,1,10,2,12,,7,7,1,12,4,120.658261,24.117436,2
5931,66000,387130000C,(04)23274275,(04)23288582,2025,1,14,13,48,臺中市,南屯區,0,0,0,7,,,50,,,,,,,,,,,,,,13,,,,,B03,,,1,,2,,,7,7,1,13,4,120.646376,24.139956,3
5932,66000,387130000C,(04)23274275,(04)23288582,2025,1,14,13,48,臺中市,霧峰區,0,0,0,7,,,50,,,,,,,,,,,,,,13,,,,,B03,,,1,,2,,,7,7,1,6,4,120.696103,24.06504,3
5933,66000,387130000C,(04)23274275,(04)23288582,2025,1,14,13,50,臺中市,大里區,0,0,0,7,,,50,,,,,,,,,,,,,,,,,,,B03,,,1,,2,,,84,84,1,6,4,120.693822,24.090223,3
5934,66000,387130000C,(04)23274275,(04)23288582,2025,1,14,13,55,臺中市,南屯區,0,0,0,7,,,50,,,,,,,,,,,,,,,,,,,B03,,,1,,2,,,45,45,1,6,4,120.64729,24.133326,3
5935,66000,387130000C,(04)23274275,(04)23288582,2025,1,14,13,55,臺中市,沙鹿區,0,0,0,7,,,50,,,,,,,,,,,,,,14,,,,,B03,,,1,,2,,,49,49,1,12,4,120.582028,24.214557,3
5936,66000,387130000C,(04)23274275,(04)23288582,2025,1,14,14,1,臺中市,北屯區,0,0,0,7,,,50,,,,,,,,,,,,,,,,,,,C03,,,1,,1,,,84,84,1,6,4,120.702952,24.164718,3
5937,66000,387130000C,(04)23274275,(04)23288582,2025,1,14,14,3,臺中市,神岡區,0,1,0,7,2,6,50,3,2,1,5,4,6,6,4,4,10,5,5,2,17,2,8,5,4,C03,7,6,1,10,2,16,,6,6,1,12,4,120.658476,24.257167,2
5938,66000,387130000C,(04)23274275,(04)23288582,2025,1,14,14,4,臺中市,西屯區,0,0,0,7,,,50,,,,,,,,,,,,,,16,,,,,B03,,,1,,1,,,42,42,1,13,4,120.635817,24.171095,3
5939,66000,387130000C,(04)23274275,(04)23288582,2025,1,14,14,5,臺中市,霧峰區,0,1,0,7,2,6,30,5,1,1,5,4,6,6,4,4,10,5,5,1,17,2,9,2,1,C03,7,6,3,19,2,12,,14,14,1,13,4,120.714444,24.076081,2
5940,66000,387130000C,(04)23274275,(04)23288582,2025,1,14,14,13,臺中市,大甲區,0,0,0,7,,,40,,,,,,,,,,,,,,,,,,,B03,,,1,,2,,,49,49,1,12,4,120.648685,24.360382,3
5941,66000,387130000C,(04)23274275,(04)23288582,2025,1,14,14,15,臺中市,西屯區,0,1,0,7,2,6,50,13,7,1,5,4,6,6,2,1,3,2,3,2,13,2,7,3,1,B03,7,9,1,8,1,1,,7,7,1,12,4,120.646454,24.164454,2
5942,66000,387130000C,(04)23274275,(04)23288582,2025,1,14,14,16,臺中市,大里區,0,1,0,7,3,6,50,3,2,1,5,4,6,6,4,4,5,4,5,1,16,3,10,3,1,B02,7,6,1,8,2,8,,14,14,1,13,4,120.689748,24.111224,2
5943,66000,387130000C,(04)23274275,(04)23288582,2025,1,14,14,20,臺中市,南屯區,0,0,0,7,,,50,,,,,,,,,,,,,,12,,,,,B03,,,1,,1,,,39,39,1,12,4,120.623497,24.149515,3
5944,66000,387130000C,(04)23274275,(04)23288582,2025,1,14,14,24,臺中市,西區,0,0,0,7,,,50,,,,,,,,,,,,,,,,,,,B12,,,1,,1,,,84,84,1,6,4,120.665287,24.150867,3
5945,66000,387130000C,(04)23274275,(04)23288582,2025,1,14,14,33,臺中市,西屯區,0,1,0,7,2,6,40,13,8,1,5,4,6,6,4,4,1,4,5,2,13,2,8,5,4,C03,7,9,1,10,2,11,,7,7,1,12,4,120.643963,24.165501,2
5946,66000,387130000C,(04)23274275,(04)23288582,2025,1,14,14,34,臺中市,西屯區,0,2,0,7,2,6,50,5,1,1,5,4,6,6,4,4,10,5,5,2,17,3,10,5,4,B03,7,1,1,8,2,8,,51,51,1,13,4,120.667634,24.174259,2
5947,66000,387130000C,(04)23274275,(04)23288582,2025,1,14,14,35,臺中市,北屯區,0,1,0,7,1,6,50,4,2,1,5,4,6,6,4,4,5,4,4,2,12,3,10,1,1,C03,7,5,1,10,2,12,,65,65,1,13,4,120.741096,24.179771,2
5948,66000,387130000C,(04)23274275,(04)23288582,2025,1,14,14,40,臺中市,南屯區,0,1,0,7,3,6,50,13,9,1,5,4,6,6,4,4,8,3,5,1,16,3,10,3,1,B03,7,11,1,3,2,6,,45,45,1,12,4,120.60654,24.136266,2
5949,66000,387130000C,(04)23274275,(04)23288582,2025,1,14,14,41,臺中市,西區,0,0,0,7,,,50,,,,,,,,,,,,,,,,,,,B03,,,1,,1,,,84,84,1,12,4,120.659327,24.156093,3
5950,66000,387130000C,(04)23274275,(04)23288582,2025,1,14,14,41,臺中市,東區,0,0,0,7,,,50,,,,,,,,,,,,,,14,,,,,B12,,,1,,9,,,49,49,1,12,4,120.684387,24.132264,3
5951,66000,387130000C,(04)23274275,(04)23288582,2025,1,14,14,43,臺中市,南屯區,0,2,0,7,2,6,50,4,1,1,5,4,6,6,2,1,10,5,5,2,3,3,10,3,1,B03,7,6,1,8,2,1,,10,10,1,13,4,120.649825,24.149932,2
5952,66000,387130000C,(04)23274275,(04)23288582,2025,1,14,14,43,臺中市,大里區,0,1,0,7,2,6,50,13,9,1,5,4,6,6,4,4,9,4,5,1,13,2,9,2,1,C03,7,9,1,10,2,11,,7,7,1,12,4,120.680807,24.106454,2
5953,66000,387130000C,(04)23274275,(04)23288582,2025,1,14,14,45,臺中市,南區,0,0,0,7,,,50,,,,,,,,,,,,,,17,,,,,B12,,,4,,1,,,50,50,1,6,4,120.656359,24.125932,3
5954,66000,387130000C,(04)23274275,(04)23288582,2025,1,14,14,49,臺中市,大里區,0,0,0,7,,,50,,,,,,,,,,,,,,13,,,,,B03,,,1,,2,,,83,83,1,12,4,120.688203,24.094293,3
5955,66000,387130000C,(04)23274275,(04)23288582,2025,1,14,14,50,臺中市,北屯區,0,0,0,7,,,50,,,,,,,,,,,,,,,,,,,C03,,,1,,1,,,12,12,1,12,4,120.68023,24.178095,3
5956,66000,387130000C,(04)23274275,(04)23288582,2025,1,14,14,50,臺中市,北屯區,0,0,0,7,,,50,,,,,,,,,,,,,,,,,,,B03,,,1,,1,,,84,84,1,6,4,120.703911,24.164137,3
5957,66000,387130000C,(04)23274275,(04)23288582,2025,1,14,14,51,臺中市,西區,0,0,0,7,,,50,,,,,,,,,,,,,,13,,,,,B03,,,1,,1,,,84,84,1,12,4,120.661991,24.139792,3
5958,66000,387130000C,(04)23274275,(04)23288582,2025,1,14,14,54,臺中市,北屯區,0,1,0,7,2,6,50,4,1,1,5,4,6,6,1,1,10,5,5,2,17,3,10,3,1,B03,7,6,5,19,2,8,,39,39,1,12,4,120.707829,24.181378,2
5959,66000,387130000C,(04)23274275,(04)23288582,2025,1,14,14,55,臺中市,西區,0,0,0,6,,,50,,,,,,,,,,,,,,,,,,,C03,,,1,,1,,,7,7,1,12,4,120.666736,24.141067,3
5960,66000,387130000C,(04)23274275,(04)23288582,2025,1,14,14,58,臺中市,霧峰區,0,1,0,7,2,6,50,13,9,1,5,4,6,6,4,4,10,5,5,2,13,2,8,2,1,C03,7,9,1,10,2,11,,7,7,1,6,4,120.712933,24.07809,2
5961,66000,387130000C,(04)23274275,(04)23288582,2025,1,14,15,0,臺中市,北區,0,0,0,7,,,30,,,,,,,,,,,,,,17,,,,,B02,,,1,,1,,,49,49,1,13,4,120.668095,24.162861,3
5962,66000,387130000C,(04)23274275,(04)23288582,2025,1,14,15,3,臺中市,西區,0,0,0,7,,,50,,,,,,,,,,,,,,,,,,,C03,,,1,,9,,,8,8,1,13,4,120.655521,24.148908,3
5963,66000,387130000C,(04)23274275,(04)23288582,2025,1,14,15,8,臺中市,大里區,0,2,0,7,2,6,50,4,19,1,5,4,6,6,3,1,10,5,5,1,3,2,9,1,1,C03,7,9,1,10,2,11,,10,10,1,12,4,120.680152,24.115045,2
5964,66000,387130000C,(04)23274275,(04)23288582,2025,1,14,15,11,臺中市,西屯區,0,0,0,7,,,50,,,,,,,,,,,,,,17,,,,,B03,,,1,,11,,,87,87,1,13,4,120.651069,24.164467,3
5965,66000,387130000C,(04)23274275,(04)23288582,2025,1,14,15,12,臺中市,南屯區,0,1,0,7,2,6,50,4,1,1,5,4,6,6,4,4,10,5,5,2,12,2,8,2,4,C03,7,6,1,10,2,13,14,84,84,1,13,4,120.648618,24.148962,2
5966,66000,387130000C,(04)23274275,(04)23288582,2025,1,14,15,15,臺中市,北屯區,0,0,0,7,,,50,,,,,,,,,,,,,,13,,,,,B03,,,1,,1,,,59,59,1,13,4,120.718452,24.161272,3
5967,66000,387130000C,(04)23274275,(04)23288582,2025,1,14,15,25,臺中市,南屯區,0,0,0,7,,,50,,,,,,,,,,,,,,,,,,,A12,,,1,,2,,,40,40,1,6,4,120.615363,24.147472,3
5968,66000,387130000C,(04)23274275,(04)23288582,2025,1,14,15,27,臺中市,西屯區,0,2,0,7,2,6,30,13,9,1,5,4,6,6,4,4,10,5,5,2,11,2,9,2,1,C03,7,9,1,10,2,12,,84,84,1,12,4,120.623308,24.198231,2
5969,66000,387130000C,(04)23274275,(04)23288582,2025,1,14,15,30,臺中市,南屯區,0,0,0,7,,,50,,,,,,,,,,,,,,13,,,,,A12,,,1,,1,,,59,59,1,11,4,120.647232,24.140205,3
5970,66000,387130000C,(04)23274275,(04)23288582,2025,1,14,15,35,臺中市,大雅區,0,0,0,7,,,70,,,,,,,,,,,,,,,,,,,A41,,,1,,2,,,8,8,1,12,4,120.630849,24.240748,3
5971,66000,387130000C,(04)23274275,(04)23288582,2025,1,14,15,37,臺中市,西屯區,0,0,0,7,,,50,,,,,,,,,,,,,,13,,,,,B03,,,1,,1,,,59,59,1,13,4,120.637032,24.172211,3
5972,66000,387130000C,(04)23274275,(04)23288582,2025,1,14,15,38,臺中市,西屯區,0,0,0,7,,,30,,,,,,,,,,,,,,17,,,,,B03,,,1,,1,,,59,59,1,12,4,120.648724,24.182898,3
5973,66000,387130000C,(04)23274275,(04)23288582,2025,1,14,15,40,臺中市,南屯區,0,2,0,7,2,6,50,4,2,1,5,4,6,6,3,1,1,3,5,2,12,2,9,2,4,C03,7,9,1,10,2,12,14,7,7,1,13,4,120.626013,24.144866,2
5974,66000,387130000C,(04)23274275,(04)23288582,2025,1,14,15,40,臺中市,南屯區,0,2,0,7,2,6,50,13,8,1,5,4,6,6,1,1,9,4,4,2,12,2,9,1,1,C03,7,7,1,10,2,12,,40,40,1,12,4,120.609464,24.129713,2
5975,66000,387130000C,(04)23274275,(04)23288582,2025,1,14,15,42,臺中市,后里區,0,0,0,7,,,50,,,,,,,,,,,,,,,,,,,F03,,,,,,,,13,13,1,12,,120.72237,24.308876,3
5976,66000,387130000C,(04)23274275,(04)23288582,2025,1,14,15,43,臺中市,大雅區,0,0,0,7,,,30,,,,,,,,,,,,,,,,,,,B03,,,1,,1,,,49,49,1,13,4,120.632263,24.218627,3
5977,66000,387130000C,(04)23274275,(04)23288582,2025,1,14,15,48,臺中市,大雅區,0,1,0,7,2,6,30,4,9,1,5,4,6,6,4,4,10,5,5,2,17,2,9,1,1,C03,7,9,1,10,2,12,,20,20,1,12,4,120.656219,24.223192,2
5978,66000,387130000C,(04)23274275,(04)23288582,2025,1,14,15,54,臺中市,西屯區,0,1,0,7,2,6,30,11,9,1,5,4,6,6,4,4,10,5,5,2,10,2,9,1,4,C03,7,9,1,10,2,11,,41,41,1,13,4,120.614016,24.168447,2
5979,66000,387130000C,(04)23274275,(04)23288582,2025,1,14,15,55,臺中市,沙鹿區,0,0,0,7,,,50,,,,,,,,,,,,,,,,,,,B03,,,1,,2,,,7,7,1,13,4,120.565909,24.238734,3
5980,66000,387130000C,(04)23274275,(04)23288582,2025,1,14,15,56,臺中市,西屯區,0,0,0,7,,,50,,,,,,,,,,,,,,16,,,,,B03,,,1,,1,,,51,51,1,13,4,120.642513,24.18228,3
5981,66000,387130000C,(04)23274275,(04)23288582,2025,1,14,15,56,臺中市,西屯區,0,0,0,7,,,0,,,,,,,,,,,,,,30,,,,,,,,,,,,,109,109,1,6,5,120.651768,24.165805,4
5982,66000,387130000C,(04)23274275,(04)23288582,2025,1,14,15,56,臺中市,西屯區,0,1,0,7,1,6,0,18,21,4,5,2,6,6,4,4,10,5,5,2,18,2,8,1,1,C03,7,9,1,10,2,16,,84,84,1,12,4,120.637487,24.175913,2
5983,66000,387130000C,(04)23274275,(04)23288582,2025,1,14,15,57,臺中市,大里區,0,0,0,7,,,50,,,,,,,,,,,,,,14,,,,,B12,,,1,,2,,,49,49,1,6,4,120.690368,24.114336,3
5984,66000,387130000C,(04)23274275,(04)23288582,2025,1,14,15,57,臺中市,神岡區,0,0,0,7,1,6,50,3,1,1,5,4,6,6,4,4,10,5,5,1,27,,,,,B02,,,1,,2,,,84,84,1,12,4,120.679509,24.248999,3
5985,66000,387130000C,(04)23274275,(04)23288582,2025,1,14,15,58,臺中市,西屯區,0,2,0,7,2,6,30,3,1,1,5,4,6,6,1,1,10,5,5,2,12,2,9,5,4,C03,7,1,1,10,2,12,,51,51,1,12,4,120.648195,24.181947,2
5986,66000,387130000C,(04)23274275,(04)23288582,2025,1,14,15,58,臺中市,大里區,0,1,0,7,2,6,50,11,7,1,5,4,6,6,4,4,5,5,4,2,16,3,10,3,1,B03,7,11,1,8,2,4,,39,39,1,13,4,120.681443,24.096032,2
5987,66000,387130000C,(04)23274275,(04)23288582,2025,1,14,15,59,臺中市,南屯區,0,0,0,7,,,50,,,,,,,,,,,,,,,,,,,B03,,,1,,2,,,7,7,1,6,4,120.643962,24.132079,3
5988,66000,387130000C,(04)23274275,(04)23288582,2025,1,14,15,59,臺中市,龍井區,0,0,0,6,,,50,,,,,,,,,,,,,,13,,,,,B03,,,1,,2,,,7,7,1,6,4,120.584578,24.183194,3
5989,66000,387130000C,(04)23274275,(04)23288582,2025,1,14,15,59,臺中市,沙鹿區,0,1,0,7,3,6,40,3,4,1,5,4,6,6,1,1,3,4,3,1,13,2,9,2,1,C03,7,9,1,10,2,14,,7,7,1,5,4,120.58106,24.20167,2
5990,66000,387130000C,(04)23274275,(04)23288582,2025,1,14,16,0,臺中市,西屯區,0,1,0,7,1,6,40,4,1,1,5,4,6,6,2,1,10,5,5,2,16,3,10,3,1,B03,7,5,1,8,9,2,,47,47,1,12,4,120.602633,24.182917,2
5991,66000,387130000C,(04)23274275,(04)23288582,2025,1,14,16,3,臺中市,北屯區,0,1,0,7,2,6,50,3,1,1,5,4,6,6,3,1,10,5,5,2,16,3,10,3,1,B03,7,11,1,8,2,7,,45,45,1,12,4,120.734256,24.173531,2
5992,66000,387130000C,(04)23274275,(04)23288582,2025,1,14,16,4,臺中市,南屯區,0,1,0,7,2,6,50,3,1,1,5,4,6,6,1,1,9,4,4,2,12,3,10,3,1,B03,7,7,1,8,2,2,,40,40,1,12,4,120.653062,24.156417,2
5993,66000,387130000C,(04)23274275,(04)23288582,2025,1,14,16,11,臺中市,大里區,0,2,0,7,2,6,50,4,1,1,5,4,6,6,1,1,10,5,5,1,16,3,10,3,1,B03,7,5,1,8,2,5,,11,11,1,12,4,120.692453,24.112025,2
5994,66000,387130000C,(04)23274275,(04)23288582,2025,1,14,16,17,臺中市,大肚區,0,1,0,7,3,6,50,3,1,1,5,4,6,6,4,4,10,5,5,2,16,3,10,3,1,B03,7,6,1,8,2,8,,39,39,1,6,4,120.537402,24.160322,2
5995,66000,387130000C,(04)23274275,(04)23288582,2025,1,14,16,20,臺中市,北屯區,0,0,0,7,,,50,,,,,,,,,,,,,,12,,,,,B03,,,1,,9,,,51,51,2,6,4,120.693116,24.171499,3
5996,66000,387130000C,(04)23274275,(04)23288582,2025,1,14,16,21,臺中市,西屯區,0,1,0,7,1,6,50,4,1,1,5,4,6,6,4,4,10,5,5,2,18,2,9,1,4,C03,7,12,1,9,2,14,,84,84,1,13,4,120.659304,24.161514,2
5997,66000,387130000C,(04)23274275,(04)23288582,2025,1,14,16,23,臺中市,豐原區,0,0,0,7,,,60,,,,,,,,,,,,,,13,,,,,B12,,,1,,2,,,84,84,1,13,4,120.720379,24.264272,3
5998,66000,387130000C,(04)23274275,(04)23288582,2025,1,14,16,24,臺中市,豐原區,0,1,0,7,2,6,50,4,1,1,5,4,6,6,4,4,10,5,5,2,17,2,9,1,1,C03,7,1,3,19,2,14,,51,51,1,6,4,120.716062,24.242696,2
5999,66000,387130000C,(04)23274275,(04)23288582,2025,1,14,16,25,臺中市,大甲區,0,1,0,7,1,6,40,13,8,1,5,4,6,6,2,1,4,1,4,2,12,3,10,3,1,B03,7,14,1,8,2,2,,76,76,1,12,4,120.62417,24.346662,2
6000,66000,387130000C,(04)23274275,(04)23288582,2025,1,14,16,28,臺中市,大里區,0,0,0,7,2,6,50,3,1,1,5,4,6,6,4,4,5,5,5,1,17,,,,,C03,,,1,,2,,,85,85,1,13,4,120.700386,24.110334,3
6001,66000,387130000C,(04)23274275,(04)23288582,2025,1,14,16,29,臺中市,太平區,0,0,0,7,,,50,,,,,,,,,,,,,,,,,,,B12,,,1,,1,,,50,50,1,12,4,120.729374,24.150091,3
6002,66000,387130000C,(04)23274275,(04)23288582,2025,1,14,16,33,臺中市,霧峰區,0,0,0,7,,,50,,,,,,,,,,,,,,17,,,,,B03,,,1,,2,,,51,51,1,11,4,120.680769,24.065263,3
6003,66000,387130000C,(04)23274275,(04)23288582,2025,1,14,16,34,臺中市,烏日區,0,0,0,7,,,30,,,,,,,,,,,,,,12,,,,,B03,,,1,,1,,,59,59,1,13,4,120.639438,24.10599,3
6004,66000,387130000C,(04)23274275,(04)23288582,2025,1,14,16,35,臺中市,北區,0,0,0,7,,,50,,,,,,,,,,,,,,13,,,,,B03,,,1,,2,,,7,7,1,12,4,120.677225,24.152035,3
6005,66000,387130000C,(04)23274275,(04)23288582,2025,1,14,16,35,臺中市,北屯區,0,0,0,7,,,80,,,,,,,,,,,,,,13,,,,,B12,,,1,8,1,,,84,84,1,12,4,120.720695,24.168349,3
6006,66000,387130000C,(04)23274275,(04)23288582,2025,1,14,16,35,臺中市,西屯區,0,0,0,7,,,50,,,,,,,,,,,,,,13,,,,,B03,,,1,,1,,,84,84,1,12,4,120.63495,24.171707,3
6007,66000,387130000C,(04)23274275,(04)23288582,2025,1,14,16,35,臺中市,神岡區,0,2,0,7,2,6,50,13,9,1,5,4,6,6,4,4,10,4,5,2,12,3,10,5,4,C03,7,9,1,10,2,13,,87,87,1,12,4,120.703918,24.262811,2
6008,66000,387130000C,(04)23274275,(04)23288582,2025,1,14,16,38,臺中市,龍井區,0,2,0,7,3,6,50,4,1,1,5,4,6,6,1,1,10,5,5,2,16,2,9,1,1,C03,7,6,1,10,2,14,,48,48,1,6,4,120.545435,24.183687,2
6009,66000,387130000C,(04)23274275,(04)23288582,2025,1,14,16,39,臺中市,大甲區,0,0,0,7,,,40,,,,,,,,,,,,,,,,,,,B12,,,1,,1,,,49,49,1,12,4,120.618214,24.353561,3
6010,66000,387130000C,(04)23274275,(04)23288582,2025,1,14,16,40,臺中市,大甲區,0,1,0,7,3,6,40,4,9,1,5,4,6,6,1,1,5,4,4,1,30,,,,,,,,,,,,,119,119,1,,,120.655777,24.393205,2
6011,66000,387130000C,(04)23274275,(04)23288582,2025,1,14,16,45,臺中市,北屯區,0,0,0,7,,,50,,,,,,,,,,,,,,,,,,,B03,,,1,,1,,,84,84,1,12,4,120.718397,24.188384,3
6012,66000,387130000C,(04)23274275,(04)23288582,2025,1,14,16,45,臺中市,北屯區,0,1,0,7,2,6,50,13,8,1,5,4,6,6,4,4,1,4,4,2,12,2,9,1,1,C03,7,9,1,10,2,11,,84,84,1,6,4,120.660263,24.191524,2
6013,66000,387130000C,(04)23274275,(04)23288582,2025,1,14,16,46,臺中市,北區,0,0,0,7,,,,,,,,,,,,,,,,,35,,,,,,,,,,,,,116,116,1,,,120.679996,24.152057,3
6014,66000,387130000C,(04)23274275,(04)23288582,2025,1,14,16,46,臺中市,清水區,0,1,0,7,2,6,30,4,1,1,5,4,6,6,4,4,5,4,5,1,15,2,9,2,1,C03,7,9,1,10,2,11,,12,12,1,13,4,120.569785,24.261581,2
6015,66000,387130000C,(04)23274275,(04)23288582,2025,1,14,16,47,臺中市,東區,0,1,0,7,3,6,50,13,9,1,5,4,6,6,4,4,9,5,5,2,12,2,8,2,1,F03,7,9,7,21,2,12,,8,8,1,4,4,120.699287,24.134369,2
6016,66000,387130000C,(04)23274275,(04)23288582,2025,1,14,16,49,臺中市,豐原區,0,2,0,7,2,6,50,4,2,1,5,4,6,6,2,1,1,2,4,2,12,2,9,1,1,C03,7,15,5,19,2,13,,84,84,1,12,4,120.72645,24.259902,2
6017,66000,387130000C,(04)23274275,(04)23288582,2025,1,14,16,50,臺中市,烏日區,0,1,0,7,3,9,50,3,1,1,5,4,6,6,4,4,5,5,5,1,13,3,10,1,1,C03,7,9,1,10,2,11,,59,59,1,6,4,120.584206,24.112868,2
6018,66000,387130000C,(04)23274275,(04)23288582,2025,1,14,16,50,臺中市,豐原區,0,1,0,7,2,6,50,13,9,1,5,4,6,6,4,4,1,4,5,2,28,,,,,,,,,,,,,118,118,1,,,120.704571,24.249653,2
6019,66000,387130000C,(04)23274275,(04)23288582,2025,1,14,16,51,臺中市,東區,0,0,0,7,,,50,,,,,,,,,,,,,,,,,,,B03,,,1,,1,,,84,84,1,12,4,120.691062,24.142783,3
6020,66000,387130000C,(04)23274275,(04)23288582,2025,1,14,16,53,臺中市,北屯區,0,1,0,7,3,6,50,4,1,1,5,4,6,6,1,1,10,5,5,2,18,2,9,2,1,C03,7,9,1,10,2,12,,85,85,1,13,4,120.686306,24.186899,2
6021,66000,387130000C,(04)23274275,(04)23288582,2025,1,14,16,54,臺中市,西區,0,1,0,7,2,6,50,4,1,1,5,4,6,6,1,1,10,5,5,2,12,3,10,3,1,B03,7,5,1,8,2,2,,47,47,1,12,4,120.681518,24.136507,2
6022,66000,387130000C,(04)23274275,(04)23288582,2025,1,14,16,55,臺中市,西區,0,2,0,7,2,6,50,3,1,1,5,4,6,6,4,4,10,5,5,2,17,2,9,1,1,C03,7,6,1,10,2,13,,48,48,1,12,4,120.667831,24.146621,2
6023,66000,387130000C,(04)23274275,(04)23288582,2025,1,14,16,57,臺中市,西屯區,0,2,0,7,2,6,40,13,8,1,5,4,6,6,4,4,1,4,1,2,13,2,8,2,1,C03,7,15,3,19,2,13,,42,42,1,5,4,120.617152,24.181867,2
6024,66000,387130000C,(04)23274275,(04)23288582,2025,1,14,16,59,臺中市,北屯區,0,0,0,7,,,50,,,,,,,,,,,,,,17,,,,,B12,,,1,,2,,,85,85,1,12,4,120.683396,24.198103,3
6025,66000,387130000C,(04)23274275,(04)23288582,2025,1,14,17,1,臺中市,西屯區,0,0,0,7,,,50,,,,,,,,,,,,,,12,,,,,A05,,,1,,1,,,8,8,1,13,4,120.633749,24.161646,3
6026,66000,387130000C,(04)23274275,(04)23288582,2025,1,14,17,3,臺中市,西屯區,0,0,0,7,,,50,,,,,,,,,,,,,,13,,,,,B03,,,1,,1,,,59,59,1,12,4,120.629495,24.163465,3
6027,66000,387130000C,(04)23274275,(04)23288582,2025,1,14,17,3,臺中市,霧峰區,0,0,0,7,,,50,,,,,,,,,,,,,,17,,,,,B03,,,1,,2,,,50,50,1,12,4,120.698983,24.066478,3
6028,66000,387130000C,(04)23274275,(04)23288582,2025,1,14,17,5,臺中市,南屯區,0,1,0,7,2,6,50,13,8,1,5,4,6,6,4,4,9,4,4,2,12,2,9,1,1,C03,7,7,3,19,2,12,,40,40,1,12,4,120.628118,24.160913,2
6029,66000,387130000C,(04)23274275,(04)23288582,2025,1,14,17,5,臺中市,神岡區,0,2,0,7,2,6,30,3,1,1,5,4,6,6,4,4,10,5,5,2,17,2,9,2,1,C03,7,6,1,10,2,11,,14,14,1,6,4,120.678737,24.238781,2
6030,66000,387130000C,(04)23274275,(04)23288582,2025,1,14,17,10,臺中市,烏日區,0,0,0,7,,,50,,,,,,,,,,,,,,12,,,,,B03,,,1,,1,,,40,40,1,13,4,120.647773,24.092506,3
6031,66000,387130000C,(04)23274275,(04)23288582,2025,1,14,17,14,臺中市,梧棲區,0,0,0,7,,,50,,,,,,,,,,,,,,12,,,,,C03,,,1,,1,,,8,8,1,12,4,120.53694,24.252326,3
6032,66000,387130000C,(04)23274275,(04)23288582,2025,1,14,17,14,臺中市,梧棲區,0,1,0,7,2,6,50,3,1,1,5,4,6,6,3,1,10,5,5,2,13,2,9,2,1,C03,7,9,1,10,2,11,,7,7,1,6,4,120.544374,24.2512,2
6033,66000,387130000C,(04)23274275,(04)23288582,2025,1,14,17,15,臺中市,神岡區,0,0,0,7,,,30,,,,,,,,,,,,,,2,,,,,A12,,,1,,1,,,84,84,1,12,4,120.689391,24.257879,3
6034,66000,387130000C,(04)23274275,(04)23288582,2025,1,14,17,18,臺中市,南屯區,0,0,0,7,,,50,,,,,,,,,,,,,,13,,,,,B03,,,1,,1,,,84,84,1,13,4,120.623466,24.135439,3
6035,66000,387130000C,(04)23274275,(04)23288582,2025,1,14,17,20,臺中市,大雅區,0,0,0,7,,,0,,,,,,,,,,,,,,,,,,,C03,,,1,,2,,,7,7,1,12,4,120.654183,24.229693,3
6036,66000,387130000C,(04)23274275,(04)23288582,2025,1,14,17,20,臺中市,烏日區,0,0,0,7,,,50,,,,,,,,,,,,,,17,,,,,B12,,,1,,1,,,50,50,1,12,4,120.595533,24.108953,3