序號,縣市別代碼,機關代碼,市話,傳真,年,月,日,時,分,縣市,區,死亡數量,受傷數量,2-30,天候,道路照明設備,道路類別,道路速限,道路型態,事故位置,路面鋪裝,路面狀態,路面缺陷,障礙物,視距,號誌種類,號誌動作,分向設施,快車道或一般車道間,快慢車道間,路面邊線,事故類型及型態,受傷程度,主要傷處,保護裝備,行動電話或功能裝置,當事者區分(類別),車輛用途,當事者行動狀態,駕照狀態,駕照種類,飲酒情形,車輛撞擊部位最初,車輛撞擊部位其他,肇事因素個別,肇事因素主要,肇事逃逸,職業,共享經濟或外送平台,GPS座標X,GPS座標Y,事故類別
6148,66000,387130000C,(04)23274275,(04)23288582,2025,1,14,21,9,臺中市,西區,0,0,0,5,1,6,50,13,8,1,5,4,6,6,4,4,8,3,4,2,12,,,,,B03,,,1,,2,,,51,51,1,13,4,120.671606,24.136687,3
6149,66000,387130000C,(04)23274275,(04)23288582,2025,1,14,21,10,臺中市,潭子區,0,3,0,6,1,6,30,5,1,1,4,4,6,6,4,4,5,4,4,2,17,2,9,1,1,C03,7,9,1,10,2,11,,20,20,1,13,4,120.699619,24.193323,2
6150,66000,387130000C,(04)23274275,(04)23288582,2025,1,14,21,11,臺中市,烏日區,0,0,0,7,,,30,,,,,,,,,,,,,,9,,,,,B03,,,1,,2,,,43,43,1,6,4,120.639178,24.10578,3
6151,66000,387130000C,(04)23274275,(04)23288582,2025,1,14,21,13,臺中市,北區,0,1,0,5,1,6,50,4,2,1,4,4,6,6,1,1,5,4,4,2,18,2,9,1,1,C03,7,9,1,10,2,12,,84,84,1,12,4,120.694352,24.152766,2
6152,66000,387130000C,(04)23274275,(04)23288582,2025,1,14,21,13,臺中市,太平區,0,0,0,5,,,30,,,,,,,,,,,,,,11,,,,,C03,,,1,,2,,,41,41,1,13,4,120.729287,24.140736,3
6153,66000,387130000C,(04)23274275,(04)23288582,2025,1,14,21,16,臺中市,北區,0,1,0,5,1,6,50,13,7,1,4,4,6,6,4,4,3,4,4,2,13,3,10,5,4,B03,7,9,1,8,2,1,,84,84,1,12,4,120.683931,24.146305,2
6154,66000,387130000C,(04)23274275,(04)23288582,2025,1,14,21,19,臺中市,南區,0,1,0,5,1,6,50,4,1,1,4,4,6,6,4,4,5,4,4,2,13,3,10,3,1,B03,7,9,1,8,2,1,,84,84,1,6,4,120.662285,24.128018,2
6155,66000,387130000C,(04)23274275,(04)23288582,2025,1,14,21,25,臺中市,北區,0,0,0,7,,,50,,,,,,,,,,,,,,16,,,,,B03,,,1,,2,,,19,19,1,13,4,120.68616,24.146227,3
6156,66000,387130000C,(04)23274275,(04)23288582,2025,1,14,21,26,臺中市,東區,0,1,0,5,1,6,50,4,1,1,4,4,6,6,1,1,9,4,5,2,16,3,10,3,1,B03,7,6,1,8,2,2,,11,11,1,12,4,120.701285,24.137121,2
6157,66000,387130000C,(04)23274275,(04)23288582,2025,1,14,21,28,臺中市,西屯區,0,0,0,7,,,50,,,,,,,,,,,,,,16,,,,,B03,,,1,,2,,,14,14,1,12,4,120.654241,24.170333,3
6158,66000,387130000C,(04)23274275,(04)23288582,2025,1,14,21,34,臺中市,沙鹿區,0,1,0,5,3,6,40,13,8,1,4,4,6,6,4,4,1,4,1,1,12,4,11,2,1,C03,7,9,1,10,2,12,,8,8,1,6,4,120.581596,24.209356,2
6159,66000,387130000C,(04)23274275,(04)23288582,2025,1,14,21,35,臺中市,神岡區,0,0,0,5,,,50,,,,,,,,,,,,,,17,,,,,B03,,,1,,2,,,59,59,1,6,4,120.684754,24.246338,3
6160,66000,387130000C,(04)23274275,(04)23288582,2025,1,14,21,38,臺中市,龍井區,0,0,0,5,,,90,,,,,,,,,,,,,,17,,,,,C02,,,1,,2,,,81,81,1,5,4,120.507509,24.194029,3
6161,66000,387130000C,(04)23274275,(04)23288582,2025,1,14,21,41,臺中市,清水區,0,1,0,5,1,6,40,3,1,1,4,4,6,6,1,1,1,5,1,1,17,2,9,2,1,C03,7,9,1,10,2,14,,84,84,1,12,4,120.561806,24.272071,2
6162,66000,387130000C,(04)23274275,(04)23288582,2025,1,14,21,42,臺中市,北屯區,0,1,0,5,1,6,30,13,9,1,4,4,6,6,4,4,10,5,5,2,18,2,9,2,1,C03,7,9,1,10,2,12,,59,59,1,13,4,120.74559,24.198293,2
6163,66000,387130000C,(04)23274275,(04)23288582,2025,1,14,21,42,臺中市,大里區,0,0,0,5,1,6,50,4,1,1,4,4,6,6,4,1,5,5,4,2,13,,,,,B03,,,1,,2,,,84,84,1,13,4,120.674512,24.113521,3
6164,66000,387130000C,(04)23274275,(04)23288582,2025,1,14,21,44,臺中市,北區,0,1,0,5,1,6,50,4,2,1,4,4,6,6,2,1,10,5,5,2,9,,,,,,,21,,,,,,86,86,2,,,120.67192,24.171681,2
6165,66000,387130000C,(04)23274275,(04)23288582,2025,1,14,21,44,臺中市,南區,0,2,0,5,1,6,50,4,1,1,4,4,6,6,1,1,10,5,5,2,17,3,10,3,1,B03,7,6,1,8,2,16,,85,85,1,12,4,120.67712,24.130638,2
6166,66000,387130000C,(04)23274275,(04)23288582,2025,1,14,21,44,臺中市,北屯區,0,1,0,7,3,6,50,13,9,1,4,4,6,6,4,4,9,5,5,2,17,2,9,1,1,F03,7,9,7,21,1,11,,59,59,1,12,4,120.694268,24.177972,2
6167,66000,387130000C,(04)23274275,(04)23288582,2025,1,14,21,47,臺中市,北屯區,0,2,0,5,1,6,50,4,1,1,4,4,6,6,2,1,10,5,5,2,28,,,,,,,,,,,,,118,118,1,,,120.695563,24.164751,2
6168,66000,387130000C,(04)23274275,(04)23288582,2025,1,14,21,47,臺中市,北屯區,0,1,0,7,1,6,50,4,1,1,4,4,6,6,1,1,10,5,5,2,13,2,9,1,1,C03,7,9,1,10,2,11,,7,7,1,12,4,120.695452,24.164753,2
6169,66000,387130000C,(04)23274275,(04)23288582,2025,1,14,21,48,臺中市,西屯區,0,1,0,7,1,6,50,13,7,1,4,4,6,6,4,4,5,4,4,2,12,3,10,3,1,B12,7,9,1,8,2,2,,8,8,1,12,4,120.647469,24.174043,2
6170,66000,387130000C,(04)23274275,(04)23288582,2025,1,14,21,50,臺中市,新社區,0,1,0,5,1,6,50,4,1,1,4,4,6,6,3,1,10,5,5,2,18,2,9,1,1,C03,7,9,3,19,2,14,,59,59,1,12,4,120.809204,24.242051,2
6171,66000,387130000C,(04)23274275,(04)23288582,2025,1,14,21,51,臺中市,北區,0,2,0,5,1,6,40,4,1,1,4,4,6,6,1,1,10,5,5,2,17,2,9,5,4,C03,7,9,1,10,2,13,,84,84,1,12,4,120.679428,24.152156,2
6172,66000,387130000C,(04)23274275,(04)23288582,2025,1,14,21,52,臺中市,北區,0,1,0,6,2,6,50,3,1,1,5,4,6,6,1,1,10,5,5,2,13,3,10,3,1,B03,7,6,1,6,9,1,,7,7,1,13,4,120.698877,24.154143,2
6173,66000,387130000C,(04)23274275,(04)23288582,2025,1,14,21,56,臺中市,東區,0,1,0,6,1,6,50,3,1,1,5,4,6,6,1,1,10,5,5,2,16,3,10,3,1,B12,7,5,1,8,2,5,,11,11,1,12,4,120.696008,24.134907,2
6174,66000,387130000C,(04)23274275,(04)23288582,2025,1,14,21,57,臺中市,龍井區,0,0,0,6,,,30,,,,,,,,,,,,,,25,,,,,A12,,,1,,2,,,8,8,1,6,4,120.57767,24.180386,3
6175,66000,387130000C,(04)23274275,(04)23288582,2025,1,14,22,4,臺中市,北區,0,1,0,5,1,6,50,13,9,1,4,4,6,6,4,4,1,4,5,2,17,3,10,3,1,B03,7,21,5,19,9,15,,84,84,1,13,4,120.692305,24.16115,2
6176,66000,387130000C,(04)23274275,(04)23288582,2025,1,14,22,7,臺中市,西屯區,0,2,0,5,1,6,50,4,1,1,4,4,6,6,1,1,10,5,5,2,17,2,9,1,4,C03,7,6,1,10,2,12,,11,11,1,13,4,120.666755,24.175127,2
6177,66000,387130000C,(04)23274275,(04)23288582,2025,1,14,22,14,臺中市,南區,0,0,0,5,,,50,,,,,,,,,,,,,,,,,,,B03,,,1,,2,,,59,59,1,6,4,120.652483,24.118047,3
6178,66000,387130000C,(04)23274275,(04)23288582,2025,1,14,22,17,臺中市,南屯區,0,2,0,7,1,6,50,4,2,1,5,4,6,6,2,1,5,5,5,2,16,2,9,5,4,C03,7,6,1,10,2,11,,39,39,1,13,4,120.643965,24.134737,2
6179,66000,387130000C,(04)23274275,(04)23288582,2025,1,14,22,32,臺中市,太平區,0,2,0,5,1,6,50,3,1,1,4,4,6,6,3,1,10,5,5,1,13,2,9,1,1,C03,7,9,1,10,2,11,,7,7,1,12,4,120.722533,24.129441,2
6180,66000,387130000C,(04)23274275,(04)23288582,2025,1,14,22,36,臺中市,霧峰區,0,0,0,7,,,50,,,,,,,,,,,,,,,,,,,B03,,,1,,2,,,7,7,1,12,4,120.699959,24.075669,3
6181,66000,387130000C,(04)23274275,(04)23288582,2025,1,14,22,43,臺中市,西區,0,1,0,5,1,6,50,4,1,1,4,4,6,6,4,4,10,5,5,2,17,3,10,3,1,B03,7,11,1,8,2,2,,45,45,1,12,4,120.66183,24.151456,2
6182,66000,387130000C,(04)23274275,(04)23288582,2025,1,14,22,55,臺中市,北區,0,0,0,5,1,6,50,4,1,1,4,4,6,5,4,4,10,5,5,2,16,,,,,C03,,,1,,2,,,14,14,1,12,4,120.68574,24.148281,3
6183,66000,387130000C,(04)23274275,(04)23288582,2025,1,14,23,14,臺中市,西屯區,0,1,0,5,1,6,50,4,1,1,4,4,6,6,2,1,10,5,5,2,18,2,8,1,1,C03,7,5,1,10,2,14,,59,59,1,13,4,120.642535,24.164224,2
6184,66000,387130000C,(04)23274275,(04)23288582,2025,1,14,23,15,臺中市,大雅區,0,0,0,5,,,50,,,,,,,,,,,,,,,,,,,B03,,,1,,1,,,40,40,1,12,4,120.636533,24.216976,3
6185,66000,387130000C,(04)23274275,(04)23288582,2025,1,14,23,16,臺中市,北區,0,1,0,5,1,6,50,4,1,1,4,4,6,6,2,1,3,4,5,2,16,3,10,3,1,B02,7,5,1,8,2,5,,11,11,1,13,4,120.676172,24.150283,2
6186,66000,387130000C,(04)23274275,(04)23288582,2025,1,14,23,24,臺中市,北屯區,0,6,0,5,1,6,50,4,1,1,4,4,6,6,4,4,10,5,5,2,15,2,9,5,4,B03,7,9,1,8,2,1,,12,12,1,13,4,120.687573,24.171241,2
6187,66000,387130000C,(04)23274275,(04)23288582,2025,1,14,23,35,臺中市,沙鹿區,0,0,0,7,,,50,,,,,,,,,,,,,,15,,,,,B03,,,1,,2,,,24,24,1,12,4,120.573005,24.210639,3
6188,66000,387130000C,(04)23274275,(04)23288582,2025,1,15,0,18,臺中市,北屯區,0,1,0,5,1,6,50,13,9,1,4,4,6,6,1,1,1,4,5,2,18,2,7,1,1,C03,7,14,1,10,2,12,,84,84,1,12,4,120.673512,24.200722,2
6189,66000,387130000C,(04)23274275,(04)23288582,2025,1,15,0,27,臺中市,中區,0,1,0,5,1,6,50,13,9,1,4,4,6,6,4,4,7,5,5,2,17,3,10,5,1,B03,7,1,1,8,2,4,,51,51,1,6,4,120.677625,24.146671,2
6190,66000,387130000C,(04)23274275,(04)23288582,2025,1,15,0,40,臺中市,潭子區,0,0,0,5,1,6,40,11,9,1,5,4,6,6,4,4,10,5,5,1,20,3,10,3,1,B03,7,9,1,8,6,5,,59,59,1,13,4,120.716653,24.211554,3
6191,66000,387130000C,(04)23274275,(04)23288582,2025,1,15,0,42,臺中市,西區,0,0,0,5,,,50,,,,,,,,,,,,,,23,,,,,B03,,,1,,1,,,84,84,1,12,4,120.659687,24.157317,3
6192,66000,387130000C,(04)23274275,(04)23288582,2025,1,15,0,55,臺中市,霧峰區,0,0,0,7,,,50,,,,,,,,,,,,,,,,,,,B01,,,1,,2,,,7,7,1,12,4,120.663019,24.072322,3
6193,66000,387130000C,(04)23274275,(04)23288582,2025,1,15,1,9,臺中市,南屯區,0,0,0,5,1,6,50,13,23,1,5,4,6,6,4,4,10,5,5,2,14,,,,,B03,,,1,,1,,,49,49,1,12,4,120.622879,24.148211,4
6194,66000,387130000C,(04)23274275,(04)23288582,2025,1,15,3,23,臺中市,北區,0,1,0,5,1,6,50,4,1,1,4,4,6,6,4,4,5,5,5,2,15,2,9,1,1,C03,7,9,1,10,2,12,,15,15,1,13,4,120.679963,24.151538,2
6195,66000,387130000C,(04)23274275,(04)23288582,2025,1,15,5,27,臺中市,中區,0,0,0,7,,,50,,,,,,,,,,,,,,14,,,,,B03,,,1,,2,,,49,49,1,12,4,120.682187,24.141831,3
6196,66000,387130000C,(04)23274275,(04)23288582,2025,1,15,5,52,臺中市,大甲區,0,1,0,5,1,6,50,4,1,1,4,4,6,3,4,4,5,5,5,1,15,3,10,3,1,B12,7,9,1,8,2,5,,15,15,1,6,4,120.621678,24.346333,2
6197,66000,387130000C,(04)23274275,(04)23288582,2025,1,15,6,25,臺中市,西區,0,0,0,5,3,6,50,3,2,1,4,4,6,6,4,4,10,5,5,2,17,,,,,B03,,,1,,1,,,49,49,1,13,4,120.670423,24.141772,3
6198,66000,387130000C,(04)23274275,(04)23288582,2025,1,15,6,27,臺中市,豐原區,0,2,0,6,1,6,50,3,1,1,4,4,6,6,3,1,5,4,4,2,17,2,9,2,1,C03,7,6,1,9,2,11,,24,24,1,12,4,120.719613,24.260092,2
6199,66000,387130000C,(04)23274275,(04)23288582,2025,1,15,6,35,臺中市,沙鹿區,0,0,0,7,,,60,,,,,,,,,,,,,,13,,,,,B03,,,1,,1,,,7,7,1,13,4,120.583154,24.249946,3
6200,66000,387130000C,(04)23274275,(04)23288582,2025,1,15,6,48,臺中市,龍井區,0,1,0,7,2,6,40,13,14,1,5,4,6,6,4,4,10,4,4,1,16,3,10,3,1,B03,7,5,1,8,2,2,,42,42,1,6,4,120.573431,24.185513,2
6201,66000,387130000C,(04)23274275,(04)23288582,2025,1,15,6,57,臺中市,大里區,0,2,0,5,3,6,50,13,8,1,4,4,6,6,4,4,1,4,4,1,12,2,9,1,1,C03,7,9,1,10,2,12,,84,84,1,12,4,120.680527,24.104474,2
6202,66000,387130000C,(04)23274275,(04)23288582,2025,1,15,6,58,臺中市,大里區,0,0,0,7,,,50,,,,,,,,,,,,,,,,,,,B03,,,1,,2,,,14,14,1,12,4,120.683907,24.105803,3
6203,66000,387130000C,(04)23274275,(04)23288582,2025,1,15,7,5,臺中市,豐原區,0,1,0,5,2,6,50,4,1,1,4,4,6,6,4,4,5,5,4,2,13,3,10,5,4,B03,7,9,1,8,2,1,,7,7,1,13,4,120.721376,24.252555,2
6204,66000,387130000C,(04)23274275,(04)23288582,2025,1,15,7,10,臺中市,北屯區,0,0,0,7,,,50,,,,,,,,,,,,,,12,,,,,B03,,,1,,1,,,8,8,1,6,4,120.719475,24.163003,3
6205,66000,387130000C,(04)23274275,(04)23288582,2025,1,15,7,14,臺中市,太平區,0,1,0,5,3,6,50,13,9,1,4,4,6,6,4,4,1,5,5,2,17,3,10,3,1,B03,7,1,1,7,2,16,,51,51,1,6,4,120.723319,24.132901,2
6206,66000,387130000C,(04)23274275,(04)23288582,2025,1,15,7,15,臺中市,大里區,0,1,0,5,2,6,50,3,9,1,4,4,6,6,1,1,1,5,5,1,13,2,7,1,1,C03,7,9,1,10,2,11,14,7,7,1,6,4,120.689473,24.096481,2
6207,66000,387130000C,(04)23274275,(04)23288582,2025,1,15,7,15,臺中市,大里區,0,1,0,5,2,6,50,4,1,1,4,4,6,6,1,1,10,5,5,2,17,3,10,3,1,B03,7,11,1,8,2,8,,45,45,1,12,4,120.686211,24.115299,2
6208,66000,387130000C,(04)23274275,(04)23288582,2025,1,15,7,19,臺中市,西屯區,0,0,0,5,,,40,,,,,,,,,,,,,,16,,,,,C03,,,1,,1,,,36,36,1,12,4,120.647894,24.174161,3
6209,66000,387130000C,(04)23274275,(04)23288582,2025,1,15,7,20,臺中市,沙鹿區,0,0,0,7,,,50,,,,,,,,,,,,,,13,,,,,C03,,,1,,2,,,7,7,1,12,4,120.580564,24.201712,4
6210,66000,387130000C,(04)23274275,(04)23288582,2025,1,15,7,20,臺中市,后里區,0,1,0,5,2,6,30,13,9,1,4,4,6,6,4,4,10,5,5,2,12,3,10,3,1,B12,7,9,1,8,2,2,,8,8,1,6,4,120.721207,24.304413,2
6211,66000,387130000C,(04)23274275,(04)23288582,2025,1,15,7,25,臺中市,北屯區,0,1,0,7,2,6,30,3,1,1,5,4,6,6,4,4,10,5,5,2,17,3,10,3,1,B03,7,5,1,8,2,8,,12,12,1,12,4,120.680867,24.190495,2
6212,66000,387130000C,(04)23274275,(04)23288582,2025,1,15,7,25,臺中市,沙鹿區,0,0,0,7,2,6,60,3,7,1,5,4,,6,1,1,,3,1,2,12,,,,,A12,,,1,,1,,,8,8,1,12,4,120.583091,24.250406,3
6213,66000,387130000C,(04)23274275,(04)23288582,2025,1,15,7,26,臺中市,北區,0,0,0,7,,,50,,,,,,,,,,,,,,14,,,,,B03,,,1,,1,,,49,49,1,13,4,120.678022,24.168518,3
6214,66000,387130000C,(04)23274275,(04)23288582,2025,1,15,7,26,臺中市,東勢區,0,1,0,5,2,6,50,13,9,1,4,4,6,6,4,4,5,5,5,1,12,3,10,5,4,B03,7,9,1,8,2,5,,85,85,1,13,4,120.824725,24.260936,2
6215,66000,387130000C,(04)23274275,(04)23288582,2025,1,15,7,27,臺中市,西屯區,0,1,0,5,2,9,50,3,1,1,4,4,6,6,2,1,10,5,5,2,18,2,8,2,4,C03,7,8,1,10,2,12,,59,59,1,13,4,120.657894,24.167344,2
6216,66000,387130000C,(04)23274275,(04)23288582,2025,1,15,7,30,臺中市,沙鹿區,0,0,0,5,,,50,,,,,,,,,,,,,,,,,,,A12,,,1,,2,,,84,84,1,12,4,120.56292,24.234143,3
6217,66000,387130000C,(04)23274275,(04)23288582,2025,1,15,7,30,臺中市,梧棲區,0,1,0,5,3,6,30,4,1,1,4,4,6,6,4,4,10,5,5,2,15,3,10,1,1,C03,7,9,1,10,2,11,,20,20,1,6,4,120.557861,24.241756,2
6218,66000,387130000C,(04)23274275,(04)23288582,2025,1,15,7,32,臺中市,中區,0,1,0,5,2,6,50,4,9,1,4,4,6,6,2,1,5,5,5,2,13,3,10,3,1,B03,7,9,1,8,2,1,,84,84,1,12,4,120.68069,24.138664,2
6219,66000,387130000C,(04)23274275,(04)23288582,2025,1,15,7,34,臺中市,西區,0,2,0,5,2,6,50,4,1,1,4,4,6,6,1,1,10,5,5,2,12,2,9,2,1,F01,7,6,7,21,2,14,,48,48,1,12,4,120.673636,24.153047,2
6220,66000,387130000C,(04)23274275,(04)23288582,2025,1,15,7,34,臺中市,大甲區,0,0,0,5,,,50,,,,,,,,,,,,,,,,,,,C03,,,1,,1,,,49,49,1,6,4,120.63323,24.357159,3
6221,66000,387130000C,(04)23274275,(04)23288582,2025,1,15,7,36,臺中市,西屯區,0,0,0,7,,,50,,,,,,,,,,,,,,13,,,,,B03,,,1,,1,,,59,59,1,13,4,120.665,24.178389,3
6222,66000,387130000C,(04)23274275,(04)23288582,2025,1,15,7,36,臺中市,大里區,0,0,0,7,,,50,,,,,,,,,,,,,,,,,,,B03,,,1,,2,,,8,8,1,12,4,120.67754,24.094072,3
6223,66000,387130000C,(04)23274275,(04)23288582,2025,1,15,7,36,臺中市,豐原區,0,0,0,5,,,50,,,,,,,,,,,,,,13,,,,,B03,,,1,,2,,,59,59,1,13,4,120.728703,24.245585,3
6224,66000,387130000C,(04)23274275,(04)23288582,2025,1,15,7,37,臺中市,中區,0,2,0,5,3,6,50,4,1,1,4,4,6,6,4,4,10,5,5,2,15,3,10,3,1,B03,7,9,1,8,2,5,,12,12,1,6,4,120.681325,24.142176,2
6225,66000,387130000C,(04)23274275,(04)23288582,2025,1,15,7,37,臺中市,烏日區,0,1,0,6,2,6,50,4,2,1,4,4,6,6,1,1,5,4,4,2,16,3,10,3,1,B03,7,6,1,8,2,5,,11,11,1,6,4,120.625907,24.106109,2
6226,66000,387130000C,(04)23274275,(04)23288582,2025,1,15,7,41,臺中市,大雅區,0,0,0,7,,,30,,,,,,,,,,,,,,,,,,,B03,,,1,,2,,,7,7,1,12,4,120.67318,24.212404,4
6227,66000,387130000C,(04)23274275,(04)23288582,2025,1,15,7,42,臺中市,北區,0,1,0,5,3,6,50,11,9,1,4,4,6,6,4,4,5,5,5,2,17,2,9,2,1,C03,7,1,1,10,2,15,,51,51,1,12,4,120.683574,24.159818,2
6228,66000,387130000C,(04)23274275,(04)23288582,2025,1,15,7,43,臺中市,北屯區,0,0,0,5,,,50,,,,,,,,,,,,,,,,,,,C03,,,1,,1,,,84,84,1,12,4,120.67143,24.193311,3
6229,66000,387130000C,(04)23274275,(04)23288582,2025,1,15,7,43,臺中市,沙鹿區,0,0,0,7,,,40,,,,,,,,,,,,,,13,,,,,B03,,,1,,1,,,7,7,1,13,4,120.570481,24.235983,3
6230,66000,387130000C,(04)23274275,(04)23288582,2025,1,15,7,43,臺中市,外埔區,0,1,0,5,3,6,50,5,1,1,4,4,6,6,1,1,9,4,4,2,16,3,10,3,1,B03,7,5,1,4,2,2,,47,47,1,12,4,120.664714,24.322033,2
6231,66000,387130000C,(04)23274275,(04)23288582,2025,1,15,7,44,臺中市,霧峰區,0,0,0,5,,,50,,,,,,,,,,,,,,,,,,,C03,,,1,,2,,,7,7,1,13,4,120.700591,24.075587,3
6232,66000,387130000C,(04)23274275,(04)23288582,2025,1,15,7,45,臺中市,南區,0,0,0,5,,,50,,,,,,,,,,,,,,14,,,,,C03,,,1,,9,,,49,49,1,13,4,120.669866,24.125337,3
6233,66000,387130000C,(04)23274275,(04)23288582,2025,1,15,7,45,臺中市,太平區,0,1,0,7,3,6,50,3,1,1,5,4,6,6,4,4,10,5,5,2,17,2,8,5,4,C03,7,9,1,10,2,11,,7,7,1,12,4,120.724996,24.143247,2
6234,66000,387130000C,(04)23274275,(04)23288582,2025,1,15,7,49,臺中市,大甲區,0,1,0,5,3,6,50,3,1,1,4,4,6,6,4,4,10,5,5,2,17,3,10,3,1,B03,7,5,1,8,2,1,,14,14,1,6,4,120.642334,24.404726,2
6235,66000,387130000C,(04)23274275,(04)23288582,2025,1,15,7,50,臺中市,豐原區,0,2,0,5,1,6,30,3,2,1,4,4,6,6,4,4,10,5,5,1,17,2,9,2,4,C03,7,6,1,10,2,15,,14,14,1,12,4,120.734429,24.264761,2
6236,66000,387130000C,(04)23274275,(04)23288582,2025,1,15,7,50,臺中市,神岡區,0,0,0,6,,,30,,,,,,,,,,,,,,11,,,,,B03,,,1,,2,,,8,8,1,12,4,120.69365,24.245035,3
6237,66000,387130000C,(04)23274275,(04)23288582,2025,1,15,7,51,臺中市,西區,0,1,0,5,2,6,50,4,2,1,4,4,6,6,2,1,5,5,5,2,13,3,10,3,1,B12,7,9,1,8,2,8,,84,84,1,12,4,120.666724,24.141033,2
6238,66000,387130000C,(04)23274275,(04)23288582,2025,1,15,7,51,臺中市,北區,0,1,0,5,2,6,50,4,1,1,4,4,6,6,2,1,5,5,5,2,17,3,10,1,1,C03,7,1,1,10,2,11,,51,51,1,13,4,120.684839,24.167099,2
6239,66000,387130000C,(04)23274275,(04)23288582,2025,1,15,7,51,臺中市,西屯區,0,1,0,5,2,6,50,4,1,1,4,4,6,6,2,1,10,5,5,2,18,2,9,1,1,C03,7,6,1,10,2,14,,82,82,1,13,4,120.608563,24.169594,2
6240,66000,387130000C,(04)23274275,(04)23288582,2025,1,15,7,53,臺中市,南區,0,1,0,7,2,6,50,4,1,1,5,4,6,6,2,1,10,5,5,2,16,3,10,3,1,B03,7,6,5,8,2,5,,11,11,1,12,4,120.657405,24.125058,2
6241,66000,387130000C,(04)23274275,(04)23288582,2025,1,15,7,53,臺中市,后里區,0,1,0,5,2,6,40,3,2,1,4,4,6,6,1,1,9,4,5,1,18,2,9,2,1,C03,7,12,1,10,2,11,,84,84,1,5,4,120.713641,24.329472,2
6242,66000,387130000C,(04)23274275,(04)23288582,2025,1,15,7,54,臺中市,西區,0,0,0,5,,,50,,,,,,,,,,,,,,13,,,,,B02,,,1,,1,,,84,84,1,12,4,120.660846,24.135115,3
6243,66000,387130000C,(04)23274275,(04)23288582,2025,1,15,7,54,臺中市,烏日區,0,0,0,6,2,6,50,13,8,1,5,4,6,6,4,4,5,4,4,2,12,3,10,3,1,B03,7,9,1,8,1,2,,8,8,1,6,4,120.634763,24.105071,3
6244,66000,387130000C,(04)23274275,(04)23288582,2025,1,15,7,55,臺中市,南屯區,0,0,0,5,,,80,,,,,,,,,,,,,,13,,,,,B03,,,1,,2,,,7,7,1,12,4,120.619691,24.124627,3
6245,66000,387130000C,(04)23274275,(04)23288582,2025,1,15,7,55,臺中市,太平區,0,2,0,5,3,6,50,3,1,1,4,4,6,6,4,4,5,5,5,1,16,2,8,2,1,C03,7,6,1,10,2,11,,20,20,1,12,4,120.732463,24.137594,2
6246,66000,387130000C,(04)23274275,(04)23288582,2025,1,15,7,56,臺中市,西屯區,0,0,0,7,,,30,,,,,,,,,,,,,,14,,,,,B12,,,1,,1,,,49,49,1,12,4,120.647886,24.202557,3
6247,66000,387130000C,(04)23274275,(04)23288582,2025,1,15,7,57,臺中市,西區,0,1,0,5,3,6,50,4,1,1,4,4,6,6,4,4,10,5,5,2,15,2,8,1,1,C03,7,9,1,9,2,11,,15,15,1,6,4,120.667419,24.138836,2
6248,66000,387130000C,(04)23274275,(04)23288582,2025,1,15,7,57,臺中市,龍井區,0,1,0,6,2,6,50,4,1,1,5,4,6,6,1,1,10,5,5,2,12,3,10,1,1,C03,7,6,1,10,5,14,,84,84,1,12,4,120.545596,24.183972,2
6249,66000,387130000C,(04)23274275,(04)23288582,2025,1,15,7,57,臺中市,龍井區,0,1,0,5,2,6,50,3,2,1,4,4,6,6,4,4,5,5,5,1,18,2,9,5,4,C03,7,9,1,10,2,14,,85,85,1,6,4,120.587157,24.189661,2
6250,66000,387130000C,(04)23274275,(04)23288582,2025,1,15,8,0,臺中市,西屯區,0,0,0,5,,,50,,,,,,,,,,,,,,12,,,,,B03,,,1,,1,,,40,40,1,12,4,120.654884,24.168926,3
6251,66000,387130000C,(04)23274275,(04)23288582,2025,1,15,8,0,臺中市,霧峰區,0,0,0,5,,,50,,,,,,,,,,,,,,,,,,,B03,,,1,,1,,,84,84,1,6,4,120.696948,24.065101,3
6252,66000,387130000C,(04)23274275,(04)23288582,2025,1,15,8,0,臺中市,龍井區,0,1,0,6,2,6,50,13,9,1,4,4,6,6,4,4,5,5,5,1,18,2,9,1,1,C03,7,9,1,10,2,16,,59,59,1,12,4,120.52326,24.202137,2
6253,66000,387130000C,(04)23274275,(04)23288582,2025,1,15,8,2,臺中市,烏日區,0,1,0,6,2,6,50,13,8,1,4,4,6,6,4,4,5,4,4,1,16,2,8,1,1,C03,7,11,1,10,2,12,,46,46,1,6,4,120.626516,24.10601,2
6254,66000,387130000C,(04)23274275,(04)23288582,2025,1,15,8,3,臺中市,東區,0,0,0,7,,,50,,,,,,,,,,,,,,14,,,,,B03,,,1,,1,,,49,49,1,13,4,120.697688,24.145353,3
6255,66000,387130000C,(04)23274275,(04)23288582,2025,1,15,8,3,臺中市,龍井區,0,0,0,7,,,50,,,,,,,,,,,,,,,,,,,C03,,,1,,2,,,7,7,1,6,4,120.576516,24.169598,3
6256,66000,387130000C,(04)23274275,(04)23288582,2025,1,15,8,4,臺中市,大甲區,0,0,0,6,,,50,,,,,,,,,,,,,,15,,,,,B03,,,1,,1,,,11,11,1,12,5,120.628389,24.346663,3