序號,縣市別代碼,機關代碼,市話,傳真,年,月,日,時,分,縣市,區,死亡數量,受傷數量,2-30,天候,道路照明設備,道路類別,道路速限,道路型態,事故位置,路面鋪裝,路面狀態,路面缺陷,障礙物,視距,號誌種類,號誌動作,分向設施,快車道或一般車道間,快慢車道間,路面邊線,事故類型及型態,受傷程度,主要傷處,保護裝備,行動電話或功能裝置,當事者區分(類別),車輛用途,當事者行動狀態,駕照狀態,駕照種類,飲酒情形,車輛撞擊部位最初,車輛撞擊部位其他,肇事因素個別,肇事因素主要,肇事逃逸,職業,共享經濟或外送平台,GPS座標X,GPS座標Y,事故類別
6257,66000,387130000C,(04)23274275,(04)23288582,2025,1,15,8,5,臺中市,大雅區,0,0,0,5,,,30,,,,,,,,,,,,,,,,,,,C03,,,1,,1,,,84,84,1,13,4,120.662082,24.226397,3
6258,66000,387130000C,(04)23274275,(04)23288582,2025,1,15,8,5,臺中市,大肚區,0,1,0,6,2,6,50,13,9,1,4,4,6,6,4,4,5,5,5,2,17,2,9,2,1,C03,7,9,1,10,2,14,,39,39,1,6,4,120.566172,24.156637,2
6259,66000,387130000C,(04)23274275,(04)23288582,2025,1,15,8,5,臺中市,烏日區,0,0,0,7,,,30,,,,,,,,,,,,,,2,,,,,B02,,,1,,1,,,8,8,1,6,4,120.616684,24.113986,3
6260,66000,387130000C,(04)23274275,(04)23288582,2025,1,15,8,6,臺中市,北屯區,0,1,0,7,2,6,50,4,1,1,5,4,6,6,1,1,10,5,5,2,17,2,9,2,1,C03,7,9,1,10,2,14,,85,85,1,12,4,120.66867,24.17849,2
6261,66000,387130000C,(04)23274275,(04)23288582,2025,1,15,8,9,臺中市,清水區,0,0,0,7,,,50,,,,,,,,,,,,,,,,,,,B03,,,1,,2,,,84,84,1,12,4,120.560855,24.267172,3
6262,66000,387130000C,(04)23274275,(04)23288582,2025,1,15,8,10,臺中市,清水區,0,1,0,7,3,6,50,5,1,1,5,4,6,6,1,1,5,4,5,1,17,3,10,3,1,B03,7,6,3,19,2,6,,11,11,1,12,4,120.575202,24.278148,2
6263,66000,387130000C,(04)23274275,(04)23288582,2025,1,15,8,12,臺中市,西屯區,0,0,0,7,,,50,,,,,,,,,,,,,,13,,,,,B03,,,1,,1,,,59,59,1,13,4,120.616842,24.179425,3
6264,66000,387130000C,(04)23274275,(04)23288582,2025,1,15,8,12,臺中市,西屯區,0,1,0,6,2,6,30,13,9,1,4,4,6,6,4,4,10,5,5,2,18,2,8,2,4,C03,7,9,1,10,2,14,,82,82,1,13,4,120.645588,24.183334,2
6265,66000,387130000C,(04)23274275,(04)23288582,2025,1,15,8,12,臺中市,豐原區,0,1,0,5,2,6,50,13,8,1,4,4,6,6,4,4,1,4,4,1,16,3,10,5,4,B03,7,7,1,8,2,5,,40,40,1,13,4,120.755005,24.274387,2
6266,66000,387130000C,(04)23274275,(04)23288582,2025,1,15,8,13,臺中市,神岡區,0,1,0,5,2,6,50,3,1,1,4,4,6,6,4,4,10,5,5,2,17,2,9,1,1,C03,7,9,1,10,2,16,,6,6,1,12,4,120.699629,24.264803,2
6267,66000,387130000C,(04)23274275,(04)23288582,2025,1,15,8,14,臺中市,大雅區,0,0,0,5,,,30,,,,,,,,,,,,,,13,,,,,B12,,,1,,2,,,7,7,1,12,4,120.642011,24.235998,3
6268,66000,387130000C,(04)23274275,(04)23288582,2025,1,15,8,17,臺中市,南屯區,0,0,0,5,,,50,,,,,,,,,,,,,,12,,,,,B03,,,1,,1,,,84,84,1,13,4,120.63423,24.144422,3
6269,66000,387130000C,(04)23274275,(04)23288582,2025,1,15,8,18,臺中市,西屯區,0,0,0,7,,,50,,,,,,,,,,,,,,13,,,,,C03,,,1,,1,,,40,40,1,12,4,120.641194,24.168277,3
6270,66000,387130000C,(04)23274275,(04)23288582,2025,1,15,8,18,臺中市,大里區,0,1,0,5,2,6,50,4,9,1,4,4,6,6,2,1,5,5,4,2,13,3,10,3,3,B03,7,9,1,8,2,1,,59,59,1,6,4,120.686155,24.115283,2
6271,66000,387130000C,(04)23274275,(04)23288582,2025,1,15,8,20,臺中市,西屯區,0,0,0,5,,,40,,,,,,,,,,,,,,13,,,,,C03,,,1,,1,,,8,8,1,12,4,120.636261,24.171011,3
6272,66000,387130000C,(04)23274275,(04)23288582,2025,1,15,8,20,臺中市,西屯區,0,0,0,7,,,50,,,,,,,,,,,,,,13,,,,,C03,,,1,,1,,,7,7,1,13,4,120.636651,24.17121,3
6273,66000,387130000C,(04)23274275,(04)23288582,2025,1,15,8,21,臺中市,神岡區,0,0,0,5,1,6,30,13,9,1,4,4,6,6,4,4,10,5,5,2,13,,,,,B03,,,1,,1,,,7,7,1,12,4,120.702428,24.258177,3
6274,66000,387130000C,(04)23274275,(04)23288582,2025,1,15,8,23,臺中市,太平區,0,1,0,5,3,6,50,13,8,1,4,4,6,6,4,4,1,4,5,1,12,3,10,3,1,B03,7,7,1,8,2,6,,40,40,1,6,4,120.727655,24.134341,2
6275,66000,387130000C,(04)23274275,(04)23288582,2025,1,15,8,25,臺中市,中區,0,2,0,5,2,6,50,4,1,1,4,4,6,6,1,1,10,5,5,2,16,2,8,1,1,C03,7,6,1,10,2,14,,85,85,1,12,4,120.679198,24.138658,2
6276,66000,387130000C,(04)23274275,(04)23288582,2025,1,15,8,25,臺中市,西屯區,0,0,0,6,,,50,,,,,,,,,,,,,,13,,,,,A05,,,1,,1,,,59,59,1,13,4,120.656609,24.201042,3
6277,66000,387130000C,(04)23274275,(04)23288582,2025,1,15,8,26,臺中市,潭子區,0,0,0,5,,,30,,,,,,,,,,,,,,,,,,,C03,,,1,,2,,,84,84,1,13,4,120.70346,24.221148,3
6278,66000,387130000C,(04)23274275,(04)23288582,2025,1,15,8,27,臺中市,東區,0,0,0,7,,,30,,,,,,,,,,,,,,17,,,,,C03,,,1,,2,,,20,20,1,12,4,120.683558,24.133992,3
6279,66000,387130000C,(04)23274275,(04)23288582,2025,1,15,8,28,臺中市,東區,0,1,0,5,3,6,50,3,1,1,4,4,6,6,4,4,10,5,5,2,16,3,10,3,1,B03,7,5,1,8,2,2,,84,84,1,13,4,120.698696,24.131658,2
6280,66000,387130000C,(04)23274275,(04)23288582,2025,1,15,8,30,臺中市,大里區,0,0,0,5,,,70,,,,,,,,,,,,,,12,,,,,B03,,,1,,2,,,8,8,1,12,4,120.670335,24.109875,3
6281,66000,387130000C,(04)23274275,(04)23288582,2025,1,15,8,30,臺中市,太平區,0,0,0,7,,,50,,,,,,,,,,,,,,,,,,,B12,,,1,,2,,,84,84,1,12,4,120.710917,24.139859,3
6282,66000,387130000C,(04)23274275,(04)23288582,2025,1,15,8,34,臺中市,西屯區,0,1,0,5,2,6,40,13,8,1,4,4,6,6,4,4,1,2,4,2,17,3,10,3,1,B12,7,1,1,8,9,16,,51,51,1,13,4,120.636554,24.157859,2
6283,66000,387130000C,(04)23274275,(04)23288582,2025,1,15,8,35,臺中市,東區,0,1,0,5,2,6,50,4,4,1,4,4,6,6,1,1,9,4,4,2,17,2,7,2,1,C03,7,9,1,10,2,12,,84,84,1,13,4,120.695468,24.141261,2
6284,66000,387130000C,(04)23274275,(04)23288582,2025,1,15,8,37,臺中市,西屯區,0,1,0,7,2,6,50,4,1,1,5,4,6,6,3,1,5,5,5,2,16,3,10,5,4,B03,7,6,1,8,2,8,,48,48,1,12,4,120.626832,24.183023,2
6285,66000,387130000C,(04)23274275,(04)23288582,2025,1,15,8,39,臺中市,西屯區,0,1,0,5,2,6,40,13,12,1,4,4,6,6,4,4,9,4,4,2,30,,,,,,,,,,,,,115,115,1,,,120.667562,24.17806,2
6286,66000,387130000C,(04)23274275,(04)23288582,2025,1,15,8,41,臺中市,中區,0,0,0,7,,,50,,,,,,,,,,,,,,,,,,,C03,,,1,,9,,,8,8,2,12,4,120.683813,24.141451,3
6287,66000,387130000C,(04)23274275,(04)23288582,2025,1,15,8,41,臺中市,南屯區,0,1,0,6,2,6,50,4,2,1,5,4,6,6,4,4,5,4,5,2,12,3,10,3,1,B03,7,9,1,8,2,4,,84,84,1,12,4,120.642032,24.127956,2
6288,66000,387130000C,(04)23274275,(04)23288582,2025,1,15,8,43,臺中市,南屯區,0,0,0,6,,,50,,,,,,,,,,,,,,12,,,,,C03,,,1,,2,,,8,8,1,13,4,120.646119,24.146785,3
6289,66000,387130000C,(04)23274275,(04)23288582,2025,1,15,8,43,臺中市,西屯區,0,1,0,5,2,6,50,13,9,1,4,4,6,6,4,4,1,4,5,2,18,2,9,2,4,C03,7,12,1,10,2,14,,84,84,1,13,4,120.637158,24.186084,2
6290,66000,387130000C,(04)23274275,(04)23288582,2025,1,15,8,43,臺中市,太平區,0,0,0,5,,,50,,,,,,,,,,,,,,16,,,,,B02,,,1,,2,,,14,14,1,12,4,120.730847,24.112122,3
6291,66000,387130000C,(04)23274275,(04)23288582,2025,1,15,8,45,臺中市,潭子區,0,0,0,7,,,60,,,,,,,,,,,,,,13,,,,,B01,,,1,,2,,,58,58,1,13,4,120.686409,24.206732,3
6292,66000,387130000C,(04)23274275,(04)23288582,2025,1,15,8,45,臺中市,東區,0,1,0,6,2,6,50,4,2,1,5,4,6,6,1,1,9,4,4,2,17,2,9,2,1,C03,7,9,1,10,2,14,,7,7,1,13,4,120.695533,24.141231,2
6293,66000,387130000C,(04)23274275,(04)23288582,2025,1,15,8,45,臺中市,北屯區,0,1,0,5,2,6,50,13,9,1,4,4,6,4,4,4,1,4,5,2,18,2,9,2,1,C03,7,9,1,10,2,12,,58,58,1,6,4,120.686543,24.199572,2
6294,66000,387130000C,(04)23274275,(04)23288582,2025,1,15,8,50,臺中市,北屯區,0,1,0,7,3,6,50,4,1,1,5,4,6,6,4,4,10,5,5,2,15,2,9,2,1,C03,7,9,1,10,2,11,,13,13,1,6,4,120.709709,24.165442,2
6295,66000,387130000C,(04)23274275,(04)23288582,2025,1,15,8,50,臺中市,豐原區,0,1,0,7,2,6,30,11,9,1,4,4,6,6,4,4,10,5,5,1,17,2,9,2,1,C03,7,5,1,10,2,14,,84,84,1,13,4,120.73528,24.27191,2
6296,66000,387130000C,(04)23274275,(04)23288582,2025,1,15,8,53,臺中市,霧峰區,0,1,0,5,2,6,50,4,1,1,4,4,6,6,4,4,10,5,5,2,18,2,9,2,1,C03,7,9,1,10,2,14,,84,84,1,6,4,120.696815,24.068335,2
6297,66000,387130000C,(04)23274275,(04)23288582,2025,1,15,8,54,臺中市,北屯區,0,0,0,7,,,50,,,,,,,,,,,,,,12,,,,,B03,,,1,,1,,,8,8,1,12,4,120.699429,24.175502,3
6298,66000,387130000C,(04)23274275,(04)23288582,2025,1,15,8,55,臺中市,太平區,0,2,0,5,3,6,40,13,12,1,4,4,6,6,4,4,5,2,4,1,12,2,9,1,1,C03,7,1,1,10,2,14,,51,51,1,6,4,120.720111,24.149265,2
6299,66000,387130000C,(04)23274275,(04)23288582,2025,1,15,8,55,臺中市,烏日區,0,0,0,7,,,30,,,,,,,,,,,,,,17,,,,,B01,,,1,,1,,,50,50,1,6,4,120.616684,24.113986,3
6300,66000,387130000C,(04)23274275,(04)23288582,2025,1,15,8,56,臺中市,東區,0,2,0,7,2,6,50,13,7,1,5,4,6,6,1,1,5,5,4,2,13,2,3,3,1,B12,7,9,1,8,2,1,,7,7,1,12,4,120.702338,24.142753,2
6301,66000,387130000C,(04)23274275,(04)23288582,2025,1,15,8,58,臺中市,潭子區,0,1,0,6,3,6,60,3,1,1,4,4,6,6,1,1,1,4,4,1,17,3,10,3,1,B03,7,6,1,8,2,6,,11,11,1,13,4,120.702633,24.196934,2
6302,66000,387130000C,(04)23274275,(04)23288582,2025,1,15,8,59,臺中市,沙鹿區,0,1,0,6,2,6,70,4,2,1,5,4,6,6,1,1,1,4,5,1,17,3,10,3,1,B03,7,9,1,8,1,2,,7,7,1,12,4,120.606064,24.247347,2
6303,66000,387130000C,(04)23274275,(04)23288582,2025,1,15,9,1,臺中市,南屯區,0,0,0,5,,,50,,,,,,,,,,,,,,13,,,,,B03,,,1,,1,,,84,84,1,12,4,120.625921,24.137988,3
6304,66000,387130000C,(04)23274275,(04)23288582,2025,1,15,9,1,臺中市,北屯區,0,1,0,7,2,6,50,13,7,1,5,4,6,6,4,4,9,4,4,2,17,3,10,3,1,A04,7,4,1,2,2,6,,8,8,1,12,4,120.69462,24.176044,2
6305,66000,387130000C,(04)23274275,(04)23288582,2025,1,15,9,2,臺中市,大里區,0,0,0,7,,,50,,,,,,,,,,,,,,,,,,,C03,,,1,,2,,,8,8,1,12,4,120.672672,24.11276,3
6306,66000,387130000C,(04)23274275,(04)23288582,2025,1,15,9,4,臺中市,南區,0,0,0,7,,,50,,,,,,,,,,,,,,17,,,,,B03,,,1,,1,,,8,8,1,12,4,120.658133,24.116336,3
6307,66000,387130000C,(04)23274275,(04)23288582,2025,1,15,9,5,臺中市,西區,0,1,0,5,2,6,30,4,2,1,4,4,6,3,4,4,5,5,5,2,17,3,10,3,1,B03,7,6,1,8,2,7,,48,48,1,12,4,120.658772,24.137009,2
6308,66000,387130000C,(04)23274275,(04)23288582,2025,1,15,9,7,臺中市,南屯區,0,0,0,7,,,50,,,,,,,,,,,,,,16,,,,,B03,,,1,,1,,,84,84,1,13,4,120.640977,24.140912,3
6309,66000,387130000C,(04)23274275,(04)23288582,2025,1,15,9,9,臺中市,潭子區,0,1,0,5,2,6,50,3,1,1,4,4,6,6,4,4,5,5,5,2,18,2,9,1,1,C03,7,9,1,10,2,12,,84,84,1,13,4,120.704639,24.209768,2
6310,66000,387130000C,(04)23274275,(04)23288582,2025,1,15,9,17,臺中市,北屯區,0,0,0,5,,,60,,,,,,,,,,,,,,,,,,,B12,,,1,,1,,,7,7,1,12,4,120.722779,24.162079,3
6311,66000,387130000C,(04)23274275,(04)23288582,2025,1,15,9,20,臺中市,太平區,0,2,0,7,3,6,50,13,9,1,5,4,6,6,4,4,9,5,5,2,3,2,9,6,5,H01,8,16,7,21,10,17,,97,97,1,12,5,120.719666,24.131185,2
6312,66000,387130000C,(04)23274275,(04)23288582,2025,1,15,9,20,臺中市,豐原區,0,0,0,5,,,50,,,,,,,,,,,,,,17,,,,,B03,,,1,,9,,,50,50,2,13,4,120.711547,24.247749,3
6313,66000,387130000C,(04)23274275,(04)23288582,2025,1,15,9,21,臺中市,后里區,0,1,0,5,3,6,50,3,2,1,4,4,6,6,1,1,1,4,4,1,16,3,10,3,1,B03,7,5,1,8,2,6,,8,8,1,6,4,120.722202,24.304387,2
6314,66000,387130000C,(04)23274275,(04)23288582,2025,1,15,9,23,臺中市,大里區,0,0,0,7,,,50,,,,,,,,,,,,,,17,,,,,B03,,,1,,2,,,51,51,1,6,4,120.688694,24.096842,3
6315,66000,387130000C,(04)23274275,(04)23288582,2025,1,15,9,23,臺中市,大安區,0,1,0,5,3,6,50,3,1,1,4,4,6,6,4,4,10,5,5,2,17,2,9,1,1,C03,7,6,1,10,2,12,,14,14,1,6,4,120.59096,24.33817,2
6316,66000,387130000C,(04)23274275,(04)23288582,2025,1,15,9,24,臺中市,豐原區,0,2,0,5,2,6,50,4,1,1,4,4,6,6,1,1,5,4,5,1,17,2,8,2,1,C03,7,1,1,10,2,11,,84,84,1,12,4,120.721689,24.243429,2
6317,66000,387130000C,(04)23274275,(04)23288582,2025,1,15,9,32,臺中市,西屯區,0,1,0,6,2,6,40,4,1,1,5,4,6,6,2,1,10,5,5,2,16,2,9,2,1,C03,7,6,1,10,2,14,,36,36,1,12,4,120.64008,24.160468,2
6318,66000,387130000C,(04)23274275,(04)23288582,2025,1,15,9,34,臺中市,東區,0,0,0,7,,,50,,,,,,,,,,,,,,17,,,,,B01,,,1,,2,,,49,49,1,13,4,120.706185,24.146172,3
6319,66000,387130000C,(04)23274275,(04)23288582,2025,1,15,9,38,臺中市,南區,0,0,0,5,,,50,,,,,,,,,,,,,,17,,,,,B03,,,1,,2,,,84,84,1,13,4,120.680972,24.130683,3
6320,66000,387130000C,(04)23274275,(04)23288582,2025,1,15,9,41,臺中市,北區,0,0,0,7,,,50,,,,,,,,,,,,,,17,,,,,B03,,,1,,2,,,59,59,1,12,4,120.676953,24.16954,3
6321,66000,387130000C,(04)23274275,(04)23288582,2025,1,15,9,44,臺中市,大里區,0,1,0,5,2,6,30,13,9,1,4,4,6,6,4,4,10,5,5,2,17,2,9,2,1,C03,7,9,1,9,2,14,,84,84,1,13,2,120.728935,24.090707,2
6322,66000,387130000C,(04)23274275,(04)23288582,2025,1,15,9,48,臺中市,北屯區,0,2,0,5,2,6,40,13,7,1,4,4,6,6,4,4,9,5,4,2,17,2,9,2,1,C03,7,1,1,10,2,12,,51,51,1,12,4,120.690797,24.170403,2
6323,66000,387130000C,(04)23274275,(04)23288582,2025,1,15,9,49,臺中市,南區,0,0,0,7,,,40,,,,,,,,,,,,,,17,,,,,C03,,,1,,2,,,84,,1,12,4,120.654006,24.122489,3
6324,66000,387130000C,(04)23274275,(04)23288582,2025,1,15,9,54,臺中市,南屯區,0,0,0,5,,,50,,,,,,,,,,,,,,16,,,,,B03,,,1,,2,,,47,47,1,12,4,120.622859,24.145783,3
6325,66000,387130000C,(04)23274275,(04)23288582,2025,1,15,9,54,臺中市,南屯區,0,1,0,5,2,6,40,13,8,1,4,4,6,6,1,1,10,5,5,2,18,2,9,1,1,C03,7,12,1,10,2,12,,84,84,1,12,2,120.608019,24.151116,2
6326,66000,387130000C,(04)23274275,(04)23288582,2025,1,15,9,54,臺中市,南屯區,0,1,0,5,2,6,40,3,1,1,4,4,6,6,4,4,10,5,5,2,17,3,10,5,4,B03,7,6,1,8,2,5,,14,14,1,13,4,120.639187,24.137095,2
6327,66000,387130000C,(04)23274275,(04)23288582,2025,1,15,9,54,臺中市,西屯區,0,1,0,5,2,6,50,4,9,1,4,4,6,6,2,1,3,4,5,2,13,2,8,1,1,C03,7,9,1,10,2,14,,7,7,1,13,4,120.648062,24.167942,2
6328,66000,387130000C,(04)23274275,(04)23288582,2025,1,15,9,54,臺中市,太平區,0,1,0,5,3,6,50,3,1,1,4,4,6,6,4,4,5,5,5,1,18,2,9,2,1,C03,7,9,1,10,2,12,,8,8,1,12,4,120.718715,24.129794,2
6329,66000,387130000C,(04)23274275,(04)23288582,2025,1,15,9,55,臺中市,北屯區,0,1,0,7,2,6,50,4,1,1,5,4,6,6,1,1,10,5,5,2,17,2,9,1,1,C03,7,9,1,10,2,12,,84,84,1,12,4,120.659327,24.190807,2
6330,66000,387130000C,(04)23274275,(04)23288582,2025,1,15,9,59,臺中市,西區,0,1,0,5,3,6,50,4,1,1,4,4,6,6,1,1,10,5,5,2,16,3,10,3,1,B01,7,5,1,4,1,2,,11,11,1,6,4,120.653005,24.14776,2
6331,66000,387130000C,(04)23274275,(04)23288582,2025,1,15,9,59,臺中市,東區,0,0,0,7,,,50,,,,,,,,,,,,,,17,,,,,B03,,,1,,1,,,49,49,1,13,4,120.695441,24.136821,3
6332,66000,387130000C,(04)23274275,(04)23288582,2025,1,15,9,59,臺中市,西屯區,0,0,0,5,,,60,,,,,,,,,,,,,,13,,,,,B03,,,1,,1,,,7,7,1,12,4,120.617152,24.181867,3
6333,66000,387130000C,(04)23274275,(04)23288582,2025,1,15,10,0,臺中市,大肚區,0,2,0,7,2,6,30,13,9,1,5,4,6,6,4,4,10,5,5,2,14,3,10,3,1,A12,7,2,1,3,2,3,,49,49,1,6,4,120.577327,24.110861,2
6334,66000,387130000C,(04)23274275,(04)23288582,2025,1,15,10,1,臺中市,北區,0,0,0,7,,,50,,,,,,,,,,,,,,12,,,,,B03,,,1,,2,,,20,20,1,13,4,120.67168,24.171423,3
6335,66000,387130000C,(04)23274275,(04)23288582,2025,1,15,10,3,臺中市,南屯區,0,2,0,7,2,6,50,3,1,1,4,4,6,6,4,4,10,5,5,2,16,2,9,2,1,C03,7,6,1,10,2,15,,85,85,1,13,4,120.632139,24.117789,2
6336,66000,387130000C,(04)23274275,(04)23288582,2025,1,15,10,3,臺中市,太平區,0,1,0,5,2,6,50,3,1,1,4,4,6,6,4,4,10,5,5,2,17,3,10,2,1,F03,7,6,7,21,9,14,,84,84,2,12,4,120.715586,24.144954,2
6337,66000,387130000C,(04)23274275,(04)23288582,2025,1,15,10,7,臺中市,神岡區,0,1,0,5,2,6,50,4,1,1,4,4,6,6,1,1,10,5,5,2,16,3,10,3,1,A21,7,5,1,1,2,6,,84,84,1,12,4,120.657728,24.255461,2
6338,66000,387130000C,(04)23274275,(04)23288582,2025,1,15,10,8,臺中市,西屯區,0,0,0,6,,,50,,,,,,,,,,,,,,14,,,,,B03,,,1,,2,,,49,49,1,13,4,120.661607,24.176294,4
6339,66000,387130000C,(04)23274275,(04)23288582,2025,1,15,10,15,臺中市,北屯區,0,0,0,5,,,50,,,,,,,,,,,,,,14,,,,,B03,,,1,,1,,,50,50,1,6,4,120.679826,24.194763,3
6340,66000,387130000C,(04)23274275,(04)23288582,2025,1,15,10,17,臺中市,豐原區,0,1,0,5,2,6,60,3,2,1,4,4,6,6,4,4,1,4,5,1,18,2,9,2,1,C03,7,5,1,10,2,16,,59,59,1,12,4,120.730734,24.265568,2
6341,66000,387130000C,(04)23274275,(04)23288582,2025,1,15,10,20,臺中市,北屯區,0,0,0,7,,,50,,,,,,,,,,,,,,14,,,,,B12,,,1,,2,,,49,49,1,12,4,120.724977,24.158409,3
6342,66000,387130000C,(04)23274275,(04)23288582,2025,1,15,10,29,臺中市,大里區,0,0,0,5,,,50,,,,,,,,,,,,,,17,,,,,B03,,,1,,2,,,87,87,1,12,4,120.675159,24.109435,3
6343,66000,387130000C,(04)23274275,(04)23288582,2025,1,15,10,30,臺中市,西屯區,0,0,0,7,,,50,,,,,,,,,,,,,,14,,,,,B02,,,1,,2,,,45,45,1,12,4,120.638376,24.177292,3
6344,66000,387130000C,(04)23274275,(04)23288582,2025,1,15,10,30,臺中市,太平區,0,0,0,7,,,30,,,,,,,,,,,,,,,,,,,A11,,,1,,2,,,84,84,1,12,4,120.711938,24.142436,3
6345,66000,387130000C,(04)23274275,(04)23288582,2025,1,15,10,32,臺中市,后里區,0,0,0,5,,,30,,,,,,,,,,,,,,,,,,,B03,,,1,,2,,,49,49,1,12,4,120.719619,24.30932,3
6346,66000,387130000C,(04)23274275,(04)23288582,2025,1,15,10,34,臺中市,南區,0,1,0,5,2,6,50,3,1,1,4,4,6,6,4,4,9,5,5,2,17,2,9,1,1,C03,7,9,1,10,2,16,,7,7,1,12,4,120.65523,24.131826,2
6347,66000,387130000C,(04)23274275,(04)23288582,2025,1,15,10,35,臺中市,南屯區,0,0,0,6,,,50,,,,,,,,,,,,,,12,,,,,C03,,,1,,1,,,50,50,1,12,4,120.638261,24.141586,3
6348,66000,387130000C,(04)23274275,(04)23288582,2025,1,15,10,35,臺中市,北屯區,0,1,0,5,2,6,50,3,1,1,4,4,6,6,4,4,10,5,5,2,16,3,10,3,1,B03,7,5,1,8,2,5,,14,14,1,12,4,120.705366,24.166691,2
6349,66000,387130000C,(04)23274275,(04)23288582,2025,1,15,10,35,臺中市,神岡區,0,0,0,7,1,6,60,11,7,1,5,4,6,6,4,4,1,5,5,1,13,,,,,B12,,,1,,1,,,7,7,1,12,4,120.692695,24.232375,3
6350,66000,387130000C,(04)23274275,(04)23288582,2025,1,15,10,36,臺中市,西區,0,0,0,5,,,50,,,,,,,,,,,,,,,,,,,B03,,,1,,1,,,39,39,1,12,4,120.656765,24.150853,3
6351,66000,387130000C,(04)23274275,(04)23288582,2025,1,15,10,36,臺中市,外埔區,0,2,0,5,2,6,50,13,7,1,4,4,6,6,4,4,9,4,4,1,13,2,9,2,1,C03,7,9,1,10,2,11,,7,7,1,12,4,120.658305,24.327324,2
6352,66000,387130000C,(04)23274275,(04)23288582,2025,1,15,10,37,臺中市,南屯區,0,1,0,5,3,6,30,4,1,1,4,4,6,6,3,1,10,5,5,2,15,3,10,3,1,B03,7,9,1,8,2,2,,24,24,1,12,4,120.640307,24.140967,2
6353,66000,387130000C,(04)23274275,(04)23288582,2025,1,15,10,37,臺中市,南屯區,0,1,0,7,3,6,40,13,8,1,4,4,6,6,4,4,1,5,1,2,18,2,9,2,4,C03,7,9,1,10,2,12,,59,59,1,13,4,120.596604,24.155936,2
6354,66000,387130000C,(04)23274275,(04)23288582,2025,1,15,10,39,臺中市,南屯區,0,1,0,7,2,6,50,4,1,1,4,4,6,6,4,4,10,5,5,2,15,3,10,1,1,C03,7,9,1,10,2,12,,15,15,1,12,4,120.611882,24.145134,2
6355,66000,387130000C,(04)23274275,(04)23288582,2025,1,15,10,41,臺中市,大雅區,0,0,0,5,1,6,50,13,9,1,5,4,6,6,4,4,9,5,5,2,17,,,,,B03,,,1,,1,,,8,8,1,13,4,120.66806,24.217598,3
6356,66000,387130000C,(04)23274275,(04)23288582,2025,1,15,10,41,臺中市,新社區,0,0,0,7,,,50,,,,,,,,,,,,,,,,,,,A12,,,1,,9,,,84,84,1,12,4,120.80348,24.196725,3
6357,66000,387130000C,(04)23274275,(04)23288582,2025,1,15,10,43,臺中市,潭子區,0,0,0,7,,,50,,,,,,,,,,,,,,,,,,,B03,,,1,,2,,,10,10,1,13,4,120.686781,24.210318,3
6358,66000,387130000C,(04)23274275,(04)23288582,2025,1,15,10,43,臺中市,北區,0,1,0,5,3,6,50,4,1,1,4,4,6,6,1,1,5,5,5,2,18,2,9,2,1,C03,7,9,1,10,2,14,,59,59,1,12,4,120.681264,24.152918,2
6359,66000,387130000C,(04)23274275,(04)23288582,2025,1,15,10,45,臺中市,北屯區,0,1,0,7,2,6,50,4,1,1,4,4,6,6,1,1,10,5,5,2,18,2,9,1,1,C03,7,9,1,10,2,15,,82,82,1,12,4,120.692794,24.162343,2
6360,66000,387130000C,(04)23274275,(04)23288582,2025,1,15,10,46,臺中市,大雅區,0,0,0,7,,,50,,,,,,,,,,,,,,13,3,10,3,1,B12,7,9,1,8,2,1,,7,7,1,12,4,120.647554,24.215405,3
6361,66000,387130000C,(04)23274275,(04)23288582,2025,1,15,10,46,臺中市,北屯區,0,1,0,5,2,6,50,11,9,1,4,4,6,6,4,4,5,5,5,2,11,3,10,3,1,B03,7,6,1,4,2,4,,84,84,1,6,4,120.716971,24.174467,2
6362,66000,387130000C,(04)23274275,(04)23288582,2025,1,15,10,46,臺中市,西屯區,0,0,0,7,,,30,,,,,,,,,,,,,,16,,,,,C03,,,1,,1,,,51,51,1,12,4,120.642952,24.189007,3
6363,66000,387130000C,(04)23274275,(04)23288582,2025,1,15,10,47,臺中市,南屯區,0,0,0,6,,,50,,,,,,,,,,,,,,14,,,,,B12,,,1,,1,,,49,49,1,12,4,120.646416,24.126122,3
6364,66000,387130000C,(04)23274275,(04)23288582,2025,1,15,10,47,臺中市,西屯區,0,1,0,5,2,6,50,3,9,1,4,4,6,6,1,1,1,4,5,2,18,2,9,1,1,C03,7,9,1,10,2,14,,59,59,1,12,4,120.651949,24.18031,2
6365,66000,387130000C,(04)23274275,(04)23288582,2025,1,15,10,47,臺中市,大里區,0,1,0,5,2,6,50,4,1,1,4,4,6,6,1,1,10,5,5,2,15,3,10,3,1,B03,7,9,1,8,2,1,,21,21,1,6,4,120.702298,24.097499,2
6366,66000,387130000C,(04)23274275,(04)23288582,2025,1,15,10,56,臺中市,大里區,0,2,0,7,2,6,50,3,2,1,5,4,6,6,3,1,10,5,5,2,17,2,9,2,1,C03,7,6,1,10,2,12,,48,48,1,12,4,120.684665,24.113216,2
6367,66000,387130000C,(04)23274275,(04)23288582,2025,1,15,10,59,臺中市,南區,0,1,0,6,2,6,50,4,1,1,5,4,6,6,1,1,10,5,5,2,16,3,10,3,1,B03,7,5,1,8,2,5,,11,11,1,13,4,120.670095,24.119043,2