序號,縣市別代碼,機關代碼,市話,傳真,年,月,日,時,分,縣市,區,死亡數量,受傷數量,2-30,天候,道路照明設備,道路類別,道路速限,道路型態,事故位置,路面鋪裝,路面狀態,路面缺陷,障礙物,視距,號誌種類,號誌動作,分向設施,快車道或一般車道間,快慢車道間,路面邊線,事故類型及型態,受傷程度,主要傷處,保護裝備,行動電話或功能裝置,當事者區分(類別),車輛用途,當事者行動狀態,駕照狀態,駕照種類,飲酒情形,車輛撞擊部位最初,車輛撞擊部位其他,肇事因素個別,肇事因素主要,肇事逃逸,職業,共享經濟或外送平台,GPS座標X,GPS座標Y,事故類別
6368,66000,387130000C,(04)23274275,(04)23288582,2025,1,15,10,59,臺中市,南區,0,0,0,7,,,50,,,,,,,,,,,,,,,,,,,B03,,,1,,1,,,8,8,1,13,4,120.670071,24.117166,3
6369,66000,387130000C,(04)23274275,(04)23288582,2025,1,15,10,59,臺中市,西屯區,0,1,0,5,2,6,40,3,2,1,4,4,6,6,4,4,1,5,1,2,12,3,10,2,1,C03,7,1,1,10,2,14,,51,51,1,12,4,120.654124,24.16063,2
6370,66000,387130000C,(04)23274275,(04)23288582,2025,1,15,11,4,臺中市,北屯區,0,0,0,7,,,0,,,,,,,,,,,,,,18,,,,,F01,,,7,,1,,,59,59,1,12,4,120.673944,24.174636,4
6371,66000,387130000C,(04)23274275,(04)23288582,2025,1,15,11,5,臺中市,西屯區,0,1,0,6,2,6,50,5,1,1,5,4,6,6,2,1,10,5,5,2,16,3,10,5,4,B03,7,5,1,8,2,5,,8,8,1,13,4,120.665411,24.166834,2
6372,66000,387130000C,(04)23274275,(04)23288582,2025,1,15,11,5,臺中市,龍井區,0,0,1,6,2,6,40,11,8,1,4,4,6,6,4,4,10,5,1,1,26,5,9,5,4,C03,7,9,1,10,9,12,,8,8,1,5,4,120.575632,24.177897,2
6373,66000,387130000C,(04)23274275,(04)23288582,2025,1,15,11,7,臺中市,大安區,0,1,0,5,3,6,50,4,1,1,4,4,6,6,4,4,10,5,5,2,17,3,10,3,1,B03,7,9,1,8,2,4,,41,41,1,6,4,120.594716,24.369321,2
6374,66000,387130000C,(04)23274275,(04)23288582,2025,1,15,11,8,臺中市,西區,0,1,0,6,2,6,40,3,1,1,5,4,6,6,4,4,1,4,3,2,12,3,10,3,1,B03,7,5,1,8,2,2,,20,20,1,12,4,120.661587,24.155869,2
6375,66000,387130000C,(04)23274275,(04)23288582,2025,1,15,11,8,臺中市,東勢區,0,1,0,5,2,6,30,4,1,1,4,4,6,6,4,4,10,5,5,2,15,2,9,1,4,C03,7,9,1,10,2,11,,12,12,1,12,4,120.836716,24.251409,2
6376,66000,387130000C,(04)23274275,(04)23288582,2025,1,15,11,10,臺中市,烏日區,0,1,0,7,2,6,40,4,1,1,5,4,6,6,2,1,1,4,4,1,18,2,9,1,1,C03,7,9,1,10,2,12,,84,84,1,6,4,120.607048,24.108443,2
6377,66000,387130000C,(04)23274275,(04)23288582,2025,1,15,11,10,臺中市,后里區,0,0,0,5,,,50,,,,,,,,,,,,,,,,,,,B13,,,1,,2,,,49,49,1,12,4,120.717645,24.307488,3
6378,66000,387130000C,(04)23274275,(04)23288582,2025,1,15,11,15,臺中市,北區,0,0,0,7,,,50,,,,,,,,,,,,,,17,,,,,C03,,,1,,2,,,51,51,1,13,4,120.703457,24.158209,4
6379,66000,387130000C,(04)23274275,(04)23288582,2025,1,15,11,15,臺中市,北屯區,0,0,0,7,,,50,,,,,,,,,,,,,,9,,,,,C03,,,1,,1,,,87,87,1,6,4,120.69439,24.174398,3
6380,66000,387130000C,(04)23274275,(04)23288582,2025,1,15,11,17,臺中市,南屯區,0,1,0,7,3,6,50,3,2,1,5,4,6,6,4,4,4,4,4,2,12,2,9,2,4,C03,7,1,1,10,2,11,14,51,51,1,13,4,120.610948,24.13281,2
6381,66000,387130000C,(04)23274275,(04)23288582,2025,1,15,11,20,臺中市,沙鹿區,0,0,0,7,2,6,60,13,7,1,4,4,6,6,4,4,1,3,1,1,13,,,,,B03,,,1,,1,,,7,7,1,12,4,120.609229,24.245857,3
6382,66000,387130000C,(04)23274275,(04)23288582,2025,1,15,11,21,臺中市,南屯區,0,0,0,5,,,50,,,,,,,,,,,,,,13,,,,,B02,,,1,,1,,,59,59,1,12,4,120.636709,24.142299,3
6383,66000,387130000C,(04)23274275,(04)23288582,2025,1,15,11,22,臺中市,大肚區,0,0,0,5,,,50,,,,,,,,,,,,,,,,,,,B03,,,1,,2,,,49,49,1,6,4,120.543996,24.155876,3
6384,66000,387130000C,(04)23274275,(04)23288582,2025,1,15,11,28,臺中市,南區,0,0,0,7,,,50,,,,,,,,,,,,,,13,,,,,C03,,,1,,1,,,7,7,1,13,4,120.67887,24.12721,3
6385,66000,387130000C,(04)23274275,(04)23288582,2025,1,15,11,28,臺中市,太平區,0,1,0,5,3,6,30,4,1,1,4,4,6,6,4,4,10,5,5,2,15,2,9,1,1,C03,7,9,1,10,2,11,,15,15,1,6,4,120.720817,24.115135,2
6386,66000,387130000C,(04)23274275,(04)23288582,2025,1,15,11,29,臺中市,西區,0,1,0,5,3,6,50,4,1,1,4,4,6,6,1,1,10,5,5,2,16,3,10,1,1,C03,7,5,1,10,2,12,,1,1,1,6,4,120.665268,24.146718,2
6387,66000,387130000C,(04)23274275,(04)23288582,2025,1,15,11,32,臺中市,西屯區,0,1,0,7,2,6,40,4,1,1,5,4,6,6,2,1,10,5,5,2,16,2,9,2,1,C03,7,11,1,10,1,14,,45,45,1,13,4,120.639584,24.182228,2
6388,66000,387130000C,(04)23274275,(04)23288582,2025,1,15,11,32,臺中市,太平區,0,0,0,7,,,80,,,,,,,,,,,,,,,,,,,A11,,,1,,2,,,7,7,1,12,4,120.710725,24.141557,3
6389,66000,387130000C,(04)23274275,(04)23288582,2025,1,15,11,33,臺中市,北屯區,0,0,0,7,,,80,,,,,,,,,,,,,,13,,,,,B03,,,1,,1,,,7,7,1,12,4,120.720724,24.169924,3
6390,66000,387130000C,(04)23274275,(04)23288582,2025,1,15,11,36,臺中市,西屯區,0,0,0,7,,,60,,,,,,,,,,,,,,13,,,,,B03,,,1,,1,,,7,7,1,12,4,120.655324,24.159552,3
6391,66000,387130000C,(04)23274275,(04)23288582,2025,1,15,11,38,臺中市,西區,0,0,0,5,,,30,,,,,,,,,,,,,,,,,,,B03,,,1,,1,,,49,49,1,12,4,120.654409,24.154756,3
6392,66000,387130000C,(04)23274275,(04)23288582,2025,1,15,11,40,臺中市,大雅區,0,0,0,5,,,70,,,,,,,,,,,,,,,,,,,B03,,,1,,2,,,7,7,1,12,4,120.636747,24.235625,3
6393,66000,387130000C,(04)23274275,(04)23288582,2025,1,15,11,40,臺中市,南屯區,0,0,0,5,,,50,,,,,,,,,,,,,,,,,,,B12,,,1,,2,,,51,51,1,13,4,120.612076,24.148708,3
6394,66000,387130000C,(04)23274275,(04)23288582,2025,1,15,11,43,臺中市,北屯區,0,0,0,7,,,50,,,,,,,,,,,,,,13,,,,,B03,,,1,,1,,,59,59,1,12,4,120.686143,24.200883,3
6395,66000,387130000C,(04)23274275,(04)23288582,2025,1,15,11,45,臺中市,北屯區,0,1,0,5,2,6,50,13,8,1,4,4,6,6,4,4,10,5,5,2,18,2,9,2,1,C03,7,9,3,19,2,11,,84,84,1,12,4,120.721858,24.185746,2
6396,66000,387130000C,(04)23274275,(04)23288582,2025,1,15,11,45,臺中市,清水區,0,1,0,5,3,6,40,3,1,1,4,4,6,6,1,1,1,4,4,2,18,2,9,1,1,C03,7,9,1,10,2,12,,59,59,1,12,4,120.571255,24.259883,2
6397,66000,387130000C,(04)23274275,(04)23288582,2025,1,15,11,49,臺中市,南屯區,0,0,0,6,,,30,,,,,,,,,,,,,,12,,,,,B03,,,1,,2,,,84,84,1,12,4,120.62546,24.14787,3
6398,66000,387130000C,(04)23274275,(04)23288582,2025,1,15,11,50,臺中市,大里區,0,1,0,5,2,6,50,4,1,1,4,4,6,6,4,4,10,5,5,2,18,2,9,2,1,C03,7,6,1,10,2,14,,84,84,1,6,4,120.702785,24.09413,2
6399,66000,387130000C,(04)23274275,(04)23288582,2025,1,15,11,50,臺中市,太平區,0,0,0,7,,,30,,,,,,,,,,,,,,17,,,,,B11,,,1,,9,,,49,49,1,12,4,120.73347,24.145335,3
6400,66000,387130000C,(04)23274275,(04)23288582,2025,1,15,11,52,臺中市,北區,0,2,0,7,2,6,50,4,1,1,5,4,6,6,4,4,5,4,5,2,3,2,9,1,1,C03,7,9,1,10,2,11,,10,10,1,12,4,120.684503,24.152957,2
6401,66000,387130000C,(04)23274275,(04)23288582,2025,1,15,11,52,臺中市,大里區,0,2,0,5,2,6,50,13,7,1,4,4,6,6,1,1,5,4,4,1,17,2,9,2,1,C03,7,11,1,10,2,12,,39,39,1,13,4,120.703093,24.0903,2
6402,66000,387130000C,(04)23274275,(04)23288582,2025,1,15,11,55,臺中市,西區,0,0,0,7,,,50,,,,,,,,,,,,,,,,,,,C03,,,1,,1,,,13,13,1,13,4,120.655517,24.154454,3
6403,66000,387130000C,(04)23274275,(04)23288582,2025,1,15,11,55,臺中市,后里區,0,1,0,5,2,6,60,3,1,1,4,4,6,6,1,1,10,5,5,2,16,3,10,3,1,B12,7,5,1,8,2,5,,84,84,1,12,4,120.723266,24.311993,2
6404,66000,387130000C,(04)23274275,(04)23288582,2025,1,15,11,58,臺中市,潭子區,0,0,0,5,,,0,,,,,,,,,,,,,,,,,,,B03,,,1,,2,,,51,51,1,13,4,120.684792,24.216293,3
6405,66000,387130000C,(04)23274275,(04)23288582,2025,1,15,12,1,臺中市,大肚區,0,1,0,7,2,6,50,13,9,1,5,4,6,6,4,4,5,5,5,1,16,3,10,5,4,B03,7,11,3,19,2,8,,39,39,1,6,4,120.58034,24.172576,2
6406,66000,387130000C,(04)23274275,(04)23288582,2025,1,15,12,3,臺中市,沙鹿區,0,1,0,5,2,6,50,4,1,1,4,4,6,6,4,4,10,5,5,2,15,2,9,1,1,C03,7,9,1,10,2,12,,12,12,1,12,4,120.573346,24.219278,2
6407,66000,387130000C,(04)23274275,(04)23288582,2025,1,15,12,6,臺中市,清水區,0,1,0,7,2,6,50,13,14,1,5,4,6,6,4,4,1,4,5,1,17,2,3,3,1,B03,7,5,1,8,2,1,,55,55,1,13,4,120.54421,24.285151,2
6408,66000,387130000C,(04)23274275,(04)23288582,2025,1,15,12,10,臺中市,西屯區,0,1,0,7,2,6,40,4,1,1,5,4,6,6,1,1,1,5,1,2,16,3,10,5,4,B03,7,5,1,8,2,2,,11,11,1,12,4,120.624383,24.178531,2
6409,66000,387130000C,(04)23274275,(04)23288582,2025,1,15,12,11,臺中市,豐原區,0,0,0,5,,,50,,,,,,,,,,,,,,14,,,,,B03,,,5,,2,,,49,49,1,12,4,120.745916,24.262522,3
6410,66000,387130000C,(04)23274275,(04)23288582,2025,1,15,12,15,臺中市,北屯區,0,1,0,5,2,6,50,4,1,1,4,4,6,6,2,1,10,5,5,2,16,3,10,3,1,B03,7,5,1,8,2,5,,11,11,1,6,4,120.669443,24.177252,2
6411,66000,387130000C,(04)23274275,(04)23288582,2025,1,15,12,30,臺中市,西區,0,0,0,7,,,50,,,,,,,,,,,,,,13,,,,,B03,,,5,,2,,,84,84,1,12,4,120.664344,24.150343,3
6412,66000,387130000C,(04)23274275,(04)23288582,2025,1,15,12,30,臺中市,烏日區,0,0,0,7,,,30,,,,,,,,,,,,,,10,,,,,C02,,,1,,2,,,41,41,1,6,4,120.649414,24.108467,3
6413,66000,387130000C,(04)23274275,(04)23288582,2025,1,15,12,32,臺中市,南屯區,0,0,0,7,,,50,,,,,,,,,,,,,,12,,,,,B03,,,1,,2,,,50,50,1,13,4,120.648107,24.149955,3
6414,66000,387130000C,(04)23274275,(04)23288582,2025,1,15,12,32,臺中市,霧峰區,0,1,0,7,2,6,50,13,9,1,5,4,6,6,4,4,5,5,5,2,17,3,10,3,1,B12,7,1,1,8,2,8,,51,51,1,6,4,120.715169,24.073781,2
6415,66000,387130000C,(04)23274275,(04)23288582,2025,1,15,12,35,臺中市,后里區,0,1,0,5,2,6,50,13,9,1,4,4,6,6,4,4,9,5,5,1,16,2,9,2,1,C03,7,9,1,10,2,12,,59,59,1,12,4,120.726203,24.309234,2
6416,66000,387130000C,(04)23274275,(04)23288582,2025,1,15,12,36,臺中市,豐原區,0,0,0,7,,,30,,,,,,,,,,,,,,17,,,,,B03,,,1,,2,,,45,45,1,13,4,120.720918,24.255642,3
6417,66000,387130000C,(04)23274275,(04)23288582,2025,1,15,12,39,臺中市,北區,0,1,0,7,2,6,50,13,9,1,5,4,6,6,4,4,8,3,5,1,12,3,10,3,1,B03,7,15,1,8,2,5,,40,40,1,13,4,120.675139,24.146068,2
6418,66000,387130000C,(04)23274275,(04)23288582,2025,1,15,12,43,臺中市,潭子區,0,0,0,5,,,30,,,,,,,,,,,,,,11,,,,,B11,,,1,,1,,,8,8,1,13,4,120.722504,24.199052,3
6419,66000,387130000C,(04)23274275,(04)23288582,2025,1,15,12,44,臺中市,北區,0,1,0,5,3,6,50,4,1,1,4,4,6,6,1,1,10,2,5,2,18,2,9,2,1,C03,7,9,1,10,2,14,,59,59,1,12,4,120.694326,24.155623,2
6420,66000,387130000C,(04)23274275,(04)23288582,2025,1,15,12,48,臺中市,梧棲區,0,1,0,5,3,6,40,3,2,1,4,4,6,6,4,4,1,4,1,1,17,2,9,1,1,C03,7,9,1,10,2,16,,84,84,1,6,4,120.548856,24.245191,2
6421,66000,387130000C,(04)23274275,(04)23288582,2025,1,15,12,52,臺中市,北屯區,0,1,0,7,2,6,50,4,1,1,5,4,6,6,2,1,10,5,5,2,16,2,8,2,1,C03,7,9,1,10,2,12,,21,21,1,6,4,120.694113,24.170259,2
6422,66000,387130000C,(04)23274275,(04)23288582,2025,1,15,12,54,臺中市,沙鹿區,0,3,0,6,3,6,40,4,1,1,5,4,6,6,1,1,10,4,4,2,17,2,9,1,1,C03,7,9,1,10,2,11,,6,6,1,13,4,120.570672,24.216481,2
6423,66000,387130000C,(04)23274275,(04)23288582,2025,1,15,12,56,臺中市,龍井區,0,0,0,7,,,30,,,,,,,,,,,,,,,,,,,B03,,,1,,2,,,49,49,1,6,4,120.591873,24.189758,3
6424,66000,387130000C,(04)23274275,(04)23288582,2025,1,15,12,59,臺中市,北區,0,1,0,6,2,6,40,13,7,1,5,4,6,6,4,4,3,4,4,2,17,3,10,3,1,B03,7,1,1,8,2,4,,51,51,1,13,4,120.664493,24.162074,2
6425,66000,387130000C,(04)23274275,(04)23288582,2025,1,15,13,0,臺中市,潭子區,0,1,0,7,2,6,50,3,1,1,5,4,6,6,4,4,10,5,5,2,16,3,10,3,1,B03,7,5,1,8,2,5,,47,47,1,12,4,120.707971,24.23121,2
6426,66000,387130000C,(04)23274275,(04)23288582,2025,1,15,13,3,臺中市,北屯區,0,0,0,7,,,50,,,,,,,,,,,,,,11,,,,,C03,,,1,,1,,,8,8,1,12,4,120.719369,24.176691,3
6427,66000,387130000C,(04)23274275,(04)23288582,2025,1,15,13,3,臺中市,西屯區,0,1,0,5,2,6,40,13,7,1,4,4,6,6,4,4,9,4,4,2,13,2,8,2,1,C03,7,11,1,10,2,12,,7,7,1,12,4,120.615536,24.19016,2
6428,66000,387130000C,(04)23274275,(04)23288582,2025,1,15,13,4,臺中市,西屯區,0,2,0,6,2,6,50,13,9,1,5,4,6,6,4,4,5,4,5,2,13,2,9,2,4,C03,7,9,1,10,1,11,,59,59,1,13,4,120.65328,24.19514,2
6429,66000,387130000C,(04)23274275,(04)23288582,2025,1,15,13,10,臺中市,龍井區,0,0,0,7,,,30,,,,,,,,,,,,,,,,,,,A12,,,1,,2,,,8,8,1,6,4,120.593039,24.181455,3
6430,66000,387130000C,(04)23274275,(04)23288582,2025,1,15,13,13,臺中市,北區,0,1,0,7,2,6,50,4,2,1,5,4,6,6,2,1,10,5,5,1,13,3,10,1,1,C03,7,9,1,10,2,11,,58,58,1,13,4,120.673513,24.166764,2
6431,66000,387130000C,(04)23274275,(04)23288582,2025,1,15,13,13,臺中市,南屯區,0,0,0,5,,,50,,,,,,,,,,,,,,12,,,,,A11,,,1,,2,,,76,76,1,12,4,120.632132,24.140458,3
6432,66000,387130000C,(04)23274275,(04)23288582,2025,1,15,13,15,臺中市,北屯區,0,0,0,7,,,50,,,,,,,,,,,,,,12,,,,,B03,,,1,,1,,,40,40,1,6,4,120.707283,24.187767,3
6433,66000,387130000C,(04)23274275,(04)23288582,2025,1,15,13,15,臺中市,梧棲區,0,1,0,7,2,6,50,13,8,1,5,4,6,6,4,4,4,4,4,2,14,3,10,3,1,B03,7,2,1,8,2,3,,49,49,1,12,4,120.531333,24.256622,2
6434,66000,387130000C,(04)23274275,(04)23288582,2025,1,15,13,16,臺中市,西區,0,1,0,6,2,6,50,4,19,1,5,4,6,6,1,1,10,5,5,2,8,3,10,5,4,B03,7,2,1,8,2,7,,85,85,2,13,4,120.661683,24.134253,2
6435,66000,387130000C,(04)23274275,(04)23288582,2025,1,15,13,18,臺中市,北區,0,1,0,5,3,6,50,3,1,1,4,4,6,6,4,4,5,4,5,2,18,2,9,2,1,C03,7,9,1,10,2,14,,59,59,1,12,4,120.6901,24.155888,2
6436,66000,387130000C,(04)23274275,(04)23288582,2025,1,15,13,20,臺中市,中區,0,1,0,6,2,6,50,13,9,1,5,4,6,6,2,1,3,4,5,2,18,2,9,2,1,C03,7,15,1,10,2,14,,84,84,1,12,4,120.683215,24.136259,2
6437,66000,387130000C,(04)23274275,(04)23288582,2025,1,15,13,20,臺中市,南屯區,0,1,0,5,2,6,50,3,1,1,4,4,6,6,4,4,5,5,5,2,16,3,10,1,1,C03,7,6,1,10,2,12,,14,14,1,6,4,120.649178,24.133316,2
6438,66000,387130000C,(04)23274275,(04)23288582,2025,1,15,13,23,臺中市,西屯區,0,1,0,6,3,6,50,3,7,1,5,4,6,6,4,4,5,4,4,2,18,2,9,1,1,C03,7,9,1,10,2,12,,82,82,1,13,4,120.620692,24.170767,2
6439,66000,387130000C,(04)23274275,(04)23288582,2025,1,15,13,31,臺中市,北屯區,0,1,0,7,2,6,50,13,9,1,5,4,6,6,4,4,1,4,5,2,17,3,10,3,1,B03,7,13,1,8,2,4,,76,76,1,12,4,120.686989,24.171667,2
6440,66000,387130000C,(04)23274275,(04)23288582,2025,1,15,13,35,臺中市,西區,0,1,0,7,3,6,50,4,1,1,5,4,6,6,2,1,10,5,5,2,16,3,10,3,1,B03,7,6,1,8,2,6,,25,25,1,13,4,120.672733,24.146967,2
6441,66000,387130000C,(04)23274275,(04)23288582,2025,1,15,13,36,臺中市,北屯區,0,2,0,6,2,6,50,13,8,1,4,4,6,6,4,4,5,4,4,2,16,3,10,3,1,B03,7,7,1,8,2,2,,40,40,1,12,4,120.680221,24.189275,2
6442,66000,387130000C,(04)23274275,(04)23288582,2025,1,15,13,37,臺中市,北區,0,1,0,6,2,6,50,4,1,1,5,4,6,6,2,1,10,5,5,2,12,2,9,1,1,C03,7,9,1,10,2,11,,39,39,1,13,4,120.676409,24.163381,2
6443,66000,387130000C,(04)23274275,(04)23288582,2025,1,15,13,39,臺中市,沙鹿區,0,0,0,7,,,30,,,,,,,,,,,,,,12,,,,,B03,,,1,,2,,,8,8,1,6,4,120.559383,24.231951,3
6444,66000,387130000C,(04)23274275,(04)23288582,2025,1,15,13,40,臺中市,北屯區,0,0,0,7,,,50,,,,,,,,,,,,,,9,,,,,B03,,,1,,1,,,84,84,1,6,4,120.733539,24.176399,3
6445,66000,387130000C,(04)23274275,(04)23288582,2025,1,15,13,41,臺中市,神岡區,0,0,0,7,,,50,,,,,,,,,,,,,,17,,,,,B12,,,1,,1,,,8,8,1,12,4,120.680203,24.248334,3
6446,66000,387130000C,(04)23274275,(04)23288582,2025,1,15,13,43,臺中市,西區,0,1,0,7,3,6,50,13,9,1,5,4,6,6,4,4,5,5,5,2,16,3,10,3,1,B03,7,5,1,8,2,5,,87,87,1,13,4,120.655144,24.139463,2
6447,66000,387130000C,(04)23274275,(04)23288582,2025,1,15,13,43,臺中市,北屯區,0,0,0,7,,,50,,,,,,,,,,,,,,17,,,,,B03,,,1,,1,,,78,78,1,12,4,120.707574,24.169702,3
6448,66000,387130000C,(04)23274275,(04)23288582,2025,1,15,13,44,臺中市,東區,0,0,0,7,,,50,,,,,,,,,,,,,,17,,,,,C03,,,1,,2,,,7,7,1,12,4,120.69978,24.140042,3
6449,66000,387130000C,(04)23274275,(04)23288582,2025,1,15,13,45,臺中市,西屯區,0,0,0,7,,,50,,,,,,,,,,,,,,13,,,,,B03,,,1,,1,,,7,7,1,12,4,120.65669,24.201258,3
6450,66000,387130000C,(04)23274275,(04)23288582,2025,1,15,13,48,臺中市,外埔區,0,0,0,7,,,60,,,,,,,,,,,,,,12,,,,,B03,,,1,,1,,,76,76,1,12,4,120.653515,24.331491,3
6451,66000,387130000C,(04)23274275,(04)23288582,2025,1,15,13,50,臺中市,霧峰區,0,0,0,7,,,50,,,,,,,,,,,,,,14,,,,,B12,,,1,,2,,,49,49,1,13,4,120.701324,24.06825,3
6452,66000,387130000C,(04)23274275,(04)23288582,2025,1,15,13,50,臺中市,烏日區,0,0,0,7,,,50,,,,,,,,,,,,,,17,,,,,B03,,,1,,1,,,50,50,1,6,4,120.636056,24.10737,3
6453,66000,387130000C,(04)23274275,(04)23288582,2025,1,15,13,52,臺中市,南區,0,0,0,7,,,50,,,,,,,,,,,,,,17,,,,,B02,,,1,,2,,,85,85,1,12,4,120.659809,24.116851,3
6454,66000,387130000C,(04)23274275,(04)23288582,2025,1,15,13,53,臺中市,烏日區,0,1,0,7,3,6,50,13,8,1,5,4,6,6,4,4,1,4,4,2,17,3,10,3,1,B03,7,1,1,8,2,15,,51,51,1,6,4,120.632742,24.110091,2
6455,66000,387130000C,(04)23274275,(04)23288582,2025,1,15,13,54,臺中市,大甲區,0,1,0,7,3,6,30,4,9,1,5,4,6,6,4,4,5,4,4,1,17,3,10,3,1,B03,7,6,1,8,2,1,,12,12,1,12,4,120.63218,24.358653,2
6456,66000,387130000C,(04)23274275,(04)23288582,2025,1,15,14,0,臺中市,南屯區,0,0,0,7,,,50,,,,,,,,,,,,,,13,,,,,B03,,,1,,1,,,7,7,1,11,4,120.64982,24.15081,3
6457,66000,387130000C,(04)23274275,(04)23288582,2025,1,15,14,2,臺中市,大雅區,0,1,0,7,3,6,50,4,1,1,5,4,6,6,4,4,4,5,5,1,24,2,1,1,1,C03,7,9,1,10,2,11,,85,85,1,12,4,120.627277,24.239366,2
6458,66000,387130000C,(04)23274275,(04)23288582,2025,1,15,14,9,臺中市,大雅區,0,0,0,7,,,50,,,,,,,,,,,,,,,,,,,B03,,,1,,2,,,7,7,1,12,4,120.628931,24.206666,3
6459,66000,387130000C,(04)23274275,(04)23288582,2025,1,15,14,9,臺中市,北屯區,0,1,0,7,3,6,50,4,1,1,5,4,6,6,1,1,10,5,5,2,13,2,9,2,1,C03,7,9,1,10,1,11,,84,84,1,6,4,120.686552,24.195196,2
6460,66000,387130000C,(04)23274275,(04)23288582,2025,1,15,14,13,臺中市,西屯區,0,1,0,7,2,6,50,4,1,1,5,4,6,6,1,1,10,5,5,2,16,3,10,5,4,B03,7,5,1,8,2,2,,47,47,1,12,4,120.606473,24.192739,2
6461,66000,387130000C,(04)23274275,(04)23288582,2025,1,15,14,20,臺中市,南屯區,0,0,0,7,3,6,50,13,9,1,5,4,6,6,1,1,5,4,5,2,12,,,,,B03,,,1,,1,,,47,47,1,12,4,120.645077,24.129514,3
6462,66000,387130000C,(04)23274275,(04)23288582,2025,1,15,14,20,臺中市,北屯區,0,2,0,7,2,6,30,4,1,1,5,4,6,6,4,4,10,5,5,2,15,2,9,1,1,C03,7,9,1,10,2,12,,15,15,1,12,4,120.666621,24.1789,2
6463,66000,387130000C,(04)23274275,(04)23288582,2025,1,15,14,21,臺中市,西區,0,0,0,6,,,50,,,,,,,,,,,,,,,,,,,B03,,,1,,2,,,51,51,1,12,4,120.661566,24.143197,3
6464,66000,387130000C,(04)23274275,(04)23288582,2025,1,15,14,24,臺中市,西屯區,0,0,0,6,,,50,,,,,,,,,,,,,,13,,,,,B03,,,1,,1,,,7,7,1,12,4,120.587624,24.185457,3
6465,66000,387130000C,(04)23274275,(04)23288582,2025,1,15,14,32,臺中市,西屯區,0,1,0,6,2,6,40,13,8,1,5,4,6,6,4,4,1,4,5,2,13,2,8,2,4,C03,7,9,3,19,2,11,,59,59,1,13,4,120.624563,24.178657,2
6466,66000,387130000C,(04)23274275,(04)23288582,2025,1,15,14,39,臺中市,北區,0,0,0,7,,,50,,,,,,,,,,,,,,13,,,,,B03,,,1,,1,,,58,58,1,13,4,120.672733,24.167813,3
6467,66000,387130000C,(04)23274275,(04)23288582,2025,1,15,14,40,臺中市,西屯區,0,0,0,7,,,50,,,,,,,,,,,,,,17,,,,,B03,,,1,,1,,,59,59,1,12,4,120.606023,24.187869,3
6468,66000,387130000C,(04)23274275,(04)23288582,2025,1,15,14,40,臺中市,沙鹿區,0,0,0,7,2,6,50,4,9,1,5,4,6,6,1,1,1,3,4,2,12,,,,,A02,,,1,,2,,,7,7,1,12,4,120.56078,24.240612,3
6469,66000,387130000C,(04)23274275,(04)23288582,2025,1,15,14,46,臺中市,神岡區,0,0,0,7,,,50,,,,,,,,,,,,,,13,,,,,B03,,,1,,1,,,7,7,1,12,4,120.653431,24.271524,3
6470,66000,387130000C,(04)23274275,(04)23288582,2025,1,15,14,59,臺中市,西屯區,0,0,0,7,,,50,,,,,,,,,,,,,,17,,,,,B02,,,1,,2,,,8,8,1,13,4,120.634085,24.176319,3
6471,66000,387130000C,(04)23274275,(04)23288582,2025,1,15,15,10,臺中市,太平區,0,1,0,7,3,6,50,5,1,1,5,4,6,1,3,1,10,5,5,2,18,2,9,1,1,C03,7,9,1,10,2,14,,84,84,1,12,4,120.708576,24.15372,2
6472,66000,387130000C,(04)23274275,(04)23288582,2025,1,15,15,13,臺中市,西屯區,0,1,0,7,2,6,50,13,9,1,5,4,6,6,4,4,1,4,5,2,18,2,9,5,4,C03,7,9,1,9,2,14,,59,59,1,13,4,120.654748,24.201089,2
6473,66000,387130000C,(04)23274275,(04)23288582,2025,1,15,15,15,臺中市,西區,0,0,0,7,,,50,,,,,,,,,,,,,,,,,,,F01,,,1,,1,,,84,84,1,12,4,120.667901,24.134882,3
6474,66000,387130000C,(04)23274275,(04)23288582,2025,1,15,15,15,臺中市,沙鹿區,0,2,0,7,2,6,40,13,8,1,5,4,6,6,4,4,1,4,4,2,16,3,10,3,1,B03,7,5,1,8,2,2,,47,47,1,12,4,120.566154,24.231751,2
6475,66000,387130000C,(04)23274275,(04)23288582,2025,1,15,15,20,臺中市,龍井區,0,1,0,7,3,6,50,4,1,1,5,4,6,6,4,4,10,5,5,1,16,3,10,3,1,B03,7,9,1,8,2,1,,20,20,1,6,4,120.531699,24.181829,2
6476,66000,387130000C,(04)23274275,(04)23288582,2025,1,15,15,24,臺中市,龍井區,0,1,0,7,3,6,70,4,1,1,5,4,6,6,2,1,10,5,5,2,15,2,7,1,1,F03,7,9,7,21,2,12,,21,21,1,6,4,120.54019,24.210471,2
6477,66000,387130000C,(04)23274275,(04)23288582,2025,1,15,15,25,臺中市,南屯區,0,1,0,6,2,6,50,4,1,1,5,4,6,6,3,1,5,4,4,2,16,2,8,2,1,C03,7,6,1,10,2,11,,11,11,1,12,4,120.653025,24.138904,2
6478,66000,387130000C,(04)23274275,(04)23288582,2025,1,15,15,25,臺中市,西屯區,0,2,0,7,2,6,50,4,1,1,5,4,6,6,4,4,10,5,5,2,16,2,7,2,1,C03,7,6,1,10,2,13,,48,48,1,12,4,120.665821,24.174241,2