序號,縣市別代碼,機關代碼,市話,傳真,年,月,日,時,分,縣市,區,死亡數量,受傷數量,2-30,天候,道路照明設備,道路類別,道路速限,道路型態,事故位置,路面鋪裝,路面狀態,路面缺陷,障礙物,視距,號誌種類,號誌動作,分向設施,快車道或一般車道間,快慢車道間,路面邊線,事故類型及型態,受傷程度,主要傷處,保護裝備,行動電話或功能裝置,當事者區分(類別),車輛用途,當事者行動狀態,駕照狀態,駕照種類,飲酒情形,車輛撞擊部位最初,車輛撞擊部位其他,肇事因素個別,肇事因素主要,肇事逃逸,職業,共享經濟或外送平台,GPS座標X,GPS座標Y,事故類別
6479,66000,387130000C,(04)23274275,(04)23288582,2025,1,15,15,25,臺中市,西屯區,0,0,0,7,,,40,,,,,,,,,,,,,,14,,,,,B03,,,1,,1,,,49,49,1,12,4,120.651637,24.172176,3
6480,66000,387130000C,(04)23274275,(04)23288582,2025,1,15,15,25,臺中市,太平區,0,1,0,7,3,6,50,13,9,1,5,4,6,6,4,4,5,2,5,2,10,3,10,3,1,A11,7,4,1,6,2,1,,35,35,1,6,4,120.722405,24.15237,2
6481,66000,387130000C,(04)23274275,(04)23288582,2025,1,15,15,33,臺中市,南屯區,0,0,0,7,,,50,,,,,,,,,,,,,,17,,,,,H03,,,7,,10,,,109,109,1,6,4,120.648335,24.13335,3
6482,66000,387130000C,(04)23274275,(04)23288582,2025,1,15,15,37,臺中市,東區,0,1,0,7,2,6,50,5,1,1,5,4,6,6,2,1,10,5,5,2,13,2,8,1,1,C03,7,9,1,10,2,11,,7,7,1,12,4,120.701039,24.14461,2
6483,66000,387130000C,(04)23274275,(04)23288582,2025,1,15,15,38,臺中市,南屯區,0,0,0,7,,,60,,,,,,,,,,,,,,13,,,,,B03,,,1,,1,,,59,59,1,6,4,120.62322,24.14535,3
6484,66000,387130000C,(04)23274275,(04)23288582,2025,1,15,15,42,臺中市,大里區,0,0,0,7,2,6,50,3,2,1,5,4,6,6,4,4,5,5,4,2,17,,,,,B12,,,1,,2,,,84,84,1,13,4,120.683871,24.115914,3
6485,66000,387130000C,(04)23274275,(04)23288582,2025,1,15,15,45,臺中市,南區,0,0,0,7,,,50,,,,,,,,,,,,,,,,,,,C04,,,1,,2,,,84,84,1,6,4,120.645502,24.111993,4
6486,66000,387130000C,(04)23274275,(04)23288582,2025,1,15,15,46,臺中市,北屯區,0,1,0,7,3,6,50,5,1,1,5,4,6,6,4,4,10,5,5,2,17,3,10,2,1,C03,7,1,1,10,2,15,,51,51,1,13,4,120.719404,24.177835,2
6487,66000,387130000C,(04)23274275,(04)23288582,2025,1,15,15,48,臺中市,北屯區,0,0,0,7,,,50,,,,,,,,,,,,,,9,,,,,,,,,,,,,119,119,1,,,120.680459,24.20082,3
6488,66000,387130000C,(04)23274275,(04)23288582,2025,1,15,15,49,臺中市,西屯區,0,2,0,7,2,6,50,3,2,1,5,4,6,6,4,4,5,4,4,2,12,2,9,1,4,C03,7,9,1,10,1,11,,84,84,1,13,4,120.643922,24.178798,2
6489,66000,387130000C,(04)23274275,(04)23288582,2025,1,15,15,50,臺中市,清水區,0,1,0,7,3,9,40,13,14,1,5,4,6,6,4,4,1,4,4,1,17,2,8,2,1,C03,7,1,1,10,2,12,,84,84,1,12,4,120.564369,24.265793,2
6490,66000,387130000C,(04)23274275,(04)23288582,2025,1,15,15,55,臺中市,沙鹿區,0,1,0,7,2,6,1,13,14,1,5,4,6,6,4,4,1,4,4,1,18,2,8,2,1,C03,7,9,1,10,2,12,,59,59,1,6,4,120.612218,24.245022,2
6491,66000,387130000C,(04)23274275,(04)23288582,2025,1,15,16,0,臺中市,大肚區,0,0,0,7,,,30,,,,,,,,,,,,,,,,,,,B03,,,1,,2,,,14,14,1,6,4,120.551674,24.137933,3
6492,66000,387130000C,(04)23274275,(04)23288582,2025,1,15,16,0,臺中市,豐原區,0,2,0,7,3,6,30,5,1,1,5,4,6,6,3,1,10,5,5,2,17,2,9,5,4,C03,7,9,1,10,2,11,,24,24,1,13,4,120.714316,24.239348,2
6493,66000,387130000C,(04)23274275,(04)23288582,2025,1,15,16,3,臺中市,北區,0,0,0,7,,,50,,,,,,,,,,,,,,12,,,,,C03,,,1,,1,,,59,59,1,12,4,120.682658,24.146054,3
6494,66000,387130000C,(04)23274275,(04)23288582,2025,1,15,16,3,臺中市,北區,0,1,0,7,2,6,50,3,2,1,5,4,6,6,4,4,10,4,5,2,17,3,10,5,4,B03,7,14,1,8,2,8,,76,76,1,11,4,120.677111,24.165811,2
6495,66000,387130000C,(04)23274275,(04)23288582,2025,1,15,16,4,臺中市,大雅區,0,0,0,7,,,60,,,,,,,,,,,,,,,,,,,B03,,,1,,2,,,84,84,1,12,4,120.645202,24.225274,3
6496,66000,387130000C,(04)23274275,(04)23288582,2025,1,15,16,4,臺中市,東區,0,0,0,7,,,50,,,,,,,,,,,,,,,,,,,B03,,,1,,1,,,84,84,1,12,4,120.694648,24.133141,3
6497,66000,387130000C,(04)23274275,(04)23288582,2025,1,15,16,5,臺中市,西屯區,0,2,0,7,1,6,30,4,1,1,5,4,6,6,4,4,10,5,5,2,15,2,9,1,1,C03,7,9,1,10,2,12,,13,13,1,12,4,120.650374,24.1668,2
6498,66000,387130000C,(04)23274275,(04)23288582,2025,1,15,16,6,臺中市,大里區,0,2,0,7,2,6,50,13,9,1,5,4,6,6,4,4,5,4,5,1,17,2,9,1,1,C03,7,1,1,10,2,13,,51,51,1,12,4,120.688746,24.10385,2
6499,66000,387130000C,(04)23274275,(04)23288582,2025,1,15,16,7,臺中市,大肚區,0,0,0,7,,,30,,,,,,,,,,,,,,,,,,,B03,,,1,,2,,,8,8,1,6,4,120.548399,24.122585,3
6500,66000,387130000C,(04)23274275,(04)23288582,2025,1,15,16,7,臺中市,梧棲區,0,1,0,7,2,6,50,4,1,1,5,4,6,6,1,1,10,5,5,2,15,2,9,2,1,C03,7,9,1,10,2,12,,21,21,1,6,4,120.53691,24.225538,2
6501,66000,387130000C,(04)23274275,(04)23288582,2025,1,15,16,8,臺中市,北屯區,0,1,0,7,2,6,50,4,1,1,5,4,6,6,1,1,10,5,5,2,17,3,10,1,1,C03,7,6,2,19,2,14,,23,23,1,3,4,120.693718,24.176402,2
6502,66000,387130000C,(04)23274275,(04)23288582,2025,1,15,16,10,臺中市,中區,0,0,0,7,,,50,,,,,,,,,,,,,,13,,,,,B03,,,1,,2,,,84,84,1,12,4,120.680127,24.143359,3
6503,66000,387130000C,(04)23274275,(04)23288582,2025,1,15,16,11,臺中市,西屯區,0,0,0,7,,,50,,,,,,,,,,,,,,13,,,,,B03,,,1,,1,,,7,7,1,13,4,120.628683,24.16199,3
6504,66000,387130000C,(04)23274275,(04)23288582,2025,1,15,16,16,臺中市,北區,0,2,0,7,2,6,50,13,8,1,5,4,6,6,4,4,5,5,4,2,16,2,9,1,1,C03,7,6,1,10,2,12,,20,20,1,13,4,120.669888,24.159058,2
6505,66000,387130000C,(04)23274275,(04)23288582,2025,1,15,16,16,臺中市,梧棲區,0,1,0,7,2,6,50,4,1,1,5,4,6,6,1,1,9,4,5,1,15,3,10,3,1,B03,7,9,5,8,2,1,,21,21,1,13,4,120.537073,24.241949,2
6506,66000,387130000C,(04)23274275,(04)23288582,2025,1,15,16,20,臺中市,烏日區,0,0,0,7,,,50,,,,,,,,,,,,,,13,,,,,B03,,,1,,2,,,84,84,1,12,4,120.611864,24.10317,3
6507,66000,387130000C,(04)23274275,(04)23288582,2025,1,15,16,23,臺中市,西屯區,0,1,0,7,2,6,50,13,9,1,5,4,6,6,4,4,5,4,5,2,12,3,10,5,4,C03,7,9,1,10,2,13,,42,42,1,13,4,120.619102,24.187457,2
6508,66000,387130000C,(04)23274275,(04)23288582,2025,1,15,16,25,臺中市,太平區,0,1,0,6,3,6,30,13,9,1,5,4,6,6,4,4,10,5,5,2,14,3,10,3,1,B12,7,2,1,8,2,6,,49,49,1,6,4,120.71266,24.111528,2
6509,66000,387130000C,(04)23274275,(04)23288582,2025,1,15,16,26,臺中市,西屯區,0,1,0,7,2,6,50,4,1,1,5,4,6,6,2,1,10,5,5,2,18,2,9,1,1,C03,7,6,1,10,2,16,,82,82,1,12,4,120.647384,24.159428,2
6510,66000,387130000C,(04)23274275,(04)23288582,2025,1,15,16,28,臺中市,南區,0,0,0,7,,,50,,,,,,,,,,,,,,13,,,,,B03,,,1,,1,,,84,84,1,12,4,120.660817,24.122951,3
6511,66000,387130000C,(04)23274275,(04)23288582,2025,1,15,16,30,臺中市,東區,0,1,0,7,3,6,50,13,9,1,5,4,6,6,4,4,5,4,5,2,13,3,10,3,1,B12,7,9,1,8,2,5,,7,7,1,13,4,120.703257,24.131126,2
6512,66000,387130000C,(04)23274275,(04)23288582,2025,1,15,16,30,臺中市,西屯區,0,0,0,7,,,50,,,,,,,,,,,,,,13,,,,,A11,,,1,,1,,,59,59,1,12,4,120.621435,24.180001,3
6513,66000,387130000C,(04)23274275,(04)23288582,2025,1,15,16,32,臺中市,中區,0,0,0,7,,,40,,,,,,,,,,,,,,17,,,,,,,,,,,,,85,85,1,,,120.675082,24.143334,4
6514,66000,387130000C,(04)23274275,(04)23288582,2025,1,15,16,32,臺中市,后里區,0,1,0,7,2,6,50,4,1,1,5,4,6,6,4,4,10,5,5,2,15,2,9,2,1,F03,7,9,7,21,2,11,,15,15,1,12,4,120.684859,24.297755,2
6515,66000,387130000C,(04)23274275,(04)23288582,2025,1,15,16,33,臺中市,霧峰區,0,0,0,7,,,50,,,,,,,,,,,,,,17,,,,,B03,,,1,,2,,,84,84,1,12,4,120.714534,24.076282,3
6516,66000,387130000C,(04)23274275,(04)23288582,2025,1,15,16,33,臺中市,沙鹿區,0,0,0,7,,,30,,,,,,,,,,,,,,14,,,,,B11,,,1,,11,,,49,49,1,6,4,120.57469,24.217949,3
6517,66000,387130000C,(04)23274275,(04)23288582,2025,1,15,16,35,臺中市,太平區,0,0,0,7,,,50,,,,,,,,,,,,,,17,,,,,B03,,,1,,2,,,8,8,1,12,4,120.733735,24.147331,3
6518,66000,387130000C,(04)23274275,(04)23288582,2025,1,15,16,37,臺中市,南屯區,0,2,0,6,2,6,50,4,2,1,5,4,6,6,2,1,1,4,4,2,13,2,7,1,1,C03,7,9,1,10,2,11,,7,7,1,12,4,120.646545,24.131954,2
6519,66000,387130000C,(04)23274275,(04)23288582,2025,1,15,16,39,臺中市,北區,0,0,0,7,,,50,,,,,,,,,,,,,,,,,,,B03,,,1,,2,,,50,50,1,13,4,120.670557,24.170052,3
6520,66000,387130000C,(04)23274275,(04)23288582,2025,1,15,16,39,臺中市,龍井區,0,2,0,7,3,6,40,13,7,1,5,4,6,6,4,4,5,4,5,1,13,2,9,1,1,C03,7,9,1,10,2,11,,84,84,1,6,4,120.489569,24.215206,2
6521,66000,387130000C,(04)23274275,(04)23288582,2025,1,15,16,41,臺中市,北屯區,0,1,0,7,1,6,50,13,9,1,5,4,6,6,4,4,10,5,5,2,12,2,7,1,1,C03,7,1,1,10,2,11,,51,51,1,13,4,120.699138,24.185573,2
6522,66000,387130000C,(04)23274275,(04)23288582,2025,1,15,16,41,臺中市,太平區,0,2,0,6,3,6,50,5,1,1,5,4,6,6,1,1,10,5,5,2,13,2,9,2,1,C03,7,9,1,10,2,14,,7,7,1,6,4,120.727004,24.11534,2
6523,66000,387130000C,(04)23274275,(04)23288582,2025,1,15,16,41,臺中市,清水區,0,1,0,7,2,6,50,3,1,1,5,4,6,6,4,4,9,4,5,1,27,2,8,3,1,B03,7,9,1,8,2,5,,59,59,1,13,4,120.563607,24.302343,2
6524,66000,387130000C,(04)23274275,(04)23288582,2025,1,15,16,42,臺中市,南區,0,1,0,7,2,6,50,4,1,1,5,4,6,6,2,1,10,5,5,2,17,3,10,3,1,B03,7,6,1,8,2,5,,11,11,1,12,4,120.660395,24.123758,2
6525,66000,387130000C,(04)23274275,(04)23288582,2025,1,15,16,43,臺中市,南屯區,0,0,0,6,,,50,,,,,,,,,,,,,,,,,,,B03,,,1,,1,,,7,7,1,6,4,120.648711,24.15078,3
6526,66000,387130000C,(04)23274275,(04)23288582,2025,1,15,16,45,臺中市,大里區,0,0,0,7,2,6,50,3,2,1,5,4,6,6,4,4,5,5,4,2,17,,,,,B03,,,1,,1,,,48,48,1,13,4,120.684813,24.105543,3
6527,66000,387130000C,(04)23274275,(04)23288582,2025,1,15,16,49,臺中市,潭子區,0,0,0,7,,,50,,,,,,,,,,,,,,,,,,,C03,,,1,,9,,,8,8,1,13,4,120.7102,24.208984,3
6528,66000,387130000C,(04)23274275,(04)23288582,2025,1,15,16,52,臺中市,大里區,0,0,0,7,,,50,,,,,,,,,,,,,,,,,,,C03,,,1,,2,,,45,45,1,12,4,120.694126,24.111622,3
6529,66000,387130000C,(04)23274275,(04)23288582,2025,1,15,16,54,臺中市,北屯區,0,0,0,7,,,50,,,,,,,,,,,,,,13,,,,,C03,,,1,,1,,,7,7,1,6,4,120.722543,24.176029,3
6530,66000,387130000C,(04)23274275,(04)23288582,2025,1,15,16,57,臺中市,西區,0,0,0,7,,,40,,,,,,,,,,,,,,,,,,,,,,,,,,,86,86,1,,,120.650541,24.144731,3
6531,66000,387130000C,(04)23274275,(04)23288582,2025,1,15,16,57,臺中市,西屯區,0,0,0,7,,,50,,,,,,,,,,,,,,12,,,,,B03,,,1,,1,,,40,40,1,13,4,120.650871,24.166529,3
6532,66000,387130000C,(04)23274275,(04)23288582,2025,1,15,16,58,臺中市,北屯區,0,1,0,7,3,6,50,13,9,1,5,4,6,6,4,4,1,4,5,1,18,2,9,3,1,B03,7,9,1,8,2,8,,59,59,1,13,4,120.671678,24.201718,2
6533,66000,387130000C,(04)23274275,(04)23288582,2025,1,15,17,0,臺中市,西屯區,0,0,0,7,,,50,,,,,,,,,,,,,,12,,,,,B03,,,1,,1,,,51,51,1,12,4,120.636737,24.155447,3
6534,66000,387130000C,(04)23274275,(04)23288582,2025,1,15,17,1,臺中市,北區,0,0,0,7,,,50,,,,,,,,,,,,,,13,,,,,B03,,,1,,1,,,59,59,1,12,4,120.676304,24.150176,3
6535,66000,387130000C,(04)23274275,(04)23288582,2025,1,15,17,2,臺中市,南區,0,1,0,7,3,6,50,13,9,1,5,4,6,6,4,4,3,5,5,2,12,3,10,3,1,B03,7,1,1,8,2,6,,51,51,1,6,4,120.656426,24.11613,2
6536,66000,387130000C,(04)23274275,(04)23288582,2025,1,15,17,2,臺中市,南屯區,0,0,0,7,,,50,,,,,,,,,,,,,,12,,,,,B03,,,1,,9,,,8,8,1,12,4,120.640622,24.135165,3
6537,66000,387130000C,(04)23274275,(04)23288582,2025,1,15,17,3,臺中市,西區,0,1,0,7,3,6,50,13,7,1,5,4,6,6,4,4,1,4,4,2,13,3,10,3,1,B03,7,9,1,8,2,1,,7,7,1,13,4,120.658289,24.154669,2
6538,66000,387130000C,(04)23274275,(04)23288582,2025,1,15,17,5,臺中市,太平區,0,1,0,7,2,6,50,13,9,1,5,4,6,6,4,4,5,5,5,1,17,3,10,2,1,C03,7,11,1,10,2,13,,39,39,1,12,4,120.707004,24.117059,2
6539,66000,387130000C,(04)23274275,(04)23288582,2025,1,15,17,6,臺中市,烏日區,0,0,0,7,,,60,,,,,,,,,,,,,,13,,,,,B03,,,1,,2,,,7,7,1,6,4,120.646907,24.073023,3
6540,66000,387130000C,(04)23274275,(04)23288582,2025,1,15,17,7,臺中市,神岡區,0,0,0,7,,,50,,,,,,,,,,,,,,12,,,,,B12,,,1,,2,,,84,84,1,13,4,120.692955,24.248624,3
6541,66000,387130000C,(04)23274275,(04)23288582,2025,1,15,17,8,臺中市,北屯區,0,2,0,7,2,6,50,3,1,1,5,4,6,6,4,4,10,5,5,2,16,2,9,5,4,C03,7,6,3,19,2,12,,14,14,1,12,4,120.689966,24.230163,2
6542,66000,387130000C,(04)23274275,(04)23288582,2025,1,15,17,8,臺中市,太平區,0,1,0,7,2,6,40,3,1,1,5,4,6,6,4,4,10,5,5,2,16,2,8,1,1,C03,7,6,3,19,2,14,,12,12,1,6,4,120.724407,24.111428,2
6543,66000,387130000C,(04)23274275,(04)23288582,2025,1,15,17,10,臺中市,神岡區,0,1,0,6,2,6,1,13,9,1,5,4,6,6,4,4,10,5,5,2,17,3,10,2,1,C03,7,1,1,10,2,11,,51,51,1,6,4,120.709698,24.272842,2
6544,66000,387130000C,(04)23274275,(04)23288582,2025,1,15,17,11,臺中市,西屯區,0,1,0,7,2,6,50,13,9,1,5,4,6,6,4,4,9,4,5,2,12,2,9,5,4,C03,7,8,1,10,2,13,,40,40,1,13,4,120.643616,24.195481,2
6545,66000,387130000C,(04)23274275,(04)23288582,2025,1,15,17,11,臺中市,梧棲區,0,0,0,6,,,50,,,,,,,,,,,,,,17,,,,,B03,,,1,,1,,,4,4,1,6,4,120.529791,24.239535,3
6546,66000,387130000C,(04)23274275,(04)23288582,2025,1,15,17,16,臺中市,豐原區,0,2,0,7,2,6,50,4,1,1,5,4,6,6,1,1,5,5,4,2,13,3,10,5,4,F01,7,6,7,21,2,16,,48,48,1,13,4,120.715055,24.247065,2
6547,66000,387130000C,(04)23274275,(04)23288582,2025,1,15,17,16,臺中市,豐原區,0,2,0,7,2,6,60,3,1,1,5,4,6,6,1,1,10,5,5,2,16,2,8,1,1,C03,7,10,1,10,2,11,,85,85,1,6,4,120.736706,24.259347,2
6548,66000,387130000C,(04)23274275,(04)23288582,2025,1,15,17,18,臺中市,南區,0,0,0,7,,,50,,,,,,,,,,,,,,,,,,,B03,,,1,,1,,,7,7,1,12,4,120.683474,24.119178,3
6549,66000,387130000C,(04)23274275,(04)23288582,2025,1,15,17,19,臺中市,西區,0,0,0,7,,,50,,,,,,,,,,,,,,,,,,,B03,,,1,,1,,,84,84,1,12,4,120.665268,24.146718,4
6550,66000,387130000C,(04)23274275,(04)23288582,2025,1,15,17,23,臺中市,西屯區,0,1,0,7,1,6,50,4,1,1,5,4,6,6,2,1,10,5,5,2,13,2,9,5,1,C03,7,9,1,10,2,11,,59,59,1,13,4,120.646692,24.155593,2
6551,66000,387130000C,(04)23274275,(04)23288582,2025,1,15,17,23,臺中市,大里區,0,0,0,7,,,50,,,,,,,,,,,,,,,,,,,B03,,,1,,2,,,87,87,1,12,4,120.692453,24.112025,3
6552,66000,387130000C,(04)23274275,(04)23288582,2025,1,15,17,24,臺中市,南屯區,0,0,0,7,,,50,,,,,,,,,,,,,,13,,,,,B12,,,1,,1,,,49,49,1,12,4,120.612735,24.154131,3
6553,66000,387130000C,(04)23274275,(04)23288582,2025,1,15,17,24,臺中市,大里區,0,2,0,7,2,6,50,4,7,1,5,4,6,6,4,4,5,5,4,2,13,2,9,1,1,C03,7,9,1,10,2,11,,7,7,1,13,4,120.679252,24.095381,2
6554,66000,387130000C,(04)23274275,(04)23288582,2025,1,15,17,25,臺中市,豐原區,0,0,0,7,,,50,,,,,,,,,,,,,,17,,,,,C03,,,1,,2,,,87,87,1,6,4,120.741248,24.251409,3
6555,66000,387130000C,(04)23274275,(04)23288582,2025,1,15,17,26,臺中市,北屯區,0,0,0,7,,,50,,,,,,,,,,,,,,12,,,,,B03,,,1,,2,,,56,56,1,6,4,120.674519,24.176045,3
6556,66000,387130000C,(04)23274275,(04)23288582,2025,1,15,17,26,臺中市,太平區,0,0,0,7,,,40,,,,,,,,,,,,,,17,,,,,B03,,,1,,1,,,51,51,1,12,4,120.719752,24.156052,3
6557,66000,387130000C,(04)23274275,(04)23288582,2025,1,15,17,27,臺中市,東區,0,0,0,7,,,50,,,,,,,,,,,,,,13,,,,,B03,,,1,,1,,,84,84,1,12,4,120.705675,24.128749,3
6558,66000,387130000C,(04)23274275,(04)23288582,2025,1,15,17,28,臺中市,北區,0,0,0,7,,,50,,,,,,,,,,,,,,17,,,,,,,,,,,,,119,119,1,,,120.665859,24.162814,4
6559,66000,387130000C,(04)23274275,(04)23288582,2025,1,15,17,28,臺中市,北屯區,0,0,0,7,,,50,,,,,,,,,,,,,,,,,,,B03,,,1,,2,,,40,40,1,13,4,120.701263,24.1821,3
6560,66000,387130000C,(04)23274275,(04)23288582,2025,1,15,17,29,臺中市,西區,0,2,0,7,1,6,50,4,1,1,5,4,6,6,1,1,10,5,5,2,15,2,8,1,1,C03,7,9,1,10,2,11,,21,21,1,13,4,120.662572,24.163561,2
6561,66000,387130000C,(04)23274275,(04)23288582,2025,1,15,17,29,臺中市,霧峰區,0,0,0,7,,,40,,,,,,,,,,,,,,,,,,,B03,,,1,,2,,,84,84,1,6,5,120.686904,24.054043,3
6562,66000,387130000C,(04)23274275,(04)23288582,2025,1,15,17,30,臺中市,烏日區,0,0,0,7,,,50,,,,,,,,,,,,,,16,,,,,B03,,,1,,2,,,11,11,1,6,4,120.627439,24.10583,4
6563,66000,387130000C,(04)23274275,(04)23288582,2025,1,15,17,33,臺中市,北屯區,0,0,0,7,,,50,,,,,,,,,,,,,,11,,,,,B03,,,1,,1,,,8,8,1,6,4,120.718446,24.177835,3
6564,66000,387130000C,(04)23274275,(04)23288582,2025,1,15,17,34,臺中市,烏日區,0,1,0,7,1,6,50,4,1,1,5,4,6,6,1,1,5,5,5,2,12,2,8,1,1,C03,7,1,1,10,2,12,,84,84,1,6,4,120.602052,24.107093,2
6565,66000,387130000C,(04)23274275,(04)23288582,2025,1,15,17,38,臺中市,大雅區,0,3,0,7,1,6,30,3,1,1,5,4,6,6,4,4,10,5,5,2,17,3,10,3,1,B03,7,6,1,8,2,1,,14,14,1,12,4,120.654412,24.225629,2
6566,66000,387130000C,(04)23274275,(04)23288582,2025,1,15,17,38,臺中市,太平區,0,1,0,7,1,6,50,3,9,1,5,4,6,6,2,1,5,4,5,2,13,2,9,1,1,C03,7,9,1,10,2,11,,84,84,1,12,4,120.718013,24.12286,2
6567,66000,387130000C,(04)23274275,(04)23288582,2025,1,15,17,40,臺中市,西區,0,0,0,7,,,50,,,,,,,,,,,,,,,,,,,C03,,,1,,2,,,84,84,1,13,4,120.672382,24.131454,3
6568,66000,387130000C,(04)23274275,(04)23288582,2025,1,15,17,42,臺中市,南屯區,0,0,0,6,,,50,,,,,,,,,,,,,,,,,,,B03,,,1,,2,,,59,59,1,6,4,120.643965,24.134737,3
6569,66000,387130000C,(04)23274275,(04)23288582,2025,1,15,17,44,臺中市,神岡區,0,1,0,7,1,6,50,13,7,1,5,4,6,6,4,4,1,4,4,1,12,3,10,3,1,B03,7,8,1,8,2,4,,40,40,1,6,4,120.691018,24.230351,2
6570,66000,387130000C,(04)23274275,(04)23288582,2025,1,15,17,45,臺中市,沙鹿區,0,0,0,6,,,30,,,,,,,,,,,,,,13,,,,,B03,,,1,,2,,,7,7,1,12,4,120.594221,24.218371,3
6571,66000,387130000C,(04)23274275,(04)23288582,2025,1,15,17,46,臺中市,南區,0,0,0,7,,,50,,,,,,,,,,,,,,,,,,,B03,,,1,,1,,,7,7,1,12,4,120.650655,24.120991,3
6572,66000,387130000C,(04)23274275,(04)23288582,2025,1,15,17,46,臺中市,南屯區,0,0,0,7,,,50,,,,,,,,,,,,,,13,,,,,B03,,,1,,1,,,7,7,1,12,4,120.654505,24.137493,3
6573,66000,387130000C,(04)23274275,(04)23288582,2025,1,15,17,47,臺中市,西區,0,1,0,7,1,6,50,4,1,1,5,3,6,6,2,1,10,5,5,2,16,3,10,3,1,B01,7,5,1,4,2,6,,11,11,1,13,4,120.657376,24.147777,2
6574,66000,387130000C,(04)23274275,(04)23288582,2025,1,15,17,49,臺中市,北屯區,0,0,0,7,,,50,,,,,,,,,,,,,,13,,,,,C03,,,1,,1,,,7,7,1,13,4,120.674981,24.202253,3
6575,66000,387130000C,(04)23274275,(04)23288582,2025,1,15,17,49,臺中市,西屯區,0,2,0,7,1,6,50,4,1,1,5,4,6,6,1,1,10,5,5,2,16,2,9,2,1,C03,7,6,1,10,2,11,,48,48,1,12,4,120.664639,24.171023,2
6576,66000,387130000C,(04)23274275,(04)23288582,2025,1,15,17,51,臺中市,北屯區,0,1,0,7,1,6,40,13,8,1,5,4,6,6,4,4,3,4,4,2,13,2,9,1,1,C03,7,9,1,10,1,11,,85,85,1,12,4,120.693935,24.161899,2
6577,66000,387130000C,(04)23274275,(04)23288582,2025,1,15,17,51,臺中市,西屯區,0,0,0,7,,,50,,,,,,,,,,,,,,14,,,,,B03,,,1,,11,,,49,49,1,13,4,120.629644,24.193795,3
6578,66000,387130000C,(04)23274275,(04)23288582,2025,1,15,17,54,臺中市,潭子區,0,2,0,7,1,6,50,5,1,1,5,4,6,6,4,4,5,4,4,1,17,2,8,2,1,C03,7,6,1,10,2,14,,14,14,1,13,4,120.703383,24.210808,2
6579,66000,387130000C,(04)23274275,(04)23288582,2025,1,15,17,54,臺中市,西屯區,0,0,0,7,,,50,,,,,,,,,,,,,,12,,,,,C03,,,1,,9,,,8,8,1,12,4,120.623581,24.176904,3
6580,66000,387130000C,(04)23274275,(04)23288582,2025,1,15,17,54,臺中市,西屯區,0,2,0,7,1,6,50,3,1,1,5,4,6,6,1,1,10,5,5,1,15,2,9,1,4,C03,7,9,1,10,2,11,,21,21,1,13,4,120.59745,24.191535,2
6581,66000,387130000C,(04)23274275,(04)23288582,2025,1,15,17,55,臺中市,北屯區,0,1,0,7,2,6,50,4,1,1,5,4,6,6,1,1,10,5,5,2,1,3,10,5,4,B03,7,6,1,8,2,8,,10,10,1,13,4,120.720736,24.174976,2
6582,66000,387130000C,(04)23274275,(04)23288582,2025,1,15,17,55,臺中市,龍井區,0,1,0,7,1,6,40,13,8,1,5,4,6,6,4,4,1,4,1,1,13,2,9,2,1,C03,7,9,1,10,2,11,,7,7,1,6,4,120.585428,24.186522,2
6583,66000,387130000C,(04)23274275,(04)23288582,2025,1,15,17,56,臺中市,烏日區,0,0,0,6,1,6,60,13,9,1,5,4,6,6,4,4,1,4,5,1,12,3,10,3,1,B03,7,8,1,6,1,7,,40,40,1,6,4,120.650013,24.111501,3
6584,66000,387130000C,(04)23274275,(04)23288582,2025,1,15,17,56,臺中市,烏日區,0,0,0,7,,,50,,,,,,,,,,,,,,9,,,,,B03,,,1,,1,,,32,32,1,12,4,120.607436,24.121947,3
6585,66000,387130000C,(04)23274275,(04)23288582,2025,1,15,17,59,臺中市,大雅區,0,1,0,7,1,6,70,3,2,1,5,4,6,6,1,1,9,4,4,1,13,3,10,5,4,B13,7,9,1,8,2,1,,59,59,1,13,4,120.637952,24.23333,2
6586,66000,387130000C,(04)23274275,(04)23288582,2025,1,15,18,0,臺中市,南屯區,0,0,0,7,1,6,50,13,7,1,5,4,6,6,1,1,5,5,4,2,13,,,,,B03,,,1,,1,,,7,7,1,12,4,120.643827,24.149904,3
6587,66000,387130000C,(04)23274275,(04)23288582,2025,1,15,18,0,臺中市,西屯區,0,0,0,7,,,50,,,,,,,,,,,,,,16,,,,,B03,,,1,,1,,,8,8,1,13,4,120.606244,24.161808,3
6588,66000,387130000C,(04)23274275,(04)23288582,2025,1,15,18,0,臺中市,后里區,0,1,0,7,1,6,40,3,2,1,5,4,6,6,4,4,10,5,5,2,11,2,9,1,1,C03,7,9,1,10,2,11,,4,4,1,12,4,120.687126,24.290906,2
6589,66000,387130000C,(04)23274275,(04)23288582,2025,1,15,18,1,臺中市,北屯區,0,0,0,7,,,50,,,,,,,,,,,,,,12,,,,,B03,,,1,,1,,,84,84,1,6,4,120.687768,24.172511,3
6590,66000,387130000C,(04)23274275,(04)23288582,2025,1,15,18,1,臺中市,梧棲區,0,0,0,7,,,70,,,,,,,,,,,,,,13,,,,,B03,,,1,,1,,,58,58,1,13,4,120.529294,24.252437,3