序號,縣市別代碼,機關代碼,市話,傳真,年,月,日,時,分,縣市,區,死亡數量,受傷數量,2-30,天候,道路照明設備,道路類別,道路速限,道路型態,事故位置,路面鋪裝,路面狀態,路面缺陷,障礙物,視距,號誌種類,號誌動作,分向設施,快車道或一般車道間,快慢車道間,路面邊線,事故類型及型態,受傷程度,主要傷處,保護裝備,行動電話或功能裝置,當事者區分(類別),車輛用途,當事者行動狀態,駕照狀態,駕照種類,飲酒情形,車輛撞擊部位最初,車輛撞擊部位其他,肇事因素個別,肇事因素主要,肇事逃逸,職業,共享經濟或外送平台,GPS座標X,GPS座標Y,事故類別
6814,66000,387130000C,(04)23274275,(04)23288582,2025,1,16,10,5,臺中市,西區,0,1,0,7,2,6,50,4,1,1,5,4,6,6,1,1,10,5,5,2,17,3,10,3,1,B03,7,11,1,8,2,4,,45,45,1,12,4,120.661695,24.14553,2
6815,66000,387130000C,(04)23274275,(04)23288582,2025,1,16,10,6,臺中市,后里區,0,1,0,7,2,6,50,4,1,1,5,4,6,6,1,1,5,5,4,1,16,3,10,3,1,B03,7,5,1,8,2,5,,11,11,1,12,4,120.697575,24.310517,2
6816,66000,387130000C,(04)23274275,(04)23288582,2025,1,16,10,8,臺中市,北屯區,0,0,0,7,,,50,,,,,,,,,,,,,,13,,,,,B03,,,1,,1,,,84,84,1,12,4,120.68488,24.170721,3
6817,66000,387130000C,(04)23274275,(04)23288582,2025,1,16,10,9,臺中市,南屯區,0,1,0,7,3,6,50,3,1,1,5,4,6,6,4,4,10,5,5,2,13,2,9,2,1,C03,7,9,1,10,2,11,,7,7,1,12,4,120.638359,24.140697,2
6818,66000,387130000C,(04)23274275,(04)23288582,2025,1,16,10,12,臺中市,北區,0,0,0,7,,,50,,,,,,,,,,,,,,17,,,,,B12,,,1,,2,,,8,8,1,13,4,120.684755,24.155384,3
6819,66000,387130000C,(04)23274275,(04)23288582,2025,1,16,10,13,臺中市,潭子區,0,0,0,7,,,50,,,,,,,,,,,,,,,,,,,B03,,,1,,2,,,7,7,1,13,4,120.70879,24.22989,3
6820,66000,387130000C,(04)23274275,(04)23288582,2025,1,16,10,20,臺中市,太平區,0,0,0,7,,,30,,,,,,,,,,,,,,,,,,,A05,,,1,,2,,,58,58,1,6,4,120.716046,24.132136,3
6821,66000,387130000C,(04)23274275,(04)23288582,2025,1,16,10,24,臺中市,豐原區,0,0,0,7,,,50,,,,,,,,,,,,,,,,,,,B03,,,1,,2,,,56,56,1,13,4,120.727971,24.245092,3
6822,66000,387130000C,(04)23274275,(04)23288582,2025,1,16,10,25,臺中市,西區,0,0,0,7,,,40,,,,,,,,,,,,,,,,,,,C03,,,1,,1,,,84,84,1,6,4,120.67429,24.142838,3
6823,66000,387130000C,(04)23274275,(04)23288582,2025,1,16,10,25,臺中市,西屯區,0,0,0,7,,,50,,,,,,,,,,,,,,14,,,,,B12,,,1,,1,,,49,49,1,12,4,120.58919,24.174845,3
6824,66000,387130000C,(04)23274275,(04)23288582,2025,1,16,10,26,臺中市,南屯區,0,2,0,7,2,6,50,4,1,1,5,4,6,6,4,4,10,5,5,2,16,2,8,1,1,C03,7,9,1,10,2,11,,4,4,1,13,4,120.636941,24.13327,2
6825,66000,387130000C,(04)23274275,(04)23288582,2025,1,16,10,28,臺中市,龍井區,0,1,0,7,2,6,40,13,8,1,5,4,6,6,4,4,10,5,5,2,19,2,9,5,4,C03,7,9,1,10,2,15,,59,59,1,6,2,120.572417,24.191538,2
6826,66000,387130000C,(04)23274275,(04)23288582,2025,1,16,10,30,臺中市,南區,0,0,0,7,1,6,50,13,7,1,5,4,6,6,4,4,1,4,5,2,13,3,10,3,1,B03,7,9,1,8,1,1,,84,84,1,12,4,120.670203,24.116654,3
6827,66000,387130000C,(04)23274275,(04)23288582,2025,1,16,10,30,臺中市,西屯區,0,0,0,7,,,50,,,,,,,,,,,,,,12,,,,,B03,,,1,,9,,,84,84,1,13,4,120.644359,24.174696,3
6828,66000,387130000C,(04)23274275,(04)23288582,2025,1,16,10,30,臺中市,清水區,0,2,0,7,3,6,50,3,1,1,5,4,6,6,4,4,5,5,5,1,12,2,8,2,1,C03,7,9,1,8,2,12,,7,7,1,12,4,120.563051,24.281131,2
6829,66000,387130000C,(04)23274275,(04)23288582,2025,1,16,10,32,臺中市,北屯區,0,0,0,7,,,50,,,,,,,,,,,,,,,,,,,A02,,,1,,1,,,40,40,1,12,4,120.670328,24.176298,3
6830,66000,387130000C,(04)23274275,(04)23288582,2025,1,16,10,32,臺中市,北屯區,0,0,0,7,,,50,,,,,,,,,,,,,,12,,,,,B03,,,1,,2,,,54,54,1,12,4,120.684589,24.170913,3
6831,66000,387130000C,(04)23274275,(04)23288582,2025,1,16,10,33,臺中市,東區,0,0,0,7,1,6,50,13,8,1,5,4,6,6,4,4,5,4,5,2,17,3,10,3,1,B03,7,9,1,8,1,5,,84,84,1,12,4,120.690702,24.134535,3
6832,66000,387130000C,(04)23274275,(04)23288582,2025,1,16,10,40,臺中市,南區,0,0,0,7,,,20,,,,,,,,,,,,,,17,,,,,C03,,,1,,2,,,7,7,1,13,4,120.679261,24.122461,3
6833,66000,387130000C,(04)23274275,(04)23288582,2025,1,16,10,42,臺中市,龍井區,0,0,0,7,,,30,,,,,,,,,,,,,,,,,,,A11,,,1,,2,,,49,49,1,6,4,120.582026,24.185765,3
6834,66000,387130000C,(04)23274275,(04)23288582,2025,1,16,10,42,臺中市,沙鹿區,0,0,0,7,,,50,,,,,,,,,,,,,,,,,,,A21,,,1,,2,,,7,7,1,13,4,120.56183,24.208285,3
6835,66000,387130000C,(04)23274275,(04)23288582,2025,1,16,10,43,臺中市,北屯區,0,2,0,6,3,6,50,4,1,1,5,4,6,6,2,1,10,5,5,2,16,2,9,2,1,C03,7,6,1,10,2,14,,48,48,1,6,4,120.690237,24.175563,2
6836,66000,387130000C,(04)23274275,(04)23288582,2025,1,16,10,46,臺中市,烏日區,0,0,0,7,,,30,,,,,,,,,,,,,,17,,,,,C03,,,1,,1,,,84,84,1,6,4,120.61126,24.117508,3
6837,66000,387130000C,(04)23274275,(04)23288582,2025,1,16,10,50,臺中市,北屯區,0,1,0,7,3,6,50,13,9,1,5,4,6,6,4,4,9,5,5,2,16,3,10,3,1,B03,7,15,1,8,1,5,,20,20,1,6,4,120.721679,24.172455,2
6838,66000,387130000C,(04)23274275,(04)23288582,2025,1,16,10,50,臺中市,西屯區,0,0,0,7,,,40,,,,,,,,,,,,,,13,,,,,B01,,,1,,1,,,59,59,1,12,4,120.604323,24.183327,3
6839,66000,387130000C,(04)23274275,(04)23288582,2025,1,16,10,53,臺中市,北區,0,1,0,7,3,6,50,3,2,1,5,4,6,6,4,4,5,2,4,2,12,3,10,2,1,C03,7,8,1,10,2,11,,40,40,1,12,4,120.676202,24.159332,2
6840,66000,387130000C,(04)23274275,(04)23288582,2025,1,16,10,53,臺中市,清水區,0,0,0,7,,,50,,,,,,,,,,,,,,,,,,,B12,,,1,,2,,,45,45,1,12,4,120.575499,24.263757,3
6841,66000,387130000C,(04)23274275,(04)23288582,2025,1,16,11,0,臺中市,沙鹿區,0,0,0,7,2,6,30,11,9,1,5,4,6,6,4,4,10,5,5,2,10,,,,,C03,,,1,,2,,,41,41,1,12,4,120.572652,24.231585,3
6842,66000,387130000C,(04)23274275,(04)23288582,2025,1,16,11,1,臺中市,北屯區,0,0,0,7,,,30,,,,,,,,,,,,,,17,,,,,C03,,,1,,1,,,12,12,1,12,4,120.690135,24.164971,3
6843,66000,387130000C,(04)23274275,(04)23288582,2025,1,16,11,2,臺中市,西屯區,0,0,0,7,,,50,,,,,,,,,,,,,,13,,,,,B03,,,1,,1,,,7,7,1,13,4,120.608091,24.18732,3
6844,66000,387130000C,(04)23274275,(04)23288582,2025,1,16,11,10,臺中市,大雅區,0,0,0,7,2,6,30,4,2,1,5,4,3,6,4,4,10,5,5,1,22,3,10,3,1,B03,7,5,1,8,2,2,,7,7,1,13,4,120.654353,24.209424,3
6845,66000,387130000C,(04)23274275,(04)23288582,2025,1,16,11,13,臺中市,大雅區,0,1,0,7,3,6,50,13,7,1,5,4,6,6,4,4,1,4,5,1,17,3,10,2,1,C03,7,9,1,10,2,12,,84,84,1,12,4,120.649481,24.221333,2
6846,66000,387130000C,(04)23274275,(04)23288582,2025,1,16,11,15,臺中市,南屯區,0,0,0,7,,,50,,,,,,,,,,,,,,14,,,,,A12,,,1,,2,,,49,49,1,12,4,120.650489,24.140891,3
6847,66000,387130000C,(04)23274275,(04)23288582,2025,1,16,11,17,臺中市,霧峰區,0,0,0,7,,,60,,,,,,,,,,,,,,17,,,,,B03,,,1,,1,,,84,84,1,6,4,120.694989,24.051829,3
6848,66000,387130000C,(04)23274275,(04)23288582,2025,1,16,11,18,臺中市,西區,0,0,0,7,,,50,,,,,,,,,,,,,,,,,,,C03,,,1,,2,,,84,84,1,12,4,120.663041,24.149048,3
6849,66000,387130000C,(04)23274275,(04)23288582,2025,1,16,11,19,臺中市,大里區,0,0,0,7,,,50,,,,,,,,,,,,,,14,,,,,B03,,,1,,2,,,49,49,1,6,4,120.687714,24.100684,3
6850,66000,387130000C,(04)23274275,(04)23288582,2025,1,16,11,20,臺中市,南屯區,0,0,0,7,,,50,,,,,,,,,,,,,,14,,,,,B03,,,1,,2,,,49,49,1,12,4,120.64601,24.153392,3
6851,66000,387130000C,(04)23274275,(04)23288582,2025,1,16,11,21,臺中市,西屯區,0,0,0,7,,,40,,,,,,,,,,,,,,14,,,,,B12,,,1,,1,,,49,49,1,12,4,120.587557,24.172166,3
6852,66000,387130000C,(04)23274275,(04)23288582,2025,1,16,11,24,臺中市,西區,0,0,0,7,,,50,,,,,,,,,,,,,,12,,,,,B03,,,1,,1,,,20,20,1,12,4,120.657236,24.134153,3
6853,66000,387130000C,(04)23274275,(04)23288582,2025,1,16,11,24,臺中市,大安區,0,1,0,7,3,6,40,4,9,1,5,4,6,6,1,1,5,4,4,1,17,2,9,1,1,C03,7,9,1,10,2,11,,21,21,1,12,4,120.60191,24.368109,2
6854,66000,387130000C,(04)23274275,(04)23288582,2025,1,16,11,25,臺中市,烏日區,0,0,0,7,,,50,,,,,,,,,,,,,,,,,,,B03,,,1,,2,,,87,87,1,6,4,120.651745,24.098937,3
6855,66000,387130000C,(04)23274275,(04)23288582,2025,1,16,11,27,臺中市,北屯區,0,1,0,7,2,6,50,13,9,1,5,4,6,6,2,1,10,5,5,2,12,3,10,3,1,B03,7,1,1,8,2,8,,84,84,1,12,4,120.674449,24.174079,2
6856,66000,387130000C,(04)23274275,(04)23288582,2025,1,16,11,38,臺中市,潭子區,0,0,0,7,,,50,,,,,,,,,,,,,,,,,,,,,,,,,,,86,86,1,,,120.714988,24.219827,3
6857,66000,387130000C,(04)23274275,(04)23288582,2025,1,16,11,38,臺中市,北屯區,0,2,0,6,2,6,50,4,1,1,5,4,6,6,2,1,1,3,5,2,12,2,9,6,1,F01,7,6,7,21,2,11,,26,26,1,12,4,120.696122,24.167847,2
6858,66000,387130000C,(04)23274275,(04)23288582,2025,1,16,11,40,臺中市,西區,0,0,0,7,,,50,,,,,,,,,,,,,,17,,,,,C03,,,1,,2,,,51,51,1,13,4,120.676181,24.134298,3
6859,66000,387130000C,(04)23274275,(04)23288582,2025,1,16,11,43,臺中市,西區,0,0,1,7,2,6,50,4,1,1,5,4,6,6,1,1,10,5,5,2,17,5,9,5,1,B03,7,15,1,8,1,1,,84,84,1,12,4,120.661994,24.153252,2
6860,66000,387130000C,(04)23274275,(04)23288582,2025,1,16,11,44,臺中市,北屯區,0,1,0,6,3,6,50,4,1,1,5,4,6,6,2,1,10,5,5,2,13,3,10,2,1,C03,7,9,3,19,2,11,,7,7,1,6,4,120.69381,24.171358,2
6861,66000,387130000C,(04)23274275,(04)23288582,2025,1,16,11,48,臺中市,梧棲區,0,0,0,7,,,50,,,,,,,,,,,,,,13,,,,,B03,,,1,,1,,,59,59,1,12,4,120.532987,24.260125,3
6862,66000,387130000C,(04)23274275,(04)23288582,2025,1,16,11,50,臺中市,東區,0,1,0,7,2,6,50,4,1,1,5,4,6,6,1,1,5,4,5,2,16,3,10,3,1,B03,7,6,1,8,2,1,,11,11,1,13,4,120.701721,24.131781,2
6863,66000,387130000C,(04)23274275,(04)23288582,2025,1,16,11,56,臺中市,豐原區,0,0,0,7,,,50,,,,,,,,,,,,,,17,,,,,B03,,,1,,2,,,51,51,1,13,4,120.717366,24.253237,3
6864,66000,387130000C,(04)23274275,(04)23288582,2025,1,16,11,57,臺中市,大里區,0,0,0,7,,,50,,,,,,,,,,,,,,,,,,,B03,,,1,,2,,,11,11,1,13,4,120.697832,24.082451,3
6865,66000,387130000C,(04)23274275,(04)23288582,2025,1,16,12,3,臺中市,潭子區,0,2,0,7,3,6,50,4,1,1,5,4,6,6,1,1,1,4,4,2,13,2,7,2,1,C03,7,12,1,10,2,11,,7,7,1,13,4,120.711182,24.210074,2
6866,66000,387130000C,(04)23274275,(04)23288582,2025,1,16,12,3,臺中市,神岡區,0,1,0,6,2,6,50,13,9,1,5,4,6,6,4,4,9,5,5,1,13,3,10,3,1,B03,7,9,1,8,2,1,,7,7,1,12,4,120.676407,24.263818,2
6867,66000,387130000C,(04)23274275,(04)23288582,2025,1,16,12,3,臺中市,豐原區,0,1,0,6,2,6,30,4,1,1,5,4,6,1,4,4,10,5,5,2,15,3,10,5,4,B03,7,9,1,8,2,4,,12,12,1,13,4,120.700848,24.243813,2
6868,66000,387130000C,(04)23274275,(04)23288582,2025,1,16,12,5,臺中市,東區,0,0,0,7,1,6,50,4,1,1,5,4,6,6,1,1,10,5,5,2,17,3,10,3,1,B12,7,5,1,8,1,5,,84,84,1,12,4,120.704804,24.130636,3
6869,66000,387130000C,(04)23274275,(04)23288582,2025,1,16,12,9,臺中市,南區,0,1,0,7,3,6,50,4,19,1,5,4,6,6,1,1,10,4,5,2,3,3,10,3,1,B03,7,5,1,8,2,5,,10,10,1,13,4,120.657641,24.116292,2
6870,66000,387130000C,(04)23274275,(04)23288582,2025,1,16,12,11,臺中市,西區,0,0,0,7,,,50,,,,,,,,,,,,,,,,,,,C04,,,1,,2,,,48,48,1,6,4,120.653003,24.14497,3
6871,66000,387130000C,(04)23274275,(04)23288582,2025,1,16,12,12,臺中市,東區,0,2,0,7,2,6,50,5,1,1,5,4,6,6,1,1,1,3,5,2,13,2,9,1,1,C03,7,9,1,10,2,11,,7,7,1,13,4,120.696637,24.14241,2
6872,66000,387130000C,(04)23274275,(04)23288582,2025,1,16,12,12,臺中市,東區,0,1,0,7,2,6,50,3,2,1,5,4,6,6,4,4,10,5,4,2,18,2,9,2,1,C03,7,9,1,9,2,12,,84,84,1,12,4,120.698545,24.142794,2
6873,66000,387130000C,(04)23274275,(04)23288582,2025,1,16,12,13,臺中市,太平區,0,0,0,7,,,50,,,,,,,,,,,,,,,,,,,C03,,,1,,2,,,8,8,1,12,4,120.716189,24.133468,3
6874,66000,387130000C,(04)23274275,(04)23288582,2025,1,16,12,14,臺中市,梧棲區,0,1,0,7,3,6,40,13,8,1,5,4,6,6,4,4,10,4,4,2,14,3,10,3,1,B12,7,2,1,7,2,7,,49,49,1,6,4,120.525431,24.224339,2
6875,66000,387130000C,(04)23274275,(04)23288582,2025,1,16,12,15,臺中市,西區,0,1,0,7,2,6,50,5,1,1,5,4,6,6,1,1,10,5,5,2,12,3,10,3,1,B03,7,5,1,8,2,2,,47,47,1,12,4,120.668778,24.132156,2
6876,66000,387130000C,(04)23274275,(04)23288582,2025,1,16,12,15,臺中市,太平區,0,0,0,7,,,50,,,,,,,,,,,,,,,,,,,B03,,,1,,2,,,51,51,1,12,4,120.733361,24.142367,3
6877,66000,387130000C,(04)23274275,(04)23288582,2025,1,16,12,17,臺中市,西區,0,1,0,6,2,6,30,13,9,1,5,4,6,6,4,4,10,5,5,2,18,2,9,2,1,C03,7,2,1,10,2,12,,49,49,1,12,4,120.676091,24.136203,2
6878,66000,387130000C,(04)23274275,(04)23288582,2025,1,16,12,20,臺中市,北屯區,0,0,0,7,,,50,,,,,,,,,,,,,,9,,,,,B03,,,1,,1,,,78,78,1,6,4,120.703182,24.169835,3
6879,66000,387130000C,(04)23274275,(04)23288582,2025,1,16,12,20,臺中市,西屯區,0,0,0,6,,,50,,,,,,,,,,,,,,12,,,,,C03,,,3,,1,,,42,42,1,13,4,120.635957,24.169134,3
6880,66000,387130000C,(04)23274275,(04)23288582,2025,1,16,12,20,臺中市,大甲區,0,1,0,7,3,6,50,4,1,1,5,4,6,6,4,4,10,5,5,2,17,2,9,1,1,C03,7,9,1,10,2,12,,15,15,1,6,4,120.651733,24.403829,2
6881,66000,387130000C,(04)23274275,(04)23288582,2025,1,16,12,20,臺中市,豐原區,0,0,0,7,,,50,,,,,,,,,,,,,,,,,,,B03,,,1,,2,,,50,50,1,13,4,120.700955,24.248876,3
6882,66000,387130000C,(04)23274275,(04)23288582,2025,1,16,12,26,臺中市,豐原區,0,1,0,6,2,6,40,3,1,1,5,4,6,6,4,4,5,5,4,2,12,2,9,5,4,C03,7,9,1,10,2,14,,42,42,1,13,4,120.704272,24.239237,2
6883,66000,387130000C,(04)23274275,(04)23288582,2025,1,16,12,27,臺中市,北區,0,0,0,7,,,50,,,,,,,,,,,,,,12,,,,,C03,,,1,,2,,,84,84,1,13,4,120.693872,24.161156,3
6884,66000,387130000C,(04)23274275,(04)23288582,2025,1,16,12,27,臺中市,北區,0,1,0,7,2,6,50,3,1,1,5,4,6,6,1,1,10,5,5,2,16,3,10,5,4,B03,7,5,1,8,2,2,,47,47,1,13,4,120.688186,24.151909,2
6885,66000,387130000C,(04)23274275,(04)23288582,2025,1,16,12,32,臺中市,南屯區,0,0,0,7,,,30,,,,,,,,,,,,,,,,,,,B12,,,1,,1,,,49,49,1,12,4,120.635589,24.152735,3
6886,66000,387130000C,(04)23274275,(04)23288582,2025,1,16,12,35,臺中市,西屯區,0,0,0,7,,,50,,,,,,,,,,,,,,16,,,,,B03,,,1,,2,,,84,84,1,13,4,120.651863,24.197768,3
6887,66000,387130000C,(04)23274275,(04)23288582,2025,1,16,12,37,臺中市,西屯區,0,1,0,7,2,6,50,13,9,1,5,4,6,6,4,4,5,4,5,2,17,3,10,3,1,B12,7,11,1,8,2,7,,39,39,1,13,4,120.655659,24.164274,2
6888,66000,387130000C,(04)23274275,(04)23288582,2025,1,16,12,39,臺中市,大甲區,0,0,0,7,,,30,,,,,,,,,,,,,,,,,,,B03,,,1,,2,,,49,49,1,12,4,120.608559,24.324908,3
6889,66000,387130000C,(04)23274275,(04)23288582,2025,1,16,12,41,臺中市,豐原區,0,0,0,7,,,50,,,,,,,,,,,,,,17,,,,,B03,,,1,,2,,,40,40,1,13,4,120.711644,24.239725,3
6890,66000,387130000C,(04)23274275,(04)23288582,2025,1,16,12,45,臺中市,北屯區,0,3,0,7,2,6,50,3,1,1,5,4,6,6,4,4,10,5,5,2,12,2,9,2,1,C03,7,6,1,10,2,14,,85,85,1,12,4,120.69969,24.174478,2
6891,66000,387130000C,(04)23274275,(04)23288582,2025,1,16,12,45,臺中市,西屯區,0,1,0,7,2,6,50,13,9,1,5,4,6,6,4,4,9,4,5,2,13,3,10,3,1,B12,7,9,1,8,2,1,,7,7,1,12,4,120.632955,24.182889,2
6892,66000,387130000C,(04)23274275,(04)23288582,2025,1,16,12,46,臺中市,霧峰區,0,0,0,7,,,50,,,,,,,,,,,,,,17,,,,,B12,,,1,,2,,,78,78,1,6,4,120.699766,24.072269,3
6893,66000,387130000C,(04)23274275,(04)23288582,2025,1,16,12,46,臺中市,后里區,0,2,0,7,2,6,50,4,1,1,5,4,6,6,1,1,10,5,5,2,11,3,10,3,1,B03,7,5,1,8,2,1,,11,11,1,6,4,120.706805,24.31141,2
6894,66000,387130000C,(04)23274275,(04)23288582,2025,1,16,12,47,臺中市,西區,0,2,0,7,2,6,50,5,1,1,5,4,6,6,1,1,10,5,5,2,12,3,10,5,4,B03,7,6,1,8,2,8,,48,48,1,13,4,120.668563,24.132081,2
6895,66000,387130000C,(04)23274275,(04)23288582,2025,1,16,12,50,臺中市,南屯區,0,0,0,7,,,50,,,,,,,,,,,,,,,,,,,A11,,,1,,1,,,59,59,1,12,4,120.635419,24.136364,3
6896,66000,387130000C,(04)23274275,(04)23288582,2025,1,16,12,51,臺中市,東區,0,1,0,7,2,6,50,13,9,1,5,4,6,6,4,4,5,4,5,2,12,3,10,3,1,B03,7,9,1,8,2,2,,84,84,1,13,4,120.684478,24.127274,2
6897,66000,387130000C,(04)23274275,(04)23288582,2025,1,16,12,52,臺中市,北屯區,0,1,0,7,2,6,50,4,1,1,5,4,6,6,2,1,10,5,5,2,16,3,10,3,1,B12,7,5,1,8,2,2,,84,84,1,12,4,120.695377,24.164938,2
6898,66000,387130000C,(04)23274275,(04)23288582,2025,1,16,12,55,臺中市,大甲區,0,1,0,7,3,6,50,3,1,1,5,4,6,6,1,1,10,5,5,2,17,3,10,3,1,B03,7,9,1,8,2,1,,7,7,1,6,4,120.627694,24.347551,2
6899,66000,387130000C,(04)23274275,(04)23288582,2025,1,16,13,0,臺中市,北屯區,0,0,0,7,,,50,,,,,,,,,,,,,,9,,,,,B03,,,1,8,1,,,50,50,1,12,4,120.740051,24.178581,3
6900,66000,387130000C,(04)23274275,(04)23288582,2025,1,16,13,2,臺中市,龍井區,0,1,0,7,2,6,50,13,9,1,5,4,6,6,4,4,5,5,5,1,13,3,10,5,4,C03,7,9,1,10,2,11,,7,7,1,6,4,120.588322,24.180595,2
6901,66000,387130000C,(04)23274275,(04)23288582,2025,1,16,13,6,臺中市,大里區,0,0,0,7,,,30,,,,,,,,,,,,,,14,,,,,B12,,,1,,11,,,49,49,1,13,4,120.691132,24.088898,3
6902,66000,387130000C,(04)23274275,(04)23288582,2025,1,16,13,6,臺中市,大安區,0,0,0,7,,,40,,,,,,,,,,,,,,30,,,,,B12,,,1,,2,,,51,51,1,7,4,120.604461,24.361485,3
6903,66000,387130000C,(04)23274275,(04)23288582,2025,1,16,13,8,臺中市,西屯區,0,1,0,7,3,6,30,4,1,1,5,4,6,6,4,4,8,5,5,1,17,3,10,5,4,B03,7,6,1,8,2,1,,14,14,1,13,4,120.604212,24.186651,2
6904,66000,387130000C,(04)23274275,(04)23288582,2025,1,16,13,10,臺中市,神岡區,0,0,0,7,,,30,,,,,,,,,,,,,,12,,,,,B03,,,1,,2,,,84,84,1,13,4,120.705923,24.261044,3
6905,66000,387130000C,(04)23274275,(04)23288582,2025,1,16,13,11,臺中市,南屯區,0,0,0,7,,,50,,,,,,,,,,,,,,14,,,,,B03,,,1,,2,,,49,49,1,6,4,120.64418,24.141919,4
6906,66000,387130000C,(04)23274275,(04)23288582,2025,1,16,13,11,臺中市,北屯區,0,1,0,6,3,6,50,4,1,1,5,4,6,6,2,1,10,5,5,2,16,2,8,2,1,C03,7,9,1,10,2,14,,21,21,1,6,4,120.693391,24.19284,2
6907,66000,387130000C,(04)23274275,(04)23288582,2025,1,16,13,13,臺中市,西區,0,0,0,7,,,30,,,,,,,,,,,,,,,,,,,B11,,,1,,11,,,49,49,1,12,4,120.655882,24.139019,3
6908,66000,387130000C,(04)23274275,(04)23288582,2025,1,16,13,27,臺中市,大里區,0,0,0,7,,,30,,,,,,,,,,,,,,,,,,,B12,,,1,,2,,,49,49,1,13,4,120.700012,24.088287,3
6909,66000,387130000C,(04)23274275,(04)23288582,2025,1,16,13,33,臺中市,西屯區,0,1,0,6,2,6,50,5,2,1,5,4,6,6,2,1,2,4,4,2,17,3,10,3,1,B03,7,11,1,8,2,1,,45,45,1,13,4,120.616364,24.190958,2
6910,66000,387130000C,(04)23274275,(04)23288582,2025,1,16,13,38,臺中市,西屯區,0,1,0,7,2,6,50,4,2,1,5,4,6,6,2,1,5,2,5,2,17,2,9,2,1,C03,7,6,1,10,2,13,,48,48,1,12,4,120.634595,24.164894,2
6911,66000,387130000C,(04)23274275,(04)23288582,2025,1,16,13,40,臺中市,北屯區,0,0,0,7,,,50,,,,,,,,,,,,,,12,,,,,B03,,,1,,1,,,84,84,1,6,4,120.724413,24.168556,3
6912,66000,387130000C,(04)23274275,(04)23288582,2025,1,16,13,44,臺中市,大里區,0,1,0,7,2,6,50,13,9,1,5,4,6,6,4,4,8,3,5,2,12,3,10,3,1,B12,7,4,1,8,2,6,,1,1,1,6,4,120.714039,24.100268,2
6913,66000,387130000C,(04)23274275,(04)23288582,2025,1,16,13,44,臺中市,沙鹿區,0,1,0,7,2,6,50,11,9,1,5,4,6,6,4,4,5,5,5,2,18,2,9,2,1,C03,7,9,1,10,2,14,,59,59,1,6,4,120.582547,24.244108,2
6914,66000,387130000C,(04)23274275,(04)23288582,2025,1,16,13,50,臺中市,太平區,0,1,0,7,2,6,30,13,9,1,5,4,6,6,4,4,10,5,5,2,14,2,9,2,1,C03,7,2,1,10,2,13,12,49,49,1,12,4,120.728538,24.104045,2
6915,66000,387130000C,(04)23274275,(04)23288582,2025,1,16,13,50,臺中市,豐原區,0,0,0,7,,,50,,,,,,,,,,,,,,,,,,,B12,,,1,,2,,,7,7,1,13,4,120.717578,24.249417,3
6916,66000,387130000C,(04)23274275,(04)23288582,2025,1,16,13,51,臺中市,豐原區,0,0,0,6,,,50,,,,,,,,,,,,,,16,,,,,C03,,,1,,2,,,20,20,1,13,4,120.720142,24.262937,3
6917,66000,387130000C,(04)23274275,(04)23288582,2025,1,16,13,52,臺中市,南區,0,0,0,7,,,50,,,,,,,,,,,,,,13,,,,,B03,,,1,,2,,,84,84,1,12,4,120.651455,24.119637,3
6918,66000,387130000C,(04)23274275,(04)23288582,2025,1,16,13,56,臺中市,南屯區,0,0,0,7,,,50,,,,,,,,,,,,,,12,,,,,B03,,,1,,1,,,84,84,1,12,4,120.647199,24.129019,3
6919,66000,387130000C,(04)23274275,(04)23288582,2025,1,16,13,57,臺中市,霧峰區,0,0,0,7,,,40,,,,,,,,,,,,,,,,,,,B12,,,1,,2,,,51,51,1,13,4,120.662156,24.067202,3
6920,66000,387130000C,(04)23274275,(04)23288582,2025,1,16,13,59,臺中市,北屯區,0,1,0,7,2,6,50,5,9,1,5,4,6,6,4,4,1,4,5,2,16,3,10,3,1,B12,7,5,1,8,2,2,,47,47,1,12,4,120.692794,24.162343,2
6921,66000,387130000C,(04)23274275,(04)23288582,2025,1,16,14,0,臺中市,東區,0,0,0,7,1,6,50,13,,1,5,4,6,6,4,4,5,2,5,2,14,3,10,3,1,B12,7,2,1,8,1,7,,49,49,1,12,4,120.688484,24.135263,3
6922,66000,387130000C,(04)23274275,(04)23288582,2025,1,16,14,0,臺中市,沙鹿區,0,0,0,7,,,0,,,,,,,,,,,,,,17,,,,,A12,,,1,,2,,,78,78,1,6,4,120.592071,24.250084,3
6923,66000,387130000C,(04)23274275,(04)23288582,2025,1,16,14,1,臺中市,西屯區,0,1,0,7,1,6,30,4,1,1,5,4,6,6,1,1,10,5,5,1,17,3,10,5,4,B03,7,5,5,8,2,1,,11,11,1,13,4,120.641187,24.173359,2
6924,66000,387130000C,(04)23274275,(04)23288582,2025,1,16,14,3,臺中市,南區,0,1,0,7,2,6,50,13,9,1,5,4,6,6,4,4,5,3,5,2,13,2,9,1,1,C03,7,9,1,10,2,11,,84,84,1,13,4,120.655487,24.123993,2
6925,66000,387130000C,(04)23274275,(04)23288582,2025,1,16,14,4,臺中市,大里區,0,0,0,7,,,50,,,,,,,,,,,,,,13,,,,,B03,,,1,,2,,,7,7,1,12,4,120.666892,24.097102,3