序號,縣市別代碼,機關代碼,市話,傳真,年,月,日,時,分,縣市,區,死亡數量,受傷數量,2-30,天候,道路照明設備,道路類別,道路速限,道路型態,事故位置,路面鋪裝,路面狀態,路面缺陷,障礙物,視距,號誌種類,號誌動作,分向設施,快車道或一般車道間,快慢車道間,路面邊線,事故類型及型態,受傷程度,主要傷處,保護裝備,行動電話或功能裝置,當事者區分(類別),車輛用途,當事者行動狀態,駕照狀態,駕照種類,飲酒情形,車輛撞擊部位最初,車輛撞擊部位其他,肇事因素個別,肇事因素主要,肇事逃逸,職業,共享經濟或外送平台,GPS座標X,GPS座標Y,事故類別
6926,66000,387130000C,(04)23274275,(04)23288582,2025,1,16,14,17,臺中市,烏日區,0,1,0,7,2,6,40,13,9,1,5,4,6,6,4,4,5,4,5,1,14,2,7,1,1,C03,7,11,3,19,2,14,,39,39,1,6,4,120.638241,24.107295,2
6927,66000,387130000C,(04)23274275,(04)23288582,2025,1,16,14,18,臺中市,大里區,0,0,0,6,,,50,,,,,,,,,,,,,,13,,,,,B03,,,1,,2,,,7,7,1,12,4,120.685799,24.103192,3
6928,66000,387130000C,(04)23274275,(04)23288582,2025,1,16,14,19,臺中市,大安區,0,0,0,7,,,50,,,,,,,,,,,,,,,,,,,A12,,,1,,2,,,8,8,1,6,4,120.591787,24.377236,3
6929,66000,387130000C,(04)23274275,(04)23288582,2025,1,16,14,22,臺中市,豐原區,0,0,0,7,,,50,,,,,,,,,,,,,,17,,,,,C03,,,1,,9,,,7,7,1,6,4,120.722174,24.256893,3
6930,66000,387130000C,(04)23274275,(04)23288582,2025,1,16,14,27,臺中市,南區,0,1,0,7,2,6,50,4,2,1,5,4,6,6,2,1,5,2,5,2,13,2,9,2,1,C03,7,9,1,10,2,11,,7,7,1,13,4,120.684512,24.131053,2
6931,66000,387130000C,(04)23274275,(04)23288582,2025,1,16,14,33,臺中市,南屯區,0,0,0,7,,,50,,,,,,,,,,,,,,,,,,,B03,,,1,,9,,,39,39,1,6,4,120.632356,24.145477,3
6932,66000,387130000C,(04)23274275,(04)23288582,2025,1,16,14,41,臺中市,西屯區,0,0,0,6,,,50,,,,,,,,,,,,,,17,,,,,B12,,,1,,1,,,93,93,1,13,4,120.603418,24.186227,3
6933,66000,387130000C,(04)23274275,(04)23288582,2025,1,16,14,44,臺中市,西屯區,0,0,0,7,,,50,,,,,,,,,,,,,,13,,,,,B03,,,1,,2,,,7,7,1,13,4,120.648875,24.217225,3
6934,66000,387130000C,(04)23274275,(04)23288582,2025,1,16,14,47,臺中市,大甲區,0,0,0,7,,,50,,,,,,,,,,,,,,,,,,,B03,,,1,,1,,,49,49,1,12,4,120.626177,24.349341,3
6935,66000,387130000C,(04)23274275,(04)23288582,2025,1,16,14,50,臺中市,大雅區,0,0,0,7,,,50,,,,,,,,,,,,,,,,,,,B03,,,1,,2,,,49,49,1,12,4,120.649104,24.227016,3
6936,66000,387130000C,(04)23274275,(04)23288582,2025,1,16,14,50,臺中市,西屯區,0,0,0,7,,,40,,,,,,,,,,,,,,12,,,,,B12,,,1,,1,,,40,40,1,12,4,120.634308,24.175426,3
6937,66000,387130000C,(04)23274275,(04)23288582,2025,1,16,14,52,臺中市,大里區,0,1,0,7,2,6,50,11,9,1,5,4,6,6,4,4,10,5,5,2,10,3,10,3,1,A12,7,9,1,7,2,1,,84,84,1,6,4,120.690095,24.083944,2
6938,66000,387130000C,(04)23274275,(04)23288582,2025,1,16,14,53,臺中市,南區,0,0,0,7,,,50,,,,,,,,,,,,,,17,,,,,C03,,,1,,2,,,7,7,1,13,4,120.65146,24.121499,3
6939,66000,387130000C,(04)23274275,(04)23288582,2025,1,16,14,54,臺中市,龍井區,0,1,0,7,2,6,50,4,2,1,5,4,6,6,1,1,1,4,5,1,16,2,9,6,1,F01,7,8,7,21,2,14,,40,40,1,12,4,120.546649,24.196587,2
6940,66000,387130000C,(04)23274275,(04)23288582,2025,1,16,14,59,臺中市,南區,0,1,0,7,2,6,50,4,1,1,5,4,6,6,2,1,10,5,5,2,16,3,10,3,1,B12,7,6,1,8,2,2,,11,11,1,12,4,120.655726,24.120237,2
6941,66000,387130000C,(04)23274275,(04)23288582,2025,1,16,15,0,臺中市,西屯區,0,0,0,7,,,50,,,,,,,,,,,,,,12,,,,,B03,,,1,,9,,,8,8,1,12,4,120.650782,24.167112,3
6942,66000,387130000C,(04)23274275,(04)23288582,2025,1,16,15,1,臺中市,神岡區,0,0,0,7,,,60,,,,,,,,,,,,,,12,,,,,A42,,,1,,2,,,84,84,1,12,4,120.682955,24.246418,3
6943,66000,387130000C,(04)23274275,(04)23288582,2025,1,16,15,19,臺中市,東區,0,0,0,7,,,50,,,,,,,,,,,,,,,,,,,B03,,,1,,1,,,40,40,1,12,4,120.701522,24.12518,3
6944,66000,387130000C,(04)23274275,(04)23288582,2025,1,16,15,19,臺中市,北屯區,0,0,0,7,,,50,,,,,,,,,,,,,,,,,,,B03,,,1,,9,,,84,84,2,13,4,120.746887,24.192446,3
6945,66000,387130000C,(04)23274275,(04)23288582,2025,1,16,15,20,臺中市,南區,0,1,0,7,3,6,50,4,1,1,5,4,6,6,3,1,5,5,5,2,15,3,10,3,1,B03,7,9,1,8,2,4,,24,24,1,12,4,120.662411,24.120844,2
6946,66000,387130000C,(04)23274275,(04)23288582,2025,1,16,15,20,臺中市,北屯區,0,0,0,7,,,50,,,,,,,,,,,,,,14,,,,,B12,,,1,,1,,,49,49,1,6,4,120.681552,24.192706,3
6947,66000,387130000C,(04)23274275,(04)23288582,2025,1,16,15,21,臺中市,大雅區,0,0,0,7,,,30,,,,,,,,,,,,,,,,,,,B02,,,1,,2,,,84,84,1,12,4,120.673806,24.227014,3
6948,66000,387130000C,(04)23274275,(04)23288582,2025,1,16,15,21,臺中市,南屯區,0,0,0,7,,,50,,,,,,,,,,,,,,14,,,,,B01,,,1,,2,,,49,49,1,12,4,120.647111,24.136043,3
6949,66000,387130000C,(04)23274275,(04)23288582,2025,1,16,15,26,臺中市,中區,0,1,0,7,2,6,50,4,1,1,5,4,6,6,2,1,10,5,5,2,15,3,10,1,1,C03,7,9,3,19,2,11,,21,21,1,6,4,120.677239,24.140214,2
6950,66000,387130000C,(04)23274275,(04)23288582,2025,1,16,15,27,臺中市,龍井區,0,0,0,7,3,6,30,12,9,1,5,4,6,6,4,4,10,5,5,1,14,3,10,3,1,B03,7,8,1,8,1,3,,49,49,1,6,4,120.573377,24.181177,3
6951,66000,387130000C,(04)23274275,(04)23288582,2025,1,16,15,31,臺中市,豐原區,0,0,0,7,,,30,,,,,,,,,,,,,,17,,,,,B03,,,1,,2,,,50,50,1,13,4,120.714599,24.239951,3
6952,66000,387130000C,(04)23274275,(04)23288582,2025,1,16,15,32,臺中市,東區,0,1,0,7,1,6,50,4,1,1,5,4,6,6,1,1,9,4,5,2,12,2,9,1,1,C03,7,9,1,10,2,11,,7,7,1,12,4,120.699357,24.14797,2
6953,66000,387130000C,(04)23274275,(04)23288582,2025,1,16,15,38,臺中市,南區,0,1,0,7,2,6,50,4,2,1,5,4,6,6,1,1,5,4,4,2,13,2,8,2,1,C03,7,9,1,10,2,11,,7,7,1,5,4,120.657783,24.117976,2
6954,66000,387130000C,(04)23274275,(04)23288582,2025,1,16,15,38,臺中市,新社區,0,0,0,7,,,50,,,,,,,,,,,,,,17,,,,,B03,,,1,,9,,,50,50,1,12,4,120.809365,24.242168,3
6955,66000,387130000C,(04)23274275,(04)23288582,2025,1,16,15,40,臺中市,神岡區,0,0,0,7,,,60,,,,,,,,,,,,,,16,,,,,B03,,,1,,2,,,20,20,1,13,4,120.697567,24.235287,3
6956,66000,387130000C,(04)23274275,(04)23288582,2025,1,16,15,42,臺中市,北屯區,0,1,0,7,3,6,40,13,8,1,5,4,6,6,4,4,1,4,4,2,18,2,9,2,1,C03,7,15,1,10,2,14,,84,84,1,12,4,120.689056,24.163151,2
6957,66000,387130000C,(04)23274275,(04)23288582,2025,1,16,15,45,臺中市,東區,0,3,0,7,2,6,50,13,9,1,5,4,6,6,4,4,5,4,5,2,13,2,9,1,1,C03,7,9,1,10,2,11,,7,7,1,12,4,120.692433,24.140548,2
6958,66000,387130000C,(04)23274275,(04)23288582,2025,1,16,15,48,臺中市,西屯區,0,1,0,7,2,6,30,4,1,1,5,4,6,6,3,1,10,5,5,2,17,2,9,1,4,C03,7,6,1,10,1,11,,58,58,1,13,4,120.645896,24.191409,2
6959,66000,387130000C,(04)23274275,(04)23288582,2025,1,16,15,50,臺中市,西屯區,0,0,0,7,,,50,,,,,,,,,,,,,,13,,,,,C03,,,1,,1,,,84,84,1,12,4,120.657897,24.164776,3
6960,66000,387130000C,(04)23274275,(04)23288582,2025,1,16,15,52,臺中市,豐原區,0,1,0,7,3,6,50,3,1,1,5,4,6,6,1,1,1,4,4,1,16,3,10,5,4,B03,7,5,1,8,2,6,,11,11,1,13,4,120.712877,24.241794,2
6961,66000,387130000C,(04)23274275,(04)23288582,2025,1,16,15,56,臺中市,西區,0,0,0,7,,,30,,,,,,,,,,,,,,,,,,,B03,,,1,8,1,,,51,51,1,13,4,120.663208,24.135438,3
6962,66000,387130000C,(04)23274275,(04)23288582,2025,1,16,15,56,臺中市,東區,0,0,0,7,,,50,,,,,,,,,,,,,,,,,,,B03,,,1,,2,,,87,87,1,12,4,120.687749,24.133542,3
6963,66000,387130000C,(04)23274275,(04)23288582,2025,1,16,15,58,臺中市,西區,0,0,0,6,,,50,,,,,,,,,,,,,,,,,,,B03,,,1,,2,,,8,8,1,12,4,120.673583,24.152022,3
6964,66000,387130000C,(04)23274275,(04)23288582,2025,1,16,16,0,臺中市,大里區,0,0,0,7,2,6,80,13,9,1,5,4,6,6,4,4,1,3,5,1,17,,,,,B12,,,1,,2,,,40,40,1,13,4,120.693886,24.106131,3
6965,66000,387130000C,(04)23274275,(04)23288582,2025,1,16,16,0,臺中市,后里區,0,0,0,7,,,30,,,,,,,,,,,,,,14,,,,,B03,,,1,,1,,,49,49,1,6,4,120.723184,24.312162,4
6966,66000,387130000C,(04)23274275,(04)23288582,2025,1,16,16,5,臺中市,大里區,0,0,0,7,,,50,,,,,,,,,,,,,,16,,,,,B03,,,1,,2,,,40,40,1,13,4,120.689881,24.121746,3
6967,66000,387130000C,(04)23274275,(04)23288582,2025,1,16,16,5,臺中市,神岡區,0,0,0,7,,,30,,,,,,,,,,,,,,14,,,,,A12,,,1,,2,,,49,49,1,12,4,120.64992,24.275085,3
6968,66000,387130000C,(04)23274275,(04)23288582,2025,1,16,16,6,臺中市,北屯區,0,0,0,7,,,50,,,,,,,,,,,,,,17,,,,,B03,,,1,,1,,,59,59,1,12,4,120.689213,24.180823,3
6969,66000,387130000C,(04)23274275,(04)23288582,2025,1,16,16,10,臺中市,北區,0,1,0,7,3,6,50,4,1,1,5,4,6,6,1,1,5,4,5,2,17,3,10,3,1,B03,7,5,1,8,2,2,,11,11,1,13,4,120.682545,24.15343,2
6970,66000,387130000C,(04)23274275,(04)23288582,2025,1,16,16,11,臺中市,潭子區,0,0,0,7,,,50,,,,,,,,,,,,,,,,,,,B03,,,1,,2,,,84,84,1,13,4,120.720041,24.228322,3
6971,66000,387130000C,(04)23274275,(04)23288582,2025,1,16,16,11,臺中市,豐原區,0,1,0,7,3,6,50,13,9,1,5,4,6,6,4,4,5,5,5,1,17,2,8,1,4,C03,7,1,1,10,2,14,,51,51,1,12,4,120.726628,24.24547,2
6972,66000,387130000C,(04)23274275,(04)23288582,2025,1,16,16,13,臺中市,北屯區,0,0,0,7,,,80,,,,,,,,,,,,,,,,,,,B03,,,1,,1,,,7,7,1,13,4,120.66659,24.20085,3
6973,66000,387130000C,(04)23274275,(04)23288582,2025,1,16,16,14,臺中市,大里區,0,2,0,7,2,6,50,13,9,1,5,4,6,6,4,4,5,5,4,2,17,3,10,3,1,B03,7,5,1,8,2,5,,84,84,1,6,4,120.701228,24.093695,2
6974,66000,387130000C,(04)23274275,(04)23288582,2025,1,16,16,14,臺中市,大里區,0,2,0,7,2,6,50,13,9,1,5,4,6,6,4,4,5,5,5,1,2,2,9,1,1,F01,7,9,7,21,2,11,,84,84,1,2,4,120.69856,24.107337,2
6975,66000,387130000C,(04)23274275,(04)23288582,2025,1,16,16,17,臺中市,東區,0,1,0,7,1,6,50,4,1,1,5,4,6,6,4,4,9,4,5,2,18,2,9,1,1,C04,7,14,1,10,2,14,,84,84,1,12,4,120.68784,24.129701,2
6976,66000,387130000C,(04)23274275,(04)23288582,2025,1,16,16,19,臺中市,潭子區,0,0,0,7,,,80,,,,,,,,,,,,,,,,,,,B03,,,1,,2,,,84,84,1,13,4,120.713715,24.200299,3
6977,66000,387130000C,(04)23274275,(04)23288582,2025,1,16,16,21,臺中市,大里區,0,1,0,7,2,6,50,3,1,1,5,4,6,6,4,4,5,5,5,2,16,3,10,3,1,B03,7,6,1,8,2,8,,48,48,1,13,4,120.672003,24.088529,2
6978,66000,387130000C,(04)23274275,(04)23288582,2025,1,16,16,22,臺中市,豐原區,0,0,0,7,,,50,,,,,,,,,,,,,,,,,,,B02,,,1,,2,,,34,34,1,13,4,120.720369,24.249975,3
6979,66000,387130000C,(04)23274275,(04)23288582,2025,1,16,16,22,臺中市,豐原區,0,1,0,6,2,6,60,4,9,1,5,4,6,6,1,1,1,2,5,2,12,3,10,5,4,B03,7,8,1,8,2,2,,40,40,1,13,4,120.704849,24.255109,2
6980,66000,387130000C,(04)23274275,(04)23288582,2025,1,16,16,23,臺中市,南屯區,0,0,0,7,,,50,,,,,,,,,,,,,,13,,,,,B03,,,1,,1,,,84,84,1,6,4,120.640577,24.153459,3
6981,66000,387130000C,(04)23274275,(04)23288582,2025,1,16,16,23,臺中市,清水區,0,2,0,7,2,6,60,4,1,1,5,4,6,6,2,1,1,4,5,1,16,3,10,3,1,B12,7,5,1,8,2,5,,47,47,1,6,4,120.552248,24.293723,2
6982,66000,387130000C,(04)23274275,(04)23288582,2025,1,16,16,31,臺中市,北區,0,1,0,7,2,6,50,4,1,1,5,4,6,6,1,1,5,4,5,2,17,2,9,5,1,F01,7,6,7,21,2,14,,48,48,1,13,4,120.679073,24.171236,2
6983,66000,387130000C,(04)23274275,(04)23288582,2025,1,16,16,35,臺中市,龍井區,0,0,0,7,2,6,60,5,7,1,5,4,6,6,4,4,1,1,1,1,17,3,10,3,1,B03,7,14,1,8,1,3,,84,84,1,6,4,120.573733,24.185292,3
6984,66000,387130000C,(04)23274275,(04)23288582,2025,1,16,16,37,臺中市,北屯區,0,2,0,7,3,6,50,3,1,1,5,4,6,6,4,4,10,5,5,2,17,2,9,1,1,C03,7,6,1,10,2,12,,14,14,1,12,4,120.671415,24.179552,2
6985,66000,387130000C,(04)23274275,(04)23288582,2025,1,16,16,40,臺中市,梧棲區,0,0,0,7,,,50,,,,,,,,,,,,,,17,,,,,B03,,,1,,1,,,59,59,1,6,4,120.541722,24.246985,3
6986,66000,387130000C,(04)23274275,(04)23288582,2025,1,16,16,40,臺中市,豐原區,0,1,0,7,2,6,40,3,1,1,5,4,6,6,4,4,10,5,5,2,17,3,10,2,1,C03,7,6,1,10,9,13,,48,48,1,13,4,120.723216,24.227641,2
6987,66000,387130000C,(04)23274275,(04)23288582,2025,1,16,16,45,臺中市,太平區,0,1,0,7,2,6,50,4,2,1,5,4,6,6,2,1,5,5,5,1,13,3,10,2,1,C03,7,9,3,19,2,11,,7,7,1,12,4,120.715495,24.136101,2
6988,66000,387130000C,(04)23274275,(04)23288582,2025,1,16,16,45,臺中市,豐原區,0,1,0,7,3,6,50,4,1,1,5,4,6,6,1,1,5,2,5,1,17,2,9,1,4,C03,7,9,1,10,2,12,,84,84,1,12,4,120.729458,24.252391,2
6989,66000,387130000C,(04)23274275,(04)23288582,2025,1,16,16,46,臺中市,潭子區,0,2,0,6,2,6,60,4,1,1,5,4,6,6,2,1,1,4,4,1,17,2,9,2,1,C03,7,15,3,19,2,14,,48,48,1,13,4,120.706243,24.220339,2
6990,66000,387130000C,(04)23274275,(04)23288582,2025,1,16,16,48,臺中市,北屯區,0,0,0,7,,,50,,,,,,,,,,,,,,,,,,,A06,,,1,,1,,,51,51,1,12,4,120.688095,24.170704,3
6991,66000,387130000C,(04)23274275,(04)23288582,2025,1,16,16,48,臺中市,西屯區,0,2,0,7,2,6,30,4,1,1,5,4,6,6,4,4,10,5,5,2,16,2,9,5,4,C03,7,6,1,10,2,11,14,13,13,1,12,4,120.652024,24.169924,2
6992,66000,387130000C,(04)23274275,(04)23288582,2025,1,16,16,50,臺中市,北屯區,0,0,0,7,,,50,,,,,,,,,,,,,,13,,,,,B03,,,1,,1,,,59,59,1,12,4,120.686713,24.197847,3
6993,66000,387130000C,(04)23274275,(04)23288582,2025,1,16,16,52,臺中市,西屯區,0,0,0,7,,,50,,,,,,,,,,,,,,17,,,,,C03,,,1,,2,,,59,59,1,12,4,120.643496,24.176661,3
6994,66000,387130000C,(04)23274275,(04)23288582,2025,1,16,16,53,臺中市,北區,0,1,0,7,2,6,50,3,1,1,5,4,6,6,4,4,10,5,5,2,17,3,10,5,4,B03,7,5,1,8,2,8,,14,14,1,12,4,120.675785,24.163221,2
6995,66000,387130000C,(04)23274275,(04)23288582,2025,1,16,16,53,臺中市,南區,0,0,0,7,,,40,,,,,,,,,,,,,,,,,,,B03,,,1,,9,,,14,14,1,6,4,120.681727,24.134356,4
6996,66000,387130000C,(04)23274275,(04)23288582,2025,1,16,16,54,臺中市,潭子區,0,0,0,7,,,50,,,,,,,,,,,,,,,,,,,B03,,,1,,2,,,8,8,1,13,4,120.711071,24.215734,3
6997,66000,387130000C,(04)23274275,(04)23288582,2025,1,16,16,57,臺中市,西屯區,0,0,0,7,,,50,,,,,,,,,,,,,,12,,,,,B03,,,1,,1,,,8,8,1,12,4,120.602553,24.182563,3
6998,66000,387130000C,(04)23274275,(04)23288582,2025,1,16,17,4,臺中市,霧峰區,0,2,0,7,2,6,50,4,1,1,5,4,6,6,3,1,10,5,5,2,15,2,9,1,1,C03,7,9,1,10,2,11,,24,24,1,13,4,120.700054,24.067321,2
6999,66000,387130000C,(04)23274275,(04)23288582,2025,1,16,17,4,臺中市,太平區,0,1,0,7,2,6,50,13,9,1,5,4,6,6,4,4,9,5,4,2,13,2,8,2,1,C03,7,9,1,10,2,11,,84,84,1,12,4,120.71921,24.156298,2
7000,66000,387130000C,(04)23274275,(04)23288582,2025,1,16,17,5,臺中市,龍井區,0,2,0,7,1,6,30,5,1,1,5,4,6,6,3,1,10,5,5,2,15,2,9,1,1,C03,7,9,1,10,2,11,,12,12,1,12,4,120.500444,24.20327,2
7001,66000,387130000C,(04)23274275,(04)23288582,2025,1,16,17,5,臺中市,龍井區,0,1,0,7,2,6,40,5,2,1,5,4,6,6,1,1,10,5,5,2,11,3,10,3,1,B03,7,6,1,8,2,8,,11,11,1,12,4,120.511012,24.208243,2
7002,66000,387130000C,(04)23274275,(04)23288582,2025,1,16,17,6,臺中市,南區,0,1,0,7,3,6,40,11,8,1,5,4,6,6,4,4,1,5,5,2,12,3,10,3,1,B03,7,9,1,8,9,5,,39,39,1,6,4,120.662089,24.120905,2
7003,66000,387130000C,(04)23274275,(04)23288582,2025,1,16,17,6,臺中市,神岡區,0,2,0,7,1,6,50,4,1,1,5,4,6,6,4,4,10,5,5,1,16,2,9,1,1,C03,7,9,1,10,2,13,,87,87,1,12,4,120.675166,24.263015,2
7004,66000,387130000C,(04)23274275,(04)23288582,2025,1,16,17,8,臺中市,大里區,0,2,0,7,3,6,25,4,2,1,5,4,6,6,2,1,3,4,4,1,13,2,7,5,4,C03,7,9,1,10,2,11,,7,7,1,12,4,120.699035,24.110167,2
7005,66000,387130000C,(04)23274275,(04)23288582,2025,1,16,17,8,臺中市,豐原區,0,1,0,6,2,6,50,5,1,1,5,4,6,6,2,1,1,4,4,2,17,3,10,5,4,B03,7,5,1,8,2,7,,87,87,1,12,4,120.716716,24.244081,2
7006,66000,387130000C,(04)23274275,(04)23288582,2025,1,16,17,10,臺中市,北屯區,0,1,0,7,2,6,50,13,7,1,5,4,6,6,4,4,5,4,4,2,1,3,10,1,1,C03,7,9,1,10,1,12,,85,85,1,6,4,120.694239,24.166463,2
7007,66000,387130000C,(04)23274275,(04)23288582,2025,1,16,17,10,臺中市,北屯區,0,0,0,7,,,50,,,,,,,,,,,,,,,,,,,B03,,,1,,1,,,84,84,1,13,4,120.698241,24.172787,3
7008,66000,387130000C,(04)23274275,(04)23288582,2025,1,16,17,10,臺中市,大里區,0,0,0,7,,,50,,,,,,,,,,,,,,,,,,,C03,,,1,,2,,,84,84,1,6,4,120.715726,24.099169,3
7009,66000,387130000C,(04)23274275,(04)23288582,2025,1,16,17,11,臺中市,北屯區,0,0,0,7,,,50,,,,,,,,,,,,,,,,,,,B03,,,1,,2,,,8,8,1,12,4,120.686307,24.180677,3
7010,66000,387130000C,(04)23274275,(04)23288582,2025,1,16,17,11,臺中市,烏日區,0,0,0,7,,,50,,,,,,,,,,,,,,17,,,,,C03,,,1,,9,,,7,7,1,6,4,120.64367,24.083361,3
7011,66000,387130000C,(04)23274275,(04)23288582,2025,1,16,17,12,臺中市,中區,0,1,0,7,2,6,30,4,1,1,5,4,6,6,4,4,10,5,5,2,16,2,9,1,1,C03,7,6,1,10,2,14,,13,13,1,6,4,120.677812,24.140606,2
7012,66000,387130000C,(04)23274275,(04)23288582,2025,1,16,17,12,臺中市,西屯區,0,1,0,7,2,6,50,13,9,1,5,4,6,6,4,4,5,4,5,2,13,2,8,2,1,C03,7,9,1,10,2,11,,7,7,1,12,4,120.61765,24.188291,2
7013,66000,387130000C,(04)23274275,(04)23288582,2025,1,16,17,13,臺中市,北區,0,0,0,7,2,6,50,4,2,1,5,4,6,6,1,1,1,4,5,2,12,3,10,3,1,B03,7,9,1,8,1,5,,7,7,1,12,4,120.684978,24.165313,3
7014,66000,387130000C,(04)23274275,(04)23288582,2025,1,16,17,13,臺中市,東區,0,1,0,7,1,6,50,4,1,1,5,4,6,6,2,1,10,5,5,2,16,3,10,3,1,B03,7,6,1,8,2,16,,48,48,1,6,4,120.687631,24.143025,2
7015,66000,387130000C,(04)23274275,(04)23288582,2025,1,16,17,15,臺中市,大里區,0,0,0,7,,,50,,,,,,,,,,,,,,,,,,,B03,,,1,,2,,,85,85,1,12,4,120.703648,24.111195,3
7016,66000,387130000C,(04)23274275,(04)23288582,2025,1,16,17,16,臺中市,東區,0,0,0,7,,,30,,,,,,,,,,,,,,,,,,,C03,,,1,,1,,,85,85,1,12,4,120.691256,24.14689,4
7017,66000,387130000C,(04)23274275,(04)23288582,2025,1,16,17,17,臺中市,潭子區,0,0,0,7,,,50,,,,,,,,,,,,,,,,,,,B03,,,1,,2,,,84,84,1,13,4,120.694222,24.221331,3
7018,66000,387130000C,(04)23274275,(04)23288582,2025,1,16,17,18,臺中市,西區,0,1,0,7,3,6,50,4,2,1,5,4,6,6,2,1,5,4,4,2,12,3,10,3,1,B03,7,9,1,8,2,5,,8,8,1,13,4,120.671559,24.1453,2
7019,66000,387130000C,(04)23274275,(04)23288582,2025,1,16,17,18,臺中市,北屯區,0,1,0,7,3,6,50,4,1,1,5,4,6,6,4,4,10,5,5,2,15,2,8,2,1,C03,7,9,1,10,2,11,,15,15,1,12,4,120.685614,24.191756,2
7020,66000,387130000C,(04)23274275,(04)23288582,2025,1,16,17,18,臺中市,豐原區,0,2,0,7,2,6,50,13,9,1,5,4,6,6,4,4,5,5,5,2,10,2,9,2,1,C03,7,9,1,10,2,12,,4,4,1,13,4,120.715315,24.230529,2
7021,66000,387130000C,(04)23274275,(04)23288582,2025,1,16,17,19,臺中市,烏日區,0,2,0,7,1,6,30,4,1,1,5,4,6,6,4,4,10,5,5,2,16,2,9,1,1,C03,7,9,1,10,2,11,12,12,12,1,6,4,120.639355,24.107491,2
7022,66000,387130000C,(04)23274275,(04)23288582,2025,1,16,17,20,臺中市,西屯區,0,0,0,7,,,50,,,,,,,,,,,,,,12,,,,,B03,,,1,,1,,,85,85,1,12,4,120.636539,24.168585,3
7023,66000,387130000C,(04)23274275,(04)23288582,2025,1,16,17,22,臺中市,西區,0,1,0,6,1,6,50,4,1,1,5,4,6,6,1,1,5,4,4,2,18,2,9,2,1,C03,7,9,1,10,2,12,,59,59,1,12,4,120.66317,24.156544,2
7024,66000,387130000C,(04)23274275,(04)23288582,2025,1,16,17,22,臺中市,北屯區,0,0,0,7,,,50,,,,,,,,,,,,,,17,,,,,B03,,,1,,2,,,65,65,1,13,4,120.679826,24.194763,3
7025,66000,387130000C,(04)23274275,(04)23288582,2025,1,16,17,22,臺中市,西屯區,0,0,0,7,,,50,,,,,,,,,,,,,,14,,,,,B03,,,1,,9,,,84,84,1,12,4,120.629316,24.163574,3
7026,66000,387130000C,(04)23274275,(04)23288582,2025,1,16,17,23,臺中市,南屯區,0,2,0,7,2,6,50,4,1,1,5,4,6,6,2,1,5,4,4,2,16,2,8,2,1,C03,7,6,1,10,2,14,,36,36,1,12,4,120.620854,24.13999,2
7027,66000,387130000C,(04)23274275,(04)23288582,2025,1,16,17,25,臺中市,霧峰區,0,0,0,7,,,40,,,,,,,,,,,,,,13,,,,,C03,,,1,,2,,,7,7,1,13,4,120.698158,24.060823,3
7028,66000,387130000C,(04)23274275,(04)23288582,2025,1,16,17,26,臺中市,大里區,0,0,0,7,2,6,40,3,2,1,5,4,6,6,4,4,5,5,4,2,13,,,,,C03,,,1,,2,,,84,84,1,13,4,120.676651,24.100662,3
7029,66000,387130000C,(04)23274275,(04)23288582,2025,1,16,17,27,臺中市,梧棲區,0,0,0,7,,,50,,,,,,,,,,,,,,13,,,,,B03,,,1,,1,,,84,84,1,6,4,120.53655,24.225482,3
7030,66000,387130000C,(04)23274275,(04)23288582,2025,1,16,17,28,臺中市,南屯區,0,1,0,7,1,6,50,4,1,1,5,4,6,6,2,1,5,5,5,1,15,3,10,3,1,B02,7,9,1,8,2,2,,21,21,1,6,4,120.640748,24.153709,2
7031,66000,387130000C,(04)23274275,(04)23288582,2025,1,16,17,28,臺中市,西屯區,0,0,0,7,,,30,,,,,,,,,,,,,,16,,,,,B03,,,1,,1,,,12,12,1,12,4,120.635524,24.167811,3
7032,66000,387130000C,(04)23274275,(04)23288582,2025,1,16,17,28,臺中市,神岡區,0,0,0,7,,,50,,,,,,,,,,,,,,12,,,,,B11,,,1,,2,,,7,7,1,13,4,120.656107,24.261748,3
7033,66000,387130000C,(04)23274275,(04)23288582,2025,1,16,17,30,臺中市,大雅區,0,0,0,7,,,40,,,,,,,,,,,,,,13,,,,,C03,,,1,,1,,,84,84,1,13,4,120.632279,24.238867,3
7034,66000,387130000C,(04)23274275,(04)23288582,2025,1,16,17,31,臺中市,北區,0,0,0,7,,,50,,,,,,,,,,,,,,17,,,,,C03,,,1,,1,,,84,84,1,13,4,120.682462,24.161251,3
7035,66000,387130000C,(04)23274275,(04)23288582,2025,1,16,17,33,臺中市,潭子區,0,0,0,7,,,60,,,,,,,,,,,,,,,,,,,A11,,,1,,2,,,8,8,1,13,4,120.70342,24.19983,3
7036,66000,387130000C,(04)23274275,(04)23288582,2025,1,16,17,35,臺中市,南區,0,1,0,7,1,6,50,4,1,1,5,4,6,6,2,1,3,5,5,2,16,3,10,3,1,B03,7,6,1,8,2,2,,11,11,1,6,4,120.671811,24.119156,2
7037,66000,387130000C,(04)23274275,(04)23288582,2025,1,16,17,35,臺中市,南屯區,0,1,0,7,1,6,50,3,1,1,5,4,6,6,3,1,10,5,5,2,17,2,9,5,4,C03,7,8,1,10,2,12,,35,35,1,6,4,120.588518,24.147756,2