序號,縣市別代碼,機關代碼,市話,傳真,年,月,日,時,分,縣市,區,死亡數量,受傷數量,2-30,天候,道路照明設備,道路類別,道路速限,道路型態,事故位置,路面鋪裝,路面狀態,路面缺陷,障礙物,視距,號誌種類,號誌動作,分向設施,快車道或一般車道間,快慢車道間,路面邊線,事故類型及型態,受傷程度,主要傷處,保護裝備,行動電話或功能裝置,當事者區分(類別),車輛用途,當事者行動狀態,駕照狀態,駕照種類,飲酒情形,車輛撞擊部位最初,車輛撞擊部位其他,肇事因素個別,肇事因素主要,肇事逃逸,職業,共享經濟或外送平台,GPS座標X,GPS座標Y,事故類別
7149,66000,387130000C,(04)23274275,(04)23288582,2025,1,16,20,40,臺中市,太平區,0,2,0,7,1,6,50,4,4,1,5,4,6,6,1,1,5,4,5,2,13,3,10,3,1,B03,7,9,1,8,2,5,,84,84,1,13,4,120.700571,24.147974,2
7150,66000,387130000C,(04)23274275,(04)23288582,2025,1,16,20,45,臺中市,北區,0,1,0,7,1,6,50,3,1,1,5,4,6,6,1,1,5,4,4,2,16,3,10,3,1,B03,7,11,1,8,2,7,,45,45,1,12,4,120.687898,24.159041,2
7151,66000,387130000C,(04)23274275,(04)23288582,2025,1,16,20,46,臺中市,北屯區,0,0,0,7,,,50,,,,,,,,,,,,,,,,,,,B03,,,1,,1,,,40,40,1,13,4,120.715732,24.174786,4
7152,66000,387130000C,(04)23274275,(04)23288582,2025,1,16,20,46,臺中市,西屯區,0,1,0,7,1,6,40,13,8,1,5,4,6,6,4,4,1,4,1,2,13,2,8,2,1,C03,7,9,1,10,2,11,,7,7,1,13,4,120.651891,24.161735,2
7153,66000,387130000C,(04)23274275,(04)23288582,2025,1,16,20,46,臺中市,西屯區,0,0,0,7,,,40,,,,,,,,,,,,,,,,,,,B03,,,1,,2,,,40,40,1,12,4,120.652434,24.161508,3
7154,66000,387130000C,(04)23274275,(04)23288582,2025,1,16,20,49,臺中市,東區,0,0,0,7,,,50,,,,,,,,,,,,,,,,,,,B03,,,1,,2,,,42,42,1,12,4,120.696951,24.142767,3
7155,66000,387130000C,(04)23274275,(04)23288582,2025,1,16,20,51,臺中市,烏日區,0,1,0,7,1,6,50,4,9,1,5,4,6,6,1,1,10,5,5,2,18,2,9,1,1,C03,7,6,1,10,2,14,,87,87,1,5,4,120.64436,24.087683,2
7156,66000,387130000C,(04)23274275,(04)23288582,2025,1,16,20,51,臺中市,豐原區,0,0,0,7,,,30,,,,,,,,,,,,,,17,,,,,B03,,,1,,2,,,84,84,1,13,4,120.713542,24.247378,3
7157,66000,387130000C,(04)23274275,(04)23288582,2025,1,16,20,55,臺中市,沙鹿區,0,0,0,7,,,40,,,,,,,,,,,,,,14,,,,,B03,,,1,,2,,,84,84,1,6,4,120.576176,24.221937,3
7158,66000,387130000C,(04)23274275,(04)23288582,2025,1,16,21,0,臺中市,北屯區,0,0,0,7,,,50,,,,,,,,,,,,,,,,,,,B03,,,1,,2,,,50,50,1,12,4,120.691977,24.170292,3
7159,66000,387130000C,(04)23274275,(04)23288582,2025,1,16,21,4,臺中市,太平區,0,2,0,7,1,6,50,13,7,1,5,4,6,6,1,1,5,4,4,2,10,2,9,1,1,C03,7,9,1,10,5,11,,53,53,1,12,4,120.715407,24.119503,2
7160,66000,387130000C,(04)23274275,(04)23288582,2025,1,16,21,7,臺中市,清水區,0,0,0,7,1,6,60,3,7,1,5,4,6,6,1,1,8,3,4,1,13,,,,,B03,,,1,,1,,,7,7,1,12,4,120.591249,24.296095,3
7161,66000,387130000C,(04)23274275,(04)23288582,2025,1,16,21,10,臺中市,西區,0,1,0,7,2,6,50,4,1,1,5,4,6,6,4,4,10,5,5,2,17,2,9,5,4,C03,7,9,1,10,2,11,,15,15,1,12,4,120.658203,24.156043,2
7162,66000,387130000C,(04)23274275,(04)23288582,2025,1,16,21,15,臺中市,南屯區,0,1,0,7,1,6,50,3,1,1,5,4,6,6,2,1,10,5,5,2,18,2,1,1,1,C03,7,9,1,10,2,14,,84,84,1,5,4,120.610517,24.144119,2
7163,66000,387130000C,(04)23274275,(04)23288582,2025,1,16,21,17,臺中市,龍井區,0,1,0,7,1,6,40,13,9,1,5,4,6,6,4,4,5,2,5,1,17,2,8,2,1,C03,7,9,1,10,2,11,,84,84,1,6,4,120.596985,24.188608,2
7164,66000,387130000C,(04)23274275,(04)23288582,2025,1,16,21,19,臺中市,北屯區,0,1,0,7,1,6,50,4,1,1,5,4,6,6,2,1,10,5,5,2,18,2,9,2,1,C03,7,6,1,10,2,14,,84,84,1,12,4,120.710719,24.18224,2
7165,66000,387130000C,(04)23274275,(04)23288582,2025,1,16,21,34,臺中市,沙鹿區,0,1,0,7,1,6,40,13,8,1,5,4,6,6,1,1,1,4,4,2,17,3,10,3,1,B02,7,1,1,8,2,8,,51,51,1,6,4,120.563492,24.206423,2
7166,66000,387130000C,(04)23274275,(04)23288582,2025,1,16,21,37,臺中市,西屯區,0,1,0,7,1,6,30,4,9,1,5,4,6,6,4,4,10,5,5,2,18,2,9,1,4,C01,7,5,1,9,2,12,,84,84,1,13,4,120.656865,24.16698,2
7167,66000,387130000C,(04)23274275,(04)23288582,2025,1,16,21,40,臺中市,西屯區,0,0,0,7,,,30,,,,,,,,,,,,,,17,,,,,B03,,,1,,9,,,87,87,1,12,4,120.657047,24.16632,3
7168,66000,387130000C,(04)23274275,(04)23288582,2025,1,16,21,52,臺中市,東區,0,2,0,7,1,6,50,3,1,1,5,4,6,6,2,1,1,5,5,2,12,2,9,2,1,F01,7,8,7,21,2,13,,40,40,1,6,1,120.691192,24.132024,2
7169,66000,387130000C,(04)23274275,(04)23288582,2025,1,16,21,55,臺中市,東區,0,1,0,7,1,6,50,13,9,1,5,4,6,6,4,4,9,4,5,2,18,2,9,1,1,C03,7,9,1,10,2,12,,84,84,1,12,4,120.705518,24.133114,2
7170,66000,387130000C,(04)23274275,(04)23288582,2025,1,16,22,7,臺中市,西區,0,0,0,7,,,60,,,,,,,,,,,,,,12,,,,,B03,,,1,,2,,,87,87,1,12,4,120.657395,24.142945,3
7171,66000,387130000C,(04)23274275,(04)23288582,2025,1,16,22,10,臺中市,梧棲區,0,1,0,7,1,6,40,13,8,1,5,4,6,6,4,4,1,4,1,1,13,2,9,1,1,C03,7,9,1,10,2,11,,7,7,1,12,4,120.545432,24.246454,2
7172,66000,387130000C,(04)23274275,(04)23288582,2025,1,16,22,15,臺中市,西屯區,0,1,0,7,1,6,40,13,8,1,5,4,6,6,4,4,1,4,5,2,17,3,10,3,1,B03,7,7,1,8,2,16,,40,40,1,12,4,120.651428,24.161875,2
7173,66000,387130000C,(04)23274275,(04)23288582,2025,1,16,22,22,臺中市,大雅區,0,0,0,6,,,70,,,,,,,,,,,,,,12,,,,,B03,,,1,,2,,,40,40,1,12,4,120.632077,24.239335,3
7174,66000,387130000C,(04)23274275,(04)23288582,2025,1,16,22,22,臺中市,西屯區,0,0,0,7,,,30,,,,,,,,,,,,,,,,,,,B03,,,1,,1,,,8,8,1,12,4,120.639336,24.180222,3
7175,66000,387130000C,(04)23274275,(04)23288582,2025,1,16,22,24,臺中市,北區,0,0,0,7,,,50,,,,,,,,,,,,,,,,,,,B03,,,1,,2,,,49,49,1,12,4,120.669397,24.162711,3
7176,66000,387130000C,(04)23274275,(04)23288582,2025,1,16,22,28,臺中市,東區,0,3,0,7,1,6,50,4,1,1,5,4,6,6,2,1,10,5,5,2,16,2,9,2,1,C03,7,6,1,10,2,12,,11,11,1,5,4,120.701416,24.138818,2
7177,66000,387130000C,(04)23274275,(04)23288582,2025,1,16,22,32,臺中市,南區,0,0,0,7,,,50,,,,,,,,,,,,,,25,,,,,B03,,,3,,2,,,84,84,1,12,4,120.663043,24.125441,3
7178,66000,387130000C,(04)23274275,(04)23288582,2025,1,16,22,35,臺中市,沙鹿區,0,0,0,7,,,50,,,,,,,,,,,,,,17,,,,,B03,,,1,,2,,,8,8,1,6,4,120.566872,24.251585,3
7179,66000,387130000C,(04)23274275,(04)23288582,2025,1,16,22,43,臺中市,中區,0,1,0,7,1,6,30,3,1,1,5,4,6,6,4,4,5,5,5,2,16,3,10,3,1,B03,7,6,1,8,2,8,,59,59,1,12,4,120.674155,24.143669,2
7180,66000,387130000C,(04)23274275,(04)23288582,2025,1,16,22,44,臺中市,太平區,0,2,0,7,1,6,50,4,9,1,5,4,6,6,4,4,5,5,5,1,18,2,9,2,1,C03,7,9,2,19,2,12,,84,84,1,12,4,120.717583,24.129704,2
7181,66000,387130000C,(04)23274275,(04)23288582,2025,1,16,22,45,臺中市,北屯區,0,0,0,7,,,50,,,,,,,,,,,,,,,,,,,B03,,,1,,9,,,50,50,1,12,4,120.688395,24.176113,3
7182,66000,387130000C,(04)23274275,(04)23288582,2025,1,16,22,57,臺中市,沙鹿區,0,0,0,7,,,40,,,,,,,,,,,,,,,,,,,C03,,,1,,2,,,59,59,1,6,4,120.575431,24.227503,3
7183,66000,387130000C,(04)23274275,(04)23288582,2025,1,16,23,7,臺中市,沙鹿區,0,0,0,7,,,30,,,,,,,,,,,,,,14,,,,,B03,,,1,,1,,,49,49,1,6,4,120.572355,24.212588,3
7184,66000,387130000C,(04)23274275,(04)23288582,2025,1,16,23,19,臺中市,北區,0,2,0,7,1,6,50,13,9,1,5,4,6,6,4,4,5,4,5,2,12,2,7,1,1,C03,7,11,1,10,2,14,,39,39,1,12,4,120.678717,24.158891,2
7185,66000,387130000C,(04)23274275,(04)23288582,2025,1,16,23,24,臺中市,北區,0,1,0,7,3,6,50,4,2,1,5,4,6,6,1,1,3,2,5,2,18,2,9,5,4,F03,7,9,7,21,2,12,,84,84,1,13,4,120.676172,24.150283,2
7186,66000,387130000C,(04)23274275,(04)23288582,2025,1,16,23,25,臺中市,北屯區,0,1,0,7,1,6,50,13,9,1,5,4,6,6,4,4,4,3,4,2,17,2,9,2,1,C03,7,9,1,10,2,11,12,59,59,1,13,4,120.726732,24.178839,2
7187,66000,387130000C,(04)23274275,(04)23288582,2025,1,17,0,22,臺中市,北區,0,1,0,7,1,6,50,3,1,1,5,4,6,6,4,4,10,5,5,2,16,3,10,1,1,C03,7,6,1,10,2,12,,14,14,1,12,4,120.684136,24.148056,2
7188,66000,387130000C,(04)23274275,(04)23288582,2025,1,17,0,25,臺中市,西區,0,1,0,7,1,6,50,4,2,1,5,4,6,6,1,1,10,5,5,2,18,2,9,5,4,B03,7,9,1,8,2,1,,84,84,1,12,4,120.657587,24.157976,2
7189,66000,387130000C,(04)23274275,(04)23288582,2025,1,17,0,26,臺中市,西屯區,0,2,0,7,1,6,40,3,1,1,5,4,6,6,2,1,1,4,1,2,13,2,9,5,4,C03,7,9,1,10,2,11,,59,59,1,13,4,120.629007,24.162605,2
7190,66000,387130000C,(04)23274275,(04)23288582,2025,1,17,0,37,臺中市,東區,0,0,0,7,,,50,,,,,,,,,,,,,,,,,,,B03,,,1,,2,,,43,43,1,13,4,120.700516,24.134125,3
7191,66000,387130000C,(04)23274275,(04)23288582,2025,1,17,1,10,臺中市,太平區,0,1,0,7,1,6,50,4,1,1,5,4,6,6,1,1,10,5,5,2,30,2,9,1,1,C03,7,9,1,10,2,11,,84,84,1,12,4,120.714343,24.149312,2
7192,66000,387130000C,(04)23274275,(04)23288582,2025,1,17,1,45,臺中市,梧棲區,0,0,0,7,,,50,,,,,,,,,,,,,,27,,,,,B03,,,1,,2,,,59,59,1,6,4,120.54626,24.240114,3
7193,66000,387130000C,(04)23274275,(04)23288582,2025,1,17,1,46,臺中市,中區,0,0,0,7,,,40,,,,,,,,,,,,,,17,,,,,B03,,,1,,1,,,84,84,1,12,4,120.683678,24.141513,3
7194,66000,387130000C,(04)23274275,(04)23288582,2025,1,17,2,19,臺中市,北屯區,0,1,0,7,1,6,50,4,1,1,5,4,6,6,2,1,10,5,5,2,18,2,9,5,4,F01,7,9,7,21,1,11,12,84,84,1,13,1,120.681685,24.17266,2
7195,66000,387130000C,(04)23274275,(04)23288582,2025,1,17,2,28,臺中市,西屯區,0,0,0,6,,,60,,,,,,,,,,,,,,,,,,,B03,,,1,,1,,,8,8,1,13,4,120.641962,24.157603,3
7196,66000,387130000C,(04)23274275,(04)23288582,2025,1,17,3,3,臺中市,東區,0,1,0,7,1,6,50,4,2,1,5,4,6,6,4,4,5,5,5,1,12,2,9,3,1,B03,7,9,1,8,2,5,,55,55,1,12,4,120.704627,24.142307,2
7197,66000,387130000C,(04)23274275,(04)23288582,2025,1,17,4,1,臺中市,太平區,0,0,0,7,,,50,,,,,,,,,,,,,,17,,,,,B03,,,1,,2,,,84,84,1,12,4,120.713917,24.135633,3
7198,66000,387130000C,(04)23274275,(04)23288582,2025,1,17,4,32,臺中市,沙鹿區,0,1,0,7,2,6,30,11,9,1,5,4,6,6,4,4,10,5,5,2,18,2,8,1,1,C03,7,9,1,10,2,11,12,85,85,1,6,4,120.601532,24.23905,2
7199,66000,387130000C,(04)23274275,(04)23288582,2025,1,17,4,32,臺中市,后里區,0,1,0,7,1,6,50,4,1,1,5,4,6,6,3,1,5,5,4,2,15,3,10,3,1,B03,7,9,1,8,2,2,,24,24,1,12,4,120.712432,24.304058,2
7200,66000,387130000C,(04)23274275,(04)23288582,2025,1,17,4,48,臺中市,北屯區,0,0,0,7,,,50,,,,,,,,,,,,,,13,,,,,B03,,,1,,1,,,59,59,1,13,4,120.707547,24.18655,3
7201,66000,387130000C,(04)23274275,(04)23288582,2025,1,17,5,42,臺中市,龍井區,0,2,0,7,1,6,30,4,1,1,5,4,6,6,4,4,10,5,5,2,15,2,3,1,1,C03,7,9,1,10,2,11,,20,20,1,6,4,120.545495,24.201861,2
7202,66000,387130000C,(04)23274275,(04)23288582,2025,1,17,6,26,臺中市,西屯區,0,0,0,7,,,30,,,,,,,,,,,,,,21,,,,,B03,,,1,,2,,,59,59,1,13,4,120.652765,24.174684,3
7203,66000,387130000C,(04)23274275,(04)23288582,2025,1,17,7,0,臺中市,西屯區,0,2,0,7,3,6,50,3,1,1,5,4,6,6,4,4,8,5,5,2,17,2,9,5,4,C03,7,9,1,10,2,11,,59,59,1,13,4,120.618388,24.195459,2
7204,66000,387130000C,(04)23274275,(04)23288582,2025,1,17,7,3,臺中市,大雅區,0,2,0,7,3,6,30,5,1,1,5,4,6,6,4,4,10,5,5,2,17,2,9,2,1,C03,7,6,1,10,2,14,,20,20,1,12,4,120.644884,24.221448,2
7205,66000,387130000C,(04)23274275,(04)23288582,2025,1,17,7,11,臺中市,沙鹿區,0,1,0,7,2,6,40,13,12,1,5,4,6,6,4,4,3,4,4,2,18,2,9,1,1,C03,7,9,1,10,2,12,,84,84,1,13,4,120.602122,24.248879,2
7206,66000,387130000C,(04)23274275,(04)23288582,2025,1,17,7,12,臺中市,太平區,0,0,0,7,,,50,,,,,,,,,,,,,,16,,,,,C03,,,1,,2,,,45,45,1,6,4,120.712125,24.153201,3
7207,66000,387130000C,(04)23274275,(04)23288582,2025,1,17,7,15,臺中市,太平區,0,1,0,7,3,6,50,4,2,1,5,4,6,6,4,4,10,5,5,2,13,2,8,1,1,C03,7,9,1,10,2,11,,7,7,1,12,4,120.722956,24.149384,2
7208,66000,387130000C,(04)23274275,(04)23288582,2025,1,17,7,17,臺中市,大里區,0,0,0,7,,,30,,,,,,,,,,,,,,16,,,,,B03,,,1,,2,,,48,48,1,12,4,120.677307,24.096264,3
7209,66000,387130000C,(04)23274275,(04)23288582,2025,1,17,7,17,臺中市,大甲區,0,0,0,7,,,50,,,,,,,,,,,,,,,,,,,B03,,,1,,2,,,8,8,1,6,4,120.632428,24.34684,3
7210,66000,387130000C,(04)23274275,(04)23288582,2025,1,17,7,18,臺中市,霧峰區,0,0,0,7,,,50,,,,,,,,,,,,,,,,,,,C03,,,1,,2,,,1,1,1,12,4,120.69899,24.067809,3
7211,66000,387130000C,(04)23274275,(04)23288582,2025,1,17,7,19,臺中市,豐原區,0,1,0,7,3,6,50,13,7,1,5,4,6,6,4,4,5,4,4,2,17,2,5,5,4,C03,7,9,1,10,2,12,,34,34,1,13,4,120.716821,24.239079,2
7212,66000,387130000C,(04)23274275,(04)23288582,2025,1,17,7,19,臺中市,豐原區,0,2,0,7,2,6,30,3,1,1,5,4,6,6,4,4,10,5,5,1,16,2,7,1,4,C03,7,6,1,10,2,11,,12,12,1,13,4,120.725769,24.258246,2
7213,66000,387130000C,(04)23274275,(04)23288582,2025,1,17,7,20,臺中市,北屯區,0,1,0,7,3,6,50,5,1,1,5,4,6,6,1,1,10,5,5,2,15,3,10,2,1,C03,7,9,1,10,2,11,,21,21,1,6,4,120.694195,24.171069,2
7214,66000,387130000C,(04)23274275,(04)23288582,2025,1,17,7,20,臺中市,清水區,0,1,0,7,3,6,30,4,1,1,5,4,6,6,4,4,10,5,5,2,15,2,9,1,1,C03,7,9,3,19,2,12,,15,15,1,12,4,120.541896,24.270653,2
7215,66000,387130000C,(04)23274275,(04)23288582,2025,1,17,7,23,臺中市,北屯區,0,1,0,7,3,6,50,4,1,1,5,4,6,6,4,4,10,5,5,2,13,2,8,2,1,C03,7,9,1,9,2,11,,7,7,1,6,4,120.666969,24.192226,2
7216,66000,387130000C,(04)23274275,(04)23288582,2025,1,17,7,25,臺中市,北區,0,2,0,7,2,6,50,4,4,1,5,4,6,6,1,1,10,5,5,2,17,2,9,5,4,C03,7,9,1,10,2,11,,84,84,1,13,4,120.674926,24.162513,2
7217,66000,387130000C,(04)23274275,(04)23288582,2025,1,17,7,25,臺中市,南屯區,0,1,0,7,2,6,50,13,9,1,5,4,6,6,4,4,9,5,5,2,16,3,10,3,1,B03,7,6,1,8,2,8,,84,84,1,13,4,120.610289,24.141708,2
7218,66000,387130000C,(04)23274275,(04)23288582,2025,1,17,7,27,臺中市,豐原區,0,2,0,7,3,6,30,4,7,1,5,4,6,6,1,1,1,4,4,2,12,2,8,5,4,C03,7,5,1,10,2,14,,47,47,1,13,4,120.72672,24.238372,2
7219,66000,387130000C,(04)23274275,(04)23288582,2025,1,17,7,28,臺中市,豐原區,0,0,0,7,,,50,,,,,,,,,,,,,,13,,,,,C03,,,1,,2,,,7,7,1,13,4,120.722567,24.255913,3
7220,66000,387130000C,(04)23274275,(04)23288582,2025,1,17,7,29,臺中市,北屯區,0,1,0,7,2,6,50,13,9,1,5,4,6,6,4,4,1,4,5,2,13,2,8,2,1,C03,7,9,1,10,2,11,,7,7,1,12,4,120.721884,24.180915,2
7221,66000,387130000C,(04)23274275,(04)23288582,2025,1,17,7,31,臺中市,大甲區,0,0,0,7,,,40,,,,,,,,,,,,,,15,,,,,B03,,,1,,1,,,24,24,1,13,4,120.630359,24.346898,3
7222,66000,387130000C,(04)23274275,(04)23288582,2025,1,17,7,33,臺中市,梧棲區,0,0,0,7,,,40,,,,,,,,,,,,,,13,,,,,C03,,,1,,2,,,7,7,1,6,4,120.557998,24.24219,3
7223,66000,387130000C,(04)23274275,(04)23288582,2025,1,17,7,34,臺中市,西區,0,0,0,7,,,50,,,,,,,,,,,,,,,,,,,B03,,,1,,2,,,84,84,1,12,4,120.659687,24.157317,3
7224,66000,387130000C,(04)23274275,(04)23288582,2025,1,17,7,35,臺中市,北屯區,0,1,0,7,2,6,50,13,9,1,5,4,6,6,4,4,1,4,5,2,12,3,10,3,1,B03,7,9,1,8,2,2,,8,8,1,12,4,120.698996,24.182722,2
7225,66000,387130000C,(04)23274275,(04)23288582,2025,1,17,7,37,臺中市,北區,0,0,0,7,,,50,,,,,,,,,,,,,,12,,,,,C03,,,1,,2,,,40,40,1,13,4,120.683014,24.153569,3
7226,66000,387130000C,(04)23274275,(04)23288582,2025,1,17,7,37,臺中市,西屯區,0,0,0,7,,,40,,,,,,,,,,,,,,11,,,,,B03,,,1,,1,,,51,51,1,12,4,120.62074,24.171344,3
7227,66000,387130000C,(04)23274275,(04)23288582,2025,1,17,7,37,臺中市,神岡區,0,1,0,7,2,6,30,3,1,1,5,4,6,6,4,4,10,5,5,2,17,3,10,5,4,B03,7,6,1,8,2,8,,59,59,1,13,4,120.702411,24.272862,2
7228,66000,387130000C,(04)23274275,(04)23288582,2025,1,17,7,38,臺中市,西屯區,0,1,0,7,2,6,40,3,2,1,5,4,6,6,1,1,9,5,5,2,18,2,9,2,1,C03,7,5,1,10,2,12,,59,59,1,12,4,120.648767,24.168809,2
7229,66000,387130000C,(04)23274275,(04)23288582,2025,1,17,7,39,臺中市,南區,0,2,0,7,2,6,50,4,1,1,5,4,6,6,1,1,3,5,4,2,16,2,9,1,1,C03,7,6,1,10,2,12,,11,11,1,13,4,120.678708,24.13264,2
7230,66000,387130000C,(04)23274275,(04)23288582,2025,1,17,7,39,臺中市,大里區,0,1,0,7,2,6,50,4,2,2,5,4,6,6,2,1,5,5,5,1,17,3,10,1,1,C02,7,21,1,9,2,13,,85,85,1,6,4,120.669396,24.096986,2
7231,66000,387130000C,(04)23274275,(04)23288582,2025,1,17,7,40,臺中市,東區,0,2,0,7,3,6,50,13,12,1,5,4,6,6,4,4,5,5,4,2,17,2,8,5,4,C03,7,6,1,10,2,12,,39,39,1,12,4,120.693171,24.140533,2
7232,66000,387130000C,(04)23274275,(04)23288582,2025,1,17,7,40,臺中市,南屯區,0,0,0,7,,,50,,,,,,,,,,,,,,,,,,,F01,,,1,,1,,,48,48,1,2,4,120.61205,24.14569,3
7233,66000,387130000C,(04)23274275,(04)23288582,2025,1,17,7,40,臺中市,后里區,0,0,0,7,,,30,,,,,,,,,,,,,,15,,,,,C03,,,1,,2,,,15,15,1,12,4,120.72598,24.306137,3
7234,66000,387130000C,(04)23274275,(04)23288582,2025,1,17,7,40,臺中市,大甲區,0,1,0,7,3,6,40,13,9,1,5,4,6,6,4,4,8,1,5,2,12,3,10,3,1,B03,7,14,1,8,2,2,,76,76,1,12,4,120.647846,24.405714,2
7235,66000,387130000C,(04)23274275,(04)23288582,2025,1,17,7,41,臺中市,北區,0,0,0,7,,,50,,,,,,,,,,,,,,17,,,,,B03,,,6,,1,,,85,85,1,13,4,120.682794,24.146222,4
7236,66000,387130000C,(04)23274275,(04)23288582,2025,1,17,7,42,臺中市,大里區,0,4,0,7,2,6,50,13,9,1,5,4,6,6,4,4,3,4,4,1,13,2,9,1,1,C03,7,9,1,10,2,11,,84,84,1,12,4,120.681516,24.102945,2
7237,66000,387130000C,(04)23274275,(04)23288582,2025,1,17,7,42,臺中市,大里區,0,0,0,7,,,40,,,,,,,,,,,,,,17,,,,,C03,,,1,,1,,,7,7,1,6,4,120.701024,24.120921,3
7238,66000,387130000C,(04)23274275,(04)23288582,2025,1,17,7,42,臺中市,大甲區,0,0,0,7,,,60,,,,,,,,,,,,,,30,,,,,C03,,,7,,10,,,87,87,1,13,5,120.651818,24.382403,3
7239,66000,387130000C,(04)23274275,(04)23288582,2025,1,17,7,44,臺中市,北屯區,0,0,0,7,,,50,,,,,,,,,,,,,,,,,,,B03,,,1,,2,,,84,84,1,13,4,120.685657,24.17799,3
7240,66000,387130000C,(04)23274275,(04)23288582,2025,1,17,7,45,臺中市,西屯區,0,0,0,7,,,30,,,,,,,,,,,,,,14,,,,,B03,,,1,,1,,,50,50,1,12,4,120.61771,24.174011,3
7241,66000,387130000C,(04)23274275,(04)23288582,2025,1,17,7,45,臺中市,大甲區,0,0,0,7,,,50,,,,,,,,,,,,,,,,,,,C03,,,3,,1,,,7,7,1,6,4,120.630245,24.350469,3
7242,66000,387130000C,(04)23274275,(04)23288582,2025,1,17,7,46,臺中市,大肚區,0,1,0,7,2,6,50,3,1,1,5,4,6,6,2,1,5,5,5,2,16,2,9,2,1,C03,7,5,1,10,1,14,,7,7,1,6,4,120.574512,24.169838,2
7243,66000,387130000C,(04)23274275,(04)23288582,2025,1,17,7,47,臺中市,西屯區,0,1,0,7,3,6,50,4,9,1,5,4,6,6,2,1,5,4,5,2,13,3,10,3,1,B12,7,12,1,8,2,1,,59,59,1,12,4,120.650356,24.156559,2
7244,66000,387130000C,(04)23274275,(04)23288582,2025,1,17,7,48,臺中市,大雅區,0,0,0,7,2,6,60,13,9,1,5,4,6,6,1,1,1,4,5,1,13,3,10,3,1,B03,7,9,1,8,1,1,,7,7,1,13,4,120.662099,24.232532,3
7245,66000,387130000C,(04)23274275,(04)23288582,2025,1,17,7,51,臺中市,大里區,0,0,0,7,,,50,,,,,,,,,,,,,,13,,,,,C03,,,1,,2,,,7,7,1,6,4,120.681096,24.115092,4
7246,66000,387130000C,(04)23274275,(04)23288582,2025,1,17,7,52,臺中市,北區,0,1,0,7,2,6,50,4,4,1,5,4,6,6,1,1,1,2,5,2,17,2,9,5,4,C03,7,9,1,10,2,11,,84,84,1,13,4,120.685303,24.166815,2
7247,66000,387130000C,(04)23274275,(04)23288582,2025,1,17,7,52,臺中市,北屯區,0,2,0,7,2,6,50,4,1,1,5,4,6,6,4,4,4,5,5,2,15,2,7,1,1,C03,7,9,2,19,2,11,,12,12,1,6,4,120.679428,24.181803,2
7248,66000,387130000C,(04)23274275,(04)23288582,2025,1,17,7,52,臺中市,梧棲區,0,1,0,7,3,6,30,13,9,1,5,4,6,6,4,4,10,5,5,2,17,2,9,1,1,C03,7,9,1,10,2,11,,59,59,1,6,4,120.53647,24.223939,2
7249,66000,387130000C,(04)23274275,(04)23288582,2025,1,17,7,53,臺中市,沙鹿區,0,1,0,7,2,6,50,13,8,1,5,4,6,6,4,4,5,4,4,2,17,2,9,1,1,C03,7,7,1,10,2,11,,65,65,1,13,4,120.566192,24.233473,2
7250,66000,387130000C,(04)23274275,(04)23288582,2025,1,17,7,53,臺中市,豐原區,0,1,0,7,2,6,50,13,7,1,5,4,6,6,2,1,5,5,4,1,17,2,8,2,1,C03,7,1,1,10,9,14,,51,51,1,6,4,120.726793,24.247573,2
7251,66000,387130000C,(04)23274275,(04)23288582,2025,1,17,7,55,臺中市,西區,0,0,0,7,3,6,50,13,9,1,5,4,6,6,4,4,5,5,5,2,12,3,10,3,1,B12,7,5,1,8,2,2,,84,84,1,13,4,120.669715,24.141455,3
7252,66000,387130000C,(04)23274275,(04)23288582,2025,1,17,7,55,臺中市,北屯區,0,0,0,7,,,50,,,,,,,,,,,,,,12,,,,,B03,,,1,8,1,,,84,84,1,6,4,120.72064,24.161687,3
7253,66000,387130000C,(04)23274275,(04)23288582,2025,1,17,7,55,臺中市,神岡區,0,1,0,7,1,6,50,4,2,1,5,4,6,6,1,1,5,4,4,2,13,2,8,1,4,C03,7,9,1,10,2,11,,7,7,1,12,4,120.708962,24.259443,2
7254,66000,387130000C,(04)23274275,(04)23288582,2025,1,17,8,0,臺中市,北屯區,0,0,0,7,,,50,,,,,,,,,,,,,,11,,,,,B03,,,1,,1,,,39,39,1,6,4,120.705203,24.167648,3
7255,66000,387130000C,(04)23274275,(04)23288582,2025,1,17,8,0,臺中市,太平區,0,1,0,7,3,6,40,4,4,1,5,4,6,6,1,1,10,5,5,2,13,3,10,3,1,B03,7,9,1,8,2,1,,7,7,1,6,4,120.724721,24.14935,2
7256,66000,387130000C,(04)23274275,(04)23288582,2025,1,17,8,2,臺中市,霧峰區,0,1,0,7,2,6,50,4,1,1,5,4,6,6,1,1,10,5,5,2,13,3,10,3,1,B03,7,9,1,8,2,1,,7,7,1,12,4,120.690281,24.049065,2
7257,66000,387130000C,(04)23274275,(04)23288582,2025,1,17,8,3,臺中市,潭子區,0,0,0,7,,,50,,,,,,,,,,,,,,13,,,,,A12,,,1,,2,,,84,84,1,13,4,120.673664,24.206463,3
7258,66000,387130000C,(04)23274275,(04)23288582,2025,1,17,8,4,臺中市,豐原區,0,0,0,7,,,50,,,,,,,,,,,,,,,,,,,B03,,,1,,2,,,7,7,1,13,4,120.729409,24.256993,3