序號,縣市別代碼,機關代碼,市話,傳真,年,月,日,時,分,縣市,區,死亡數量,受傷數量,2-30,天候,道路照明設備,道路類別,道路速限,道路型態,事故位置,路面鋪裝,路面狀態,路面缺陷,障礙物,視距,號誌種類,號誌動作,分向設施,快車道或一般車道間,快慢車道間,路面邊線,事故類型及型態,受傷程度,主要傷處,保護裝備,行動電話或功能裝置,當事者區分(類別),車輛用途,當事者行動狀態,駕照狀態,駕照種類,飲酒情形,車輛撞擊部位最初,車輛撞擊部位其他,肇事因素個別,肇事因素主要,肇事逃逸,職業,共享經濟或外送平台,GPS座標X,GPS座標Y,事故類別
7481,66000,387130000C,(04)23274275,(04)23288582,2025,1,17,15,18,臺中市,南屯區,0,1,0,7,2,6,50,13,7,1,5,4,6,6,4,4,9,4,4,2,17,2,9,1,1,C03,7,11,1,10,2,14,,85,85,1,6,4,120.635323,24.149406,2
7482,66000,387130000C,(04)23274275,(04)23288582,2025,1,17,15,20,臺中市,北屯區,0,0,0,7,,,50,,,,,,,,,,,,,,14,,,,,B03,,,1,,2,,,49,49,1,6,4,120.695832,24.182513,3
7483,66000,387130000C,(04)23274275,(04)23288582,2025,1,17,15,25,臺中市,沙鹿區,0,0,0,7,,,50,,,,,,,,,,,,,,,,,,,C03,,,1,,1,,,48,48,1,6,4,120.566781,24.23694,3
7484,66000,387130000C,(04)23274275,(04)23288582,2025,1,17,15,29,臺中市,北屯區,0,0,0,7,,,50,,,,,,,,,,,,,,16,,,,,C03,,,1,,2,,,11,11,1,13,4,120.674582,24.202947,3
7485,66000,387130000C,(04)23274275,(04)23288582,2025,1,17,15,30,臺中市,西屯區,0,2,0,7,2,6,50,3,1,1,5,4,6,6,4,4,10,5,5,2,16,2,9,5,1,C04,7,6,1,10,2,12,,14,14,1,12,4,120.658802,24.164692,2
7486,66000,387130000C,(04)23274275,(04)23288582,2025,1,17,15,34,臺中市,神岡區,0,0,0,7,1,6,50,3,1,1,5,4,6,6,1,1,10,5,5,1,11,,,,,B03,,,1,,2,,,48,48,1,12,4,120.695515,24.236436,3
7487,66000,387130000C,(04)23274275,(04)23288582,2025,1,17,15,38,臺中市,龍井區,0,0,0,7,,,30,,,,,,,,,,,,,,12,,,,,B03,,,1,,1,,,8,8,1,12,4,120.574734,24.181434,3
7488,66000,387130000C,(04)23274275,(04)23288582,2025,1,17,15,38,臺中市,神岡區,0,1,0,7,2,6,50,4,1,1,5,4,6,6,4,4,10,5,5,2,17,3,10,5,4,B03,7,11,5,19,2,8,,45,45,1,13,4,120.674161,24.252637,2
7489,66000,387130000C,(04)23274275,(04)23288582,2025,1,17,15,39,臺中市,大里區,0,0,0,7,,,30,,,,,,,,,,,,,,,,,,,B03,,,1,,1,,,49,49,1,13,4,120.713927,24.099306,3
7490,66000,387130000C,(04)23274275,(04)23288582,2025,1,17,15,40,臺中市,北屯區,0,1,0,7,2,6,50,13,9,1,5,4,6,6,4,4,5,4,5,1,12,3,10,3,1,B03,7,9,1,8,2,5,,84,84,1,12,4,120.708077,24.170404,2
7491,66000,387130000C,(04)23274275,(04)23288582,2025,1,17,15,42,臺中市,大里區,0,0,0,7,,,50,,,,,,,,,,,,,,,,,,,B03,,,1,,2,,,84,84,1,6,4,120.703571,24.092108,3
7492,66000,387130000C,(04)23274275,(04)23288582,2025,1,17,15,42,臺中市,后里區,0,1,0,7,2,6,50,13,9,1,5,4,6,6,4,4,1,4,5,1,14,3,10,3,1,B03,7,2,1,8,2,7,,49,49,1,6,4,120.709554,24.304859,2
7493,66000,387130000C,(04)23274275,(04)23288582,2025,1,17,15,43,臺中市,新社區,0,1,0,7,2,6,50,11,9,1,5,4,6,6,4,4,5,5,5,1,17,2,1,3,1,B03,7,9,1,7,2,5,,84,84,1,12,4,120.806658,24.256077,2
7494,66000,387130000C,(04)23274275,(04)23288582,2025,1,17,15,44,臺中市,西屯區,0,1,0,7,2,6,30,11,9,1,5,4,6,6,4,4,10,5,5,2,11,2,8,1,1,C03,7,9,1,10,2,12,14,84,84,1,12,4,120.660893,24.17437,2
7495,66000,387130000C,(04)23274275,(04)23288582,2025,1,17,15,44,臺中市,龍井區,0,0,0,7,,,60,,,,,,,,,,,,,,13,,,,,B03,,,1,,1,,,7,7,1,12,4,120.585491,24.186197,3
7496,66000,387130000C,(04)23274275,(04)23288582,2025,1,17,15,45,臺中市,南屯區,0,1,0,7,2,9,50,4,1,1,5,4,6,6,2,1,5,5,5,2,13,2,8,3,1,B03,7,9,1,8,2,5,,7,7,1,12,4,120.643792,24.127905,2
7497,66000,387130000C,(04)23274275,(04)23288582,2025,1,17,15,47,臺中市,北屯區,0,0,0,7,,,50,,,,,,,,,,,,,,12,,,,,B03,,,1,,1,,,8,8,1,12,4,120.686284,24.189224,3
7498,66000,387130000C,(04)23274275,(04)23288582,2025,1,17,15,47,臺中市,龍井區,0,0,0,7,,,50,,,,,,,,,,,,,,13,,,,,B03,,,1,,2,,,7,7,1,6,4,120.585298,24.184784,3
7499,66000,387130000C,(04)23274275,(04)23288582,2025,1,17,15,48,臺中市,大里區,0,0,0,7,,,50,,,,,,,,,,,,,,14,,,,,B03,,,1,,9,,,49,49,2,13,4,120.680552,24.110287,3
7500,66000,387130000C,(04)23274275,(04)23288582,2025,1,17,15,49,臺中市,北區,0,2,0,7,3,6,50,13,5,1,5,4,6,6,4,4,1,4,5,2,3,2,9,1,1,C03,7,9,3,19,2,15,,84,84,1,13,4,120.671606,24.17219,2
7501,66000,387130000C,(04)23274275,(04)23288582,2025,1,17,15,50,臺中市,北屯區,0,0,0,7,,,50,,,,,,,,,,,,,,16,,,,,B03,,,1,,1,,,14,14,1,13,4,120.725303,24.180803,4
7502,66000,387130000C,(04)23274275,(04)23288582,2025,1,17,15,51,臺中市,北區,0,1,0,7,2,6,50,4,1,1,5,4,6,6,1,1,10,5,5,2,17,3,10,3,1,B03,7,15,5,8,2,5,,84,84,1,12,4,120.686662,24.16309,2
7503,66000,387130000C,(04)23274275,(04)23288582,2025,1,17,15,53,臺中市,大雅區,0,0,0,7,,,,,,,,,,,,,,,,,16,,,,,,,,,,,,,39,39,2,,,120.653946,24.230101,3
7504,66000,387130000C,(04)23274275,(04)23288582,2025,1,17,15,53,臺中市,北屯區,0,1,0,7,2,6,50,4,2,1,5,4,6,6,2,1,1,4,5,1,13,3,10,1,1,C03,7,9,1,10,2,11,,84,84,1,12,4,120.702429,24.164764,2
7505,66000,387130000C,(04)23274275,(04)23288582,2025,1,17,15,55,臺中市,西屯區,0,0,0,7,,,40,,,,,,,,,,,,,,17,,,,,C03,,,1,,2,,,59,59,1,13,4,120.643824,24.156618,3
7506,66000,387130000C,(04)23274275,(04)23288582,2025,1,17,15,55,臺中市,豐原區,0,1,0,7,2,6,50,3,1,1,5,4,6,6,4,4,5,4,5,1,16,3,10,3,1,B12,7,6,1,8,2,8,,12,12,1,12,4,120.721652,24.271519,2
7507,66000,387130000C,(04)23274275,(04)23288582,2025,1,17,15,56,臺中市,北屯區,0,0,0,7,,,50,,,,,,,,,,,,,,,,,,,C03,,,1,,1,,,8,8,1,12,4,120.724595,24.172183,3
7508,66000,387130000C,(04)23274275,(04)23288582,2025,1,17,15,58,臺中市,豐原區,0,1,0,7,3,6,50,13,9,1,5,4,6,6,4,4,5,5,5,2,17,2,9,1,4,C03,7,1,5,10,9,14,,51,51,2,12,4,120.71244,24.249076,2
7509,66000,387130000C,(04)23274275,(04)23288582,2025,1,17,16,0,臺中市,西區,0,1,0,7,2,6,50,13,9,1,5,4,6,6,4,4,5,4,5,2,12,2,9,1,1,C03,7,7,1,10,1,12,,40,40,1,13,4,120.652867,24.148098,2
7510,66000,387130000C,(04)23274275,(04)23288582,2025,1,17,16,0,臺中市,北區,0,0,0,7,,,50,,,,,,,,,,,,,,13,,,,,B03,,,1,,1,,,59,59,1,12,4,120.671639,24.173359,3
7511,66000,387130000C,(04)23274275,(04)23288582,2025,1,17,16,0,臺中市,沙鹿區,0,0,0,7,,,40,,,,,,,,,,,,,,17,,,,,A12,,,1,,2,,,8,8,1,6,4,120.564336,24.238399,3
7512,66000,387130000C,(04)23274275,(04)23288582,2025,1,17,16,8,臺中市,豐原區,0,2,0,7,2,6,50,3,2,1,5,4,3,6,4,4,10,5,5,2,16,3,10,3,1,B03,7,5,1,8,2,8,,14,14,1,12,4,120.715807,24.240011,2
7513,66000,387130000C,(04)23274275,(04)23288582,2025,1,17,16,9,臺中市,沙鹿區,0,1,0,7,2,6,50,3,1,1,5,4,6,6,4,4,10,3,5,2,16,2,9,4,1,F01,7,9,7,21,2,14,,39,39,1,4,4,120.561418,24.240562,2
7514,66000,387130000C,(04)23274275,(04)23288582,2025,1,17,16,13,臺中市,太平區,0,1,0,7,3,6,50,3,1,1,5,4,6,6,4,4,10,5,5,2,16,2,9,6,1,F01,7,1,7,21,2,11,,51,51,1,12,4,120.716384,24.116994,2
7515,66000,387130000C,(04)23274275,(04)23288582,2025,1,17,16,15,臺中市,大雅區,0,0,0,7,,,30,,,,,,,,,,,,,,14,,,,,B12,,,1,,2,,,49,49,1,12,4,120.640675,24.234239,3
7516,66000,387130000C,(04)23274275,(04)23288582,2025,1,17,16,17,臺中市,烏日區,0,0,0,7,,,50,,,,,,,,,,,,,,13,,,,,B12,,,1,,1,,,7,7,1,6,4,120.624607,24.104165,3
7517,66000,387130000C,(04)23274275,(04)23288582,2025,1,17,16,19,臺中市,北區,0,0,0,7,,,30,,,,,,,,,,,,,,,,,,,C02,,,1,,9,,,84,84,1,12,4,120.688914,24.162261,3
7518,66000,387130000C,(04)23274275,(04)23288582,2025,1,17,16,20,臺中市,大甲區,0,0,0,7,,,40,,,,,,,,,,,,,,,,,,,B03,,,1,,2,,,11,11,1,12,4,120.618638,24.33923,3
7519,66000,387130000C,(04)23274275,(04)23288582,2025,1,17,16,22,臺中市,北區,0,2,0,7,2,6,50,4,1,1,5,4,6,6,1,1,10,5,5,2,16,3,10,3,1,B12,7,6,1,8,2,1,,11,11,1,12,4,120.675027,24.161684,2
7520,66000,387130000C,(04)23274275,(04)23288582,2025,1,17,16,23,臺中市,南屯區,0,0,0,7,,,50,,,,,,,,,,,,,,17,,,,,C03,,,1,,9,,,85,85,1,6,4,120.640417,24.148367,3
7521,66000,387130000C,(04)23274275,(04)23288582,2025,1,17,16,24,臺中市,北屯區,0,1,0,7,3,6,50,3,1,1,5,4,6,6,4,4,10,5,5,2,15,3,10,1,1,C03,7,9,1,8,2,11,,20,20,1,12,4,120.692744,24.172,2
7522,66000,387130000C,(04)23274275,(04)23288582,2025,1,17,16,25,臺中市,大雅區,0,1,0,7,2,6,30,4,1,1,5,4,6,6,4,4,10,5,5,2,17,2,9,1,1,C03,7,9,1,10,2,11,,85,85,1,12,4,120.660135,24.226939,2
7523,66000,387130000C,(04)23274275,(04)23288582,2025,1,17,16,25,臺中市,梧棲區,0,1,0,7,2,6,50,3,1,1,5,4,6,6,4,4,5,4,5,1,16,3,10,3,1,B03,7,5,1,8,2,7,,12,12,1,12,4,120.551128,24.251248,2
7524,66000,387130000C,(04)23274275,(04)23288582,2025,1,17,16,25,臺中市,后里區,0,0,0,7,3,6,50,13,7,1,5,4,6,6,4,4,9,4,4,1,17,3,10,3,1,B03,7,1,1,8,10,5,,8,8,1,6,4,120.723691,24.308912,3
7525,66000,387130000C,(04)23274275,(04)23288582,2025,1,17,16,26,臺中市,梧棲區,0,1,0,7,2,6,40,3,1,1,5,4,6,6,1,1,1,4,1,1,16,3,10,3,1,B03,7,5,1,8,2,2,6,11,11,1,12,4,120.532467,24.241671,2
7526,66000,387130000C,(04)23274275,(04)23288582,2025,1,17,16,27,臺中市,南屯區,0,0,0,7,,,50,,,,,,,,,,,,,,13,,,,,B03,,,1,,1,,,7,7,1,6,4,120.634432,24.155706,4
7527,66000,387130000C,(04)23274275,(04)23288582,2025,1,17,16,29,臺中市,北屯區,0,1,0,7,2,6,50,4,1,1,5,4,6,6,4,4,10,5,5,2,15,3,10,3,1,B03,7,9,1,8,2,2,,15,15,1,6,4,120.701879,24.167529,2
7528,66000,387130000C,(04)23274275,(04)23288582,2025,1,17,16,30,臺中市,西區,0,1,0,7,1,6,50,4,2,1,5,4,6,6,1,1,5,5,5,2,17,3,10,5,4,B03,7,7,1,8,2,5,,40,40,1,12,4,120.653004,24.152332,2
7529,66000,387130000C,(04)23274275,(04)23288582,2025,1,17,16,32,臺中市,南屯區,0,1,0,7,2,6,50,10,8,1,5,4,6,6,4,4,1,3,4,1,13,3,10,3,1,B03,7,8,1,8,2,3,,40,40,1,12,4,120.623033,24.140267,2
7530,66000,387130000C,(04)23274275,(04)23288582,2025,1,17,16,35,臺中市,東勢區,0,0,0,7,,,50,,,,,,,,,,,,,,,,,,,B12,,,1,,1,,,84,84,1,12,4,120.784826,24.311296,3
7531,66000,387130000C,(04)23274275,(04)23288582,2025,1,17,16,39,臺中市,沙鹿區,0,1,0,7,2,6,50,13,9,1,5,4,6,6,4,4,5,5,5,2,12,2,9,2,1,C03,7,4,1,10,2,12,,84,84,1,6,4,120.574249,24.228208,2
7532,66000,387130000C,(04)23274275,(04)23288582,2025,1,17,16,40,臺中市,西屯區,0,1,0,7,2,6,30,3,1,1,5,4,6,6,1,1,5,5,5,2,18,2,9,2,1,C03,7,9,1,10,2,11,,59,59,1,12,4,120.665866,24.175294,2
7533,66000,387130000C,(04)23274275,(04)23288582,2025,1,17,16,41,臺中市,神岡區,0,1,0,7,1,6,30,3,1,1,5,4,6,6,4,4,10,5,5,1,16,3,10,3,1,B03,7,5,1,8,8,8,,14,14,1,12,4,120.653226,24.27555,2
7534,66000,387130000C,(04)23274275,(04)23288582,2025,1,17,16,43,臺中市,沙鹿區,0,1,0,7,3,6,50,13,9,1,5,4,6,6,4,4,9,5,5,2,13,2,9,1,1,C03,7,9,1,10,2,11,,7,7,1,6,4,120.571554,24.199,2
7535,66000,387130000C,(04)23274275,(04)23288582,2025,1,17,16,45,臺中市,大雅區,0,0,0,7,,,30,,,,,,,,,,,,,,,,,,,B03,,,1,,2,,,84,84,1,13,4,120.647925,24.224254,3
7536,66000,387130000C,(04)23274275,(04)23288582,2025,1,17,16,45,臺中市,北屯區,0,1,0,7,2,6,50,3,1,5,5,4,6,6,4,4,10,5,5,2,16,3,10,3,1,B03,7,6,1,8,2,1,,14,14,1,12,4,120.710008,24.183827,2
7537,66000,387130000C,(04)23274275,(04)23288582,2025,1,17,16,45,臺中市,霧峰區,0,2,0,7,2,6,30,4,1,1,5,4,6,6,4,4,10,5,5,1,15,2,9,2,1,C03,7,9,1,10,2,11,,15,15,1,13,4,120.674624,24.024484,2
7538,66000,387130000C,(04)23274275,(04)23288582,2025,1,17,16,45,臺中市,大甲區,0,1,0,7,3,6,60,3,9,1,5,4,6,6,4,4,5,4,5,1,30,2,1,3,1,B03,7,9,1,8,2,1,,43,43,1,12,4,120.631855,24.392057,2
7539,66000,387130000C,(04)23274275,(04)23288582,2025,1,17,16,46,臺中市,沙鹿區,0,2,0,7,2,6,40,3,1,1,5,4,6,6,1,1,10,5,5,2,17,2,8,1,1,C03,7,9,1,10,2,11,14,7,7,1,6,4,120.575738,24.227118,2
7540,66000,387130000C,(04)23274275,(04)23288582,2025,1,17,16,48,臺中市,西區,0,0,0,7,2,6,60,13,7,1,5,4,6,6,4,4,3,4,3,2,13,,,,,B03,,,1,,1,,,84,84,1,13,4,120.667889,24.152592,3
7541,66000,387130000C,(04)23274275,(04)23288582,2025,1,17,16,48,臺中市,南屯區,0,2,0,7,2,6,50,13,9,1,5,4,6,6,4,4,5,5,5,2,1,2,3,1,1,C03,7,9,1,10,9,11,,59,59,1,6,4,120.610148,24.138601,2
7542,66000,387130000C,(04)23274275,(04)23288582,2025,1,17,16,49,臺中市,西區,0,1,0,7,2,6,50,4,1,1,5,4,6,6,2,1,5,4,5,1,16,3,10,2,1,C03,7,6,2,19,2,11,,36,36,1,13,4,120.652997,24.146726,2
7543,66000,387130000C,(04)23274275,(04)23288582,2025,1,17,16,50,臺中市,潭子區,0,0,0,7,,,0,,,,,,,,,,,,,,,,,,,,,,,,,,,86,86,1,,,120.705246,24.212331,3
7544,66000,387130000C,(04)23274275,(04)23288582,2025,1,17,16,53,臺中市,沙鹿區,0,1,0,7,2,6,50,4,1,1,5,4,6,6,4,4,10,5,5,2,16,3,10,4,1,B03,7,6,1,8,2,8,,14,14,1,7,4,120.578633,24.214828,2
7545,66000,387130000C,(04)23274275,(04)23288582,2025,1,17,16,54,臺中市,西屯區,0,0,0,7,,,50,,,,,,,,,,,,,,13,,,,,B03,,,1,,1,,,84,84,1,12,4,120.655038,24.157382,3
7546,66000,387130000C,(04)23274275,(04)23288582,2025,1,17,16,55,臺中市,西屯區,0,0,0,7,,,50,,,,,,,,,,,,,,12,,,,,B12,,,1,,2,,,40,40,1,13,4,120.647004,24.173712,4
7547,66000,387130000C,(04)23274275,(04)23288582,2025,1,17,16,59,臺中市,南區,0,1,0,7,2,6,30,3,1,1,5,4,6,6,4,4,10,5,5,2,16,3,10,3,1,B03,7,6,1,8,2,8,,14,14,1,12,4,120.668644,24.11594,2
7548,66000,387130000C,(04)23274275,(04)23288582,2025,1,17,17,0,臺中市,豐原區,0,1,0,7,2,6,50,3,1,1,5,4,6,6,1,1,1,5,4,2,16,3,10,3,1,B03,7,5,1,8,2,2,,47,47,1,12,4,120.709457,24.248458,2
7549,66000,387130000C,(04)23274275,(04)23288582,2025,1,17,17,4,臺中市,西屯區,0,1,0,7,2,6,50,4,1,1,5,4,6,6,4,4,10,5,5,2,15,3,10,1,1,C03,7,9,1,10,1,11,14,15,15,1,5,4,120.64221,24.175528,2
7550,66000,387130000C,(04)23274275,(04)23288582,2025,1,17,17,6,臺中市,北區,0,0,0,7,,,30,,,,,,,,,,,,,,17,,,,,B03,,,1,,9,,,8,8,1,13,4,120.683009,24.158457,3
7551,66000,387130000C,(04)23274275,(04)23288582,2025,1,17,17,6,臺中市,大甲區,0,1,0,7,3,6,40,13,9,1,5,4,6,6,4,4,8,3,5,1,13,3,10,3,1,B03,7,9,1,8,2,5,,7,7,1,12,4,120.626557,24.34987,2
7552,66000,387130000C,(04)23274275,(04)23288582,2025,1,17,17,9,臺中市,龍井區,0,1,0,7,2,6,50,4,1,1,5,4,6,6,4,4,10,5,5,2,16,2,9,1,1,C03,7,4,1,10,2,12,,1,1,1,12,4,120.519794,24.217525,2
7553,66000,387130000C,(04)23274275,(04)23288582,2025,1,17,17,10,臺中市,北屯區,0,0,0,7,,,50,,,,,,,,,,,,,,,,,,,B03,,,1,,1,,,50,50,1,12,4,120.719034,24.162008,3
7554,66000,387130000C,(04)23274275,(04)23288582,2025,1,17,17,11,臺中市,西區,0,0,0,7,,,50,,,,,,,,,,,,,,,,,,,B03,,,1,,1,,,51,51,1,12,4,120.655142,24.146399,3
7555,66000,387130000C,(04)23274275,(04)23288582,2025,1,17,17,11,臺中市,烏日區,0,0,0,7,,,50,,,,,,,,,,,,,,,,,,,B03,,,1,,2,,,43,43,1,6,4,120.618302,24.111618,3
7556,66000,387130000C,(04)23274275,(04)23288582,2025,1,17,17,15,臺中市,中區,0,0,0,7,,,50,,,,,,,,,,,,,,13,,,,,C03,,,1,10,2,,,7,7,1,13,4,120.679497,24.142426,3
7557,66000,387130000C,(04)23274275,(04)23288582,2025,1,17,17,15,臺中市,大里區,0,2,0,7,2,6,50,13,9,1,5,4,6,6,4,4,5,4,5,1,16,2,9,1,1,C03,7,11,1,9,2,11,,46,46,1,12,4,120.689791,24.109903,2
7558,66000,387130000C,(04)23274275,(04)23288582,2025,1,17,17,17,臺中市,豐原區,0,1,0,7,3,6,20,3,1,1,5,4,6,6,4,4,10,5,5,2,17,3,10,5,4,B03,7,1,1,8,2,8,,51,51,1,12,4,120.718308,24.237865,2
7559,66000,387130000C,(04)23274275,(04)23288582,2025,1,17,17,18,臺中市,西屯區,0,1,0,7,1,6,30,4,1,1,5,4,6,6,4,4,10,5,4,1,15,2,9,1,1,F03,7,9,7,21,2,14,,13,13,1,12,4,120.655107,24.17234,2
7560,66000,387130000C,(04)23274275,(04)23288582,2025,1,17,17,19,臺中市,潭子區,0,2,0,7,2,6,50,13,9,1,5,4,6,6,4,4,5,5,5,1,12,2,8,1,1,C03,7,9,3,19,2,12,,85,85,1,13,4,120.713806,24.223165,2
7561,66000,387130000C,(04)23274275,(04)23288582,2025,1,17,17,19,臺中市,北區,0,2,0,7,2,6,50,4,1,1,5,4,6,6,4,4,10,5,5,2,15,2,9,1,1,C03,7,9,1,10,2,12,,15,15,1,12,4,120.675109,24.17239,2
7562,66000,387130000C,(04)23274275,(04)23288582,2025,1,17,17,20,臺中市,西屯區,0,2,0,7,2,6,40,4,1,1,5,4,6,6,1,1,5,5,5,2,15,2,9,2,1,C03,7,9,1,10,2,11,,85,85,1,12,4,120.656893,24.168609,2
7563,66000,387130000C,(04)23274275,(04)23288582,2025,1,17,17,20,臺中市,烏日區,0,0,0,7,,,50,,,,,,,,,,,,,,,,,,,C03,,,1,,2,,,4,4,1,13,4,120.646781,24.085953,4
7564,66000,387130000C,(04)23274275,(04)23288582,2025,1,17,17,20,臺中市,豐原區,0,2,0,7,2,6,50,5,2,1,5,4,6,6,2,1,5,5,4,2,11,2,9,1,1,C03,7,5,1,10,2,11,,11,11,1,12,4,120.707285,24.244189,2
7565,66000,387130000C,(04)23274275,(04)23288582,2025,1,17,17,21,臺中市,梧棲區,0,0,0,7,,,50,,,,,,,,,,,,,,17,,,,,B12,,,1,,2,,,43,43,1,6,4,120.539485,24.25705,3
7566,66000,387130000C,(04)23274275,(04)23288582,2025,1,17,17,23,臺中市,南屯區,0,0,0,7,,,50,,,,,,,,,,,,,,13,,,,,B03,,,1,,1,,,59,59,1,6,4,120.624447,24.145431,3
7567,66000,387130000C,(04)23274275,(04)23288582,2025,1,17,17,23,臺中市,大里區,0,1,0,7,3,6,50,13,9,1,5,4,6,6,4,4,5,5,5,1,6,2,9,6,5,H01,8,18,7,21,10,17,,98,98,1,13,5,120.678308,24.10787,2
7568,66000,387130000C,(04)23274275,(04)23288582,2025,1,17,17,27,臺中市,北區,0,0,0,7,,,50,,,,,,,,,,,,,,13,,,,,B03,,,1,,1,,,59,59,1,12,4,120.680789,24.149322,3
7569,66000,387130000C,(04)23274275,(04)23288582,2025,1,17,17,27,臺中市,西屯區,0,1,0,7,1,6,50,13,7,1,5,4,6,6,4,4,5,4,4,2,13,3,10,5,1,B03,7,9,1,8,2,1,,59,59,1,12,4,120.655099,24.176111,2
7570,66000,387130000C,(04)23274275,(04)23288582,2025,1,17,17,30,臺中市,大肚區,0,0,0,7,,,60,,,,,,,,,,,,,,12,,,,,B03,,,1,,2,,,20,20,1,12,4,120.58282,24.168509,4
7571,66000,387130000C,(04)23274275,(04)23288582,2025,1,17,17,33,臺中市,北屯區,0,0,0,7,,,50,,,,,,,,,,,,,,,,,,,C03,,,1,,1,,,84,84,1,12,4,120.702912,24.186447,3
7572,66000,387130000C,(04)23274275,(04)23288582,2025,1,17,17,33,臺中市,龍井區,0,0,0,7,,,50,,,,,,,,,,,,,,,,,,,F02,,,7,,1,,,48,48,1,12,4,120.537024,24.20021,3
7573,66000,387130000C,(04)23274275,(04)23288582,2025,1,17,17,35,臺中市,西區,0,1,0,7,1,6,40,4,1,1,5,4,6,6,1,1,10,5,5,2,30,2,9,3,1,B12,7,9,1,8,2,5,,84,84,1,13,4,120.666927,24.153191,2
7574,66000,387130000C,(04)23274275,(04)23288582,2025,1,17,17,35,臺中市,南屯區,0,2,0,7,1,6,50,3,1,1,5,4,6,6,4,4,10,5,5,2,13,2,9,5,4,C03,7,9,1,10,2,12,,7,7,1,6,4,120.649797,24.151606,2
7575,66000,387130000C,(04)23274275,(04)23288582,2025,1,17,17,35,臺中市,南屯區,0,0,0,7,,,50,,,,,,,,,,,,,,13,,,,,B03,,,1,,1,,,59,59,1,12,4,120.636798,24.153605,3
7576,66000,387130000C,(04)23274275,(04)23288582,2025,1,17,17,36,臺中市,東區,0,1,0,7,2,6,50,4,1,1,5,4,6,6,2,1,10,5,5,2,17,3,10,1,1,C03,7,10,1,10,2,12,,20,20,1,12,4,120.697296,24.147958,2
7577,66000,387130000C,(04)23274275,(04)23288582,2025,1,17,17,38,臺中市,北區,0,2,0,7,1,6,50,4,2,1,5,4,6,6,1,1,5,4,5,2,17,2,9,5,1,C03,7,9,1,8,2,11,13,7,7,1,13,4,120.666479,24.158977,2
7578,66000,387130000C,(04)23274275,(04)23288582,2025,1,17,17,38,臺中市,南屯區,0,0,0,7,,,50,,,,,,,,,,,,,,,,,,,B01,,,1,,1,,,76,76,1,6,4,120.621801,24.136134,3
7579,66000,387130000C,(04)23274275,(04)23288582,2025,1,17,17,39,臺中市,西區,0,1,0,7,1,6,50,4,1,1,5,4,6,6,4,4,5,4,4,2,16,3,10,3,1,B01,7,6,1,1,2,2,,11,11,1,12,4,120.665236,24.150203,2
7580,66000,387130000C,(04)23274275,(04)23288582,2025,1,17,17,41,臺中市,大雅區,0,0,0,7,,,50,,,,,,,,,,,,,,12,,,,,B12,,,1,,1,,,84,84,1,12,4,120.669083,24.216022,3
7581,66000,387130000C,(04)23274275,(04)23288582,2025,1,17,17,41,臺中市,太平區,0,0,0,7,,,80,,,,,,,,,,,,,,13,,,,,B03,,,1,,1,,,84,84,1,12,4,120.710725,24.141557,3
7582,66000,387130000C,(04)23274275,(04)23288582,2025,1,17,17,41,臺中市,烏日區,0,2,0,7,1,6,70,13,8,1,5,4,6,6,4,4,1,4,4,1,12,2,8,1,1,C03,7,1,1,10,2,14,,51,51,1,6,4,120.605463,24.109141,2
7583,66000,387130000C,(04)23274275,(04)23288582,2025,1,17,17,42,臺中市,西屯區,0,0,0,7,,,50,,,,,,,,,,,,,,12,,,,,C03,,,1,,1,,,59,59,1,12,4,120.643807,24.170651,3
7584,66000,387130000C,(04)23274275,(04)23288582,2025,1,17,17,42,臺中市,大里區,0,2,0,7,1,6,50,3,1,1,5,4,6,6,4,4,10,5,5,2,16,2,7,1,1,C03,7,6,1,10,2,11,,84,84,1,6,4,120.672009,24.088599,2
7585,66000,387130000C,(04)23274275,(04)23288582,2025,1,17,17,42,臺中市,豐原區,0,1,0,7,1,6,50,4,1,1,5,4,6,6,1,1,5,5,5,2,16,3,10,5,4,B03,7,6,3,19,2,2,,34,34,1,12,4,120.719133,24.248088,2
7586,66000,387130000C,(04)23274275,(04)23288582,2025,1,17,17,43,臺中市,北屯區,0,1,0,7,1,6,50,13,9,1,5,4,6,6,4,4,1,4,5,1,24,,,,,,,,,,,,,112,112,1,,,120.686514,24.198726,2
7587,66000,387130000C,(04)23274275,(04)23288582,2025,1,17,17,44,臺中市,北屯區,0,0,0,7,,,50,,,,,,,,,,,,,,12,,,,,B03,,,1,,1,,,8,8,1,12,4,120.710719,24.18224,3
7588,66000,387130000C,(04)23274275,(04)23288582,2025,1,17,17,45,臺中市,西屯區,0,0,0,7,,,40,,,,,,,,,,,,,,14,,,,,B03,,,1,,1,,,49,49,1,12,4,120.609649,24.185455,3
7589,66000,387130000C,(04)23274275,(04)23288582,2025,1,17,17,45,臺中市,西屯區,0,0,0,7,,,30,,,,,,,,,,,,,,,,,,,B03,,,1,,2,,,8,8,1,12,4,120.63719,24.182501,3
7590,66000,387130000C,(04)23274275,(04)23288582,2025,1,17,17,45,臺中市,西屯區,0,1,0,7,1,6,40,13,8,1,5,4,6,6,4,4,3,5,3,2,13,2,9,5,1,C03,7,9,1,10,1,11,,58,58,1,12,4,120.637569,24.159119,2