序號,縣市別代碼,機關代碼,市話,傳真,年,月,日,時,分,縣市,區,死亡數量,受傷數量,2-30,天候,道路照明設備,道路類別,道路速限,道路型態,事故位置,路面鋪裝,路面狀態,路面缺陷,障礙物,視距,號誌種類,號誌動作,分向設施,快車道或一般車道間,快慢車道間,路面邊線,事故類型及型態,受傷程度,主要傷處,保護裝備,行動電話或功能裝置,當事者區分(類別),車輛用途,當事者行動狀態,駕照狀態,駕照種類,飲酒情形,車輛撞擊部位最初,車輛撞擊部位其他,肇事因素個別,肇事因素主要,肇事逃逸,職業,共享經濟或外送平台,GPS座標X,GPS座標Y,事故類別
7591,66000,387130000C,(04)23274275,(04)23288582,2025,1,17,17,45,臺中市,豐原區,0,1,0,7,1,6,40,13,8,1,5,4,6,6,4,4,5,5,4,2,17,2,9,1,4,C03,7,9,1,10,2,14,,84,84,1,12,4,120.714889,24.250231,2
7592,66000,387130000C,(04)23274275,(04)23288582,2025,1,17,17,45,臺中市,豐原區,0,1,0,7,1,6,30,13,9,1,5,4,6,6,4,4,10,5,5,2,17,2,9,1,4,C03,7,9,3,19,2,11,,84,84,1,12,4,120.71119,24.252131,2
7593,66000,387130000C,(04)23274275,(04)23288582,2025,1,17,17,46,臺中市,東區,0,0,0,7,1,6,50,3,1,1,5,4,6,6,2,1,5,5,5,2,13,3,10,3,1,B03,7,9,1,8,8,1,,53,53,1,6,4,120.702876,24.125403,3
7594,66000,387130000C,(04)23274275,(04)23288582,2025,1,17,17,46,臺中市,沙鹿區,0,1,0,7,1,6,50,3,1,1,5,4,6,6,1,1,10,5,5,2,16,3,10,3,1,B12,7,5,1,8,2,5,,39,39,1,6,4,120.556112,24.212822,2
7595,66000,387130000C,(04)23274275,(04)23288582,2025,1,17,17,47,臺中市,南屯區,0,1,0,7,1,6,50,5,1,1,5,4,6,6,2,1,10,5,5,2,10,2,9,2,4,C03,7,9,1,10,2,11,,84,84,1,6,4,120.646641,24.142582,2
7596,66000,387130000C,(04)23274275,(04)23288582,2025,1,17,17,47,臺中市,大里區,0,0,0,7,,,80,,,,,,,,,,,,,,,,,,,B03,,,1,,1,,,40,40,1,12,4,120.69461,24.107423,3
7597,66000,387130000C,(04)23274275,(04)23288582,2025,1,17,17,48,臺中市,大肚區,0,0,0,7,3,,50,4,2,1,5,4,6,6,2,1,5,2,5,1,13,3,10,2,1,C03,7,14,1,10,1,11,,7,7,1,6,4,120.57922,24.168796,3
7598,66000,387130000C,(04)23274275,(04)23288582,2025,1,17,17,48,臺中市,沙鹿區,0,0,0,7,,,50,,,,,,,,,,,,,,16,,,,,B03,,,1,,2,,,11,11,1,6,4,120.559828,24.238001,3
7599,66000,387130000C,(04)23274275,(04)23288582,2025,1,17,17,50,臺中市,北區,0,1,0,6,1,6,50,3,1,1,5,4,6,6,4,4,5,4,4,2,17,3,10,5,1,C03,7,6,3,19,9,11,,14,14,1,13,4,120.667063,24.159211,2
7600,66000,387130000C,(04)23274275,(04)23288582,2025,1,17,17,50,臺中市,西屯區,0,2,0,7,1,6,50,4,1,1,5,4,6,6,2,1,10,5,5,1,16,2,9,1,1,C03,7,6,1,10,2,11,,11,11,1,12,4,120.619345,24.185618,2
7601,66000,387130000C,(04)23274275,(04)23288582,2025,1,17,17,51,臺中市,潭子區,0,1,0,7,1,6,50,4,1,1,5,4,6,6,4,4,5,4,5,2,3,3,10,3,1,B03,7,5,1,8,2,2,,84,84,1,13,4,120.70169,24.187906,2
7602,66000,387130000C,(04)23274275,(04)23288582,2025,1,17,17,52,臺中市,西屯區,0,0,0,7,,,50,,,,,,,,,,,,,,13,,,,,B03,,,1,,1,,,7,7,1,12,4,120.64153,24.173011,3
7603,66000,387130000C,(04)23274275,(04)23288582,2025,1,17,17,54,臺中市,西區,0,0,0,7,1,6,40,13,8,1,5,4,6,6,4,4,,4,4,2,12,,,,,C03,,,1,,1,,,8,8,1,13,4,120.664671,24.139884,3
7604,66000,387130000C,(04)23274275,(04)23288582,2025,1,17,17,55,臺中市,南屯區,0,0,0,7,,,50,,,,,,,,,,,,,,17,,,,,B03,,,1,,1,,,42,42,1,6,4,120.614876,24.153539,3
7605,66000,387130000C,(04)23274275,(04)23288582,2025,1,17,17,56,臺中市,西區,0,0,0,7,,,30,,,,,,,,,,,,,,,,,,,,,,,,,,,86,86,1,,,120.66477,24.147896,3
7606,66000,387130000C,(04)23274275,(04)23288582,2025,1,17,17,56,臺中市,北區,0,0,0,7,,,50,,,,,,,,,,,,,,14,,,,,B03,,,1,,1,,,49,49,1,12,4,120.694187,24.154239,3
7607,66000,387130000C,(04)23274275,(04)23288582,2025,1,17,17,56,臺中市,南屯區,0,0,0,7,,,50,,,,,,,,,,,,,,12,,,,,B03,,,1,,1,,,40,40,1,12,4,120.622888,24.140467,3
7608,66000,387130000C,(04)23274275,(04)23288582,2025,1,17,17,56,臺中市,梧棲區,0,0,0,7,,,50,,,,,,,,,,,,,,16,,,,,B03,,,1,,1,,,20,20,1,6,4,120.522808,24.223798,3
7609,66000,387130000C,(04)23274275,(04)23288582,2025,1,17,17,57,臺中市,沙鹿區,0,0,0,7,,,60,,,,,,,,,,,,,,13,,,,,A11,,,1,,1,,,84,84,1,6,4,120.599313,24.248937,3
7610,66000,387130000C,(04)23274275,(04)23288582,2025,1,17,17,58,臺中市,大雅區,0,1,0,7,2,6,50,8,9,1,5,4,6,6,4,4,5,5,5,1,13,2,9,1,1,C03,7,9,1,10,2,11,,84,84,1,13,4,120.669484,24.214189,2
7611,66000,387130000C,(04)23274275,(04)23288582,2025,1,17,17,59,臺中市,南屯區,0,0,0,7,,,50,,,,,,,,,,,,,,,,,,,B03,,,1,,1,,,51,51,1,6,4,120.612735,24.154131,3
7612,66000,387130000C,(04)23274275,(04)23288582,2025,1,17,17,59,臺中市,西屯區,0,1,0,7,1,9,0,13,21,4,5,4,6,6,4,4,10,5,5,2,1,3,10,1,4,C03,7,9,1,10,2,12,,39,39,1,13,4,120.610652,24.184307,2
7613,66000,387130000C,(04)23274275,(04)23288582,2025,1,17,18,0,臺中市,南區,0,0,0,7,,,30,,,,,,,,,,,,,,14,,,,,B03,,,1,,1,,,49,49,1,12,4,120.659799,24.118326,3
7614,66000,387130000C,(04)23274275,(04)23288582,2025,1,17,18,0,臺中市,大里區,0,1,0,7,1,6,50,4,1,1,5,4,6,6,1,1,10,5,5,1,30,2,8,1,1,C03,7,9,1,10,1,11,,87,87,1,12,4,120.689575,24.107927,2
7615,66000,387130000C,(04)23274275,(04)23288582,2025,1,17,18,1,臺中市,北屯區,0,1,0,7,1,6,50,3,2,1,5,4,6,6,1,1,5,2,5,2,17,3,10,1,1,F03,7,1,7,21,2,11,,51,51,1,12,4,120.664804,24.186038,2
7616,66000,387130000C,(04)23274275,(04)23288582,2025,1,17,18,1,臺中市,梧棲區,0,1,0,7,1,6,30,13,9,1,5,4,6,6,4,4,10,5,5,1,16,2,9,1,1,C03,7,4,1,10,2,11,,1,1,1,12,4,120.534131,24.228135,2
7617,66000,387130000C,(04)23274275,(04)23288582,2025,1,17,18,2,臺中市,大里區,0,0,0,7,,,60,,,,,,,,,,,,,,12,,,,,A12,,,1,,2,,,8,8,1,13,4,120.661876,24.108717,3
7618,66000,387130000C,(04)23274275,(04)23288582,2025,1,17,18,3,臺中市,后里區,0,3,0,7,1,6,50,4,1,1,5,4,6,6,1,1,9,4,4,2,17,2,8,2,1,C03,7,6,1,10,2,14,,11,11,1,12,4,120.710503,24.304948,2
7619,66000,387130000C,(04)23274275,(04)23288582,2025,1,17,18,4,臺中市,北屯區,0,1,0,7,3,6,50,13,9,1,5,4,6,6,4,4,5,4,5,2,17,2,9,1,1,C03,7,9,1,10,2,12,,59,59,1,12,4,120.768568,24.197705,2
7620,66000,387130000C,(04)23274275,(04)23288582,2025,1,17,18,5,臺中市,北屯區,0,0,0,7,,,50,,,,,,,,,,,,,,15,,,,,B03,,,1,,1,,,84,84,1,6,4,120.685577,24.174551,3
7621,66000,387130000C,(04)23274275,(04)23288582,2025,1,17,18,6,臺中市,大雅區,0,0,0,7,,,30,,,,,,,,,,,,,,14,,,,,B03,,,1,,2,,,84,84,1,13,4,120.671027,24.211281,3
7622,66000,387130000C,(04)23274275,(04)23288582,2025,1,17,18,7,臺中市,南屯區,0,0,0,7,,,40,,,,,,,,,,,,,,12,,,,,B03,,,1,,1,,,84,84,1,6,4,120.623626,24.152645,3
7623,66000,387130000C,(04)23274275,(04)23288582,2025,1,17,18,7,臺中市,南屯區,0,0,0,7,,,50,,,,,,,,,,,,,,13,,,,,B03,,,1,,2,,,7,7,1,6,4,120.646733,24.138842,3
7624,66000,387130000C,(04)23274275,(04)23288582,2025,1,17,18,7,臺中市,太平區,0,2,0,7,1,6,50,4,2,1,5,4,6,6,1,1,5,5,4,2,13,3,10,3,1,B03,7,9,1,8,2,1,,7,7,1,12,4,120.712558,24.149759,2
7625,66000,387130000C,(04)23274275,(04)23288582,2025,1,17,18,8,臺中市,潭子區,0,0,0,7,,,50,,,,,,,,,,,,,,,,,,,B03,,,1,,2,,,84,84,1,13,4,120.708137,24.201,3
7626,66000,387130000C,(04)23274275,(04)23288582,2025,1,17,18,8,臺中市,中區,0,2,0,7,1,6,50,3,1,1,5,4,6,6,1,1,10,5,5,2,3,2,9,1,1,C03,7,9,1,10,2,11,,84,84,1,13,4,120.682883,24.143616,2
7627,66000,387130000C,(04)23274275,(04)23288582,2025,1,17,18,9,臺中市,豐原區,0,0,0,7,1,6,50,3,1,1,5,4,6,6,3,4,1,4,4,2,15,3,10,3,1,B03,7,11,1,8,2,6,,45,45,1,12,4,120.730133,24.257675,3
7628,66000,387130000C,(04)23274275,(04)23288582,2025,1,17,18,10,臺中市,霧峰區,0,0,0,7,,,50,,,,,,,,,,,,,,,,,,,B03,,,1,,2,,,84,84,1,6,4,120.709285,24.080698,3
7629,66000,387130000C,(04)23274275,(04)23288582,2025,1,17,18,10,臺中市,大肚區,0,2,0,7,1,6,50,3,1,1,5,4,6,6,4,4,10,5,5,2,16,2,8,1,1,C03,7,6,1,10,2,12,,14,14,1,12,4,120.542559,24.150386,2
7630,66000,387130000C,(04)23274275,(04)23288582,2025,1,17,18,13,臺中市,北屯區,0,2,0,7,1,6,0,13,21,1,5,4,6,6,4,4,10,5,5,2,3,2,9,1,1,C03,7,9,1,10,2,11,,39,39,1,12,2,120.72418,24.1622,2
7631,66000,387130000C,(04)23274275,(04)23288582,2025,1,17,18,14,臺中市,西區,0,1,0,7,1,6,50,13,8,1,5,4,6,6,2,1,1,3,3,2,12,3,10,3,1,B03,7,7,1,10,2,5,,84,84,1,6,4,120.67183,24.148956,2
7632,66000,387130000C,(04)23274275,(04)23288582,2025,1,17,18,14,臺中市,北屯區,0,0,0,7,,,40,,,,,,,,,,,,,,13,,,,,C03,,,1,,2,,,7,7,1,12,4,120.668672,24.178276,3
7633,66000,387130000C,(04)23274275,(04)23288582,2025,1,17,18,16,臺中市,西屯區,0,1,0,7,1,6,50,4,2,1,5,4,6,6,2,1,1,4,1,2,13,2,8,1,1,C03,7,9,1,10,2,14,12,7,7,1,5,4,120.634326,24.179806,2
7634,66000,387130000C,(04)23274275,(04)23288582,2025,1,17,18,16,臺中市,太平區,0,0,0,7,,,50,,,,,,,,,,,,,,17,,,,,B03,,,1,,2,,,51,51,1,12,4,120.713955,24.152433,3
7635,66000,387130000C,(04)23274275,(04)23288582,2025,1,17,18,16,臺中市,清水區,0,1,0,7,1,6,60,13,8,1,5,4,6,6,4,4,8,3,4,1,14,3,10,3,1,B03,7,2,1,8,2,3,,49,49,1,12,4,120.56916,24.272669,2
7636,66000,387130000C,(04)23274275,(04)23288582,2025,1,17,18,18,臺中市,西屯區,0,3,0,7,1,6,40,4,1,1,5,4,6,6,1,1,10,5,5,2,16,2,9,2,1,C03,7,6,1,10,2,11,,11,11,1,12,4,120.648294,24.167899,2
7637,66000,387130000C,(04)23274275,(04)23288582,2025,1,17,18,18,臺中市,大甲區,0,0,0,7,,,40,,,,,,,,,,,,,,,,,,,B03,,,1,,1,,,14,14,1,12,4,120.6275,24.351746,3
7638,66000,387130000C,(04)23274275,(04)23288582,2025,1,17,18,19,臺中市,西區,0,0,0,7,1,6,50,3,2,1,5,4,6,6,4,4,5,4,5,2,14,,,,,B03,,,1,,1,,,50,50,1,13,4,120.662029,24.149853,3
7639,66000,387130000C,(04)23274275,(04)23288582,2025,1,17,18,20,臺中市,南區,0,0,0,7,,,50,,,,,,,,,,,,,,,,,,,C03,,,1,,1,,,7,7,1,6,4,120.670205,24.125338,3
7640,66000,387130000C,(04)23274275,(04)23288582,2025,1,17,18,22,臺中市,潭子區,0,2,0,7,1,6,50,5,2,1,5,4,6,6,4,4,5,4,4,1,17,2,9,1,1,C03,7,8,3,19,2,13,,40,40,1,13,4,120.721375,24.196219,2
7641,66000,387130000C,(04)23274275,(04)23288582,2025,1,17,18,22,臺中市,西區,0,1,0,7,1,6,50,4,2,1,5,4,6,6,1,1,5,4,4,2,3,3,10,6,5,H01,8,16,7,21,10,17,,95,95,1,12,5,120.664963,24.150677,2
7642,66000,387130000C,(04)23274275,(04)23288582,2025,1,17,18,22,臺中市,西屯區,0,0,0,7,,,50,,,,,,,,,,,,,,13,,,,,B03,,,1,,1,,,7,7,1,12,4,120.637268,24.181214,3
7643,66000,387130000C,(04)23274275,(04)23288582,2025,1,17,18,23,臺中市,大雅區,0,0,0,7,,,50,,,,,,,,,,,,,,12,,,,,A41,,,1,,2,,,40,40,1,12,4,120.614868,24.218261,3
7644,66000,387130000C,(04)23274275,(04)23288582,2025,1,17,18,25,臺中市,北屯區,0,0,0,7,,,50,,,,,,,,,,,,,,,,,,,B03,,,1,,2,,,12,12,1,12,4,120.679428,24.181803,3
7645,66000,387130000C,(04)23274275,(04)23288582,2025,1,17,18,27,臺中市,南屯區,0,1,0,7,2,6,50,3,1,1,5,4,6,6,3,1,5,4,4,2,13,2,8,2,1,C03,7,9,1,10,2,11,,59,59,1,12,4,120.61097,24.132806,2
7646,66000,387130000C,(04)23274275,(04)23288582,2025,1,17,18,32,臺中市,東區,0,0,0,7,,,50,,,,,,,,,,,,,,,,,,,B03,,,1,,1,,,45,45,1,12,4,120.69347,24.149926,3
7647,66000,387130000C,(04)23274275,(04)23288582,2025,1,17,18,34,臺中市,烏日區,0,2,0,7,1,6,50,13,9,1,5,4,6,6,4,4,5,5,5,1,3,2,9,6,5,H01,8,16,7,21,10,17,,95,95,1,6,5,120.632827,24.108325,2
7648,66000,387130000C,(04)23274275,(04)23288582,2025,1,17,18,35,臺中市,北屯區,0,0,0,7,,,40,,,,,,,,,,,,,,17,,,,,B03,,,1,,9,,,51,51,2,12,4,120.6771,24.176922,3
7649,66000,387130000C,(04)23274275,(04)23288582,2025,1,17,18,37,臺中市,潭子區,0,1,0,7,1,6,60,5,1,1,5,4,6,6,2,1,1,4,5,1,13,3,10,3,1,B03,7,5,1,8,2,5,,84,84,1,13,4,120.70345,24.200549,2
7650,66000,387130000C,(04)23274275,(04)23288582,2025,1,17,18,38,臺中市,北屯區,0,1,0,7,1,6,50,3,1,1,5,4,6,6,2,1,10,5,5,2,16,3,10,3,1,B03,7,6,1,8,2,5,,11,11,1,12,4,120.699355,24.170226,2
7651,66000,387130000C,(04)23274275,(04)23288582,2025,1,17,18,40,臺中市,南區,0,0,0,7,,,30,,,,,,,,,,,,,,12,,,,,B02,,,1,,2,,,84,84,1,12,4,120.669248,24.123306,3
7652,66000,387130000C,(04)23274275,(04)23288582,2025,1,17,18,40,臺中市,大里區,0,0,0,7,,,50,,,,,,,,,,,,,,16,,,,,B03,,,1,,2,,,11,11,1,13,4,120.667152,24.096708,3
7653,66000,387130000C,(04)23274275,(04)23288582,2025,1,17,18,40,臺中市,太平區,0,2,0,7,1,6,50,4,1,1,5,4,6,6,1,1,10,5,5,2,13,2,9,2,1,C03,7,9,1,10,2,11,,84,84,1,12,4,120.718231,24.148836,2
7654,66000,387130000C,(04)23274275,(04)23288582,2025,1,17,18,41,臺中市,南屯區,0,0,0,7,,,50,,,,,,,,,,,,,,,,,,,B03,,,1,,1,,,40,40,1,6,4,120.653038,24.135749,3
7655,66000,387130000C,(04)23274275,(04)23288582,2025,1,17,18,41,臺中市,西屯區,0,1,0,7,1,6,50,13,9,1,5,4,6,6,4,4,5,5,5,2,13,2,9,1,4,C04,7,9,1,8,1,12,,84,84,1,13,4,120.657826,24.162318,2
7656,66000,387130000C,(04)23274275,(04)23288582,2025,1,17,18,42,臺中市,西區,0,0,0,7,,,50,,,,,,,,,,,,,,,,,,,B03,,,1,8,1,,,50,50,1,13,4,120.668206,24.142265,3
7657,66000,387130000C,(04)23274275,(04)23288582,2025,1,17,18,42,臺中市,烏日區,0,0,0,7,1,6,40,10,17,1,5,4,6,6,4,4,1,5,5,1,13,3,10,3,1,B03,7,9,1,8,1,1,,7,7,1,6,4,120.617414,24.118692,3
7658,66000,387130000C,(04)23274275,(04)23288582,2025,1,17,18,44,臺中市,西區,0,0,0,7,,,50,,,,,,,,,,,,,,,,,,,B03,,,1,,1,,,49,49,1,6,4,120.675855,24.143984,3
7659,66000,387130000C,(04)23274275,(04)23288582,2025,1,17,18,44,臺中市,西屯區,0,0,0,7,,,50,,,,,,,,,,,,,,13,,,,,C03,,,1,,2,,,7,7,1,12,4,120.649184,24.175234,3
7660,66000,387130000C,(04)23274275,(04)23288582,2025,1,17,18,45,臺中市,豐原區,0,0,0,7,,,50,,,,,,,,,,,,,,13,,,,,B03,,,1,,2,,,58,58,1,12,4,120.712839,24.262688,3
7661,66000,387130000C,(04)23274275,(04)23288582,2025,1,17,18,46,臺中市,北區,0,0,0,7,,,50,,,,,,,,,,,,,,17,,,,,B03,,,1,,1,,,7,7,1,13,4,120.68915,24.14708,4
7662,66000,387130000C,(04)23274275,(04)23288582,2025,1,17,18,46,臺中市,梧棲區,0,0,0,7,,,50,,,,,,,,,,,,,,16,,,,,F01,,,7,,2,,,43,43,1,3,4,120.544661,24.245173,3
7663,66000,387130000C,(04)23274275,(04)23288582,2025,1,17,18,48,臺中市,潭子區,0,0,0,7,,,60,,,,,,,,,,,,,,,,,,,B03,,,1,,2,,,84,84,1,13,4,120.702266,24.187497,3
7664,66000,387130000C,(04)23274275,(04)23288582,2025,1,17,18,48,臺中市,西屯區,0,0,0,7,,,40,,,,,,,,,,,,,,13,,,,,B03,,,1,,1,,,50,50,1,12,4,120.640246,24.166777,3
7665,66000,387130000C,(04)23274275,(04)23288582,2025,1,17,18,51,臺中市,南屯區,0,1,0,7,1,6,50,3,1,1,5,4,6,6,4,4,1,5,5,2,16,2,9,5,4,C03,7,6,1,10,2,12,,14,14,1,13,4,120.654475,24.138443,2
7666,66000,387130000C,(04)23274275,(04)23288582,2025,1,17,18,51,臺中市,北屯區,0,1,0,7,1,6,50,13,9,1,5,4,6,6,4,4,5,5,5,2,13,3,10,3,1,B03,7,9,1,8,2,15,,85,85,1,12,4,120.701905,24.18641,2
7667,66000,387130000C,(04)23274275,(04)23288582,2025,1,17,18,53,臺中市,西區,0,0,0,7,1,6,50,3,2,1,5,4,6,6,1,1,5,4,4,2,13,,,,,B02,,,1,,1,,,35,35,1,13,4,120.665352,24.143255,3
7668,66000,387130000C,(04)23274275,(04)23288582,2025,1,17,18,53,臺中市,南屯區,0,1,0,7,1,6,40,13,8,1,5,4,6,6,4,4,1,3,4,2,17,3,10,5,4,B03,7,1,1,8,2,8,,51,51,1,6,4,120.63021,24.150681,2
7669,66000,387130000C,(04)23274275,(04)23288582,2025,1,17,18,54,臺中市,東區,0,0,0,7,1,6,50,13,8,1,5,4,6,6,4,4,5,4,4,2,17,,,,,,,,,,,,,119,119,1,,,120.692217,24.142087,3
7670,66000,387130000C,(04)23274275,(04)23288582,2025,1,17,18,55,臺中市,大雅區,0,1,0,7,2,6,50,4,2,1,5,4,6,6,1,1,5,4,4,1,18,2,9,1,1,C03,7,12,1,10,2,12,,6,6,1,13,4,120.653121,24.21749,2
7671,66000,387130000C,(04)23274275,(04)23288582,2025,1,17,18,57,臺中市,霧峰區,0,0,0,7,,,40,,,,,,,,,,,,,,,,,,,C03,,,1,,2,,,7,7,1,13,4,120.6914,24.0714,3
7672,66000,387130000C,(04)23274275,(04)23288582,2025,1,17,18,58,臺中市,北屯區,0,0,0,7,,,50,,,,,,,,,,,,,,,,,,,B03,,,1,,1,,,12,12,1,12,4,120.687952,24.168008,3
7673,66000,387130000C,(04)23274275,(04)23288582,2025,1,17,18,58,臺中市,龍井區,0,0,0,7,,,50,,,,,,,,,,,,,,,,,,,B01,,,1,,2,,,20,20,1,6,4,120.547696,24.193686,3
7674,66000,387130000C,(04)23274275,(04)23288582,2025,1,17,18,59,臺中市,北區,0,1,0,7,1,6,30,13,9,1,5,4,6,6,4,4,10,5,5,2,17,3,10,5,1,B03,7,14,1,8,2,6,,76,76,1,13,4,120.665654,24.159457,2
7675,66000,387130000C,(04)23274275,(04)23288582,2025,1,17,18,59,臺中市,沙鹿區,0,0,0,7,,,50,,,,,,,,,,,,,,,,,,,C03,,,1,,1,,,49,49,1,6,4,120.574787,24.227181,3
7676,66000,387130000C,(04)23274275,(04)23288582,2025,1,17,19,0,臺中市,烏日區,0,0,0,7,,,50,,,,,,,,,,,,,,,,,,,C03,,,1,,2,,,7,7,1,13,4,120.607252,24.108645,3
7677,66000,387130000C,(04)23274275,(04)23288582,2025,1,17,19,1,臺中市,北區,0,1,0,7,1,6,50,13,9,1,5,4,6,6,4,4,8,3,5,2,17,3,10,3,1,B03,7,1,1,8,2,8,,51,51,1,13,4,120.681137,24.159828,2
7678,66000,387130000C,(04)23274275,(04)23288582,2025,1,17,19,1,臺中市,南區,0,1,0,7,1,6,50,4,1,1,5,4,6,6,4,4,10,5,5,2,18,2,9,2,1,C03,7,6,1,10,2,16,,84,84,1,6,4,120.660932,24.128023,2
7679,66000,387130000C,(04)23274275,(04)23288582,2025,1,17,19,2,臺中市,大雅區,0,1,0,7,1,6,40,3,1,1,5,4,6,6,2,1,5,3,4,1,16,2,8,1,1,C03,7,6,1,10,1,13,,11,11,1,13,4,120.650942,24.216443,2
7680,66000,387130000C,(04)23274275,(04)23288582,2025,1,17,19,2,臺中市,西區,0,2,0,7,1,6,50,5,1,1,5,4,6,6,1,1,5,5,5,2,16,2,9,2,1,C03,7,6,1,10,2,13,,11,11,1,12,4,120.658842,24.145535,2
7681,66000,387130000C,(04)23274275,(04)23288582,2025,1,17,19,2,臺中市,北區,0,0,0,7,,,50,,,,,,,,,,,,,,,,,,,C03,,,1,,1,,,42,42,1,13,4,120.673994,24.166913,3
7682,66000,387130000C,(04)23274275,(04)23288582,2025,1,17,19,4,臺中市,北區,0,0,0,7,,,50,,,,,,,,,,,,,,17,,,,,B03,,,1,,1,,,59,59,1,13,4,120.687069,24.146301,4
7683,66000,387130000C,(04)23274275,(04)23288582,2025,1,17,19,4,臺中市,東勢區,0,0,0,7,,,50,,,,,,,,,,,,,,14,3,10,5,4,B03,7,2,1,8,1,6,,49,49,1,13,4,120.830207,24.250723,3
7684,66000,387130000C,(04)23274275,(04)23288582,2025,1,17,19,6,臺中市,東區,0,2,0,7,1,6,50,5,9,1,5,4,6,6,2,1,5,5,5,2,15,2,9,5,4,C03,7,9,1,10,2,11,,21,21,1,6,4,120.694461,24.147128,2
7685,66000,387130000C,(04)23274275,(04)23288582,2025,1,17,19,7,臺中市,后里區,0,1,0,7,1,6,50,4,2,1,5,4,6,6,1,1,9,2,4,2,16,3,10,3,1,B03,7,5,1,8,2,6,2,65,65,1,6,4,120.69639,24.312963,2
7686,66000,387130000C,(04)23274275,(04)23288582,2025,1,17,19,8,臺中市,西區,0,2,0,7,1,6,50,3,1,1,5,4,6,6,4,4,10,5,5,2,16,3,10,5,4,B03,7,5,1,8,2,2,,20,20,1,13,4,120.666537,24.136564,2
7687,66000,387130000C,(04)23274275,(04)23288582,2025,1,17,19,8,臺中市,東區,0,1,0,7,1,6,50,13,7,1,5,4,6,6,4,4,1,4,4,2,13,2,9,1,1,C03,7,9,1,10,2,11,,7,7,1,12,4,120.696294,24.13967,2
7688,66000,387130000C,(04)23274275,(04)23288582,2025,1,17,19,10,臺中市,潭子區,0,1,0,6,1,6,50,13,9,1,5,4,6,6,4,4,9,5,5,1,3,3,10,3,1,B03,7,9,1,8,2,1,,59,59,1,13,4,120.701154,24.195412,2
7689,66000,387130000C,(04)23274275,(04)23288582,2025,1,17,19,10,臺中市,烏日區,0,1,0,7,1,6,50,4,2,1,5,4,6,6,1,1,10,5,5,2,17,2,9,5,4,C03,7,9,5,19,2,11,,7,7,1,13,4,120.607252,24.108645,2
7690,66000,387130000C,(04)23274275,(04)23288582,2025,1,17,19,11,臺中市,大里區,0,0,0,7,,,25,,,,,,,,,,,,,,,,,,,B03,,,1,,2,,,8,8,1,12,4,120.697343,24.111119,3
7691,66000,387130000C,(04)23274275,(04)23288582,2025,1,17,19,13,臺中市,西屯區,0,0,0,7,,,50,,,,,,,,,,,,,,12,,,,,B03,,,1,,1,,,40,40,1,12,4,120.65377,24.194642,3
7692,66000,387130000C,(04)23274275,(04)23288582,2025,1,17,19,16,臺中市,西區,0,0,0,7,,,50,,,,,,,,,,,,,,,,,,,C03,,,1,,1,,,84,84,1,6,4,120.655551,24.139883,3
7693,66000,387130000C,(04)23274275,(04)23288582,2025,1,17,19,17,臺中市,中區,0,2,0,7,1,6,50,13,9,1,5,4,6,6,4,4,5,4,5,2,1,2,9,2,1,C03,7,9,1,10,2,11,,84,84,1,13,4,120.677936,24.144644,2
7694,66000,387130000C,(04)23274275,(04)23288582,2025,1,17,19,19,臺中市,西區,0,0,0,7,,,50,,,,,,,,,,,,,,,,,,,C03,,,1,,2,,,59,59,1,12,4,120.667532,24.141802,3
7695,66000,387130000C,(04)23274275,(04)23288582,2025,1,17,19,21,臺中市,大里區,0,0,0,7,,,40,,,,,,,,,,,,,,13,,,,,B03,,,1,,2,,,59,59,1,6,4,120.671562,24.10182,3
7696,66000,387130000C,(04)23274275,(04)23288582,2025,1,17,19,21,臺中市,烏日區,0,1,0,7,1,6,50,3,1,1,5,4,6,6,4,4,10,5,5,2,17,3,10,5,4,B03,7,5,1,1,2,2,,14,14,1,12,4,120.631008,24.105288,2
7697,66000,387130000C,(04)23274275,(04)23288582,2025,1,17,19,24,臺中市,西區,0,1,0,7,1,6,50,4,1,1,5,4,6,6,4,4,10,5,5,2,15,2,9,1,1,C03,7,9,3,19,2,12,,15,15,1,13,4,120.658813,24.141573,2
7698,66000,387130000C,(04)23274275,(04)23288582,2025,1,17,19,25,臺中市,北屯區,0,0,0,7,,,50,,,,,,,,,,,,,,,,,,,B03,,,1,,1,,,7,7,1,12,4,120.694155,24.200982,3
7699,66000,387130000C,(04)23274275,(04)23288582,2025,1,17,19,25,臺中市,龍井區,0,1,0,7,1,6,40,4,2,1,5,4,6,6,1,1,1,4,5,1,12,2,8,2,1,C03,7,9,1,10,2,12,,59,59,1,5,4,120.519331,24.211224,2
7700,66000,387130000C,(04)23274275,(04)23288582,2025,1,17,19,27,臺中市,龍井區,0,0,0,7,,,60,,,,,,,,,,,,,,12,,,,,B12,,,1,,2,,,8,8,1,12,4,120.580178,24.189074,3
7701,66000,387130000C,(04)23274275,(04)23288582,2025,1,17,19,30,臺中市,西屯區,0,1,0,7,1,6,50,13,9,1,5,4,6,6,1,1,5,5,5,2,13,3,10,2,1,C03,7,9,1,10,2,11,,7,7,1,12,4,120.640973,24.178612,2