序號,縣市別代碼,機關代碼,市話,傳真,年,月,日,時,分,縣市,區,死亡數量,受傷數量,2-30,天候,道路照明設備,道路類別,道路速限,道路型態,事故位置,路面鋪裝,路面狀態,路面缺陷,障礙物,視距,號誌種類,號誌動作,分向設施,快車道或一般車道間,快慢車道間,路面邊線,事故類型及型態,受傷程度,主要傷處,保護裝備,行動電話或功能裝置,當事者區分(類別),車輛用途,當事者行動狀態,駕照狀態,駕照種類,飲酒情形,車輛撞擊部位最初,車輛撞擊部位其他,肇事因素個別,肇事因素主要,肇事逃逸,職業,共享經濟或外送平台,GPS座標X,GPS座標Y,事故類別
7702,66000,387130000C,(04)23274275,(04)23288582,2025,1,17,19,32,臺中市,北區,0,0,0,7,,,30,,,,,,,,,,,,,,,,,,,B01,,,1,,2,,,84,84,1,13,4,120.673271,24.172279,3
7703,66000,387130000C,(04)23274275,(04)23288582,2025,1,17,19,32,臺中市,北屯區,0,0,0,7,,,50,,,,,,,,,,,,,,17,,,,,B03,,,1,,9,,,51,51,1,12,4,120.714856,24.174056,3
7704,66000,387130000C,(04)23274275,(04)23288582,2025,1,17,19,33,臺中市,東區,0,0,0,7,,,50,,,,,,,,,,,,,,,,,,,B03,,,1,,2,,,59,59,1,12,4,120.700103,24.138881,3
7705,66000,387130000C,(04)23274275,(04)23288582,2025,1,17,19,34,臺中市,南屯區,0,1,0,7,1,6,50,13,8,1,5,4,6,6,4,4,5,4,4,2,16,3,10,5,4,B03,7,6,1,8,2,8,,39,39,1,6,4,120.643792,24.14808,2
7706,66000,387130000C,(04)23274275,(04)23288582,2025,1,17,19,35,臺中市,霧峰區,0,0,0,7,,,50,,,,,,,,,,,,,,,,,,,B02,,,1,,2,,,84,84,1,6,4,120.708559,24.08066,3
7707,66000,387130000C,(04)23274275,(04)23288582,2025,1,17,19,36,臺中市,北屯區,0,0,0,7,,,50,,,,,,,,,,,,,,17,,,,,B03,,,1,,1,,,84,84,1,6,4,120.696374,24.18456,3
7708,66000,387130000C,(04)23274275,(04)23288582,2025,1,17,19,37,臺中市,南區,0,0,0,7,,,40,,,,,,,,,,,,,,,,,,,C03,,,1,,2,,,7,7,1,6,4,120.645965,24.111379,4
7709,66000,387130000C,(04)23274275,(04)23288582,2025,1,17,19,38,臺中市,北屯區,0,1,0,7,1,6,50,3,1,1,5,4,6,6,2,1,10,5,5,2,16,3,10,3,1,B03,7,6,1,8,9,5,,11,11,1,12,4,120.693882,24.166707,2
7710,66000,387130000C,(04)23274275,(04)23288582,2025,1,17,19,42,臺中市,烏日區,0,2,0,7,1,6,60,13,8,1,5,4,6,6,4,4,1,4,4,1,3,3,10,6,5,H01,8,20,7,21,10,16,,95,95,1,6,5,120.623008,24.104408,2
7711,66000,387130000C,(04)23274275,(04)23288582,2025,1,17,19,43,臺中市,大雅區,0,3,0,6,1,6,40,3,1,1,5,4,6,6,1,1,10,5,5,2,16,2,9,2,1,C03,7,11,1,10,2,14,,45,45,1,12,4,120.644654,24.204108,2
7712,66000,387130000C,(04)23274275,(04)23288582,2025,1,17,19,49,臺中市,和平區,0,0,0,7,3,6,30,13,9,1,5,4,6,6,4,4,10,5,5,2,14,3,10,3,1,B03,7,2,1,8,7,6,,49,49,1,12,4,120.888933,24.173871,3
7713,66000,387130000C,(04)23274275,(04)23288582,2025,1,17,19,50,臺中市,北區,0,1,0,7,1,6,50,3,2,1,5,4,6,3,4,4,5,4,5,2,17,3,10,3,1,B03,7,13,1,8,9,4,,76,76,1,13,4,120.690978,24.157255,2
7714,66000,387130000C,(04)23274275,(04)23288582,2025,1,17,19,50,臺中市,東區,0,2,0,7,1,6,50,4,9,1,5,4,6,6,4,4,5,5,5,2,17,3,10,5,4,B03,7,8,1,8,2,5,,35,35,1,6,4,120.698875,24.128001,2
7715,66000,387130000C,(04)23274275,(04)23288582,2025,1,17,19,57,臺中市,太平區,0,0,0,7,,,50,,,,,,,,,,,,,,13,,,,,B03,,,1,,2,,,84,84,1,12,4,120.718583,24.126656,3
7716,66000,387130000C,(04)23274275,(04)23288582,2025,1,17,19,59,臺中市,東區,0,1,0,7,1,6,50,3,1,1,5,4,6,6,1,1,10,5,5,2,16,2,9,1,1,C03,7,6,2,19,2,11,,11,11,1,12,4,120.709363,24.140735,2
7717,66000,387130000C,(04)23274275,(04)23288582,2025,1,17,19,59,臺中市,豐原區,0,0,0,7,,,30,,,,,,,,,,,,,,17,,,,,B03,,,1,,2,,,8,8,1,12,4,120.737813,24.250638,3
7718,66000,387130000C,(04)23274275,(04)23288582,2025,1,17,20,1,臺中市,北區,0,2,0,7,1,6,50,4,1,1,5,4,6,6,1,1,10,5,5,2,3,2,9,1,1,C03,7,5,1,10,2,11,,10,10,1,12,4,120.668424,24.171879,2
7719,66000,387130000C,(04)23274275,(04)23288582,2025,1,17,20,5,臺中市,大里區,0,0,0,7,,,50,,,,,,,,,,,,,,,,,,,B03,,,1,,1,,,84,84,1,6,4,120.690884,24.093279,3
7720,66000,387130000C,(04)23274275,(04)23288582,2025,1,17,20,17,臺中市,北屯區,0,2,0,7,1,6,50,4,1,1,5,4,6,6,2,1,1,4,5,2,13,2,7,2,1,C03,7,9,1,10,2,11,,7,7,1,12,4,120.694259,24.16491,2
7721,66000,387130000C,(04)23274275,(04)23288582,2025,1,17,20,17,臺中市,太平區,0,2,0,7,1,6,50,13,8,1,5,4,6,6,4,4,9,5,4,2,17,3,10,3,1,B03,7,1,1,8,2,4,,51,51,1,12,4,120.700083,24.151529,2
7722,66000,387130000C,(04)23274275,(04)23288582,2025,1,17,20,20,臺中市,大里區,0,0,0,7,,,50,,,,,,,,,,,,,,,,,,,B02,,,1,,1,,,49,49,1,12,4,120.682918,24.115017,3
7723,66000,387130000C,(04)23274275,(04)23288582,2025,1,17,20,21,臺中市,南屯區,0,1,0,7,1,6,50,13,8,1,5,4,6,6,4,4,5,4,4,2,17,3,10,3,1,B03,7,11,1,8,2,2,,45,45,1,12,4,120.641801,24.132074,2
7724,66000,387130000C,(04)23274275,(04)23288582,2025,1,17,20,25,臺中市,北區,0,0,0,7,,,50,,,,,,,,,,,,,,17,,,,,C03,,,1,,1,,,84,84,1,13,4,120.672134,24.169444,4
7725,66000,387130000C,(04)23274275,(04)23288582,2025,1,17,20,28,臺中市,西屯區,0,1,0,7,1,6,40,4,1,1,5,4,6,6,1,1,10,5,5,2,17,3,10,3,4,B03,7,5,1,8,2,2,,20,20,1,13,4,120.59315,24.183166,2
7726,66000,387130000C,(04)23274275,(04)23288582,2025,1,17,20,29,臺中市,豐原區,0,1,0,7,1,6,50,13,9,1,5,4,6,6,4,4,5,4,5,1,17,3,10,1,4,C03,7,4,1,10,2,12,,8,8,1,12,4,120.712915,24.263712,2
7727,66000,387130000C,(04)23274275,(04)23288582,2025,1,17,20,32,臺中市,霧峰區,0,0,0,7,,,50,,,,,,,,,,,,,,,,,,,C03,,,3,,1,,,84,84,1,13,4,120.698797,24.066555,3
7728,66000,387130000C,(04)23274275,(04)23288582,2025,1,17,20,35,臺中市,霧峰區,0,1,0,7,1,6,50,4,1,1,5,4,6,6,4,4,10,5,5,2,16,3,10,3,1,B03,7,6,1,8,2,5,,14,14,1,6,4,120.700067,24.069486,2
7729,66000,387130000C,(04)23274275,(04)23288582,2025,1,17,20,39,臺中市,太平區,0,1,0,7,1,6,50,5,1,1,5,4,6,6,1,1,5,4,5,2,16,3,10,3,1,B03,7,6,1,8,2,8,,85,85,1,6,4,120.72101,24.11388,2
7730,66000,387130000C,(04)23274275,(04)23288582,2025,1,17,20,43,臺中市,南區,0,0,0,7,,,50,,,,,,,,,,,,,,,,,,,C03,,,1,,1,,,85,85,1,12,4,120.660346,24.122638,3
7731,66000,387130000C,(04)23274275,(04)23288582,2025,1,17,20,43,臺中市,西屯區,0,0,0,7,,,50,,,,,,,,,,,,,,13,,,,,B03,,,1,,1,,,59,59,1,12,4,120.642433,24.176976,4
7732,66000,387130000C,(04)23274275,(04)23288582,2025,1,17,20,46,臺中市,沙鹿區,0,0,0,7,,,50,,,,,,,,,,,,,,17,,,,,B03,,,1,,2,,,39,39,1,6,4,120.614596,24.244151,3
7733,66000,387130000C,(04)23274275,(04)23288582,2025,1,17,20,47,臺中市,南屯區,0,0,0,7,,,50,,,,,,,,,,,,,,,,,,,B02,,,1,,1,,,50,50,1,6,4,120.64568,24.141258,3
7734,66000,387130000C,(04)23274275,(04)23288582,2025,1,17,20,50,臺中市,西屯區,0,1,0,7,1,6,50,4,2,1,5,4,6,6,2,1,4,4,4,1,13,2,9,1,1,C03,7,9,1,10,2,11,,7,7,1,12,4,120.662437,24.163566,2
7735,66000,387130000C,(04)23274275,(04)23288582,2025,1,17,20,52,臺中市,東區,0,0,0,7,,,50,,,,,,,,,,,,,,,,,,,B03,,,1,,1,,,59,59,1,6,4,120.69954,24.135511,3
7736,66000,387130000C,(04)23274275,(04)23288582,2025,1,17,20,52,臺中市,南屯區,0,1,0,7,1,6,50,3,1,1,5,4,6,6,4,4,5,5,5,2,11,3,10,5,4,B03,7,6,1,8,2,1,,48,48,1,13,4,120.610544,24.14042,2
7737,66000,387130000C,(04)23274275,(04)23288582,2025,1,17,20,52,臺中市,西屯區,0,0,0,7,,,50,,,,,,,,,,,,,,12,,,,,B03,,,1,,1,,,8,8,1,12,4,120.624383,24.178531,3
7738,66000,387130000C,(04)23274275,(04)23288582,2025,1,17,20,54,臺中市,豐原區,0,1,0,7,1,6,50,3,2,1,5,4,6,6,4,4,5,5,4,2,12,3,10,5,4,B03,7,9,1,8,2,2,,8,8,1,12,4,120.719147,24.251927,2
7739,66000,387130000C,(04)23274275,(04)23288582,2025,1,17,20,55,臺中市,烏日區,0,1,0,7,1,6,40,13,14,1,5,4,6,6,4,4,5,4,4,1,12,2,9,1,1,C03,7,9,3,19,2,12,11,84,84,1,6,4,120.655792,24.095319,2
7740,66000,387130000C,(04)23274275,(04)23288582,2025,1,17,21,7,臺中市,北區,0,0,0,7,,,50,,,,,,,,,,,,,,12,,,,,B03,,,1,,1,,,8,8,1,13,4,120.683407,24.14762,3
7741,66000,387130000C,(04)23274275,(04)23288582,2025,1,17,21,10,臺中市,太平區,0,1,0,7,1,6,30,3,1,1,5,4,6,6,4,4,10,5,5,2,18,2,9,1,1,C03,7,9,1,10,2,14,,84,84,1,12,4,120.734126,24.106042,2
7742,66000,387130000C,(04)23274275,(04)23288582,2025,1,17,21,14,臺中市,太平區,0,1,0,7,1,6,50,13,9,1,5,4,6,6,2,1,5,5,4,2,17,3,10,3,1,B03,7,1,1,8,2,4,,51,51,1,6,4,120.720852,24.130359,2
7743,66000,387130000C,(04)23274275,(04)23288582,2025,1,17,21,19,臺中市,北區,0,0,0,7,,,50,,,,,,,,,,,,,,17,,,,,C03,,,1,,2,,,84,84,1,12,4,120.685273,24.16543,3
7744,66000,387130000C,(04)23274275,(04)23288582,2025,1,17,21,21,臺中市,南屯區,0,1,0,7,1,6,50,4,1,1,5,4,6,6,1,1,10,5,5,2,16,2,8,1,1,F01,7,6,7,21,1,14,,48,48,1,6,4,120.654492,24.129157,2
7745,66000,387130000C,(04)23274275,(04)23288582,2025,1,17,21,24,臺中市,太平區,0,1,0,7,1,6,50,4,1,1,5,4,6,6,1,1,5,4,5,2,17,2,9,1,1,C03,7,9,1,10,2,14,,84,84,1,12,4,120.714343,24.149312,2
7746,66000,387130000C,(04)23274275,(04)23288582,2025,1,17,21,26,臺中市,西屯區,0,1,0,7,1,6,50,13,9,1,5,4,6,6,4,4,5,4,5,2,12,3,10,3,1,B01,7,1,1,4,2,8,,51,51,1,12,4,120.664716,24.166541,2
7747,66000,387130000C,(04)23274275,(04)23288582,2025,1,17,21,32,臺中市,北屯區,0,3,0,7,1,6,50,13,9,1,5,4,6,6,4,4,9,5,5,2,16,2,8,1,1,C03,7,11,1,10,2,14,,45,45,1,5,4,120.703852,24.178748,2
7748,66000,387130000C,(04)23274275,(04)23288582,2025,1,17,21,33,臺中市,豐原區,0,0,0,7,,,50,,,,,,,,,,,,,,14,,,,,B03,,,1,,2,,,49,49,1,12,4,120.714113,24.244661,3
7749,66000,387130000C,(04)23274275,(04)23288582,2025,1,17,21,34,臺中市,北屯區,0,1,0,7,1,6,40,13,17,1,5,4,6,6,4,4,1,4,5,1,13,3,10,3,1,A05,7,9,1,2,2,1,,7,7,1,6,4,120.696957,24.200914,2
7750,66000,387130000C,(04)23274275,(04)23288582,2025,1,17,21,37,臺中市,南區,0,2,0,7,2,6,50,13,9,1,5,4,6,6,4,4,5,2,5,2,13,2,9,1,1,C03,7,9,1,10,2,11,,7,7,1,12,4,120.684106,24.13185,2
7751,66000,387130000C,(04)23274275,(04)23288582,2025,1,17,21,40,臺中市,南屯區,0,0,0,7,,,50,,,,,,,,,,,,,,,,,,,B02,,,1,,1,,,11,11,1,12,4,120.646808,24.148836,3
7752,66000,387130000C,(04)23274275,(04)23288582,2025,1,17,21,40,臺中市,南屯區,0,0,0,7,,,50,,,,,,,,,,,,,,,,,,,B03,,,1,,1,,,84,84,1,12,4,120.628928,24.145016,3
7753,66000,387130000C,(04)23274275,(04)23288582,2025,1,17,21,42,臺中市,東區,0,0,0,7,,,50,,,,,,,,,,,,,,17,,,,,B03,,,1,,9,,,51,51,1,12,4,120.690978,24.127683,3
7754,66000,387130000C,(04)23274275,(04)23288582,2025,1,17,21,44,臺中市,西區,0,0,0,7,,,30,,,,,,,,,,,,,,,,,,,C03,,,1,,1,,,12,12,1,6,4,120.660201,24.151431,4
7755,66000,387130000C,(04)23274275,(04)23288582,2025,1,17,21,44,臺中市,太平區,0,1,0,7,1,6,50,4,2,1,5,4,6,6,1,1,5,5,5,1,17,2,7,1,1,C03,7,9,1,10,2,11,,59,59,1,6,4,120.717207,24.124124,2
7756,66000,387130000C,(04)23274275,(04)23288582,2025,1,17,21,48,臺中市,北屯區,0,0,0,7,,,80,,,,,,,,,,,,,,,,,,,B03,,,1,,2,,,84,84,1,12,4,120.68847,24.201012,3
7757,66000,387130000C,(04)23274275,(04)23288582,2025,1,17,21,49,臺中市,北區,0,0,0,7,,,50,,,,,,,,,,,,,,17,,,,,C03,,,1,,1,,,7,7,1,13,4,120.684701,24.163504,4
7758,66000,387130000C,(04)23274275,(04)23288582,2025,1,17,21,58,臺中市,太平區,0,0,0,7,,,30,,,,,,,,,,,,,,17,,,,,B03,,,1,,9,,,84,84,1,12,4,120.708063,24.124912,3
7759,66000,387130000C,(04)23274275,(04)23288582,2025,1,17,22,1,臺中市,南區,0,1,0,7,1,6,50,4,2,1,5,4,6,6,4,4,5,5,4,2,13,2,8,1,1,C03,7,9,1,10,2,11,,84,84,1,12,4,120.655272,24.129264,2
7760,66000,387130000C,(04)23274275,(04)23288582,2025,1,17,22,4,臺中市,霧峰區,0,0,0,7,,,40,,,,,,,,,,,,,,,,,,,B03,,,1,,2,,,21,21,1,13,4,120.714563,24.075993,3
7761,66000,387130000C,(04)23274275,(04)23288582,2025,1,17,22,8,臺中市,南屯區,0,1,0,7,1,6,50,4,2,1,5,4,6,6,2,1,5,5,4,2,13,2,9,1,1,C03,7,9,1,9,2,11,,7,7,1,6,2,120.645661,24.148882,2
7762,66000,387130000C,(04)23274275,(04)23288582,2025,1,17,22,10,臺中市,南區,0,0,0,7,,,50,,,,,,,,,,,,,,,,,,,C03,,,1,,2,,,42,42,1,6,4,120.6718,24.119042,4
7763,66000,387130000C,(04)23274275,(04)23288582,2025,1,17,22,10,臺中市,西屯區,0,1,0,7,1,6,50,13,9,1,5,4,6,6,4,4,10,5,5,2,17,2,9,5,1,C03,7,11,1,10,2,14,,45,45,1,12,4,120.610236,24.19157,2
7764,66000,387130000C,(04)23274275,(04)23288582,2025,1,17,22,14,臺中市,西屯區,0,0,0,7,,,30,,,,,,,,,,,,,,11,,,,,B03,,,1,,2,,,8,8,1,12,4,120.637866,24.174942,3
7765,66000,387130000C,(04)23274275,(04)23288582,2025,1,17,22,16,臺中市,中區,0,0,0,7,,,50,,,,,,,,,,,,,,,,,,,B03,,,1,,1,,,84,84,1,12,4,120.677084,24.145024,3
7766,66000,387130000C,(04)23274275,(04)23288582,2025,1,17,22,17,臺中市,北屯區,0,0,0,7,,,50,,,,,,,,,,,,,,12,,,,,B03,,,1,,2,,,40,40,1,12,4,120.714784,24.163648,3
7767,66000,387130000C,(04)23274275,(04)23288582,2025,1,17,22,19,臺中市,北區,0,0,0,7,,,,,,,,,,,,,,,,,,,,,,C03,,,,,,,,87,,1,13,,120.689278,24.153931,3
7768,66000,387130000C,(04)23274275,(04)23288582,2025,1,17,22,22,臺中市,西區,0,0,0,7,1,6,60,4,2,1,5,4,6,6,1,1,3,4,3,2,13,,,,,B03,,,1,,1,,,7,7,1,12,4,120.662609,24.155678,3
7769,66000,387130000C,(04)23274275,(04)23288582,2025,1,17,22,23,臺中市,烏日區,0,2,0,7,1,6,30,4,1,1,5,4,6,6,4,4,10,5,5,2,15,2,9,5,4,C03,7,9,1,10,2,12,,12,12,1,13,4,120.640707,24.104679,2
7770,66000,387130000C,(04)23274275,(04)23288582,2025,1,17,22,24,臺中市,太平區,0,0,0,7,,,50,,,,,,,,,,,,,,13,,,,,C03,,,1,,2,,,7,7,1,12,4,120.710517,24.1346,3
7771,66000,387130000C,(04)23274275,(04)23288582,2025,1,17,22,25,臺中市,大雅區,0,0,0,7,,,60,,,,,,,,,,,,,,12,,,,,B03,,,1,,1,,,8,8,1,13,4,120.650296,24.210078,3
7772,66000,387130000C,(04)23274275,(04)23288582,2025,1,17,22,47,臺中市,西屯區,0,0,0,7,,,,,,,,,,,,,,,,,11,,,,,,,,,,,,,86,86,1,,,120.651201,24.166899,3
7773,66000,387130000C,(04)23274275,(04)23288582,2025,1,17,22,55,臺中市,南區,0,0,0,7,,,50,,,,,,,,,,,,,,,,,,,B03,,,1,,2,,,49,49,1,6,4,120.661197,24.120921,3
7774,66000,387130000C,(04)23274275,(04)23288582,2025,1,17,23,1,臺中市,東區,0,2,0,7,1,6,50,4,2,1,5,4,6,6,1,1,10,5,5,2,9,3,10,3,1,B03,7,6,1,8,2,1,,10,10,1,6,4,120.688484,24.135345,2
7775,66000,387130000C,(04)23274275,(04)23288582,2025,1,17,23,4,臺中市,霧峰區,0,1,0,7,3,6,25,11,9,1,5,4,6,6,4,4,9,5,5,1,16,2,9,1,1,C03,7,9,2,19,2,11,,84,84,1,6,4,120.71631,24.072984,2
7776,66000,387130000C,(04)23274275,(04)23288582,2025,1,17,23,6,臺中市,霧峰區,0,1,0,7,1,6,40,13,8,1,5,4,6,6,4,4,1,5,1,1,18,2,9,1,1,C03,7,9,1,10,2,12,,84,84,1,13,4,120.660051,24.084977,2
7777,66000,387130000C,(04)23274275,(04)23288582,2025,1,17,23,14,臺中市,中區,0,0,0,7,,,50,,,,,,,,,,,,,,,,,,,C03,,,1,,1,,,48,48,1,6,4,120.680229,24.14311,3
7778,66000,387130000C,(04)23274275,(04)23288582,2025,1,17,23,15,臺中市,中區,0,1,0,7,1,6,50,4,2,1,5,4,6,6,1,1,10,5,5,2,13,3,10,5,4,B03,7,9,1,8,2,1,,7,7,1,12,4,120.682675,24.140395,2
7779,66000,387130000C,(04)23274275,(04)23288582,2025,1,17,23,18,臺中市,北屯區,0,1,0,7,1,6,50,4,1,1,5,4,6,6,1,1,10,5,5,2,16,3,10,1,1,C03,7,6,1,9,2,14,,48,48,1,13,4,120.671673,24.178293,2
7780,66000,387130000C,(04)23274275,(04)23288582,2025,1,17,23,25,臺中市,北屯區,0,1,0,7,1,6,50,4,1,1,5,4,6,6,2,1,10,5,5,2,15,3,10,5,4,B03,7,9,1,8,2,1,6,21,21,1,13,4,120.672304,24.18781,2
7781,66000,387130000C,(04)23274275,(04)23288582,2025,1,17,23,32,臺中市,北屯區,0,1,0,7,1,6,50,4,1,1,5,4,6,6,2,1,10,5,5,2,16,2,9,1,1,C03,7,5,1,10,2,12,,26,26,1,13,4,120.676168,24.173548,2
7782,66000,387130000C,(04)23274275,(04)23288582,2025,1,18,0,0,臺中市,大里區,0,0,0,7,,,30,,,,,,,,,,,,,,13,,,,,C03,,,1,,2,,,7,7,1,13,4,120.681665,24.105164,3
7783,66000,387130000C,(04)23274275,(04)23288582,2025,1,18,0,7,臺中市,西屯區,0,2,0,7,1,6,40,13,8,1,5,4,6,6,4,4,9,5,4,2,3,2,9,6,5,H01,8,16,7,21,10,17,,95,95,1,12,5,120.665739,24.167891,2
7784,66000,387130000C,(04)23274275,(04)23288582,2025,1,18,0,9,臺中市,豐原區,0,1,0,7,1,6,50,13,14,1,5,4,6,6,4,4,1,4,4,1,17,2,9,5,4,C03,7,9,1,10,2,11,,57,57,1,12,4,120.717175,24.256481,2
7785,66000,387130000C,(04)23274275,(04)23288582,2025,1,18,0,15,臺中市,西屯區,0,3,0,7,1,6,50,4,1,1,5,4,6,6,2,1,5,5,5,2,13,2,9,5,4,C03,7,9,1,10,2,11,13,7,7,1,13,4,120.660102,24.164309,2
7786,66000,387130000C,(04)23274275,(04)23288582,2025,1,18,0,32,臺中市,北屯區,0,0,0,7,,,40,,,,,,,,,,,,,,,,,,,B01,,,1,,2,,,84,84,1,13,4,120.665565,24.183454,3
7787,66000,387130000C,(04)23274275,(04)23288582,2025,1,18,0,33,臺中市,大肚區,0,1,0,7,1,6,30,4,1,1,5,4,6,6,4,4,10,5,5,2,15,3,10,1,1,C03,7,9,1,10,1,11,,12,12,1,6,4,120.577899,24.174311,2
7788,66000,387130000C,(04)23274275,(04)23288582,2025,1,18,0,53,臺中市,沙鹿區,0,1,0,6,1,6,60,3,7,1,5,4,6,6,1,1,3,3,3,1,18,2,9,5,4,C02,7,6,1,9,2,12,,84,84,1,13,4,120.581306,24.209493,2
7789,66000,387130000C,(04)23274275,(04)23288582,2025,1,18,1,24,臺中市,北屯區,0,1,0,7,1,6,50,4,1,1,5,4,6,6,1,1,10,5,5,2,16,2,9,1,1,C03,7,6,1,10,2,14,,23,23,1,13,4,120.690609,24.178832,2
7790,66000,387130000C,(04)23274275,(04)23288582,2025,1,18,1,32,臺中市,北屯區,0,2,0,7,1,6,50,5,1,1,5,4,6,6,2,1,10,5,5,2,17,2,9,5,4,C03,7,5,1,10,2,12,,11,11,1,13,4,120.659876,24.192706,2
7791,66000,387130000C,(04)23274275,(04)23288582,2025,1,18,2,4,臺中市,西區,0,1,0,7,1,6,50,13,9,1,5,4,6,6,4,4,5,4,5,2,12,3,10,1,1,C03,7,15,5,10,2,12,,84,84,1,6,4,120.661907,24.145731,2
7792,66000,387130000C,(04)23274275,(04)23288582,2025,1,18,2,24,臺中市,西屯區,0,0,0,7,,,50,,,,,,,,,,,,,,13,,,,,A12,,,1,,1,,,59,59,1,12,4,120.657597,24.163259,3
7793,66000,387130000C,(04)23274275,(04)23288582,2025,1,18,3,15,臺中市,太平區,0,0,0,7,1,6,50,13,9,1,5,4,6,6,2,1,5,2,5,2,13,3,10,3,2,B03,7,9,1,8,1,1,,62,62,1,6,4,120.715253,24.148858,3
7794,66000,387130000C,(04)23274275,(04)23288582,2025,1,18,4,3,臺中市,西屯區,0,0,0,7,,,30,,,,,,,,,,,,,,17,,,,,B03,,,1,,1,,,59,59,1,13,4,120.655416,24.166104,3
7795,66000,387130000C,(04)23274275,(04)23288582,2025,1,18,4,18,臺中市,北屯區,0,0,0,7,,,40,,,,,,,,,,,,,,17,,,,,A12,,,1,,1,,,78,78,1,6,4,120.683833,24.179675,3
7796,66000,387130000C,(04)23274275,(04)23288582,2025,1,18,5,34,臺中市,南屯區,0,1,0,7,1,6,50,4,1,1,5,4,6,6,3,1,10,5,5,2,16,3,10,3,1,B03,7,6,1,8,2,1,,24,24,1,6,4,120.614844,24.145322,2
7797,66000,387130000C,(04)23274275,(04)23288582,2025,1,18,5,46,臺中市,潭子區,0,1,0,7,3,6,50,4,1,1,5,4,6,6,3,1,5,4,4,1,17,2,9,2,1,C03,7,6,1,10,2,12,,24,24,1,13,4,120.706949,24.211374,2
7798,66000,387130000C,(04)23274275,(04)23288582,2025,1,18,5,47,臺中市,外埔區,0,0,0,7,,,50,,,,,,,,,,,,,,,3,,3,1,B12,7,9,1,15,2,1,,6,6,2,12,4,120.699383,24.346691,3
7799,66000,387130000C,(04)23274275,(04)23288582,2025,1,18,6,3,臺中市,大里區,0,1,0,7,1,6,50,4,2,1,5,4,6,6,1,1,1,4,5,1,17,2,9,1,1,C03,7,6,1,10,2,12,,84,84,1,13,4,120.687483,24.094381,2
7800,66000,387130000C,(04)23274275,(04)23288582,2025,1,18,6,14,臺中市,北屯區,0,1,0,7,1,6,50,13,7,1,5,4,6,6,4,4,1,4,4,2,17,3,10,5,4,C03,7,15,1,10,2,13,,84,84,1,13,4,120.70028,24.163758,2
7801,66000,387130000C,(04)23274275,(04)23288582,2025,1,18,6,28,臺中市,太平區,0,0,0,7,2,6,40,13,14,1,5,4,6,6,4,4,5,5,4,1,17,3,10,3,1,B12,7,3,1,8,2,6,,50,50,1,6,4,120.726465,24.149977,3
7802,66000,387130000C,(04)23274275,(04)23288582,2025,1,18,6,40,臺中市,南屯區,0,1,0,7,2,6,50,4,2,1,5,4,6,6,2,1,5,4,5,2,17,2,9,2,1,C03,7,9,1,10,2,11,,7,7,1,12,4,120.6285,24.142958,2
7803,66000,387130000C,(04)23274275,(04)23288582,2025,1,18,7,0,臺中市,中區,0,0,0,7,,,50,,,,,,,,,,,,,,,,,,,B03,,,1,,2,,,4,4,1,10,4,120.676921,24.141923,3
7804,66000,387130000C,(04)23274275,(04)23288582,2025,1,18,7,18,臺中市,梧棲區,0,0,0,7,,,50,,,,,,,,,,,,,,30,,,,,B03,,,7,,10,,,76,76,1,13,4,120.534869,24.225431,3
7805,66000,387130000C,(04)23274275,(04)23288582,2025,1,18,7,23,臺中市,大里區,0,0,0,7,,,30,,,,,,,,,,,,,,,,,,,B03,,,1,,2,,,42,42,1,6,4,120.702551,24.098168,3
7806,66000,387130000C,(04)23274275,(04)23288582,2025,1,18,7,34,臺中市,西屯區,0,0,0,7,,,50,,,,,,,,,,,,,,,,,,,B03,,,1,,9,,,51,51,1,12,4,120.62553,24.183109,3
7807,66000,387130000C,(04)23274275,(04)23288582,2025,1,18,7,37,臺中市,太平區,0,2,0,7,2,6,50,13,12,1,5,4,6,6,4,4,5,2,4,1,16,2,9,1,1,C03,7,1,1,11,2,13,11,51,51,1,12,4,120.731139,24.150466,2
7808,66000,387130000C,(04)23274275,(04)23288582,2025,1,18,7,40,臺中市,神岡區,0,0,0,7,,,50,,,,,,,,,,,,,,16,,,,,B03,,,1,,2,,,24,24,1,12,4,120.711992,24.257511,3
7809,66000,387130000C,(04)23274275,(04)23288582,2025,1,18,7,45,臺中市,東勢區,0,0,0,7,,,40,,,,,,,,,,,,,,,,,,,C03,,,1,,9,,,36,36,1,12,4,120.82936,24.249494,3
7810,66000,387130000C,(04)23274275,(04)23288582,2025,1,18,7,50,臺中市,烏日區,0,0,0,7,,,50,,,,,,,,,,,,,,,,,,,B03,,,1,,2,,,84,84,1,13,4,120.630624,24.103198,3
7811,66000,387130000C,(04)23274275,(04)23288582,2025,1,18,7,51,臺中市,龍井區,0,0,0,7,,,50,,,,,,,,,,,,,,14,,,,,C03,,,1,,1,,,49,49,1,6,4,120.584701,24.183219,3
7812,66000,387130000C,(04)23274275,(04)23288582,2025,1,18,8,2,臺中市,南屯區,0,1,0,7,2,6,50,4,9,1,5,4,6,6,2,1,1,4,5,2,17,2,9,2,1,C03,7,9,1,10,2,14,,84,84,1,13,4,120.636097,24.143404,2