序號,縣市別代碼,機關代碼,市話,傳真,年,月,日,時,分,縣市,區,死亡數量,受傷數量,2-30,天候,道路照明設備,道路類別,道路速限,道路型態,事故位置,路面鋪裝,路面狀態,路面缺陷,障礙物,視距,號誌種類,號誌動作,分向設施,快車道或一般車道間,快慢車道間,路面邊線,事故類型及型態,受傷程度,主要傷處,保護裝備,行動電話或功能裝置,當事者區分(類別),車輛用途,當事者行動狀態,駕照狀態,駕照種類,飲酒情形,車輛撞擊部位最初,車輛撞擊部位其他,肇事因素個別,肇事因素主要,肇事逃逸,職業,共享經濟或外送平台,GPS座標X,GPS座標Y,事故類別
7813,66000,387130000C,(04)23274275,(04)23288582,2025,1,18,8,10,臺中市,北區,0,1,0,7,2,6,50,13,9,1,5,4,6,6,4,4,1,4,5,2,9,3,10,3,1,A02,7,1,1,1,9,16,,84,84,1,6,4,120.683615,24.144874,2
7814,66000,387130000C,(04)23274275,(04)23288582,2025,1,18,8,14,臺中市,西屯區,0,0,0,7,,,60,,,,,,,,,,,,,,13,,,,,B03,,,1,,1,,,7,7,1,12,4,120.614123,24.183851,3
7815,66000,387130000C,(04)23274275,(04)23288582,2025,1,18,8,15,臺中市,大里區,0,0,0,7,,,60,,,,,,,,,,,,,,12,,,,,B12,,,5,,9,,,8,8,1,6,4,120.674541,24.102824,3
7816,66000,387130000C,(04)23274275,(04)23288582,2025,1,18,8,16,臺中市,烏日區,0,0,0,7,,,50,,,,,,,,,,,,,,,,,,,A31,,,1,,2,,,84,84,1,6,4,120.612591,24.102915,3
7817,66000,387130000C,(04)23274275,(04)23288582,2025,1,18,8,18,臺中市,霧峰區,0,2,0,7,2,6,50,4,1,1,5,4,6,6,1,1,1,5,5,1,12,2,9,1,1,C03,7,12,1,10,2,12,,6,6,1,12,4,120.695657,24.013093,2
7818,66000,387130000C,(04)23274275,(04)23288582,2025,1,18,8,30,臺中市,南屯區,0,0,0,7,3,6,30,13,9,1,5,4,6,6,4,4,10,5,5,2,17,,,,,B03,,,1,,1,,,85,85,1,12,4,120.639362,24.13795,3
7819,66000,387130000C,(04)23274275,(04)23288582,2025,1,18,8,34,臺中市,東區,0,1,0,7,2,6,50,4,1,1,5,4,6,6,1,1,10,5,5,2,16,2,8,1,1,C04,7,1,1,10,2,14,,51,51,1,12,4,120.689244,24.142202,2
7820,66000,387130000C,(04)23274275,(04)23288582,2025,1,18,8,34,臺中市,大里區,0,0,0,7,,,50,,,,,,,,,,,,,,17,,,,,B03,,,1,,1,,,84,84,1,12,4,120.690396,24.108782,3
7821,66000,387130000C,(04)23274275,(04)23288582,2025,1,18,8,35,臺中市,西屯區,0,1,0,7,2,6,40,4,2,1,5,4,6,6,2,1,1,4,1,2,13,2,9,2,1,C03,7,9,1,10,2,11,,7,7,1,13,4,120.655701,24.159082,2
7822,66000,387130000C,(04)23274275,(04)23288582,2025,1,18,8,35,臺中市,太平區,0,1,0,7,2,6,50,3,1,1,5,4,6,6,4,4,10,5,5,2,3,3,10,2,1,C03,7,9,1,10,2,11,,84,84,1,12,4,120.715576,24.124756,2
7823,66000,387130000C,(04)23274275,(04)23288582,2025,1,18,8,38,臺中市,西屯區,0,0,0,7,3,6,50,4,7,1,5,4,6,6,2,1,1,5,1,1,13,,,,,B11,,,1,,1,,,7,7,1,6,4,120.602638,24.18267,3
7824,66000,387130000C,(04)23274275,(04)23288582,2025,1,18,8,40,臺中市,西屯區,0,0,0,7,,,40,,,,,,,,,,,,,,13,,,,,B03,,,1,,1,,,59,59,1,12,4,120.609811,24.184606,3
7825,66000,387130000C,(04)23274275,(04)23288582,2025,1,18,8,40,臺中市,神岡區,0,1,0,7,2,6,50,4,1,1,5,4,6,6,3,1,10,5,5,2,17,2,9,5,4,C03,7,9,1,10,2,12,,59,59,1,13,4,120.711992,24.257511,2
7826,66000,387130000C,(04)23274275,(04)23288582,2025,1,18,8,43,臺中市,清水區,0,2,0,7,3,6,50,4,1,1,5,4,6,6,4,4,3,4,5,1,16,2,8,1,1,C03,7,6,1,10,2,14,,11,11,1,12,4,120.570726,24.275971,2
7827,66000,387130000C,(04)23274275,(04)23288582,2025,1,18,8,45,臺中市,北區,0,1,0,7,2,6,50,3,1,1,5,4,6,6,1,1,5,4,5,2,17,2,9,5,1,C03,7,9,1,10,2,11,,84,84,1,13,4,120.683455,24.153548,2
7828,66000,387130000C,(04)23274275,(04)23288582,2025,1,18,8,49,臺中市,大甲區,0,2,0,7,3,6,50,4,1,1,5,4,6,6,4,4,5,5,5,1,15,2,9,2,1,C03,7,9,3,19,2,14,,12,12,1,6,4,120.621447,24.351395,2
7829,66000,387130000C,(04)23274275,(04)23288582,2025,1,18,8,50,臺中市,大里區,0,1,0,7,2,6,50,4,1,1,5,4,6,6,2,1,5,5,5,1,16,3,10,3,3,B03,7,5,1,8,2,2,,47,47,1,6,4,120.672487,24.104855,2
7830,66000,387130000C,(04)23274275,(04)23288582,2025,1,18,8,52,臺中市,北區,0,1,0,7,2,6,50,4,1,1,5,4,6,6,1,1,10,5,5,2,13,3,10,5,4,C03,7,12,1,10,2,11,,7,7,1,13,4,120.678407,24.148532,2
7831,66000,387130000C,(04)23274275,(04)23288582,2025,1,18,8,52,臺中市,北屯區,0,1,0,7,2,6,50,4,1,1,5,4,6,6,2,1,10,5,5,2,12,3,10,3,1,B03,7,5,1,8,2,5,,84,84,1,6,4,120.694259,24.16491,2
7832,66000,387130000C,(04)23274275,(04)23288582,2025,1,18,8,54,臺中市,大甲區,0,1,0,7,2,6,30,3,2,1,5,4,6,6,4,4,10,5,5,1,17,2,9,2,1,C03,7,9,1,10,2,12,,54,54,1,6,4,120.639475,24.401291,2
7833,66000,387130000C,(04)23274275,(04)23288582,2025,1,18,8,55,臺中市,烏日區,0,0,0,7,,,50,,,,,,,,,,,,,,,,,,,B03,,,1,,1,,,84,84,1,13,4,120.642706,24.075193,3
7834,66000,387130000C,(04)23274275,(04)23288582,2025,1,18,8,56,臺中市,西區,0,0,0,7,,,50,,,,,,,,,,,,,,,,,,,B03,,,1,,2,,,20,20,1,12,4,120.670283,24.15287,3
7835,66000,387130000C,(04)23274275,(04)23288582,2025,1,18,8,58,臺中市,北屯區,0,0,0,7,,,50,,,,,,,,,,,,,,,,,,,B03,,,1,,2,,,84,84,1,13,4,120.680293,24.176655,3
7836,66000,387130000C,(04)23274275,(04)23288582,2025,1,18,8,59,臺中市,西屯區,0,0,0,7,,,50,,,,,,,,,,,,,,,,,,,B12,,,1,,1,,,51,51,1,12,4,120.646095,24.184893,3
7837,66000,387130000C,(04)23274275,(04)23288582,2025,1,18,9,1,臺中市,北屯區,0,0,0,7,,,40,,,,,,,,,,,,,,14,,,,,A41,,,1,1,1,,,49,49,1,6,4,120.721979,24.162988,3
7838,66000,387130000C,(04)23274275,(04)23288582,2025,1,18,9,4,臺中市,西屯區,0,0,0,7,,,50,,,,,,,,,,,,,,13,,,,,B03,,,1,,1,,,59,59,1,13,4,120.60257,24.183578,3
7839,66000,387130000C,(04)23274275,(04)23288582,2025,1,18,9,6,臺中市,潭子區,0,0,0,7,,,50,,,,,,,,,,,,,,12,,,,,B03,,,1,,2,,,7,7,1,13,4,120.699763,24.201622,3
7840,66000,387130000C,(04)23274275,(04)23288582,2025,1,18,9,10,臺中市,北區,0,1,0,7,2,6,50,3,2,1,5,4,6,6,2,1,10,5,5,2,12,3,10,3,1,B03,7,11,1,8,2,8,,44,44,1,13,4,120.688228,24.150454,2
7841,66000,387130000C,(04)23274275,(04)23288582,2025,1,18,9,10,臺中市,沙鹿區,0,0,0,7,,,50,,,,,,,,,,,,,,13,,,,,B03,,,1,,2,,,8,8,1,11,4,120.578276,24.221841,3
7842,66000,387130000C,(04)23274275,(04)23288582,2025,1,18,9,15,臺中市,沙鹿區,0,0,0,7,,,50,,,,,,,,,,,,,,,,,,,B03,,,1,,2,,,8,8,1,13,4,120.562117,24.245794,3
7843,66000,387130000C,(04)23274275,(04)23288582,2025,1,18,9,18,臺中市,大肚區,0,0,0,6,,,50,,,,,,,,,,,,,,13,,,,,C03,,,1,,1,,,84,84,1,6,4,120.581085,24.173577,3
7844,66000,387130000C,(04)23274275,(04)23288582,2025,1,18,9,22,臺中市,西區,0,0,0,7,,,50,,,,,,,,,,,,,,12,,,,,C03,,,1,,1,,,84,84,1,13,4,120.653,24.148822,3
7845,66000,387130000C,(04)23274275,(04)23288582,2025,1,18,9,24,臺中市,西區,0,0,0,7,,,60,,,,,,,,,,,,,,,,,,,B03,,,1,,1,,,84,84,1,6,4,120.671762,24.149504,3
7846,66000,387130000C,(04)23274275,(04)23288582,2025,1,18,9,28,臺中市,豐原區,0,0,0,7,,,50,,,,,,,,,,,,,,12,,,,,C03,,,1,,2,,,8,8,1,6,4,120.705964,24.249872,3
7847,66000,387130000C,(04)23274275,(04)23288582,2025,1,18,9,30,臺中市,神岡區,0,0,0,7,,,50,,,,,,,,,,,,,,2,,,,,B03,,,1,,2,,,2,2,1,12,4,120.696523,24.248333,3
7848,66000,387130000C,(04)23274275,(04)23288582,2025,1,18,9,34,臺中市,中區,0,1,0,7,2,6,30,4,1,1,5,4,6,6,4,4,10,5,5,2,15,2,7,1,1,C03,7,9,1,10,2,14,,12,12,1,12,4,120.678207,24.145585,2
7849,66000,387130000C,(04)23274275,(04)23288582,2025,1,18,9,35,臺中市,西屯區,0,2,0,7,2,6,40,3,1,1,5,4,6,6,3,1,10,5,5,2,16,2,7,2,1,C03,7,5,1,10,2,14,,47,47,1,12,4,120.64821,24.181938,2
7850,66000,387130000C,(04)23274275,(04)23288582,2025,1,18,9,38,臺中市,龍井區,0,1,0,6,3,6,50,3,1,1,5,4,6,6,4,4,9,4,4,2,16,3,10,3,1,B03,7,1,1,8,2,4,,51,51,1,6,4,120.561706,24.200838,2
7851,66000,387130000C,(04)23274275,(04)23288582,2025,1,18,9,46,臺中市,大里區,0,0,0,7,,,30,,,,,,,,,,,,,,15,,,,,F03,,,7,,9,,,15,15,1,6,4,120.691039,24.087474,3
7852,66000,387130000C,(04)23274275,(04)23288582,2025,1,18,9,50,臺中市,太平區,0,0,0,7,,,50,,,,,,,,,,,,,,,,,,,B03,,,1,,2,,,76,76,1,6,4,120.724785,24.158516,3
7853,66000,387130000C,(04)23274275,(04)23288582,2025,1,18,9,50,臺中市,清水區,0,0,0,7,,,40,,,,,,,,,,,,,,17,,,,,B12,,,1,,2,,,51,51,1,12,4,120.553724,24.260619,3
7854,66000,387130000C,(04)23274275,(04)23288582,2025,1,18,9,55,臺中市,潭子區,0,1,0,7,2,6,50,5,1,1,5,4,6,6,1,1,10,5,5,2,16,3,10,3,1,B13,7,6,1,8,2,8,,11,11,1,12,4,120.678248,24.215437,2
7855,66000,387130000C,(04)23274275,(04)23288582,2025,1,18,9,55,臺中市,西屯區,0,0,0,7,2,6,60,3,2,1,5,4,6,6,2,1,1,2,1,2,12,3,10,3,1,B03,7,8,1,8,1,8,,35,35,1,13,4,120.63927,24.168896,3
7856,66000,387130000C,(04)23274275,(04)23288582,2025,1,18,10,0,臺中市,梧棲區,0,0,0,7,,,50,,,,,,,,,,,,,,14,,,,,B03,,,1,,2,,,49,49,1,12,4,120.52984,24.253346,3
7857,66000,387130000C,(04)23274275,(04)23288582,2025,1,18,10,0,臺中市,后里區,0,0,0,7,,,,,,,,,,,,,,,,,,,,,,,,,,,,,,119,119,1,,,120.757901,24.31535,3
7858,66000,387130000C,(04)23274275,(04)23288582,2025,1,18,10,3,臺中市,北屯區,0,0,0,7,,,50,,,,,,,,,,,,,,13,,,,,B03,,,1,,1,,,7,7,1,12,4,120.662882,24.188101,3
7859,66000,387130000C,(04)23274275,(04)23288582,2025,1,18,10,3,臺中市,北屯區,0,0,0,7,,,50,,,,,,,,,,,,,,13,,,,,C03,,,1,,1,,,7,7,1,6,4,120.693544,24.164255,3
7860,66000,387130000C,(04)23274275,(04)23288582,2025,1,18,10,5,臺中市,北屯區,0,0,0,7,,,50,,,,,,,,,,,,,,13,,,,,B03,,,1,,1,,,84,84,1,6,4,120.722702,24.161429,3
7861,66000,387130000C,(04)23274275,(04)23288582,2025,1,18,10,10,臺中市,北屯區,0,2,0,7,1,6,50,13,9,1,5,4,6,6,4,4,9,5,5,2,17,2,7,1,1,C03,7,1,1,10,2,11,,51,51,1,13,4,120.690165,24.17226,2
7862,66000,387130000C,(04)23274275,(04)23288582,2025,1,18,10,10,臺中市,清水區,0,2,0,7,3,6,50,4,1,1,5,4,6,6,4,4,5,4,5,2,15,3,10,3,1,B03,7,9,1,8,2,5,,12,12,1,12,4,120.563008,24.275422,2
7863,66000,387130000C,(04)23274275,(04)23288582,2025,1,18,10,11,臺中市,北屯區,0,0,0,7,,,50,,,,,,,,,,,,,,23,,,,,B03,,,1,8,2,,,84,84,1,6,4,120.711071,24.17994,3
7864,66000,387130000C,(04)23274275,(04)23288582,2025,1,18,10,15,臺中市,北屯區,0,1,0,7,3,6,50,4,2,1,5,4,6,6,1,1,1,5,5,2,13,3,10,2,1,C03,7,9,1,10,2,11,,7,7,1,6,4,120.699599,24.1648,2
7865,66000,387130000C,(04)23274275,(04)23288582,2025,1,18,10,17,臺中市,大里區,0,0,0,7,,,50,,,,,,,,,,,,,,,,,,,B03,,,1,,2,,,35,35,1,12,4,120.691734,24.091734,3
7866,66000,387130000C,(04)23274275,(04)23288582,2025,1,18,10,18,臺中市,北屯區,0,0,0,7,,,50,,,,,,,,,,,,,,13,,,,,C03,,,1,,1,,,7,7,1,6,4,120.694526,24.161143,3
7867,66000,387130000C,(04)23274275,(04)23288582,2025,1,18,10,18,臺中市,大甲區,0,0,0,7,,,50,,,,,,,,,,,,,,13,,,,,B03,,,1,,2,,,84,84,1,6,4,120.633013,24.345355,3
7868,66000,387130000C,(04)23274275,(04)23288582,2025,1,18,10,20,臺中市,西屯區,0,1,0,7,2,6,50,4,1,1,5,4,6,6,2,1,10,5,5,2,16,3,10,5,4,B03,7,5,1,4,2,5,,11,11,1,12,4,120.655344,24.178096,2
7869,66000,387130000C,(04)23274275,(04)23288582,2025,1,18,10,22,臺中市,潭子區,0,0,0,7,,,50,,,,,,,,,,,,,,12,,,,,B03,,,1,,2,,,40,40,1,13,4,120.702173,24.201044,3
7870,66000,387130000C,(04)23274275,(04)23288582,2025,1,18,10,23,臺中市,東區,0,0,0,7,,,50,,,,,,,,,,,,,,12,,,,,B12,,,1,,1,,,84,84,1,13,4,120.701721,24.131781,3
7871,66000,387130000C,(04)23274275,(04)23288582,2025,1,18,10,24,臺中市,外埔區,0,2,0,7,2,6,40,3,2,1,5,4,6,6,4,4,9,4,4,1,6,2,9,6,5,H01,8,18,7,21,10,17,,95,95,1,12,5,120.637776,24.342557,2
7872,66000,387130000C,(04)23274275,(04)23288582,2025,1,18,10,29,臺中市,大里區,0,1,0,7,2,6,50,13,9,1,5,4,6,6,4,4,5,4,5,1,16,3,10,3,1,B03,7,11,1,8,2,8,,45,45,1,12,4,120.69553,24.096241,2
7873,66000,387130000C,(04)23274275,(04)23288582,2025,1,18,10,30,臺中市,大里區,0,0,0,7,,,30,,,,,,,,,,,,,,11,,,,,B03,,,1,,2,,,8,8,1,6,4,120.678574,24.099049,3
7874,66000,387130000C,(04)23274275,(04)23288582,2025,1,18,10,30,臺中市,大安區,0,1,0,7,2,6,50,13,9,1,5,4,6,6,4,4,9,5,5,2,19,2,9,1,1,C03,7,9,5,10,2,11,,59,59,1,12,4,120.587532,24.344285,2
7875,66000,387130000C,(04)23274275,(04)23288582,2025,1,18,10,37,臺中市,大雅區,0,0,0,7,2,6,30,4,2,1,5,4,6,6,1,1,10,5,5,1,14,3,10,3,1,A11,7,2,1,3,1,3,,49,49,1,13,4,120.644988,24.222695,3
7876,66000,387130000C,(04)23274275,(04)23288582,2025,1,18,10,39,臺中市,北屯區,0,1,0,7,2,6,50,5,2,1,5,4,6,6,2,1,4,4,4,2,11,3,10,3,1,B03,7,11,5,19,2,5,,45,45,1,12,4,120.692242,24.164941,2
7877,66000,387130000C,(04)23274275,(04)23288582,2025,1,18,10,40,臺中市,東區,0,0,0,7,,,50,,,,,,,,,,,,,,17,,,,,,,,,,,,,119,119,1,,,120.684958,24.123007,3
7878,66000,387130000C,(04)23274275,(04)23288582,2025,1,18,10,42,臺中市,太平區,0,0,0,7,2,6,30,,,,,,,,,,,,,,,,,,,B12,,,1,,2,6,,49,49,1,12,4,120.724146,24.125003,3
7879,66000,387130000C,(04)23274275,(04)23288582,2025,1,18,10,42,臺中市,梧棲區,0,1,0,7,2,6,50,4,2,1,5,4,6,6,1,1,9,5,5,2,12,2,8,1,1,F03,7,9,7,21,2,14,,42,42,1,13,4,120.528398,24.253089,2
7880,66000,387130000C,(04)23274275,(04)23288582,2025,1,18,10,44,臺中市,潭子區,0,1,0,7,2,6,30,11,9,1,5,4,6,6,4,4,10,5,5,2,18,2,8,2,1,C02,7,6,1,9,2,14,,43,43,1,12,4,120.707287,24.205545,2
7881,66000,387130000C,(04)23274275,(04)23288582,2025,1,18,10,45,臺中市,豐原區,0,2,0,7,3,6,50,13,7,1,5,4,6,6,4,4,9,5,4,2,17,2,8,5,4,C03,7,9,1,10,2,11,,7,7,1,13,4,120.733563,24.25471,2
7882,66000,387130000C,(04)23274275,(04)23288582,2025,1,18,10,51,臺中市,沙鹿區,0,0,0,7,,,50,,,,,,,,,,,,,,16,,,,,C03,,,1,,2,,,45,45,1,12,4,120.558877,24.23675,4
7883,66000,387130000C,(04)23274275,(04)23288582,2025,1,18,10,54,臺中市,北屯區,0,0,0,7,,,50,,,,,,,,,,,,,,14,,,,,B03,,,1,,1,,,49,49,1,6,4,120.689054,24.168572,3
7884,66000,387130000C,(04)23274275,(04)23288582,2025,1,18,10,55,臺中市,北區,0,2,0,7,2,6,40,4,1,1,5,4,6,6,1,1,10,5,5,2,17,2,9,5,4,C03,7,11,1,10,2,12,,45,45,1,13,4,120.678594,24.159064,2
7885,66000,387130000C,(04)23274275,(04)23288582,2025,1,18,10,58,臺中市,沙鹿區,0,0,0,7,,,50,,,,,,,,,,,,,,,,,,,B03,,,1,,9,,,39,39,2,13,4,120.568045,24.238617,3
7886,66000,387130000C,(04)23274275,(04)23288582,2025,1,18,10,59,臺中市,北屯區,0,1,0,7,1,6,50,13,8,1,5,4,6,6,4,4,5,4,4,2,9,3,10,1,1,C03,7,9,1,10,2,11,,84,84,1,13,4,120.685559,24.189443,2
7887,66000,387130000C,(04)23274275,(04)23288582,2025,1,18,10,59,臺中市,大肚區,0,1,0,7,2,6,30,13,9,1,5,4,6,6,4,4,10,5,5,2,10,2,7,4,1,C03,7,9,3,19,2,11,,5,5,1,6,4,120.571063,24.123824,2
7888,66000,387130000C,(04)23274275,(04)23288582,2025,1,18,11,1,臺中市,潭子區,0,1,0,7,2,6,50,3,2,1,5,4,6,6,4,4,5,5,4,2,13,2,9,2,1,C03,7,9,1,10,2,11,,84,84,1,13,4,120.706637,24.231461,2
7889,66000,387130000C,(04)23274275,(04)23288582,2025,1,18,11,7,臺中市,大里區,0,1,0,7,2,6,50,4,1,1,5,4,6,6,1,1,10,5,5,2,16,3,10,3,1,B03,7,6,1,8,2,1,,84,84,1,12,4,120.679477,24.116603,2
7890,66000,387130000C,(04)23274275,(04)23288582,2025,1,18,11,8,臺中市,大甲區,0,0,0,7,,,50,,,,,,,,,,,,,,,,,,,B03,,,1,,2,,,87,87,1,6,4,120.618961,24.34651,3
7891,66000,387130000C,(04)23274275,(04)23288582,2025,1,18,11,9,臺中市,烏日區,0,0,0,7,,,30,,,,,,,,,,,,,,,,,,,B03,,,1,,2,,,51,51,1,6,4,120.616409,24.112361,3
7892,66000,387130000C,(04)23274275,(04)23288582,2025,1,18,11,10,臺中市,后里區,0,1,0,7,2,6,50,3,9,1,5,4,6,6,4,4,9,5,5,2,16,2,9,4,1,F01,7,6,7,21,2,14,,20,20,1,12,4,120.709132,24.304298,2
7893,66000,387130000C,(04)23274275,(04)23288582,2025,1,18,11,13,臺中市,西屯區,0,0,0,7,,,50,,,,,,,,,,,,,,,,,,,C03,,,1,,9,,,8,8,1,12,4,120.647652,24.174174,3
7894,66000,387130000C,(04)23274275,(04)23288582,2025,1,18,11,14,臺中市,大肚區,0,0,0,7,,,50,,,,,,,,,,,,,,,,,,,B03,,,1,,2,,,84,84,1,6,4,120.544344,24.154249,3
7895,66000,387130000C,(04)23274275,(04)23288582,2025,1,18,11,14,臺中市,后里區,0,1,0,7,2,6,50,5,1,1,5,4,6,6,1,3,9,4,5,1,15,3,10,3,1,B03,7,9,1,8,2,8,,6,6,1,12,4,120.680486,24.311204,2
7896,66000,387130000C,(04)23274275,(04)23288582,2025,1,18,11,16,臺中市,中區,0,0,0,7,,,50,,,,,,,,,,,,,,16,,,,,C03,,,1,,2,,,45,45,1,13,4,120.681386,24.140824,3
7897,66000,387130000C,(04)23274275,(04)23288582,2025,1,18,11,17,臺中市,東區,0,0,0,7,1,6,50,4,1,1,5,4,6,6,4,4,10,5,5,2,17,3,10,1,1,C03,7,9,1,10,1,12,,84,84,1,12,4,120.686844,24.132506,3
7898,66000,387130000C,(04)23274275,(04)23288582,2025,1,18,11,18,臺中市,東區,0,1,0,7,2,6,50,4,1,1,5,4,6,6,1,1,10,5,5,2,17,3,10,3,1,B03,7,11,1,8,2,5,,45,45,1,12,4,120.693024,24.134762,2
7899,66000,387130000C,(04)23274275,(04)23288582,2025,1,18,11,18,臺中市,霧峰區,0,0,0,7,,,40,,,,,,,,,,,,,,,,,,,B12,,,1,,2,,,84,84,1,6,4,120.696032,24.066626,3
7900,66000,387130000C,(04)23274275,(04)23288582,2025,1,18,11,20,臺中市,西屯區,0,0,0,7,,,40,,,,,,,,,,,,,,13,,,,,B03,,,1,,1,,,7,7,1,13,4,120.640816,24.166878,3
7901,66000,387130000C,(04)23274275,(04)23288582,2025,1,18,11,23,臺中市,中區,0,2,0,7,2,6,50,13,8,1,5,4,6,6,4,4,5,5,4,2,2,2,9,1,1,C03,7,9,1,10,2,12,,84,84,1,6,4,120.676215,24.144997,2
7902,66000,387130000C,(04)23274275,(04)23288582,2025,1,18,11,23,臺中市,北區,0,1,0,7,2,6,50,5,2,1,5,4,6,6,2,1,10,5,5,1,12,3,10,3,1,B02,7,5,1,8,2,5,,8,8,1,13,4,120.676165,24.158286,2
7903,66000,387130000C,(04)23274275,(04)23288582,2025,1,18,11,24,臺中市,潭子區,0,0,0,7,,,50,,,,,,,,,,,,,,,,,,,B03,,,1,,2,,,84,84,1,13,4,120.686342,24.210177,3
7904,66000,387130000C,(04)23274275,(04)23288582,2025,1,18,11,24,臺中市,西區,0,0,0,7,2,6,50,3,1,1,5,4,6,6,4,4,10,5,5,2,17,,,,,B03,,,1,,2,,,50,50,1,13,4,120.677013,24.136848,3
7905,66000,387130000C,(04)23274275,(04)23288582,2025,1,18,11,26,臺中市,大里區,0,2,0,7,2,6,50,13,9,1,5,4,6,6,4,4,10,5,5,1,3,2,9,6,5,H01,8,18,7,21,10,17,,95,95,1,6,5,120.693388,24.090576,2
7906,66000,387130000C,(04)23274275,(04)23288582,2025,1,18,11,28,臺中市,西屯區,0,2,0,7,2,6,40,4,1,1,5,4,6,6,1,1,10,5,1,2,12,2,9,2,1,C03,7,9,1,10,2,11,,84,84,1,12,4,120.587928,24.192681,2
7907,66000,387130000C,(04)23274275,(04)23288582,2025,1,18,11,30,臺中市,北屯區,0,1,0,7,3,6,50,4,1,1,5,4,6,6,1,1,10,5,5,2,17,3,10,3,1,B03,7,15,1,8,2,5,,40,40,1,6,4,120.686505,24.193503,2
7908,66000,387130000C,(04)23274275,(04)23288582,2025,1,18,11,33,臺中市,北屯區,0,1,0,7,3,6,0,13,21,1,5,4,6,6,4,4,10,5,5,2,11,2,7,4,1,F01,7,9,7,21,2,11,,39,39,1,6,4,120.701234,24.179845,2
7909,66000,387130000C,(04)23274275,(04)23288582,2025,1,18,11,33,臺中市,霧峰區,0,1,0,7,2,6,50,4,1,1,5,4,6,6,1,1,10,5,5,2,16,2,9,1,1,C03,7,9,1,10,2,14,,85,85,1,12,4,120.685869,24.029199,2
7910,66000,387130000C,(04)23274275,(04)23288582,2025,1,18,11,38,臺中市,沙鹿區,0,2,0,7,2,6,50,13,12,1,5,4,6,6,4,4,5,4,4,2,17,3,10,3,1,B03,7,7,1,8,2,6,,40,40,1,13,4,120.582073,24.249599,2
7911,66000,387130000C,(04)23274275,(04)23288582,2025,1,18,11,42,臺中市,南區,0,2,0,7,3,6,50,3,2,1,5,4,6,6,4,4,10,5,5,2,16,2,8,5,4,C03,7,11,1,10,2,13,,39,39,1,12,4,120.651292,24.115127,2
7912,66000,387130000C,(04)23274275,(04)23288582,2025,1,18,11,42,臺中市,西屯區,0,2,0,7,2,6,30,13,9,1,5,4,6,6,4,4,10,5,5,2,12,2,8,2,1,C04,7,9,1,10,2,11,,7,7,1,13,4,120.65024,24.160635,2
7913,66000,387130000C,(04)23274275,(04)23288582,2025,1,18,11,42,臺中市,龍井區,0,0,0,7,,,30,,,,,,,,,,,,,,14,,,,,B03,,,1,,2,,,49,49,1,6,4,120.523366,24.2123,3
7914,66000,387130000C,(04)23274275,(04)23288582,2025,1,18,11,43,臺中市,東區,0,1,0,7,2,6,50,13,7,1,5,4,6,6,1,1,5,5,4,2,18,2,9,2,1,C03,7,9,1,10,2,12,,84,84,1,13,4,120.698822,24.144834,2
7915,66000,387130000C,(04)23274275,(04)23288582,2025,1,18,11,46,臺中市,南屯區,0,0,0,7,,,40,,,,,,,,,,,,,,,,,,,B12,,,1,,1,,,59,59,1,13,4,120.623289,24.150085,3
7916,66000,387130000C,(04)23274275,(04)23288582,2025,1,18,11,46,臺中市,西屯區,0,0,0,7,,,80,,,,,,,,,,,,,,17,,,,,B03,,,1,,1,,,35,35,1,12,4,120.634569,24.179132,3
7917,66000,387130000C,(04)23274275,(04)23288582,2025,1,18,11,47,臺中市,東區,0,0,0,7,,,30,,,,,,,,,,,,,,17,,,,,B03,,,1,,2,,,7,7,1,13,4,120.704363,24.139809,3
7918,66000,387130000C,(04)23274275,(04)23288582,2025,1,18,11,48,臺中市,北屯區,0,1,0,7,1,6,50,4,1,1,5,4,6,6,2,1,10,5,5,2,12,2,8,1,1,C03,7,9,1,10,2,14,,8,8,1,6,4,120.696754,24.176059,2
7919,66000,387130000C,(04)23274275,(04)23288582,2025,1,18,11,49,臺中市,西屯區,0,0,0,7,3,3,80,13,7,1,5,4,6,6,4,4,10,4,5,2,13,,,,,C02,,,3,,1,,,58,58,1,12,4,120.627603,24.160308,3
7920,66000,387130000C,(04)23274275,(04)23288582,2025,1,18,11,50,臺中市,東區,0,1,0,7,1,6,50,13,7,1,5,4,6,6,4,4,5,4,4,2,17,3,10,3,1,B03,7,15,1,8,2,6,,84,84,1,12,4,120.692377,24.146071,2
7921,66000,387130000C,(04)23274275,(04)23288582,2025,1,18,11,51,臺中市,豐原區,0,1,0,7,2,6,50,3,2,1,5,4,6,6,4,4,5,5,4,2,13,3,10,3,1,B03,7,9,1,8,2,1,,7,7,1,12,4,120.716772,24.251753,2
7922,66000,387130000C,(04)23274275,(04)23288582,2025,1,18,11,56,臺中市,西區,0,1,0,6,2,6,50,4,1,1,5,4,6,6,1,1,5,4,4,2,16,3,10,3,1,B03,7,6,1,8,2,2,,11,11,1,12,4,120.663182,24.156542,2
7923,66000,387130000C,(04)23274275,(04)23288582,2025,1,18,11,57,臺中市,神岡區,0,1,0,7,2,6,30,4,1,1,5,4,6,6,4,4,10,5,5,2,15,2,9,5,4,C03,7,9,1,10,2,11,,15,15,1,13,4,120.677341,24.24725,2
7924,66000,387130000C,(04)23274275,(04)23288582,2025,1,18,11,59,臺中市,龍井區,0,2,0,6,3,6,30,4,1,1,5,4,6,6,4,4,10,5,5,2,15,3,10,3,1,B03,7,9,1,8,2,2,,20,20,1,6,4,120.519075,24.189914,2