序號,縣市別代碼,機關代碼,市話,傳真,年,月,日,時,分,縣市,區,死亡數量,受傷數量,2-30,天候,道路照明設備,道路類別,道路速限,道路型態,事故位置,路面鋪裝,路面狀態,路面缺陷,障礙物,視距,號誌種類,號誌動作,分向設施,快車道或一般車道間,快慢車道間,路面邊線,事故類型及型態,受傷程度,主要傷處,保護裝備,行動電話或功能裝置,當事者區分(類別),車輛用途,當事者行動狀態,駕照狀態,駕照種類,飲酒情形,車輛撞擊部位最初,車輛撞擊部位其他,肇事因素個別,肇事因素主要,肇事逃逸,職業,共享經濟或外送平台,GPS座標X,GPS座標Y,事故類別
7925,66000,387130000C,(04)23274275,(04)23288582,2025,1,18,12,0,臺中市,南屯區,0,0,0,7,3,6,50,13,9,1,5,4,6,6,1,1,5,5,4,2,14,,,,,B02,,,1,,1,,,49,49,1,12,4,120.637475,24.138079,3
7926,66000,387130000C,(04)23274275,(04)23288582,2025,1,18,12,0,臺中市,沙鹿區,0,1,0,7,2,6,50,13,7,1,5,4,6,6,2,1,1,2,4,2,17,2,9,2,1,C01,7,9,1,9,1,16,,84,84,1,12,4,120.561624,24.243418,2
7927,66000,387130000C,(04)23274275,(04)23288582,2025,1,18,12,5,臺中市,南區,0,0,0,7,,,30,,,,,,,,,,,,,,17,,,,,B12,,,1,,10,,,49,49,1,12,4,120.669013,24.124022,3
7928,66000,387130000C,(04)23274275,(04)23288582,2025,1,18,12,5,臺中市,大甲區,0,0,0,7,,,50,,,,,,,,,,,,,,,,,,,A11,,,1,,2,,,7,7,1,6,4,120.653334,24.382878,3
7929,66000,387130000C,(04)23274275,(04)23288582,2025,1,18,12,10,臺中市,清水區,0,0,0,7,,,30,,,,,,,,,,,,,,,,,,,B12,,,1,,2,,,49,49,1,12,4,120.571268,24.260928,3
7930,66000,387130000C,(04)23274275,(04)23288582,2025,1,18,12,12,臺中市,龍井區,0,1,0,7,1,6,40,13,8,1,5,4,6,6,4,4,3,4,1,2,13,2,9,1,1,C03,7,6,1,10,2,11,,7,7,1,6,4,120.580714,24.176599,2
7931,66000,387130000C,(04)23274275,(04)23288582,2025,1,18,12,15,臺中市,龍井區,0,0,0,7,2,6,50,4,7,1,5,4,6,6,4,1,1,1,1,1,14,3,10,3,1,B03,7,14,1,8,1,3,,78,78,1,6,4,120.585361,24.186242,3
7932,66000,387130000C,(04)23274275,(04)23288582,2025,1,18,12,17,臺中市,神岡區,0,0,0,7,,,30,,,,,,,,,,,,,,9,,,,,A12,,,1,,2,,,84,84,1,12,4,120.713832,24.257839,3
7933,66000,387130000C,(04)23274275,(04)23288582,2025,1,18,12,20,臺中市,西屯區,0,0,0,7,,,50,,,,,,,,,,,,,,,,,,,B03,,,1,,2,,,51,51,1,12,4,120.658734,24.168575,3
7934,66000,387130000C,(04)23274275,(04)23288582,2025,1,18,12,25,臺中市,北區,0,0,0,7,,,50,,,,,,,,,,,,,,13,,,,,C03,,,1,,1,,,7,7,1,13,4,120.685687,24.147435,3
7935,66000,387130000C,(04)23274275,(04)23288582,2025,1,18,12,25,臺中市,北區,0,1,0,7,2,6,50,13,9,1,5,4,6,6,4,4,5,4,5,2,18,2,9,5,1,C03,7,9,1,10,2,14,,84,84,1,13,4,120.671029,24.16713,2
7936,66000,387130000C,(04)23274275,(04)23288582,2025,1,18,12,25,臺中市,神岡區,0,0,0,7,,,50,,,,,,,,,,,,,,13,,,,,B03,,,1,,2,,,59,59,1,13,4,120.660238,24.272217,3
7937,66000,387130000C,(04)23274275,(04)23288582,2025,1,18,12,26,臺中市,東區,0,2,0,7,2,6,50,4,1,1,5,4,6,6,1,1,10,5,5,2,16,3,10,3,1,B03,7,5,3,19,2,2,,11,11,1,13,4,120.709269,24.135319,2
7938,66000,387130000C,(04)23274275,(04)23288582,2025,1,18,12,27,臺中市,北屯區,0,0,0,7,,,50,,,,,,,,,,,,,,13,,,,,B03,,,1,8,1,,,84,84,1,12,4,120.69414,24.170564,3
7939,66000,387130000C,(04)23274275,(04)23288582,2025,1,18,12,33,臺中市,潭子區,0,0,0,7,,,50,,,,,,,,,,,,,,14,,,,,C03,,,3,,2,,,49,49,1,13,4,120.699968,24.194483,3
7940,66000,387130000C,(04)23274275,(04)23288582,2025,1,18,12,35,臺中市,大里區,0,1,0,7,2,6,50,13,9,1,5,4,5,6,4,4,9,4,4,2,17,3,10,3,3,B03,7,1,1,8,2,8,,51,51,1,6,4,120.683885,24.101432,2
7941,66000,387130000C,(04)23274275,(04)23288582,2025,1,18,12,35,臺中市,豐原區,0,0,0,7,,,50,,,,,,,,,,,,,,12,,,,,B03,,,1,,2,,,59,59,1,12,4,120.728888,24.251948,3
7942,66000,387130000C,(04)23274275,(04)23288582,2025,1,18,12,38,臺中市,南區,0,0,0,7,,,50,,,,,,,,,,,,,,13,,,,,C03,,,1,,1,,,84,84,1,13,4,120.670095,24.119043,3
7943,66000,387130000C,(04)23274275,(04)23288582,2025,1,18,12,39,臺中市,霧峰區,0,0,0,7,,,50,,,,,,,,,,,,,,,,,,,B03,,,1,,1,,,49,49,1,6,4,120.697618,24.060848,3
7944,66000,387130000C,(04)23274275,(04)23288582,2025,1,18,12,42,臺中市,南屯區,0,0,0,7,,,50,,,,,,,,,,,,,,13,,,,,B03,,,1,,1,,,59,59,1,12,4,120.647047,24.153446,3
7945,66000,387130000C,(04)23274275,(04)23288582,2025,1,18,12,42,臺中市,北屯區,0,1,0,7,1,6,50,13,9,1,5,4,6,6,4,4,3,4,5,2,18,2,9,1,1,C03,7,9,1,10,2,14,,84,84,1,13,4,120.69833,24.174096,2
7946,66000,387130000C,(04)23274275,(04)23288582,2025,1,18,12,45,臺中市,北區,0,0,0,7,,,50,,,,,,,,,,,,,,17,,,,,B03,,,1,,1,,,87,87,1,13,4,120.675359,24.149139,3
7947,66000,387130000C,(04)23274275,(04)23288582,2025,1,18,12,46,臺中市,北區,0,1,0,7,2,6,50,3,2,1,5,4,6,6,2,1,10,5,5,2,17,2,9,1,1,C03,7,15,1,10,2,11,,84,84,1,13,4,120.694616,24.15851,2
7948,66000,387130000C,(04)23274275,(04)23288582,2025,1,18,12,46,臺中市,大里區,0,0,0,7,,,50,,,,,,,,,,,,,,,,,,,C03,,,3,,1,,,59,59,1,6,4,120.698211,24.096402,3
7949,66000,387130000C,(04)23274275,(04)23288582,2025,1,18,12,49,臺中市,北區,0,0,0,7,,,50,,,,,,,,,,,,,,17,,,,,B03,,,1,,1,,,51,51,1,13,4,120.673093,24.157621,3
7950,66000,387130000C,(04)23274275,(04)23288582,2025,1,18,12,50,臺中市,東區,0,1,0,7,3,6,50,3,2,1,5,4,6,6,1,1,10,5,5,2,13,2,8,5,4,C03,7,6,1,10,1,11,,7,7,1,12,4,120.687838,24.140098,2
7951,66000,387130000C,(04)23274275,(04)23288582,2025,1,18,12,50,臺中市,南屯區,0,2,0,7,3,6,50,3,8,1,5,4,6,6,4,4,3,4,4,2,12,3,10,3,1,B03,7,5,1,8,2,6,,14,14,1,12,4,120.625596,24.151884,2
7952,66000,387130000C,(04)23274275,(04)23288582,2025,1,18,12,52,臺中市,太平區,0,1,0,7,2,6,40,3,2,1,5,4,6,6,4,4,10,5,5,2,17,2,8,5,4,C03,7,9,1,10,2,11,,7,7,1,6,4,120.720452,24.149128,2
7953,66000,387130000C,(04)23274275,(04)23288582,2025,1,18,12,53,臺中市,大里區,0,0,0,7,,,30,,,,,,,,,,,,,,14,,,,,B12,,,1,,2,,,49,49,1,12,4,120.694643,24.116729,3
7954,66000,387130000C,(04)23274275,(04)23288582,2025,1,18,12,56,臺中市,西區,0,2,0,7,2,6,30,3,1,1,5,4,6,6,4,4,10,5,5,2,11,2,7,1,1,C03,7,9,1,10,2,11,,41,41,1,12,4,120.65953,24.135515,2
7955,66000,387130000C,(04)23274275,(04)23288582,2025,1,18,12,59,臺中市,南屯區,0,0,0,7,,,50,,,,,,,,,,,,,,,,,,,B03,,,1,,2,,,84,84,1,13,4,120.648651,24.134061,3
7956,66000,387130000C,(04)23274275,(04)23288582,2025,1,18,12,59,臺中市,東勢區,0,3,0,7,2,6,50,4,1,1,5,4,6,6,1,1,10,5,5,2,16,2,7,1,1,C03,7,6,1,10,2,12,,11,11,1,12,4,120.828313,24.257157,2
7957,66000,387130000C,(04)23274275,(04)23288582,2025,1,18,13,0,臺中市,東區,0,3,0,7,2,6,50,13,8,1,5,4,6,6,4,4,5,5,4,2,17,2,7,1,1,C03,7,11,1,10,2,12,,36,36,1,12,4,120.690308,24.132054,2
7958,66000,387130000C,(04)23274275,(04)23288582,2025,1,18,13,3,臺中市,北屯區,0,0,0,7,,,50,,,,,,,,,,,,,,12,,,,,B03,,,1,8,1,,,84,84,1,6,4,120.675507,24.174387,3
7959,66000,387130000C,(04)23274275,(04)23288582,2025,1,18,13,12,臺中市,西區,0,1,0,7,1,6,50,5,1,1,5,4,6,6,4,4,10,5,5,1,17,3,10,5,4,B03,7,9,1,8,2,1,,20,20,1,12,4,120.666498,24.137953,2
7960,66000,387130000C,(04)23274275,(04)23288582,2025,1,18,13,16,臺中市,西屯區,0,2,0,7,1,6,50,3,1,1,5,4,6,6,1,1,8,4,4,1,17,2,9,5,4,C03,7,9,1,10,2,11,,7,7,1,13,4,120.640822,24.155707,2
7961,66000,387130000C,(04)23274275,(04)23288582,2025,1,18,13,24,臺中市,北區,0,0,0,7,,,50,,,,,,,,,,,,,,17,,,,,B03,,,1,,1,,,8,8,1,13,4,120.6717,24.173062,3
7962,66000,387130000C,(04)23274275,(04)23288582,2025,1,18,13,27,臺中市,西屯區,0,0,0,7,,,50,,,,,,,,,,,,,,12,,,,,B03,,,1,,2,,,50,50,1,12,4,120.640215,24.17077,3
7963,66000,387130000C,(04)23274275,(04)23288582,2025,1,18,13,30,臺中市,北屯區,0,0,0,7,,,50,,,,,,,,,,,,,,12,,,,,B03,,,1,,2,,,8,8,1,6,4,120.669443,24.177252,4
7964,66000,387130000C,(04)23274275,(04)23288582,2025,1,18,13,39,臺中市,北屯區,0,1,0,7,2,6,50,13,9,1,5,4,6,6,4,4,5,4,4,2,12,2,9,1,1,C03,7,4,1,10,2,14,,1,1,1,6,4,120.72907,24.176649,2
7965,66000,387130000C,(04)23274275,(04)23288582,2025,1,18,13,39,臺中市,北屯區,0,1,0,7,2,6,50,4,1,1,5,4,6,6,2,1,10,5,5,2,18,2,9,1,1,C03,7,9,1,10,2,12,,59,59,1,6,4,120.671698,24.178317,2
7966,66000,387130000C,(04)23274275,(04)23288582,2025,1,18,13,46,臺中市,霧峰區,0,1,0,7,2,6,50,3,1,1,5,4,6,6,1,1,10,5,5,2,13,2,9,1,1,C03,7,9,1,10,2,11,,7,7,1,12,4,120.702702,24.070262,2
7967,66000,387130000C,(04)23274275,(04)23288582,2025,1,18,13,47,臺中市,霧峰區,0,0,0,7,,,40,,,,,,,,,,,,,,17,,,,,C03,,,1,,1,,,84,84,1,6,4,120.698876,24.067307,3
7968,66000,387130000C,(04)23274275,(04)23288582,2025,1,18,13,55,臺中市,北區,0,1,0,7,2,6,40,3,1,1,5,4,6,6,1,1,5,4,4,2,17,3,10,5,1,B03,7,5,3,19,2,5,,20,20,1,13,4,120.672332,24.144531,2
7969,66000,387130000C,(04)23274275,(04)23288582,2025,1,18,13,57,臺中市,南屯區,0,1,0,7,3,6,50,13,8,1,5,4,6,6,1,1,3,4,3,2,12,3,10,3,1,B03,7,5,1,8,2,2,,20,20,1,12,4,120.615231,24.147953,2
7970,66000,387130000C,(04)23274275,(04)23288582,2025,1,18,14,7,臺中市,北屯區,0,1,0,7,3,6,40,4,1,1,5,4,6,6,4,4,10,5,5,2,16,3,10,3,1,B12,7,6,1,8,2,4,,14,14,1,12,4,120.702043,24.169017,2
7971,66000,387130000C,(04)23274275,(04)23288582,2025,1,18,14,13,臺中市,南屯區,0,0,0,7,,,50,,,,,,,,,,,,,,13,,,,,B03,,,1,,1,,,59,59,1,6,4,120.646541,24.132061,3
7972,66000,387130000C,(04)23274275,(04)23288582,2025,1,18,14,13,臺中市,北屯區,0,0,0,7,,,50,,,,,,,,,,,,,,14,,,,,B03,,,1,,2,,,49,49,1,6,4,120.729823,24.176747,4
7973,66000,387130000C,(04)23274275,(04)23288582,2025,1,18,14,15,臺中市,西屯區,0,0,0,7,3,6,50,4,1,1,5,4,6,6,2,1,5,4,5,2,13,,,,,B12,,,1,,1,,,7,7,1,6,4,120.64429,24.201793,3
7974,66000,387130000C,(04)23274275,(04)23288582,2025,1,18,14,20,臺中市,龍井區,0,0,0,7,,,60,,,,,,,,,,,,,,13,,,,,B03,,,1,,1,,,7,7,1,12,4,120.580419,24.188774,3
7975,66000,387130000C,(04)23274275,(04)23288582,2025,1,18,14,24,臺中市,西屯區,0,1,0,7,3,6,50,3,1,1,5,4,6,6,4,4,8,4,4,1,17,3,10,5,4,B03,7,11,1,8,2,1,,45,45,1,13,4,120.646595,24.165141,2
7976,66000,387130000C,(04)23274275,(04)23288582,2025,1,18,14,25,臺中市,大肚區,0,0,0,7,,,50,,,,,,,,,,,,,,17,,,,,B12,,,1,,2,,,50,50,1,6,4,120.544569,24.160183,3
7977,66000,387130000C,(04)23274275,(04)23288582,2025,1,18,14,27,臺中市,南屯區,0,0,0,7,,,50,,,,,,,,,,,,,,17,,,,,C03,,,7,,10,,,87,87,1,6,4,120.649752,24.145378,4
7978,66000,387130000C,(04)23274275,(04)23288582,2025,1,18,14,32,臺中市,南屯區,0,1,0,7,2,6,50,13,8,1,5,4,6,6,4,4,5,4,4,2,13,2,9,2,1,C04,7,9,1,8,2,11,,59,59,1,12,1,120.650013,24.133638,2
7979,66000,387130000C,(04)23274275,(04)23288582,2025,1,18,14,34,臺中市,西屯區,0,0,0,7,2,6,40,13,8,1,5,4,6,6,4,4,1,4,1,2,13,3,10,3,1,C03,7,1,1,10,1,11,,7,7,1,13,2,120.645127,24.164767,3
7980,66000,387130000C,(04)23274275,(04)23288582,2025,1,18,14,35,臺中市,清水區,0,0,0,7,,,30,,,,,,,,,,,,,,,,,,,B12,,,1,,2,,,49,49,1,12,4,120.570068,24.3195,3
7981,66000,387130000C,(04)23274275,(04)23288582,2025,1,18,14,37,臺中市,北屯區,0,0,0,7,,,50,,,,,,,,,,,,,,17,,,,,B03,,,1,,1,,,58,58,1,12,4,120.730454,24.172026,3
7982,66000,387130000C,(04)23274275,(04)23288582,2025,1,18,14,48,臺中市,南區,0,0,0,7,,,50,,,,,,,,,,,,,,13,,,,,B03,,,1,,2,,,7,7,1,13,4,120.652766,24.117995,3
7983,66000,387130000C,(04)23274275,(04)23288582,2025,1,18,14,50,臺中市,西屯區,0,0,0,7,,,60,,,,,,,,,,,,,,13,,,,,B03,,,1,,2,,,7,7,1,12,4,120.639424,24.16881,3
7984,66000,387130000C,(04)23274275,(04)23288582,2025,1,18,14,50,臺中市,西屯區,0,0,0,7,3,6,50,3,9,1,5,4,6,6,4,4,5,5,5,2,17,,,,,B03,,,1,,2,,,50,50,1,12,4,120.660152,24.166012,3
7985,66000,387130000C,(04)23274275,(04)23288582,2025,1,18,14,51,臺中市,西區,0,0,0,7,2,6,50,4,2,1,5,4,6,6,1,1,5,4,4,2,13,,,,,B03,,,1,,1,,,59,59,1,13,4,120.657887,24.157909,3
7986,66000,387130000C,(04)23274275,(04)23288582,2025,1,18,14,52,臺中市,西區,0,1,0,7,2,6,50,13,9,1,5,4,6,6,4,4,9,4,5,2,17,3,10,3,1,B03,7,15,1,8,2,1,,59,59,1,12,4,120.656062,24.139872,2
7987,66000,387130000C,(04)23274275,(04)23288582,2025,1,18,14,53,臺中市,南屯區,0,1,0,7,3,6,50,13,9,1,5,4,6,6,4,4,1,4,5,2,12,3,10,3,1,B03,7,9,1,8,2,2,,8,8,1,12,4,120.646254,24.128369,2
7988,66000,387130000C,(04)23274275,(04)23288582,2025,1,18,14,56,臺中市,南屯區,0,1,0,7,2,6,50,4,1,1,5,4,6,6,4,4,5,5,5,2,15,3,10,3,1,B03,7,9,1,8,2,4,,12,12,1,13,4,120.643925,24.141495,2
7989,66000,387130000C,(04)23274275,(04)23288582,2025,1,18,14,56,臺中市,沙鹿區,0,1,0,6,2,6,30,4,1,1,5,4,6,6,3,1,10,5,5,2,15,3,10,3,1,B03,7,9,1,8,2,1,,24,24,1,6,4,120.57373,24.229068,2
7990,66000,387130000C,(04)23274275,(04)23288582,2025,1,18,14,57,臺中市,大甲區,0,1,0,7,3,6,50,3,1,1,5,4,6,6,4,4,4,5,4,1,16,3,10,3,1,B03,7,6,1,8,2,2,,14,14,1,6,4,120.634211,24.344597,2
7991,66000,387130000C,(04)23274275,(04)23288582,2025,1,18,14,58,臺中市,大里區,0,1,0,7,2,6,50,13,9,1,5,4,6,6,4,4,5,5,5,1,17,3,10,3,3,B03,7,13,1,8,2,4,,76,76,1,6,4,120.688781,24.103048,2
7992,66000,387130000C,(04)23274275,(04)23288582,2025,1,18,14,59,臺中市,北屯區,0,0,0,7,,,50,,,,,,,,,,,,,,13,,,,,C03,,,1,,1,,,59,59,1,12,4,120.7055,24.169484,3
7993,66000,387130000C,(04)23274275,(04)23288582,2025,1,18,15,2,臺中市,西區,0,0,0,7,,,50,,,,,,,,,,,,,,,,,,,B03,,,1,,1,,,8,8,1,12,4,120.662197,24.150691,3
7994,66000,387130000C,(04)23274275,(04)23288582,2025,1,18,15,2,臺中市,北屯區,0,0,0,7,3,6,50,4,1,1,5,4,6,6,1,1,10,5,5,2,15,3,10,3,1,B03,7,9,1,8,2,1,,21,21,1,12,4,120.68894,24.167941,3
7995,66000,387130000C,(04)23274275,(04)23288582,2025,1,18,15,4,臺中市,烏日區,0,1,0,7,2,6,50,13,9,1,5,4,6,6,4,4,5,5,5,2,18,2,9,1,1,C03,7,9,1,10,2,14,,84,84,1,6,4,120.596051,24.108703,2
7996,66000,387130000C,(04)23274275,(04)23288582,2025,1,18,15,10,臺中市,中區,0,0,0,7,,,50,,,,,,,,,,,,,,,,,,,B03,,,1,,1,,,7,7,1,12,4,120.680583,24.145482,3
7997,66000,387130000C,(04)23274275,(04)23288582,2025,1,18,15,10,臺中市,東勢區,0,0,0,7,,,60,,,,,,,,,,,,,,14,,,,,B03,,,1,,1,,,49,49,1,13,4,120.829505,24.248832,3
7998,66000,387130000C,(04)23274275,(04)23288582,2025,1,18,15,11,臺中市,北區,0,0,0,7,,,50,,,,,,,,,,,,,,,,,,,B12,,,1,,1,,,59,59,1,12,4,120.678714,24.147913,3
7999,66000,387130000C,(04)23274275,(04)23288582,2025,1,18,15,16,臺中市,東區,0,1,0,7,3,6,50,13,8,1,5,4,6,6,4,4,1,4,4,2,12,3,10,1,1,C03,7,7,1,10,2,13,,40,40,1,6,4,120.693164,24.148162,2
8000,66000,387130000C,(04)23274275,(04)23288582,2025,1,18,15,18,臺中市,大雅區,0,1,0,7,3,6,30,4,1,1,5,4,6,6,4,4,10,5,5,1,15,3,10,3,1,B03,7,9,1,15,2,5,,15,15,2,13,4,120.670907,24.236927,2
8001,66000,387130000C,(04)23274275,(04)23288582,2025,1,18,15,18,臺中市,太平區,0,0,0,7,,,30,,,,,,,,,,,,,,,,,,,C03,,,1,,2,,,48,48,1,12,4,120.727433,24.152619,3
8002,66000,387130000C,(04)23274275,(04)23288582,2025,1,18,15,19,臺中市,北屯區,0,0,0,7,,,40,,,,,,,,,,,,,,13,,,,,B03,,,1,,1,,,7,7,1,6,4,120.722254,24.185502,3
8003,66000,387130000C,(04)23274275,(04)23288582,2025,1,18,15,22,臺中市,北屯區,0,0,0,7,,,50,,,,,,,,,,,,,,,,,,,B03,,,1,,2,,,50,50,1,12,4,120.682137,24.173847,3
8004,66000,387130000C,(04)23274275,(04)23288582,2025,1,18,15,23,臺中市,北屯區,0,0,0,7,,,50,,,,,,,,,,,,,,,,,,,B03,,,1,,1,,,7,7,1,12,4,120.68591,24.185441,3
8005,66000,387130000C,(04)23274275,(04)23288582,2025,1,18,15,23,臺中市,西屯區,0,1,0,7,2,6,50,3,1,1,5,4,6,6,2,1,10,5,5,2,16,3,10,3,1,B03,7,6,1,8,2,1,,11,11,1,12,4,120.64618,24.171725,2
8006,66000,387130000C,(04)23274275,(04)23288582,2025,1,18,15,26,臺中市,南區,0,1,0,7,3,6,50,18,24,1,5,4,6,6,4,4,5,5,5,2,18,3,10,5,4,C03,7,9,1,10,2,16,,84,84,1,6,4,120.678337,24.132303,2
8007,66000,387130000C,(04)23274275,(04)23288582,2025,1,18,15,30,臺中市,西屯區,0,2,0,6,2,6,30,4,1,1,5,4,6,6,4,4,10,5,5,2,30,,,,,,,,,,,,,118,118,1,,,120.6256,24.191273,2
8008,66000,387130000C,(04)23274275,(04)23288582,2025,1,18,15,30,臺中市,大里區,0,0,0,7,,,0,,,,,,,,,,,,,,17,,,,,C03,,,1,,9,,,50,50,1,13,4,120.690153,24.109573,3
8009,66000,387130000C,(04)23274275,(04)23288582,2025,1,18,15,33,臺中市,神岡區,0,1,0,6,2,6,50,13,7,1,5,4,6,6,4,4,9,5,4,2,17,3,10,3,1,B03,7,6,1,8,2,8,,20,20,1,12,4,120.696844,24.265319,2
8010,66000,387130000C,(04)23274275,(04)23288582,2025,1,18,15,34,臺中市,大里區,0,0,0,7,,,50,,,,,,,,,,,,,,,,,,,B12,,,1,,2,,,49,49,1,12,4,120.672791,24.10198,3
8011,66000,387130000C,(04)23274275,(04)23288582,2025,1,18,15,35,臺中市,北區,0,0,0,7,,,50,,,,,,,,,,,,,,17,,,,,B03,,,1,,1,,,7,7,1,13,4,120.678646,24.14803,3
8012,66000,387130000C,(04)23274275,(04)23288582,2025,1,18,15,36,臺中市,北區,0,0,0,7,,,50,,,,,,,,,,,,,,,,,,,B03,,,1,,1,,,39,39,1,13,4,120.664013,24.154906,3
8013,66000,387130000C,(04)23274275,(04)23288582,2025,1,18,15,40,臺中市,太平區,0,1,0,7,3,6,40,4,2,1,5,4,6,6,1,1,10,5,5,2,16,3,10,3,1,B03,7,5,1,8,2,5,,84,84,1,6,4,120.72334,24.149459,2
8014,66000,387130000C,(04)23274275,(04)23288582,2025,1,18,15,42,臺中市,大雅區,0,1,0,6,1,6,50,4,2,1,5,4,6,6,1,1,5,5,5,1,16,3,10,2,1,C03,7,9,1,10,2,11,,84,84,1,12,4,120.648615,24.225827,2
8015,66000,387130000C,(04)23274275,(04)23288582,2025,1,18,15,42,臺中市,西區,0,0,0,7,,,40,,,,,,,,,,,,,,11,,,,,B01,,,1,,1,,,40,40,1,12,4,120.661799,24.15531,3
8016,66000,387130000C,(04)23274275,(04)23288582,2025,1,18,15,43,臺中市,北屯區,0,0,0,7,,,50,,,,,,,,,,,,,,12,,,,,B03,,,1,,1,,,84,84,1,12,4,120.730195,24.177129,3
8017,66000,387130000C,(04)23274275,(04)23288582,2025,1,18,15,43,臺中市,太平區,0,0,0,7,2,6,50,,,,,,,,,,,,,,,,,,,C03,,,1,,1,11,,7,7,1,12,4,120.715215,24.138266,3
8018,66000,387130000C,(04)23274275,(04)23288582,2025,1,18,15,45,臺中市,西屯區,0,0,0,7,,,50,,,,,,,,,,,,,,13,,,,,B03,,,1,,2,,,59,59,1,12,4,120.618542,24.183899,3
8019,66000,387130000C,(04)23274275,(04)23288582,2025,1,18,15,48,臺中市,南屯區,0,0,0,7,3,6,50,13,7,1,5,4,6,6,1,1,5,5,4,2,13,,,,,B01,,,1,,1,,,84,84,1,12,4,120.652671,24.153553,3
8020,66000,387130000C,(04)23274275,(04)23288582,2025,1,18,15,48,臺中市,北屯區,0,0,0,7,,,50,,,,,,,,,,,,,,14,,,,,B03,,,1,,1,,,49,49,1,6,4,120.685811,24.173606,3
8021,66000,387130000C,(04)23274275,(04)23288582,2025,1,18,15,51,臺中市,西屯區,0,0,0,7,,,50,,,,,,,,,,,,,,12,,,,,B03,,,1,,2,,,8,8,1,12,4,120.630703,24.162054,3
8022,66000,387130000C,(04)23274275,(04)23288582,2025,1,18,16,0,臺中市,西區,0,1,0,7,2,6,50,13,9,1,5,4,6,6,4,4,4,4,5,2,16,3,10,3,1,B02,7,5,1,8,2,6,,20,20,1,13,4,120.662591,24.150782,2
8023,66000,387130000C,(04)23274275,(04)23288582,2025,1,18,16,0,臺中市,南屯區,0,0,0,7,,,50,,,,,,,,,,,,,,21,,,,,B03,,,1,,2,,,84,84,1,12,4,120.648675,24.154585,3
8024,66000,387130000C,(04)23274275,(04)23288582,2025,1,18,16,6,臺中市,后里區,0,0,0,7,2,6,50,13,9,1,5,4,6,6,4,4,9,5,5,1,13,3,10,2,1,C03,7,9,1,10,2,11,,7,7,1,12,4,120.723263,24.309052,3
8025,66000,387130000C,(04)23274275,(04)23288582,2025,1,18,16,8,臺中市,南區,0,2,0,7,2,6,50,13,7,1,5,4,6,6,4,4,1,4,4,2,13,2,9,1,1,C03,7,9,1,10,2,11,,7,7,1,12,4,120.679159,24.125326,2
8026,66000,387130000C,(04)23274275,(04)23288582,2025,1,18,16,10,臺中市,西屯區,0,0,0,7,,,50,,,,,,,,,,,,,,14,,,,,B03,,,1,,1,,,49,49,1,5,4,120.642254,24.162458,3
8027,66000,387130000C,(04)23274275,(04)23288582,2025,1,18,16,11,臺中市,南屯區,0,0,0,7,,,0,,,,,,,,,,,,,,17,,,,,B03,,,1,,1,,,84,84,1,6,4,120.631741,24.149063,3
8028,66000,387130000C,(04)23274275,(04)23288582,2025,1,18,16,12,臺中市,南屯區,0,0,0,7,,,50,,,,,,,,,,,,,,17,,,,,B03,,,1,,2,,,59,59,1,6,4,120.654058,24.143425,3
8029,66000,387130000C,(04)23274275,(04)23288582,2025,1,18,16,19,臺中市,北屯區,0,0,0,7,,,30,,,,,,,,,,,,,,16,,,,,B12,,,1,,1,,,14,14,1,6,4,120.694476,24.189951,3
8030,66000,387130000C,(04)23274275,(04)23288582,2025,1,18,16,22,臺中市,北屯區,0,0,0,7,,,50,,,,,,,,,,,,,,,,,,,B03,,,1,,1,,,84,84,1,12,4,120.722497,24.174079,3
8031,66000,387130000C,(04)23274275,(04)23288582,2025,1,18,16,27,臺中市,北屯區,0,1,0,7,2,6,50,4,1,1,5,4,6,6,4,4,5,5,5,2,15,2,8,2,1,C03,7,9,1,10,2,11,,15,15,1,12,4,120.701708,24.185841,2
8032,66000,387130000C,(04)23274275,(04)23288582,2025,1,18,16,29,臺中市,北區,0,0,0,7,,,50,,,,,,,,,,,,,,17,,,,,B03,,,1,,2,,,51,51,1,12,4,120.684483,24.151142,3
8033,66000,387130000C,(04)23274275,(04)23288582,2025,1,18,16,29,臺中市,南屯區,0,0,0,7,,,50,,,,,,,,,,,,,,15,,,,,B03,,,1,,1,,,15,15,1,12,4,120.632249,24.142134,3
8034,66000,387130000C,(04)23274275,(04)23288582,2025,1,18,16,30,臺中市,西屯區,0,0,0,7,,,50,,,,,,,,,,,,,,,,,,,B01,,,1,,1,,,7,7,1,12,4,120.635897,24.181704,3
8035,66000,387130000C,(04)23274275,(04)23288582,2025,1,18,16,32,臺中市,南屯區,0,0,0,7,,,0,,,,,,,,,,,,,,17,,,,,C03,,,1,,1,,,50,50,1,6,4,120.648303,24.131638,3
8036,66000,387130000C,(04)23274275,(04)23288582,2025,1,18,16,36,臺中市,西屯區,0,0,0,6,,,30,,,,,,,,,,,,,,30,,,,,B03,,,1,,2,,,50,50,1,12,4,120.652514,24.164448,3