序號,縣市別代碼,機關代碼,市話,傳真,年,月,日,時,分,縣市,區,死亡數量,受傷數量,2-30,天候,道路照明設備,道路類別,道路速限,道路型態,事故位置,路面鋪裝,路面狀態,路面缺陷,障礙物,視距,號誌種類,號誌動作,分向設施,快車道或一般車道間,快慢車道間,路面邊線,事故類型及型態,受傷程度,主要傷處,保護裝備,行動電話或功能裝置,當事者區分(類別),車輛用途,當事者行動狀態,駕照狀態,駕照種類,飲酒情形,車輛撞擊部位最初,車輛撞擊部位其他,肇事因素個別,肇事因素主要,肇事逃逸,職業,共享經濟或外送平台,GPS座標X,GPS座標Y,事故類別
8260,66000,387130000C,(04)23274275,(04)23288582,2025,1,19,11,43,臺中市,北屯區,0,1,0,7,2,6,50,4,1,1,5,4,6,6,4,4,10,5,5,2,16,3,10,3,1,B03,7,6,1,8,2,2,,14,14,1,6,4,120.711637,24.16953,2
8261,66000,387130000C,(04)23274275,(04)23288582,2025,1,19,11,47,臺中市,北區,0,1,0,7,2,6,50,13,9,1,5,4,6,6,2,1,8,3,5,1,9,3,10,3,1,B03,7,9,1,8,2,2,,8,8,1,13,4,120.681604,24.156476,2
8262,66000,387130000C,(04)23274275,(04)23288582,2025,1,19,11,47,臺中市,梧棲區,0,1,0,7,2,6,30,13,9,1,5,4,6,6,4,4,10,5,5,2,13,2,7,6,1,F01,7,9,7,21,2,11,,58,58,1,13,4,120.531797,24.243273,2
8263,66000,387130000C,(04)23274275,(04)23288582,2025,1,19,11,47,臺中市,后里區,0,0,0,7,,,60,,,,,,,,,,,,,,12,,,,,B03,,,1,,2,,,40,40,1,12,4,120.731554,24.339735,3
8264,66000,387130000C,(04)23274275,(04)23288582,2025,1,19,11,48,臺中市,大甲區,0,2,0,7,3,6,50,13,24,1,5,4,6,6,4,4,9,5,5,2,17,2,9,5,4,C03,7,6,1,10,2,12,,84,84,1,6,4,120.626348,24.345613,2
8265,66000,387130000C,(04)23274275,(04)23288582,2025,1,19,11,51,臺中市,大甲區,0,2,0,7,3,6,50,3,1,1,5,4,6,6,4,4,5,5,4,1,16,2,9,2,1,C03,7,6,1,10,2,14,,48,48,1,6,4,120.629309,24.352942,2
8266,66000,387130000C,(04)23274275,(04)23288582,2025,1,19,11,55,臺中市,北屯區,0,0,0,7,,,50,,,,,,,,,,,,,,,,,,,B03,,,1,,1,,,84,84,1,12,4,120.700787,24.169128,4
8267,66000,387130000C,(04)23274275,(04)23288582,2025,1,19,12,0,臺中市,西區,0,0,0,7,,,50,,,,,,,,,,,,,,,,,,,B03,,,1,,1,,,49,49,1,12,4,120.664116,24.145692,3
8268,66000,387130000C,(04)23274275,(04)23288582,2025,1,19,12,1,臺中市,西區,0,0,0,7,,,50,,,,,,,,,,,,,,,,,,,C03,,,5,,1,,,84,84,1,12,4,120.666858,24.149881,3
8269,66000,387130000C,(04)23274275,(04)23288582,2025,1,19,12,5,臺中市,西屯區,0,0,0,7,,,50,,,,,,,,,,,,,,16,,,,,B03,,,1,,3,,,20,20,1,12,4,120.647894,24.174161,3
8270,66000,387130000C,(04)23274275,(04)23288582,2025,1,19,12,8,臺中市,西區,0,0,0,7,,,50,,,,,,,,,,,,,,,,,,,B03,,,1,,1,,,84,84,1,12,4,120.652997,24.146726,3
8271,66000,387130000C,(04)23274275,(04)23288582,2025,1,19,12,15,臺中市,西區,0,0,0,7,,,50,,,,,,,,,,,,,,14,,,,,B03,,,1,,1,,,49,49,1,12,4,120.665641,24.146855,3
8272,66000,387130000C,(04)23274275,(04)23288582,2025,1,19,12,15,臺中市,北區,0,1,0,7,2,6,30,3,1,1,5,4,6,6,4,4,10,5,5,2,16,3,10,1,1,C03,7,6,1,10,2,13,,14,14,1,12,4,120.682203,24.148621,2
8273,66000,387130000C,(04)23274275,(04)23288582,2025,1,19,12,16,臺中市,南屯區,0,0,0,7,,,50,,,,,,,,,,,,,,,,,,,B03,,,1,,1,,,84,84,1,13,4,120.637198,24.137116,3
8274,66000,387130000C,(04)23274275,(04)23288582,2025,1,19,12,17,臺中市,西區,0,0,0,7,2,6,40,4,1,1,5,4,6,6,1,1,10,5,5,2,16,,,,,B03,,,1,,1,,,11,11,1,13,4,120.663775,24.154648,3
8275,66000,387130000C,(04)23274275,(04)23288582,2025,1,19,12,22,臺中市,南屯區,0,0,0,7,,,50,,,,,,,,,,,,,,,,,,,A02,,,1,,2,,,87,87,1,12,4,120.609707,24.138486,3
8276,66000,387130000C,(04)23274275,(04)23288582,2025,1,19,12,25,臺中市,大雅區,0,0,0,7,,,30,,,,,,,,,,,,,,30,,,,,B03,,,1,,2,,,51,51,1,12,4,120.65284,24.223929,3
8277,66000,387130000C,(04)23274275,(04)23288582,2025,1,19,12,28,臺中市,沙鹿區,0,0,0,7,,,50,,,,,,,,,,,,,,17,,,,,C02,,,1,,2,,,84,84,1,6,4,120.579404,24.217973,3
8278,66000,387130000C,(04)23274275,(04)23288582,2025,1,19,12,32,臺中市,梧棲區,0,0,0,7,,,50,,,,,,,,,,,,,,16,,,,,B12,,,1,,2,,,51,51,1,13,4,120.529325,24.223626,3
8279,66000,387130000C,(04)23274275,(04)23288582,2025,1,19,12,33,臺中市,北屯區,0,0,0,7,,,50,,,,,,,,,,,,,,13,,,,,B03,,,1,,1,,,84,84,1,12,4,120.697658,24.170006,3
8280,66000,387130000C,(04)23274275,(04)23288582,2025,1,19,12,37,臺中市,大雅區,0,1,0,7,2,6,50,3,2,1,5,4,6,6,3,1,5,5,5,1,11,2,8,1,1,C03,7,6,1,10,2,11,,84,84,1,13,4,120.673561,24.231836,2
8281,66000,387130000C,(04)23274275,(04)23288582,2025,1,19,12,37,臺中市,北區,0,1,0,7,2,6,50,4,2,1,5,4,6,6,1,1,5,5,5,2,17,3,10,5,1,C03,7,9,1,10,2,11,,84,84,1,13,4,120.682364,24.162814,2
8282,66000,387130000C,(04)23274275,(04)23288582,2025,1,19,12,40,臺中市,北屯區,0,0,0,7,,,50,,,,,,,,,,,,,,12,,,,,B02,,,1,,1,,,50,50,1,6,4,120.688818,24.17696,3
8283,66000,387130000C,(04)23274275,(04)23288582,2025,1,19,12,53,臺中市,太平區,0,1,0,7,2,6,50,3,1,1,5,4,6,6,4,4,10,5,5,2,13,2,9,2,1,C03,7,9,1,10,2,11,,7,7,1,12,2,120.715612,24.136506,2
8284,66000,387130000C,(04)23274275,(04)23288582,2025,1,19,12,55,臺中市,北區,0,0,0,7,,,30,,,,,,,,,,,,,,17,,,,,C03,,,1,,2,,,12,12,1,13,4,120.66922,24.166089,3
8285,66000,387130000C,(04)23274275,(04)23288582,2025,1,19,12,55,臺中市,大甲區,0,1,0,7,3,6,50,4,1,1,5,4,6,6,4,4,10,5,5,2,15,2,9,5,4,C03,7,9,1,10,5,11,,15,15,1,13,4,120.621496,24.352473,2
8286,66000,387130000C,(04)23274275,(04)23288582,2025,1,19,12,58,臺中市,神岡區,0,0,0,7,,,50,,,,,,,,,,,,,,13,,,,,C03,,,1,,2,,,7,7,1,12,4,120.658871,24.26281,3
8287,66000,387130000C,(04)23274275,(04)23288582,2025,1,19,12,58,臺中市,豐原區,0,2,0,7,2,6,50,3,2,1,5,4,6,6,4,4,5,5,5,2,12,3,10,5,4,B03,7,4,1,8,2,2,,1,1,2,12,4,120.719588,24.248758,2
8288,66000,387130000C,(04)23274275,(04)23288582,2025,1,19,13,1,臺中市,大雅區,0,0,0,7,,,50,,,,,,,,,,,,,,14,,,,,C03,,,1,,2,,,49,49,1,13,4,120.648797,24.226693,3
8289,66000,387130000C,(04)23274275,(04)23288582,2025,1,19,13,4,臺中市,北區,0,1,0,7,2,6,50,4,1,1,5,2,1,6,4,4,1,4,5,2,18,2,9,1,1,C03,7,5,1,10,2,14,,84,84,1,12,4,120.692546,24.155935,2
8290,66000,387130000C,(04)23274275,(04)23288582,2025,1,19,13,4,臺中市,北區,0,1,0,7,2,6,50,4,1,1,5,4,6,6,4,4,5,4,5,2,17,2,9,5,1,C03,7,9,1,10,2,11,,13,13,1,13,4,120.697008,24.155822,2
8291,66000,387130000C,(04)23274275,(04)23288582,2025,1,19,13,5,臺中市,中區,0,1,0,7,3,6,50,13,9,1,5,4,6,6,4,4,5,4,5,2,13,3,10,1,1,C03,7,9,1,10,2,11,,7,7,1,13,4,120.680725,24.14375,2
8292,66000,387130000C,(04)23274275,(04)23288582,2025,1,19,13,10,臺中市,北屯區,0,1,0,7,2,6,50,4,1,1,5,4,6,6,2,1,10,5,5,2,16,3,10,3,1,B03,7,6,1,8,2,1,,48,48,1,6,4,120.685169,24.166985,2
8293,66000,387130000C,(04)23274275,(04)23288582,2025,1,19,13,20,臺中市,西區,0,0,0,7,,,30,,,,,,,,,,,,,,,,,,,B12,,,1,,1,,,49,49,1,12,4,120.659373,24.148506,3
8294,66000,387130000C,(04)23274275,(04)23288582,2025,1,19,13,25,臺中市,新社區,0,0,0,7,,,30,,,,,,,,,,,,,,14,,,,,B03,,,1,,2,,,49,49,1,13,4,120.801966,24.206745,3
8295,66000,387130000C,(04)23274275,(04)23288582,2025,1,19,13,26,臺中市,新社區,0,0,0,7,,,50,,,,,,,,,,,,,,15,,,,,B03,,,1,,2,,,12,12,1,13,4,120.809154,24.192117,3
8296,66000,387130000C,(04)23274275,(04)23288582,2025,1,19,13,28,臺中市,太平區,0,2,0,7,2,6,50,13,9,1,5,4,6,6,4,4,5,5,5,1,12,2,9,5,4,C03,7,9,1,10,2,11,,85,85,2,6,4,120.712538,24.123818,2
8297,66000,387130000C,(04)23274275,(04)23288582,2025,1,19,13,29,臺中市,霧峰區,0,1,0,7,2,6,30,13,9,1,5,4,6,6,4,4,10,5,5,2,9,3,10,5,4,B12,7,2,1,8,2,7,,84,84,1,13,4,120.67183,24.03377,2
8298,66000,387130000C,(04)23274275,(04)23288582,2025,1,19,13,32,臺中市,豐原區,0,0,0,7,,,30,,,,,,,,,,,,,,14,,,,,B03,,,1,,2,,,50,50,1,13,4,120.733085,24.24867,3
8299,66000,387130000C,(04)23274275,(04)23288582,2025,1,19,13,36,臺中市,北區,0,2,0,7,1,6,50,13,9,1,5,4,6,6,4,4,5,5,5,2,9,2,9,1,1,C03,7,9,1,10,9,12,,8,8,1,13,4,120.687984,24.151685,2
8300,66000,387130000C,(04)23274275,(04)23288582,2025,1,19,13,40,臺中市,北區,0,1,0,7,2,6,50,4,7,1,5,4,6,6,1,1,5,5,4,2,17,2,9,5,4,C03,7,15,1,10,2,12,,4,4,1,13,4,120.674393,24.169944,2
8301,66000,387130000C,(04)23274275,(04)23288582,2025,1,19,13,47,臺中市,大里區,0,2,0,7,2,6,50,4,1,1,5,4,6,6,1,1,5,2,5,1,16,3,10,3,1,B03,7,5,1,8,2,2,,47,47,1,13,4,120.676195,24.114836,2
8302,66000,387130000C,(04)23274275,(04)23288582,2025,1,19,13,52,臺中市,北區,0,3,0,7,2,6,50,4,1,1,5,4,6,6,1,1,1,4,4,2,17,3,10,3,1,B03,7,9,1,8,2,2,,84,84,1,12,4,120.67747,24.153035,2
8303,66000,387130000C,(04)23274275,(04)23288582,2025,1,19,13,52,臺中市,南屯區,0,0,0,7,,,50,,,,,,,,,,,,,,13,,,,,B03,,,1,,1,,,7,7,1,12,4,120.646473,24.129528,3
8304,66000,387130000C,(04)23274275,(04)23288582,2025,1,19,13,52,臺中市,南屯區,0,0,0,7,3,6,50,13,9,1,5,4,6,6,1,1,5,2,5,2,13,,,,,B02,,,1,,2,,,85,85,1,12,4,120.636205,24.146723,3
8305,66000,387130000C,(04)23274275,(04)23288582,2025,1,19,13,52,臺中市,烏日區,0,0,0,7,,,50,,,,,,,,,,,,,,13,,,,,B03,,,1,,1,,,84,84,1,6,4,120.624657,24.106077,3
8306,66000,387130000C,(04)23274275,(04)23288582,2025,1,19,13,53,臺中市,東區,0,1,0,7,3,6,50,3,2,1,5,4,6,6,4,4,5,5,4,2,12,3,10,5,4,B03,7,15,1,8,2,4,,84,84,1,12,4,120.6858,24.131226,2
8307,66000,387130000C,(04)23274275,(04)23288582,2025,1,19,13,58,臺中市,北屯區,0,2,0,7,2,6,30,4,1,1,5,4,6,6,4,4,10,5,5,2,16,3,10,3,1,B03,7,9,1,8,2,4,,12,12,1,6,4,120.692201,24.18421,2
8308,66000,387130000C,(04)23274275,(04)23288582,2025,1,19,13,59,臺中市,龍井區,0,2,0,7,2,6,30,11,9,1,5,4,6,6,4,4,10,5,5,2,10,2,7,2,1,C03,7,9,1,10,2,11,,6,6,1,5,4,120.588604,24.182952,2
8309,66000,387130000C,(04)23274275,(04)23288582,2025,1,19,14,1,臺中市,東區,0,1,0,7,2,6,50,13,7,1,5,4,6,6,4,4,5,5,4,2,12,2,9,2,1,C03,7,8,5,10,2,14,,40,40,1,13,4,120.699733,24.144179,2
8310,66000,387130000C,(04)23274275,(04)23288582,2025,1,19,14,2,臺中市,大里區,0,1,0,7,2,6,50,3,1,1,5,4,6,6,3,1,10,5,5,2,17,3,10,3,1,B12,7,11,1,8,2,4,,11,11,1,12,4,120.683838,24.113812,2
8311,66000,387130000C,(04)23274275,(04)23288582,2025,1,19,14,3,臺中市,北屯區,0,0,0,7,,,50,,,,,,,,,,,,,,14,,,,,B03,,,1,,2,,,49,49,1,5,4,120.687251,24.186783,3
8312,66000,387130000C,(04)23274275,(04)23288582,2025,1,19,14,5,臺中市,北區,0,0,0,7,,,50,,,,,,,,,,,,,,17,,,,,B03,,,1,,1,,,7,7,1,13,4,120.687274,24.14638,3
8313,66000,387130000C,(04)23274275,(04)23288582,2025,1,19,14,5,臺中市,南屯區,0,1,0,7,1,6,50,4,1,1,5,4,6,6,1,1,10,5,5,2,16,3,10,5,4,B03,7,5,1,8,2,2,,11,11,1,6,4,120.648284,24.130803,2
8314,66000,387130000C,(04)23274275,(04)23288582,2025,1,19,14,7,臺中市,北區,0,0,0,7,,,30,,,,,,,,,,,,,,17,,,,,B03,,,7,,10,,,87,87,1,13,4,120.67125,24.164502,3
8315,66000,387130000C,(04)23274275,(04)23288582,2025,1,19,14,12,臺中市,后里區,0,0,0,7,2,6,50,13,8,1,5,4,6,6,4,4,5,5,4,1,17,3,10,3,1,B12,7,3,1,8,2,6,,50,50,1,12,4,120.694024,24.313504,3
8316,66000,387130000C,(04)23274275,(04)23288582,2025,1,19,14,13,臺中市,北區,0,2,0,7,3,6,50,4,1,1,5,4,6,6,1,1,5,2,4,2,16,2,9,5,4,F02,7,6,7,21,2,14,,11,11,1,13,4,120.676567,24.160407,2
8317,66000,387130000C,(04)23274275,(04)23288582,2025,1,19,14,14,臺中市,北區,0,1,0,7,2,6,40,13,9,1,5,4,6,6,4,4,5,5,5,2,17,2,9,6,1,F01,7,9,7,21,2,11,,84,84,1,12,4,120.675437,24.152681,2
8318,66000,387130000C,(04)23274275,(04)23288582,2025,1,19,14,16,臺中市,沙鹿區,0,0,0,7,,,50,,,,,,,,,,,,,,,,,,,B03,,,1,,9,,,84,84,2,13,4,120.563863,24.241811,3
8319,66000,387130000C,(04)23274275,(04)23288582,2025,1,19,14,17,臺中市,外埔區,0,2,0,7,2,6,50,3,7,1,5,4,6,6,1,1,4,5,4,1,13,2,1,3,1,B12,7,9,1,8,2,1,,59,59,1,12,4,120.63727,24.342719,2
8320,66000,387130000C,(04)23274275,(04)23288582,2025,1,19,14,20,臺中市,北區,0,0,0,7,,,50,,,,,,,,,,,,,,,,,,,,,,,,,,,119,119,1,,,120.669219,24.171069,3
8321,66000,387130000C,(04)23274275,(04)23288582,2025,1,19,14,20,臺中市,南屯區,0,1,0,7,3,6,50,4,1,1,5,4,6,6,4,4,10,5,5,2,15,2,9,5,4,C03,7,9,1,10,2,11,12,12,12,1,6,4,120.65398,24.141846,2
8322,66000,387130000C,(04)23274275,(04)23288582,2025,1,19,14,20,臺中市,大里區,0,0,0,7,2,6,30,3,2,1,5,4,6,6,4,4,10,5,5,2,30,,,,,,,,,,,,,119,119,1,,,120.695042,24.122371,3
8323,66000,387130000C,(04)23274275,(04)23288582,2025,1,19,14,20,臺中市,和平區,0,0,0,7,,,50,,,,,,,,,,,,,,12,,,,,C03,,,1,,1,,,7,7,1,12,4,120.925015,24.182832,3
8324,66000,387130000C,(04)23274275,(04)23288582,2025,1,19,14,24,臺中市,沙鹿區,0,0,0,7,,,50,,,,,,,,,,,,,,13,,,,,C03,,,1,,9,,,7,7,1,6,4,120.599172,24.252775,3
8325,66000,387130000C,(04)23274275,(04)23288582,2025,1,19,14,26,臺中市,烏日區,0,1,0,7,2,6,50,3,1,1,5,4,6,6,4,4,10,5,5,2,17,2,9,5,4,C03,7,9,1,10,2,12,,85,85,1,5,4,120.600909,24.112325,2
8326,66000,387130000C,(04)23274275,(04)23288582,2025,1,19,14,28,臺中市,太平區,0,1,0,7,3,6,50,13,9,1,5,4,6,6,4,4,5,4,5,1,16,3,10,3,1,B03,7,1,1,8,2,4,8,51,51,1,6,4,120.715548,24.133135,2
8327,66000,387130000C,(04)23274275,(04)23288582,2025,1,19,14,29,臺中市,沙鹿區,0,1,0,7,2,6,50,3,2,1,5,4,6,6,1,1,3,3,3,1,17,3,10,5,4,B03,7,9,1,8,2,1,,59,59,1,13,4,120.567946,24.206866,2
8328,66000,387130000C,(04)23274275,(04)23288582,2025,1,19,14,30,臺中市,西區,0,0,0,7,,,50,,,,,,,,,,,,,,13,,,,,B03,,,1,,1,,,84,84,1,12,4,120.654375,24.150668,3
8329,66000,387130000C,(04)23274275,(04)23288582,2025,1,19,14,31,臺中市,西屯區,0,0,0,7,,,50,,,,,,,,,,,,,,17,,,,,A11,,,1,,2,,,59,59,1,13,4,120.647507,24.155639,3
8330,66000,387130000C,(04)23274275,(04)23288582,2025,1,19,14,31,臺中市,梧棲區,0,0,0,7,,,50,,,,,,,,,,,,,,13,,,,,B03,,,1,,2,,,7,7,1,6,4,120.540282,24.257463,3
8331,66000,387130000C,(04)23274275,(04)23288582,2025,1,19,14,32,臺中市,北區,0,0,0,7,,,50,,,,,,,,,,,,,,16,,,,,B03,,,1,,1,,,14,14,1,13,4,120.677201,24.16313,3
8332,66000,387130000C,(04)23274275,(04)23288582,2025,1,19,14,35,臺中市,南屯區,0,3,0,7,3,6,50,4,9,1,5,4,6,6,1,1,5,2,5,2,16,2,9,1,1,C03,7,6,3,19,2,11,,11,11,1,12,4,120.649917,24.140957,2
8333,66000,387130000C,(04)23274275,(04)23288582,2025,1,19,14,36,臺中市,西屯區,0,1,0,7,2,6,50,13,9,1,5,4,6,6,4,4,1,4,5,2,17,3,10,5,4,B03,7,7,1,8,2,16,,84,84,1,12,4,120.657371,24.170109,2
8334,66000,387130000C,(04)23274275,(04)23288582,2025,1,19,14,40,臺中市,石岡區,0,0,0,7,,,50,,,,,,,,,,,,,,,,,,,B03,,,1,,1,,,14,14,1,12,4,120.806329,24.266438,3
8335,66000,387130000C,(04)23274275,(04)23288582,2025,1,19,14,41,臺中市,北屯區,0,0,0,7,,,50,,,,,,,,,,,,,,13,,,,,B03,,,1,8,2,,,7,7,1,6,4,120.670051,24.176109,3
8336,66000,387130000C,(04)23274275,(04)23288582,2025,1,19,14,43,臺中市,大甲區,0,0,0,7,,,50,,,,,,,,,,,,,,,,,,,B13,,,1,,2,,,39,39,1,6,4,120.620628,24.337713,3
8337,66000,387130000C,(04)23274275,(04)23288582,2025,1,19,14,44,臺中市,南屯區,0,0,0,7,,,50,,,,,,,,,,,,,,13,,,,,B03,,,1,,2,,,59,59,1,6,4,120.61524,24.147704,3
8338,66000,387130000C,(04)23274275,(04)23288582,2025,1,19,14,45,臺中市,北區,0,0,0,7,,,40,,,,,,,,,,,,,,,,,,,C03,,,1,,1,,,7,7,1,13,4,120.671895,24.170903,4
8339,66000,387130000C,(04)23274275,(04)23288582,2025,1,19,14,45,臺中市,西屯區,0,0,0,7,2,6,40,13,8,1,5,4,6,6,4,4,9,5,4,2,12,,,,,B03,,,1,,1,,,8,8,1,13,4,120.662373,24.165482,3
8340,66000,387130000C,(04)23274275,(04)23288582,2025,1,19,14,46,臺中市,大里區,0,1,0,7,2,6,50,4,9,1,5,4,6,6,4,4,10,5,5,1,16,3,10,3,1,B12,7,5,1,8,2,2,,8,8,1,6,4,120.697067,24.090418,2
8341,66000,387130000C,(04)23274275,(04)23288582,2025,1,19,14,47,臺中市,西屯區,0,1,0,7,2,6,50,3,1,1,5,4,6,6,4,4,10,5,5,2,16,3,10,5,4,B03,7,5,1,8,2,2,,14,14,1,12,4,120.653703,24.167321,2
8342,66000,387130000C,(04)23274275,(04)23288582,2025,1,19,14,48,臺中市,烏日區,0,0,0,7,,,50,,,,,,,,,,,,,,13,,,,,B03,,,1,,1,,,84,84,1,6,4,120.6254,24.108848,3
8343,66000,387130000C,(04)23274275,(04)23288582,2025,1,19,14,50,臺中市,西區,0,1,0,7,2,6,50,4,1,1,5,4,6,6,4,4,9,4,5,2,17,3,10,3,1,B03,7,9,1,8,2,8,,6,6,1,12,4,120.660207,24.152541,2
8344,66000,387130000C,(04)23274275,(04)23288582,2025,1,19,14,50,臺中市,東勢區,0,1,0,7,3,6,40,5,1,1,5,4,6,6,4,4,8,5,5,1,15,3,10,5,4,B03,7,9,1,8,2,7,,12,12,1,12,4,120.828337,24.255558,2
8345,66000,387130000C,(04)23274275,(04)23288582,2025,1,19,14,53,臺中市,豐原區,0,1,0,7,2,6,50,5,1,1,5,4,6,6,1,1,5,4,4,2,16,3,10,1,1,C03,7,9,1,10,2,14,,7,7,1,12,4,120.70603,24.242841,2
8346,66000,387130000C,(04)23274275,(04)23288582,2025,1,19,14,54,臺中市,南屯區,0,0,0,7,,,50,,,,,,,,,,,,,,13,,,,,B03,,,1,,1,,,7,7,1,6,4,120.645289,24.132075,4
8347,66000,387130000C,(04)23274275,(04)23288582,2025,1,19,14,56,臺中市,南屯區,0,0,0,7,,,50,,,,,,,,,,,,,,13,,,,,B03,,,1,,1,,,7,7,1,12,4,120.639053,24.141741,3
8348,66000,387130000C,(04)23274275,(04)23288582,2025,1,19,14,56,臺中市,西屯區,0,1,0,7,2,6,50,3,1,1,5,4,6,6,1,1,5,5,4,2,17,3,10,3,1,B03,7,11,1,8,2,5,,45,45,1,12,4,120.654366,24.163358,2
8349,66000,387130000C,(04)23274275,(04)23288582,2025,1,19,14,57,臺中市,南屯區,0,0,0,7,,,50,,,,,,,,,,,,,,13,,,,,B03,,,1,,1,,,59,59,1,6,4,120.648619,24.133599,3
8350,66000,387130000C,(04)23274275,(04)23288582,2025,1,19,14,59,臺中市,沙鹿區,0,0,0,7,,,30,,,,,,,,,,,,,,14,,,,,C03,,,1,,1,,,49,49,1,6,4,120.559383,24.231951,3
8351,66000,387130000C,(04)23274275,(04)23288582,2025,1,19,15,0,臺中市,西屯區,0,0,0,6,,,50,,,,,,,,,,,,,,13,,,,,C03,,,1,,1,,,7,7,1,12,4,120.636333,24.160726,3
8352,66000,387130000C,(04)23274275,(04)23288582,2025,1,19,15,1,臺中市,西屯區,0,0,0,7,,,60,,,,,,,,,,,,,,13,,,,,B03,,,1,,1,,,7,7,1,13,4,120.641238,24.167634,3
8353,66000,387130000C,(04)23274275,(04)23288582,2025,1,19,15,2,臺中市,東勢區,0,1,0,7,2,6,50,3,1,1,5,4,6,6,1,1,10,5,5,2,17,2,9,2,1,F03,7,6,7,21,2,14,,23,23,1,12,4,120.833047,24.244395,2
8354,66000,387130000C,(04)23274275,(04)23288582,2025,1,19,15,10,臺中市,大甲區,0,0,0,7,,,50,,,,,,,,,,,,,,,,,,,C03,,,1,,9,,,39,39,1,6,4,120.623731,24.345578,3
8355,66000,387130000C,(04)23274275,(04)23288582,2025,1,19,15,10,臺中市,神岡區,0,0,0,7,,,50,,,,,,,,,,,,,,17,,,,,B03,,,1,,2,,,59,59,1,6,4,120.668938,24.257166,3
8356,66000,387130000C,(04)23274275,(04)23288582,2025,1,19,15,11,臺中市,南屯區,0,2,0,7,3,6,50,4,9,1,5,4,6,6,1,1,3,4,5,2,12,3,10,3,1,B03,7,5,1,8,2,2,,84,84,1,12,4,120.646707,24.150896,2
8357,66000,387130000C,(04)23274275,(04)23288582,2025,1,19,15,12,臺中市,霧峰區,0,0,0,7,,,50,,,,,,,,,,,,,,,,,,,C03,,,1,,2,,,84,84,1,12,4,120.716571,24.074864,3
8358,66000,387130000C,(04)23274275,(04)23288582,2025,1,19,15,14,臺中市,北屯區,0,2,0,7,2,6,50,3,1,1,5,4,6,6,4,4,10,5,5,2,17,2,9,5,4,C03,7,11,1,10,2,12,,46,46,1,12,4,120.72462,24.173079,2
8359,66000,387130000C,(04)23274275,(04)23288582,2025,1,19,15,15,臺中市,東區,0,2,0,7,3,6,50,13,8,1,5,4,5,5,4,4,5,4,4,2,3,2,9,6,5,H01,8,16,7,21,10,17,,95,95,1,13,5,120.709778,24.144422,2
8360,66000,387130000C,(04)23274275,(04)23288582,2025,1,19,15,15,臺中市,南區,0,0,0,7,,,30,,,,,,,,,,,,,,17,,,,,B03,,,1,,9,,,87,87,1,6,4,120.65201,24.114837,3
8361,66000,387130000C,(04)23274275,(04)23288582,2025,1,19,15,15,臺中市,太平區,0,1,0,7,2,6,50,13,9,1,5,4,6,6,4,4,5,5,5,1,17,2,8,5,4,C03,7,9,1,10,2,16,,59,59,1,6,4,120.724766,24.142693,2
8362,66000,387130000C,(04)23274275,(04)23288582,2025,1,19,15,17,臺中市,北區,0,0,0,7,,,50,,,,,,,,,,,,,,,,,,,B03,,,1,,2,,,84,84,1,13,4,120.670484,24.152219,3
8363,66000,387130000C,(04)23274275,(04)23288582,2025,1,19,15,19,臺中市,太平區,0,0,0,7,,,80,,,,,,,,,,,,,,,,,,,B12,,,1,,9,,,68,68,1,6,4,120.717135,24.156108,3
8364,66000,387130000C,(04)23274275,(04)23288582,2025,1,19,15,22,臺中市,大里區,0,0,0,7,3,6,50,4,2,1,5,4,6,6,2,1,1,5,5,1,13,3,10,3,1,B03,7,9,1,8,4,5,,7,7,1,13,4,120.68974,24.11002,3
8365,66000,387130000C,(04)23274275,(04)23288582,2025,1,19,15,23,臺中市,北區,0,1,0,7,2,6,50,4,1,1,5,4,6,6,1,1,10,5,5,2,17,2,9,1,1,C03,7,6,1,10,2,14,,23,23,1,12,4,120.675757,24.157227,2
8366,66000,387130000C,(04)23274275,(04)23288582,2025,1,19,15,26,臺中市,霧峰區,0,0,0,7,,,50,,,,,,,,,,,,,,17,,,,,C03,,,1,,2,,,8,8,1,6,4,120.695412,24.044221,3
8367,66000,387130000C,(04)23274275,(04)23288582,2025,1,19,15,30,臺中市,北屯區,0,2,0,7,2,6,50,4,1,1,5,4,6,6,1,1,10,5,5,2,12,3,10,1,1,C03,7,9,1,10,2,12,,85,85,1,12,4,120.681987,24.181898,2
8368,66000,387130000C,(04)23274275,(04)23288582,2025,1,19,15,30,臺中市,烏日區,0,1,0,7,2,6,50,3,19,1,5,4,6,6,1,1,10,5,5,2,3,3,10,5,4,B03,7,6,1,8,2,5,,10,10,1,12,4,120.611197,24.10757,2
8369,66000,387130000C,(04)23274275,(04)23288582,2025,1,19,15,30,臺中市,烏日區,0,2,0,7,2,6,50,4,1,1,5,4,6,6,2,1,5,4,5,1,16,3,10,1,1,C03,7,9,1,10,2,16,,8,8,1,6,4,120.626313,24.110364,2
8370,66000,387130000C,(04)23274275,(04)23288582,2025,1,19,15,32,臺中市,北區,0,1,0,7,2,6,50,3,2,1,5,4,6,6,4,4,3,4,4,2,16,3,10,3,1,B03,7,5,5,19,2,8,,12,12,1,13,4,120.683131,24.14582,2