序號,縣市別代碼,機關代碼,市話,傳真,年,月,日,時,分,縣市,區,死亡數量,受傷數量,2-30,天候,道路照明設備,道路類別,道路速限,道路型態,事故位置,路面鋪裝,路面狀態,路面缺陷,障礙物,視距,號誌種類,號誌動作,分向設施,快車道或一般車道間,快慢車道間,路面邊線,事故類型及型態,受傷程度,主要傷處,保護裝備,行動電話或功能裝置,當事者區分(類別),車輛用途,當事者行動狀態,駕照狀態,駕照種類,飲酒情形,車輛撞擊部位最初,車輛撞擊部位其他,肇事因素個別,肇事因素主要,肇事逃逸,職業,共享經濟或外送平台,GPS座標X,GPS座標Y,事故類別
8371,66000,387130000C,(04)23274275,(04)23288582,2025,1,19,15,36,臺中市,南屯區,0,0,0,7,,,50,,,,,,,,,,,,,,13,,,,,C03,,,1,,1,,,7,7,1,12,4,120.640839,24.141282,3
8372,66000,387130000C,(04)23274275,(04)23288582,2025,1,19,15,42,臺中市,霧峰區,0,1,0,7,2,6,50,13,9,1,5,4,6,6,4,4,5,5,5,1,2,3,10,3,1,B03,7,9,1,8,2,5,,1,1,1,12,4,120.703191,24.072041,2
8373,66000,387130000C,(04)23274275,(04)23288582,2025,1,19,15,44,臺中市,西屯區,0,0,0,7,,,50,,,,,,,,,,,,,,12,,,,,,,,,,,,,119,119,1,,,120.664104,24.176158,3
8374,66000,387130000C,(04)23274275,(04)23288582,2025,1,19,15,50,臺中市,大雅區,0,1,0,7,1,6,50,5,1,1,5,4,6,6,1,1,1,5,5,1,13,3,10,3,1,B03,7,9,1,8,2,5,,84,84,1,12,4,120.672976,24.215781,2
8375,66000,387130000C,(04)23274275,(04)23288582,2025,1,19,15,51,臺中市,西屯區,0,0,0,7,3,6,40,13,8,1,5,4,6,6,4,4,10,4,1,2,13,,,,,C03,,,1,,1,,,7,7,1,6,4,120.641764,24.167446,3
8376,66000,387130000C,(04)23274275,(04)23288582,2025,1,19,15,54,臺中市,北屯區,0,0,0,7,,,50,,,,,,,,,,,,,,16,,,,,B03,,,1,,1,,,11,11,1,6,4,120.678356,24.184126,3
8377,66000,387130000C,(04)23274275,(04)23288582,2025,1,19,15,54,臺中市,大里區,0,0,0,7,,,50,,,,,,,,,,,,,,17,,,,,B03,,,1,,2,,,51,51,1,6,4,120.702811,24.098221,3
8378,66000,387130000C,(04)23274275,(04)23288582,2025,1,19,15,55,臺中市,北區,0,0,0,7,,,50,,,,,,,,,,,,,,,,,,,,,,,,,,,119,119,1,,,120.686653,24.153158,3
8379,66000,387130000C,(04)23274275,(04)23288582,2025,1,19,15,56,臺中市,北區,0,0,0,7,,,50,,,,,,,,,,,,,,,,,,,C03,,,1,,1,,,11,11,1,13,4,120.684368,24.153997,3
8380,66000,387130000C,(04)23274275,(04)23288582,2025,1,19,15,56,臺中市,西屯區,0,0,0,7,,,50,,,,,,,,,,,,,,13,,,,,B03,,,1,,1,,,7,7,1,12,4,120.649796,24.162755,3
8381,66000,387130000C,(04)23274275,(04)23288582,2025,1,19,15,58,臺中市,潭子區,0,0,0,7,,,40,,,,,,,,,,,,,,,,,,,B03,,,1,,2,,,84,84,1,13,4,120.706989,24.200714,3
8382,66000,387130000C,(04)23274275,(04)23288582,2025,1,19,16,1,臺中市,豐原區,0,1,0,7,2,6,50,3,9,1,5,4,6,6,1,1,5,4,5,1,17,3,10,5,4,B03,7,7,1,8,2,5,,35,35,1,12,4,120.722685,24.235998,2
8383,66000,387130000C,(04)23274275,(04)23288582,2025,1,19,16,2,臺中市,大里區,0,3,0,7,2,6,50,13,9,1,5,4,6,6,4,4,5,3,5,2,13,3,10,1,1,F03,7,6,7,21,2,16,,48,48,1,12,4,120.675803,24.097931,2
8384,66000,387130000C,(04)23274275,(04)23288582,2025,1,19,16,2,臺中市,大甲區,0,0,0,7,,,50,,,,,,,,,,,,,,,,,,,B03,,,1,,1,,,15,15,1,6,4,120.625882,24.347051,4
8385,66000,387130000C,(04)23274275,(04)23288582,2025,1,19,16,13,臺中市,西屯區,0,1,0,7,2,6,50,4,1,1,5,4,6,6,2,1,10,5,5,2,16,2,9,5,4,C03,7,9,1,10,2,11,,7,7,1,13,4,120.618217,24.183494,2
8386,66000,387130000C,(04)23274275,(04)23288582,2025,1,19,16,17,臺中市,北區,0,0,0,7,,,50,,,,,,,,,,,,,,14,,,,,B03,,,1,,9,,,50,50,2,13,4,120.672029,24.168622,3
8387,66000,387130000C,(04)23274275,(04)23288582,2025,1,19,16,17,臺中市,南屯區,0,0,0,7,,,50,,,,,,,,,,,,,,13,,,,,B01,,,1,,2,,,84,84,1,6,4,120.624111,24.135815,3
8388,66000,387130000C,(04)23274275,(04)23288582,2025,1,19,16,19,臺中市,西屯區,0,0,0,6,,,50,,,,,,,,,,,,,,13,,,,,C03,,,1,,1,,,7,7,1,12,4,120.648767,24.168809,3
8389,66000,387130000C,(04)23274275,(04)23288582,2025,1,19,16,23,臺中市,北區,0,1,0,7,2,6,50,4,19,1,5,4,6,6,2,1,10,5,5,2,3,3,10,3,1,B03,7,6,1,8,2,1,,10,10,1,12,4,120.684334,24.142397,2
8390,66000,387130000C,(04)23274275,(04)23288582,2025,1,19,16,24,臺中市,豐原區,0,0,0,7,,,50,,,,,,,,,,,,,,16,,,,,B03,,,1,,2,,,23,23,1,12,4,120.733308,24.274089,3
8391,66000,387130000C,(04)23274275,(04)23288582,2025,1,19,16,26,臺中市,北區,0,0,0,7,,,50,,,,,,,,,,,,,,,,,,,B03,,,1,,1,,,7,7,1,13,4,120.671024,24.173667,3
8392,66000,387130000C,(04)23274275,(04)23288582,2025,1,19,16,28,臺中市,北區,0,0,0,7,,,50,,,,,,,,,,,,,,17,,,,,B02,,,1,,2,,,59,59,1,13,4,120.67162,24.167109,3
8393,66000,387130000C,(04)23274275,(04)23288582,2025,1,19,16,30,臺中市,北區,0,1,0,7,3,6,50,4,1,1,5,4,6,6,2,1,1,4,5,2,17,3,10,3,1,B03,7,5,1,8,2,5,,47,47,1,13,4,120.671431,24.173845,2
8394,66000,387130000C,(04)23274275,(04)23288582,2025,1,19,16,30,臺中市,梧棲區,0,0,0,7,,,50,,,,,,,,,,,,,,14,,,,,A12,,,1,,1,,,49,49,1,6,4,120.533978,24.256557,3
8395,66000,387130000C,(04)23274275,(04)23288582,2025,1,19,16,31,臺中市,潭子區,0,0,0,7,,,50,,,,,,,,,,,,,,,,,,,B03,,,1,,2,,,59,59,1,13,4,120.702037,24.200944,3
8396,66000,387130000C,(04)23274275,(04)23288582,2025,1,19,16,33,臺中市,西區,0,0,0,7,,,30,,,,,,,,,,,,,,,,,,,B03,,,1,,1,,,14,14,1,12,4,120.679608,24.135406,3
8397,66000,387130000C,(04)23274275,(04)23288582,2025,1,19,16,34,臺中市,西屯區,0,1,0,7,1,6,50,3,1,1,5,4,6,6,4,4,10,5,5,2,13,2,2,1,1,C03,7,9,1,10,2,11,,59,59,1,12,4,120.649182,24.168332,2
8398,66000,387130000C,(04)23274275,(04)23288582,2025,1,19,16,36,臺中市,北區,0,1,0,7,3,6,50,4,9,1,5,4,6,6,4,4,5,4,4,2,16,3,10,5,4,C03,7,6,1,10,2,11,,14,14,1,13,4,120.673893,24.171615,2
8399,66000,387130000C,(04)23274275,(04)23288582,2025,1,19,16,36,臺中市,北屯區,0,1,0,7,2,6,50,4,1,1,5,4,6,6,4,4,10,5,5,2,17,3,10,1,1,C03,7,11,1,10,2,12,,45,45,1,6,4,120.6846,24.170912,2
8400,66000,387130000C,(04)23274275,(04)23288582,2025,1,19,16,38,臺中市,東區,0,0,0,7,,,50,,,,,,,,,,,,,,,,,,,B03,,,1,,1,,,51,51,1,6,4,120.69319,24.136906,3
8401,66000,387130000C,(04)23274275,(04)23288582,2025,1,19,16,41,臺中市,北區,0,0,0,7,,,30,,,,,,,,,,,,,,11,,,,,C03,,,1,,1,,,51,51,1,13,4,120.671856,24.169773,3
8402,66000,387130000C,(04)23274275,(04)23288582,2025,1,19,16,44,臺中市,西屯區,0,0,0,7,,,50,,,,,,,,,,,,,,13,,,,,B03,,,1,,1,,,7,7,1,12,4,120.632266,24.170458,3
8403,66000,387130000C,(04)23274275,(04)23288582,2025,1,19,16,47,臺中市,北屯區,0,1,0,7,2,6,50,3,9,1,5,4,6,6,4,4,10,4,4,2,16,3,10,5,4,B03,7,6,1,8,2,6,,20,20,1,12,4,120.70904,24.172748,2
8404,66000,387130000C,(04)23274275,(04)23288582,2025,1,19,16,51,臺中市,南區,0,1,0,7,2,6,50,4,1,1,5,4,6,6,1,1,10,5,5,2,17,2,9,1,1,C03,7,6,3,19,2,11,,42,42,1,12,4,120.647069,24.110697,2
8405,66000,387130000C,(04)23274275,(04)23288582,2025,1,19,16,57,臺中市,梧棲區,0,0,0,7,,,50,,,,,,,,,,,,,,16,,,,,C03,,,1,,1,,,59,59,1,6,4,120.533596,24.243237,3
8406,66000,387130000C,(04)23274275,(04)23288582,2025,1,19,17,7,臺中市,大里區,0,1,0,7,2,6,50,3,1,1,5,4,6,6,4,4,10,5,5,2,16,3,10,3,1,B03,7,5,1,8,2,5,,47,47,1,12,4,120.704778,24.087899,2
8407,66000,387130000C,(04)23274275,(04)23288582,2025,1,19,17,8,臺中市,潭子區,0,0,0,7,,,40,,,,,,,,,,,,,,,,,,,B03,,,1,,2,,,84,84,1,13,4,120.706859,24.200718,3
8408,66000,387130000C,(04)23274275,(04)23288582,2025,1,19,17,10,臺中市,北區,0,1,0,7,2,6,40,4,1,1,5,4,6,6,2,1,10,5,5,2,17,2,9,1,1,C03,7,9,1,10,2,15,,6,6,1,13,4,120.670627,24.159069,2
8409,66000,387130000C,(04)23274275,(04)23288582,2025,1,19,17,10,臺中市,北區,0,0,0,7,,,50,,,,,,,,,,,,,,,,,,,C03,,,1,,1,,,7,7,1,12,4,120.67368,24.166849,3
8410,66000,387130000C,(04)23274275,(04)23288582,2025,1,19,17,11,臺中市,東區,0,1,0,7,1,6,50,4,1,1,5,4,6,6,1,1,9,5,4,2,17,2,9,1,1,C03,7,6,1,10,2,13,,48,48,1,12,4,120.697296,24.147958,2
8411,66000,387130000C,(04)23274275,(04)23288582,2025,1,19,17,11,臺中市,北屯區,0,1,0,7,2,6,50,3,1,1,5,4,6,6,4,4,10,5,5,2,16,3,10,3,1,B03,7,11,1,8,2,2,,45,45,1,12,4,120.66701,24.17828,2
8412,66000,387130000C,(04)23274275,(04)23288582,2025,1,19,17,12,臺中市,北屯區,0,2,0,6,3,6,50,13,9,1,5,4,6,6,2,1,1,4,5,2,13,2,9,2,1,C03,7,9,1,10,2,14,,7,7,1,6,4,120.698333,24.172948,2
8413,66000,387130000C,(04)23274275,(04)23288582,2025,1,19,17,12,臺中市,西屯區,0,0,0,7,3,6,40,4,8,1,5,4,6,6,4,4,1,4,1,2,17,,,,,B03,,,1,,2,,,8,8,1,12,4,120.656379,24.158689,3
8414,66000,387130000C,(04)23274275,(04)23288582,2025,1,19,17,12,臺中市,清水區,0,0,0,7,1,6,50,13,9,1,5,4,6,6,4,4,8,3,5,2,12,,,,,B03,,,1,,1,,,8,8,1,12,4,120.551133,24.263103,3
8415,66000,387130000C,(04)23274275,(04)23288582,2025,1,19,17,17,臺中市,西屯區,0,0,0,7,,,50,,,,,,,,,,,,,,13,,,,,B03,,,1,,1,,,58,58,1,13,4,120.635565,24.182469,3
8416,66000,387130000C,(04)23274275,(04)23288582,2025,1,19,17,20,臺中市,西區,0,0,0,7,,,50,,,,,,,,,,,,,,13,,,,,C03,,,1,,1,,,7,7,1,12,4,120.661691,24.153233,3
8417,66000,387130000C,(04)23274275,(04)23288582,2025,1,19,17,20,臺中市,北屯區,0,0,0,7,,,50,,,,,,,,,,,,,,23,,,,,B03,,,1,,2,,,43,43,1,6,4,120.696554,24.183046,3
8418,66000,387130000C,(04)23274275,(04)23288582,2025,1,19,17,21,臺中市,霧峰區,0,0,0,7,,,50,,,,,,,,,,,,,,17,,,,,B03,,,1,,1,,,8,8,1,6,4,120.698018,24.065667,3
8419,66000,387130000C,(04)23274275,(04)23288582,2025,1,19,17,34,臺中市,北區,0,0,0,7,,,50,,,,,,,,,,,,,,13,,,,,B03,,,1,,1,,,59,59,1,13,4,120.673111,24.168016,3
8420,66000,387130000C,(04)23274275,(04)23288582,2025,1,19,17,34,臺中市,南屯區,0,0,0,7,,,50,,,,,,,,,,,,,,13,,,,,B03,,,1,,1,,,7,7,1,12,4,120.630193,24.146756,3
8421,66000,387130000C,(04)23274275,(04)23288582,2025,1,19,17,41,臺中市,西區,0,1,0,7,1,6,50,3,1,1,5,4,6,6,4,4,10,5,5,2,30,2,9,2,1,C03,7,9,1,10,2,15,,84,84,1,13,4,120.668831,24.139268,2
8422,66000,387130000C,(04)23274275,(04)23288582,2025,1,19,17,41,臺中市,中區,0,1,0,7,1,6,50,5,1,1,5,4,6,6,1,1,9,4,5,2,17,3,10,1,1,C03,7,9,1,10,2,11,,25,25,1,12,4,120.682212,24.135899,2
8423,66000,387130000C,(04)23274275,(04)23288582,2025,1,19,17,41,臺中市,后里區,0,1,0,7,1,6,50,3,1,1,5,4,6,6,4,4,9,5,5,2,17,3,10,3,1,B03,7,11,1,8,2,7,,45,45,1,12,4,120.730963,24.304555,2
8424,66000,387130000C,(04)23274275,(04)23288582,2025,1,19,17,48,臺中市,南屯區,0,2,0,7,1,6,50,13,9,1,5,4,6,6,1,1,3,4,5,2,12,2,9,1,1,C03,7,8,1,10,2,14,,40,40,1,12,4,120.640641,24.142577,2
8425,66000,387130000C,(04)23274275,(04)23288582,2025,1,19,17,50,臺中市,南區,0,1,0,7,1,6,50,13,8,1,5,4,6,6,1,1,1,4,4,2,12,3,10,3,1,B03,7,9,1,8,2,2,,8,8,1,13,4,120.682291,24.128291,2
8426,66000,387130000C,(04)23274275,(04)23288582,2025,1,19,17,52,臺中市,外埔區,0,1,0,7,1,6,60,5,2,1,5,4,6,6,1,1,1,4,4,2,16,3,10,3,1,B03,7,5,1,8,2,2,,11,11,1,12,4,120.639806,24.341106,2
8427,66000,387130000C,(04)23274275,(04)23288582,2025,1,19,17,53,臺中市,南區,0,0,0,7,,,50,,,,,,,,,,,,,,15,,,,,C03,,,5,,9,,,15,15,1,6,4,120.663106,24.119504,3
8428,66000,387130000C,(04)23274275,(04)23288582,2025,1,19,17,53,臺中市,北屯區,0,1,0,7,1,6,50,4,1,1,5,4,6,6,2,1,10,5,5,2,16,3,10,3,1,B03,7,6,1,8,2,1,,11,11,1,12,4,120.672566,24.181009,2
8429,66000,387130000C,(04)23274275,(04)23288582,2025,1,19,18,0,臺中市,中區,0,2,0,7,2,6,50,4,1,1,5,4,6,6,1,1,10,5,5,2,17,2,7,5,4,C03,7,9,1,10,2,12,,8,8,1,12,4,120.677469,24.143877,2
8430,66000,387130000C,(04)23274275,(04)23288582,2025,1,19,18,0,臺中市,北區,0,1,0,7,1,6,50,13,9,1,5,4,6,6,4,4,5,5,4,2,17,3,10,3,1,B03,7,7,1,8,2,6,,40,40,1,13,4,120.675387,24.160657,2
8431,66000,387130000C,(04)23274275,(04)23288582,2025,1,19,18,0,臺中市,北屯區,0,0,0,7,,,80,,,,,,,,,,,,,,17,,,,,A41,,,1,1,2,,,40,40,1,13,4,120.720951,24.17238,3
8432,66000,387130000C,(04)23274275,(04)23288582,2025,1,19,18,3,臺中市,中區,0,0,0,7,,,50,,,,,,,,,,,,,,,,,,,B03,,,1,,2,,,8,8,1,12,4,120.682212,24.135899,3
8433,66000,387130000C,(04)23274275,(04)23288582,2025,1,19,18,4,臺中市,西屯區,0,1,0,6,1,6,30,4,1,1,5,4,6,6,4,4,10,5,5,2,16,3,10,3,1,B01,7,6,1,4,2,8,,14,14,1,12,4,120.645362,24.168656,2
8434,66000,387130000C,(04)23274275,(04)23288582,2025,1,19,18,9,臺中市,大雅區,0,1,0,7,1,6,30,3,1,1,5,4,6,6,4,4,10,5,5,2,17,2,8,1,1,C03,7,6,1,10,2,14,,14,14,1,13,4,120.656993,24.226635,2
8435,66000,387130000C,(04)23274275,(04)23288582,2025,1,19,18,9,臺中市,太平區,0,0,0,7,,,50,,,,,,,,,,,,,,17,,,,,B03,,,1,,1,,,50,50,1,12,4,120.710955,24.149611,3
8436,66000,387130000C,(04)23274275,(04)23288582,2025,1,19,18,10,臺中市,西區,0,1,0,7,1,6,50,13,9,1,5,4,6,6,4,4,5,4,5,2,17,3,10,3,1,B03,7,1,1,8,2,8,,51,51,1,12,4,120.664734,24.15084,2
8437,66000,387130000C,(04)23274275,(04)23288582,2025,1,19,18,14,臺中市,大里區,0,0,0,7,,,50,,,,,,,,,,,,,,14,,,,,B03,,,1,,9,,,49,49,1,13,4,120.68222,24.115099,3
8438,66000,387130000C,(04)23274275,(04)23288582,2025,1,19,18,15,臺中市,西屯區,0,1,0,7,1,6,50,4,1,1,5,4,6,6,2,1,10,5,5,2,13,2,8,2,1,C03,7,9,1,10,2,11,,7,7,1,12,4,120.637449,24.177602,2
8439,66000,387130000C,(04)23274275,(04)23288582,2025,1,19,18,16,臺中市,烏日區,0,0,0,7,,,30,,,,,,,,,,,,,,11,,,,,B12,,,1,,2,,,8,8,1,6,4,120.605987,24.115893,3
8440,66000,387130000C,(04)23274275,(04)23288582,2025,1,19,18,18,臺中市,中區,0,0,0,7,,,40,,,,,,,,,,,,,,17,,,,,C03,,,1,,1,,,8,8,1,12,4,120.681535,24.144834,3
8441,66000,387130000C,(04)23274275,(04)23288582,2025,1,19,18,20,臺中市,北屯區,0,1,0,7,2,6,50,4,1,1,5,4,6,6,2,1,10,5,5,2,16,3,10,3,1,B03,7,5,1,8,2,2,,11,11,1,12,4,120.694957,24.178023,2
8442,66000,387130000C,(04)23274275,(04)23288582,2025,1,19,18,25,臺中市,豐原區,0,1,0,6,1,6,50,13,9,1,5,4,6,6,4,4,1,4,5,1,13,2,9,5,4,C03,7,9,1,10,2,11,,59,59,1,13,4,120.722235,24.274754,2
8443,66000,387130000C,(04)23274275,(04)23288582,2025,1,19,18,30,臺中市,北區,0,0,0,7,,,50,,,,,,,,,,,,,,9,,,,,B03,,,1,,2,,,8,8,1,13,4,120.684277,24.147898,3
8444,66000,387130000C,(04)23274275,(04)23288582,2025,1,19,18,30,臺中市,南區,0,0,0,7,,,50,,,,,,,,,,,,,,,,,,,B03,,,1,,1,,,45,45,1,6,4,120.666339,24.112553,3
8445,66000,387130000C,(04)23274275,(04)23288582,2025,1,19,18,34,臺中市,潭子區,0,1,0,7,1,6,30,3,1,1,5,4,6,6,4,4,10,5,5,2,18,2,9,2,1,C03,7,9,3,19,2,16,,54,54,1,13,4,120.701224,24.214171,2
8446,66000,387130000C,(04)23274275,(04)23288582,2025,1,19,18,37,臺中市,南屯區,0,1,0,7,1,6,50,5,1,1,5,4,6,6,2,1,10,5,5,2,17,3,10,5,4,B03,7,9,1,8,2,16,,84,84,1,6,4,120.646823,24.142564,2
8447,66000,387130000C,(04)23274275,(04)23288582,2025,1,19,18,44,臺中市,北屯區,0,0,0,7,,,50,,,,,,,,,,,,,,17,,,,,B03,,,1,,9,,,50,50,2,6,4,120.724534,24.172183,3
8448,66000,387130000C,(04)23274275,(04)23288582,2025,1,19,18,44,臺中市,西屯區,0,2,0,7,1,6,50,4,1,1,5,4,6,6,4,4,10,5,5,2,15,2,9,1,1,C03,7,9,1,10,2,11,,15,15,1,12,4,120.618546,24.185956,2
8449,66000,387130000C,(04)23274275,(04)23288582,2025,1,19,18,49,臺中市,西區,0,0,0,7,1,6,50,3,2,1,5,4,6,6,4,4,5,4,5,2,13,,,,,C03,,,1,,1,,,7,7,1,13,4,120.653668,24.146875,3
8450,66000,387130000C,(04)23274275,(04)23288582,2025,1,19,18,50,臺中市,南區,0,0,0,7,,,50,,,,,,,,,,,,,,13,,,,,C03,,,1,,1,,,7,7,1,12,4,120.656929,24.124819,4
8451,66000,387130000C,(04)23274275,(04)23288582,2025,1,19,18,50,臺中市,霧峰區,0,0,0,7,,,50,,,,,,,,,,,,,,,,,,,B03,,,1,,2,,,49,49,1,12,4,120.661815,24.069935,3
8452,66000,387130000C,(04)23274275,(04)23288582,2025,1,19,18,51,臺中市,大里區,0,2,0,7,1,6,50,4,2,1,5,4,6,6,4,4,4,3,4,1,17,2,9,1,1,F03,7,9,7,21,2,13,,12,12,1,6,4,120.704204,24.095104,2
8453,66000,387130000C,(04)23274275,(04)23288582,2025,1,19,18,55,臺中市,西屯區,0,1,0,7,1,6,0,13,7,1,5,4,6,6,4,4,5,4,4,2,16,3,10,5,4,B03,7,1,1,8,2,8,,51,51,1,12,4,120.617651,24.185706,2
8454,66000,387130000C,(04)23274275,(04)23288582,2025,1,19,18,55,臺中市,大里區,0,2,0,7,1,6,50,4,1,1,5,4,6,6,1,1,10,5,5,2,16,2,9,2,1,C03,7,6,1,10,2,11,,11,11,1,13,4,120.681826,24.10989,2
8455,66000,387130000C,(04)23274275,(04)23288582,2025,1,19,18,58,臺中市,西屯區,0,0,0,7,1,6,50,3,12,1,5,4,6,6,2,1,1,4,1,2,13,,,,,C03,,,1,,1,,,7,7,1,12,4,120.643436,24.159795,3
8456,66000,387130000C,(04)23274275,(04)23288582,2025,1,19,19,2,臺中市,北區,0,0,0,7,,,50,,,,,,,,,,,,,,,,,,,B03,,,1,,1,,,7,7,1,13,4,120.703721,24.159604,3
8457,66000,387130000C,(04)23274275,(04)23288582,2025,1,19,19,3,臺中市,西屯區,0,1,0,6,1,6,40,4,1,1,5,4,6,6,2,1,10,5,5,2,17,3,10,5,4,B03,7,5,1,8,2,2,,11,11,1,13,4,120.616508,24.182689,2
8458,66000,387130000C,(04)23274275,(04)23288582,2025,1,19,19,6,臺中市,大雅區,0,0,0,7,,,50,,,,,,,,,,,,,,,,,,,B03,,,1,,1,,,8,8,1,13,4,120.649266,24.224707,3
8459,66000,387130000C,(04)23274275,(04)23288582,2025,1,19,19,6,臺中市,東區,0,0,0,7,,,50,,,,,,,,,,,,,,17,,,,,C03,,,1,,2,,,78,78,1,12,4,120.702225,24.140752,3
8460,66000,387130000C,(04)23274275,(04)23288582,2025,1,19,19,10,臺中市,南區,0,1,0,7,1,6,50,4,2,1,5,4,6,6,1,1,1,4,5,2,13,2,9,1,1,C03,7,9,1,10,2,11,,7,7,1,6,4,120.655457,24.115199,2
8461,66000,387130000C,(04)23274275,(04)23288582,2025,1,19,19,15,臺中市,東區,0,2,0,7,1,6,50,4,2,1,5,4,6,6,2,1,1,4,4,2,13,2,8,2,1,C03,7,9,2,19,2,11,,7,7,1,13,4,120.693933,24.147868,2
8462,66000,387130000C,(04)23274275,(04)23288582,2025,1,19,19,16,臺中市,潭子區,0,0,0,7,,,50,,,,,,,,,,,,,,,,,,,B12,,,1,,2,,,51,51,1,12,4,120.703197,24.207223,3
8463,66000,387130000C,(04)23274275,(04)23288582,2025,1,19,19,19,臺中市,太平區,0,2,0,7,3,6,50,13,9,1,5,4,6,6,4,4,5,4,5,1,13,2,9,2,1,C03,7,9,1,10,9,11,,7,7,1,12,4,120.716579,24.149408,2
8464,66000,387130000C,(04)23274275,(04)23288582,2025,1,19,19,26,臺中市,豐原區,0,0,0,7,,,50,,,,,,,,,,,,,,16,,,,,B03,,,1,,2,,,11,11,1,12,4,120.709762,24.248558,4
8465,66000,387130000C,(04)23274275,(04)23288582,2025,1,19,19,27,臺中市,南屯區,0,0,0,7,,,50,,,,,,,,,,,,,,17,,,,,B03,,,1,,1,,,49,49,1,6,4,120.608698,24.136271,4
8466,66000,387130000C,(04)23274275,(04)23288582,2025,1,19,19,30,臺中市,東區,0,2,0,7,1,6,50,13,9,1,5,4,6,6,2,1,5,5,5,2,17,2,8,5,4,F02,7,9,7,21,2,11,,82,82,1,6,4,120.708876,24.135584,2
8467,66000,387130000C,(04)23274275,(04)23288582,2025,1,19,19,32,臺中市,西屯區,0,2,0,6,1,6,50,3,1,1,5,4,6,6,2,1,10,5,5,1,17,2,9,1,1,C03,7,1,1,10,2,11,,51,51,1,12,4,120.645191,24.162759,2
8468,66000,387130000C,(04)23274275,(04)23288582,2025,1,19,19,43,臺中市,神岡區,0,0,0,7,,,30,,,,,,,,,,,,,,14,,,,,B03,,,1,,2,,,49,49,1,13,4,120.667358,24.251408,3
8469,66000,387130000C,(04)23274275,(04)23288582,2025,1,19,19,51,臺中市,北屯區,0,2,0,7,1,6,50,3,1,1,5,4,6,6,4,4,10,5,5,2,16,2,8,2,1,C03,7,6,1,10,2,12,,14,14,1,12,4,120.667773,24.17422,2
8470,66000,387130000C,(04)23274275,(04)23288582,2025,1,19,19,53,臺中市,西屯區,0,0,0,7,,,50,,,,,,,,,,,,,,14,,,,,B03,,,1,,1,,,84,84,1,12,4,120.607156,24.160166,3
8471,66000,387130000C,(04)23274275,(04)23288582,2025,1,19,20,0,臺中市,大里區,0,1,0,7,1,6,50,3,1,1,5,4,6,6,4,4,10,5,5,1,16,3,10,3,1,B03,7,11,1,8,6,5,,39,39,1,12,4,120.708711,24.084564,2
8472,66000,387130000C,(04)23274275,(04)23288582,2025,1,19,20,9,臺中市,南屯區,0,0,0,7,1,6,50,13,8,1,5,4,6,6,1,1,1,4,1,2,12,,,,,B03,,,1,,1,,,40,40,1,12,4,120.622924,24.145411,3
8473,66000,387130000C,(04)23274275,(04)23288582,2025,1,19,20,9,臺中市,烏日區,0,2,0,7,1,6,70,3,2,1,5,4,6,6,1,1,1,4,4,1,13,3,10,3,1,B03,7,9,1,8,2,1,,7,7,1,6,4,120.5985,24.111354,2
8474,66000,387130000C,(04)23274275,(04)23288582,2025,1,19,20,9,臺中市,豐原區,0,0,0,7,,,50,,,,,,,,,,,,,,13,,,,,B03,,,1,,2,,,7,7,1,11,4,120.701476,24.249193,3
8475,66000,387130000C,(04)23274275,(04)23288582,2025,1,19,20,11,臺中市,南區,0,1,0,7,1,6,40,13,8,1,5,4,6,6,1,1,10,2,4,2,13,2,9,1,1,C04,7,9,1,10,2,11,,7,7,1,12,4,120.67777,24.129335,2
8476,66000,387130000C,(04)23274275,(04)23288582,2025,1,19,20,12,臺中市,北區,0,1,0,7,1,6,40,3,1,1,5,4,6,6,2,1,10,5,5,2,17,3,10,1,1,C03,7,9,1,10,2,11,,21,21,1,13,4,120.694559,24.158255,2
8477,66000,387130000C,(04)23274275,(04)23288582,2025,1,19,20,16,臺中市,南屯區,0,0,0,7,,,50,,,,,,,,,,,,,,16,,,,,C03,,,1,,1,,,48,48,1,6,4,120.643187,24.144015,3
8478,66000,387130000C,(04)23274275,(04)23288582,2025,1,19,20,21,臺中市,東區,0,1,0,7,1,6,50,4,1,1,5,4,6,6,4,4,10,5,5,2,17,3,10,3,1,B03,7,5,1,8,2,1,,14,14,1,12,4,120.699232,24.141265,2
8479,66000,387130000C,(04)23274275,(04)23288582,2025,1,19,20,22,臺中市,后里區,0,0,0,7,,,50,,,,,,,,,,,,,,14,3,10,3,1,B03,7,2,1,15,2,3,,45,45,1,12,4,120.716542,24.307527,3
8480,66000,387130000C,(04)23274275,(04)23288582,2025,1,19,20,25,臺中市,西區,0,0,0,7,,,50,,,,,,,,,,,,,,,,,,,B03,,,1,,2,,,50,50,1,12,4,120.66315,24.144333,3
8481,66000,387130000C,(04)23274275,(04)23288582,2025,1,19,20,38,臺中市,大里區,0,2,0,7,1,6,50,3,2,1,5,4,6,6,4,4,8,3,5,1,17,3,10,3,1,B03,7,6,1,8,2,5,,11,11,1,6,4,120.693811,24.090843,2
8482,66000,387130000C,(04)23274275,(04)23288582,2025,1,19,20,45,臺中市,太平區,0,1,0,7,2,6,50,4,2,1,5,4,6,6,2,1,1,4,5,2,30,2,8,1,1,C03,7,9,1,10,2,11,,54,54,1,6,4,120.714343,24.149312,2