序號,縣市別代碼,機關代碼,市話,傳真,年,月,日,時,分,縣市,區,死亡數量,受傷數量,2-30,天候,道路照明設備,道路類別,道路速限,道路型態,事故位置,路面鋪裝,路面狀態,路面缺陷,障礙物,視距,號誌種類,號誌動作,分向設施,快車道或一般車道間,快慢車道間,路面邊線,事故類型及型態,受傷程度,主要傷處,保護裝備,行動電話或功能裝置,當事者區分(類別),車輛用途,當事者行動狀態,駕照狀態,駕照種類,飲酒情形,車輛撞擊部位最初,車輛撞擊部位其他,肇事因素個別,肇事因素主要,肇事逃逸,職業,共享經濟或外送平台,GPS座標X,GPS座標Y,事故類別
8483,66000,387130000C,(04)23274275,(04)23288582,2025,1,19,20,50,臺中市,北屯區,0,0,0,7,,,50,,,,,,,,,,,,,,13,,,,,B03,,,1,,2,,,84,84,1,12,4,120.686509,24.181676,3
8484,66000,387130000C,(04)23274275,(04)23288582,2025,1,19,20,50,臺中市,沙鹿區,0,1,0,6,1,6,50,5,2,1,5,4,6,6,1,1,3,3,3,1,17,3,10,5,4,B03,7,6,1,8,2,2,,20,20,1,13,4,120.56975,24.237199,2
8485,66000,387130000C,(04)23274275,(04)23288582,2025,1,19,20,53,臺中市,西屯區,0,1,0,7,1,6,50,4,1,1,5,4,6,6,1,1,10,5,5,2,16,2,9,5,4,C03,7,6,1,10,2,11,12,11,11,1,12,4,120.635896,24.16406,2
8486,66000,387130000C,(04)23274275,(04)23288582,2025,1,19,21,14,臺中市,北區,0,0,0,7,,,50,,,,,,,,,,,,,,,,,,,B03,,,1,,1,,,57,57,1,12,4,120.684912,24.159444,3
8487,66000,387130000C,(04)23274275,(04)23288582,2025,1,19,21,16,臺中市,東區,0,0,0,7,,,50,,,,,,,,,,,,,,,,,,,B03,,,1,,1,,,40,40,1,12,4,120.687811,24.139955,3
8488,66000,387130000C,(04)23274275,(04)23288582,2025,1,19,21,37,臺中市,西屯區,0,0,0,6,,,50,,,,,,,,,,,,,,11,,,,,B03,,,1,,2,,,4,4,1,12,4,120.594705,24.190766,3
8489,66000,387130000C,(04)23274275,(04)23288582,2025,1,19,21,40,臺中市,西屯區,0,1,0,7,1,6,50,13,9,1,5,4,6,6,4,4,5,4,5,2,6,3,10,6,5,H01,8,18,7,21,10,17,,99,99,1,13,5,120.644916,24.178287,2
8490,66000,387130000C,(04)23274275,(04)23288582,2025,1,19,21,40,臺中市,烏日區,0,0,0,7,,,50,,,,,,,,,,,,,,17,,,,,B03,,,1,,1,,,20,20,1,13,4,120.616844,24.116186,3
8491,66000,387130000C,(04)23274275,(04)23288582,2025,1,19,21,43,臺中市,豐原區,0,0,0,7,,,50,,,,,,,,,,,,,,13,,,,,A42,,,1,,2,,,56,56,1,12,4,120.730072,24.243278,3
8492,66000,387130000C,(04)23274275,(04)23288582,2025,1,19,21,54,臺中市,東區,0,1,0,7,1,6,50,4,1,1,5,4,6,6,1,1,10,5,5,2,17,3,10,3,1,B03,7,6,1,8,2,16,,11,11,1,6,4,120.708154,24.140633,2
8493,66000,387130000C,(04)23274275,(04)23288582,2025,1,19,21,56,臺中市,西屯區,0,1,0,7,1,6,50,13,9,1,5,4,6,6,4,4,5,4,5,2,12,3,10,3,1,B03,7,8,1,8,2,8,,40,40,1,12,4,120.629226,24.205059,2
8494,66000,387130000C,(04)23274275,(04)23288582,2025,1,19,21,56,臺中市,大里區,0,1,0,7,1,6,50,3,1,1,5,4,6,6,3,1,10,5,5,2,17,3,10,3,1,B03,7,6,1,8,2,8,,84,84,1,12,4,120.676837,24.097621,2
8495,66000,387130000C,(04)23274275,(04)23288582,2025,1,19,21,57,臺中市,潭子區,0,0,0,7,,,0,,,,,,,,,,,,,,,,,,,B03,,,1,,2,,,49,49,1,12,4,120.697817,24.194729,3
8496,66000,387130000C,(04)23274275,(04)23288582,2025,1,19,22,8,臺中市,北屯區,0,0,0,7,,,50,,,,,,,,,,,,,,17,,,,,B03,,,1,,2,,,50,50,1,6,4,120.708905,24.17222,3
8497,66000,387130000C,(04)23274275,(04)23288582,2025,1,19,22,11,臺中市,后里區,0,0,0,7,,,50,,,,,,,,,,,,,,,,,,,B03,,,1,,2,,,7,7,1,12,4,120.730131,24.309247,3
8498,66000,387130000C,(04)23274275,(04)23288582,2025,1,19,22,15,臺中市,北區,0,0,0,7,,,50,,,,,,,,,,,,,,17,,,,,B03,,,1,,2,,,45,45,1,13,4,120.684041,24.145928,3
8499,66000,387130000C,(04)23274275,(04)23288582,2025,1,19,22,15,臺中市,梧棲區,0,1,0,7,1,6,60,4,1,1,5,4,6,6,1,1,10,5,5,2,23,2,1,3,1,B03,7,6,1,8,11,1,,84,84,1,6,4,120.52512,24.223075,2
8500,66000,387130000C,(04)23274275,(04)23288582,2025,1,19,22,16,臺中市,南屯區,0,1,0,7,1,6,50,4,1,1,5,4,6,6,1,1,10,5,5,2,13,2,8,1,1,C03,7,8,1,10,2,14,,40,40,1,12,4,120.634095,24.158268,2
8501,66000,387130000C,(04)23274275,(04)23288582,2025,1,19,22,18,臺中市,北區,0,0,0,7,,,50,,,,,,,,,,,,,,17,,,,,C03,,,1,,2,,,7,7,1,13,4,120.691293,24.158879,3
8502,66000,387130000C,(04)23274275,(04)23288582,2025,1,19,22,20,臺中市,西屯區,0,2,0,7,1,6,40,4,1,1,5,4,6,6,2,1,10,5,5,2,15,2,9,1,1,C03,7,9,3,19,2,11,,21,21,1,12,4,120.649796,24.162755,2
8503,66000,387130000C,(04)23274275,(04)23288582,2025,1,19,22,26,臺中市,大安區,0,0,0,7,,,90,,,,,,,,,,,,,,20,,,,,B03,,,1,,2,,,84,84,1,12,4,120.585762,24.364999,3
8504,66000,387130000C,(04)23274275,(04)23288582,2025,1,19,22,30,臺中市,大肚區,0,0,0,7,,,50,,,,,,,,,,,,,,,,,,,B03,,,1,,2,,,87,87,1,6,4,120.561205,24.125235,3
8505,66000,387130000C,(04)23274275,(04)23288582,2025,1,19,22,45,臺中市,西區,0,0,0,7,,,50,,,,,,,,,,,,,,17,,,,,B02,,,1,,2,,,49,49,1,12,4,120.653812,24.155266,3
8506,66000,387130000C,(04)23274275,(04)23288582,2025,1,19,22,55,臺中市,西屯區,0,2,0,7,1,6,50,13,9,1,5,4,6,6,4,4,5,4,5,2,12,3,10,5,4,B02,7,7,1,8,2,2,,40,40,1,12,4,120.647339,24.174518,2
8507,66000,387130000C,(04)23274275,(04)23288582,2025,1,19,23,3,臺中市,外埔區,0,0,0,7,,,60,,,,,,,,,,,,,,13,3,10,1,1,C03,7,9,1,10,2,11,,7,7,1,12,4,120.639672,24.341093,3
8508,66000,387130000C,(04)23274275,(04)23288582,2025,1,19,23,11,臺中市,北屯區,0,0,0,7,,,50,,,,,,,,,,,,,,14,,,,,B03,,,1,,1,,,49,49,1,12,4,120.72278,24.174915,3
8509,66000,387130000C,(04)23274275,(04)23288582,2025,1,19,23,15,臺中市,烏日區,0,0,0,7,,,50,,,,,,,,,,,,,,12,,,,,B03,,,1,,1,,,59,59,1,13,4,120.623618,24.103326,3
8510,66000,387130000C,(04)23274275,(04)23288582,2025,1,19,23,34,臺中市,北屯區,0,2,0,7,1,6,50,4,1,1,5,4,6,6,3,1,10,5,5,2,15,2,9,1,1,C03,7,9,1,10,2,12,,24,24,1,12,4,120.705827,24.174555,2
8511,66000,387130000C,(04)23274275,(04)23288582,2025,1,19,23,48,臺中市,西區,0,0,0,7,,,50,,,,,,,,,,,,,,13,,,,,B03,,,1,,2,,,84,84,1,12,4,120.669678,24.150839,3
8512,66000,387130000C,(04)23274275,(04)23288582,2025,1,20,0,24,臺中市,西區,0,0,0,7,,,50,,,,,,,,,,,,,,14,,,,,B12,,,1,,2,,,49,49,1,12,4,120.672159,24.149251,3
8513,66000,387130000C,(04)23274275,(04)23288582,2025,1,20,0,27,臺中市,東區,0,1,0,7,1,6,50,4,1,1,5,4,6,6,3,1,10,5,5,2,18,2,9,2,1,C03,7,9,1,10,2,14,,6,6,1,13,4,120.689221,24.140973,2
8514,66000,387130000C,(04)23274275,(04)23288582,2025,1,20,0,32,臺中市,東區,0,0,0,7,,,50,,,,,,,,,,,,,,13,,,,,B01,,,1,,1,,,7,7,1,12,4,120.699401,24.142747,3
8515,66000,387130000C,(04)23274275,(04)23288582,2025,1,20,0,46,臺中市,北屯區,0,0,0,7,,,50,,,,,,,,,,,,,,14,,,,,B03,,,1,,2,,,49,49,1,12,4,120.667582,24.187952,3
8516,66000,387130000C,(04)23274275,(04)23288582,2025,1,20,1,26,臺中市,北屯區,0,1,0,7,1,6,50,13,9,1,5,4,6,6,4,4,1,4,5,2,23,2,9,2,1,C03,7,9,1,10,8,11,,5,5,1,12,4,120.733843,24.159149,2
8517,66000,387130000C,(04)23274275,(04)23288582,2025,1,20,1,30,臺中市,南區,0,0,0,7,,,50,,,,,,,,,,,,,,12,,,,,B03,,,1,,2,,,26,26,1,13,4,120.650249,24.111632,3
8518,66000,387130000C,(04)23274275,(04)23288582,2025,1,20,1,41,臺中市,北區,0,0,0,7,,,30,,,,,,,,,,,,,,17,,,,,B03,,,1,,2,,,49,49,1,13,4,120.684328,24.163444,3
8519,66000,387130000C,(04)23274275,(04)23288582,2025,1,20,2,0,臺中市,北區,0,2,0,7,1,6,50,4,1,1,5,4,6,6,2,1,10,5,5,2,16,2,9,1,1,C03,7,6,1,10,2,12,,25,25,1,12,4,120.677264,24.151355,2
8520,66000,387130000C,(04)23274275,(04)23288582,2025,1,20,3,47,臺中市,北區,0,0,0,7,,,50,,,,,,,,,,,,,,17,,,,,B03,,,1,,1,,,8,8,1,13,4,120.683765,24.162518,3
8521,66000,387130000C,(04)23274275,(04)23288582,2025,1,20,3,58,臺中市,西屯區,0,1,0,7,1,6,30,11,9,1,5,4,6,6,4,4,1,5,5,2,23,2,9,2,1,C03,7,5,1,10,8,11,,84,84,1,12,4,120.634094,24.173764,2
8522,66000,387130000C,(04)23274275,(04)23288582,2025,1,20,4,58,臺中市,大里區,0,0,0,7,1,6,30,13,9,1,5,4,6,6,4,4,9,5,5,2,17,,,,,,,,,,,,,119,119,1,,,120.706598,24.107427,3
8523,66000,387130000C,(04)23274275,(04)23288582,2025,1,20,5,40,臺中市,大里區,0,0,0,7,,,50,,,,,,,,,,,,,,3,,,,,C03,,,1,,2,,,51,51,1,13,4,120.684685,24.115217,3
8524,66000,387130000C,(04)23274275,(04)23288582,2025,1,20,6,13,臺中市,南屯區,0,1,0,7,3,6,50,3,1,1,5,4,6,6,4,4,10,5,5,2,17,3,10,5,4,B03,7,6,1,8,1,8,,14,14,1,13,4,120.609231,24.149946,2
8525,66000,387130000C,(04)23274275,(04)23288582,2025,1,20,6,22,臺中市,霧峰區,0,4,0,7,1,6,40,3,1,1,5,4,6,5,1,1,10,5,5,2,17,2,9,1,1,C03,7,11,3,19,2,14,,45,45,1,13,4,120.697007,24.025916,2
8526,66000,387130000C,(04)23274275,(04)23288582,2025,1,20,6,28,臺中市,后里區,0,1,0,7,3,6,60,13,7,1,5,4,6,6,4,4,3,4,4,2,18,2,9,1,1,C03,7,9,1,10,2,14,12,59,59,1,12,4,120.680218,24.30911,2
8527,66000,387130000C,(04)23274275,(04)23288582,2025,1,20,6,48,臺中市,南屯區,0,0,0,7,,,50,,,,,,,,,,,,,,14,,,,,B03,,,1,,2,,,49,49,1,13,4,120.646988,24.144929,3
8528,66000,387130000C,(04)23274275,(04)23288582,2025,1,20,6,54,臺中市,北屯區,0,1,0,7,2,6,50,13,9,1,5,4,6,6,4,4,5,4,5,1,12,2,9,1,1,F03,7,9,7,21,6,14,,42,42,1,12,4,120.671013,24.178841,2
8529,66000,387130000C,(04)23274275,(04)23288582,2025,1,20,7,2,臺中市,北區,0,1,0,7,2,6,50,4,1,1,5,4,6,6,1,1,5,4,4,2,17,2,9,5,1,C03,7,6,1,10,2,11,,48,48,1,13,4,120.680948,24.159108,2
8530,66000,387130000C,(04)23274275,(04)23288582,2025,1,20,7,2,臺中市,西屯區,0,0,0,7,,,50,,,,,,,,,,,,,,16,,,,,B03,,,1,,1,,,14,14,1,12,4,120.663805,24.181816,3
8531,66000,387130000C,(04)23274275,(04)23288582,2025,1,20,7,7,臺中市,沙鹿區,0,2,0,7,2,6,50,4,1,1,5,4,6,6,1,1,10,5,5,2,16,2,7,2,1,C03,7,6,1,10,2,11,,11,11,1,6,4,120.57671,24.224373,2
8532,66000,387130000C,(04)23274275,(04)23288582,2025,1,20,7,9,臺中市,大肚區,0,0,0,7,2,6,40,3,8,1,5,4,6,6,2,1,3,2,3,1,13,3,10,2,1,C03,7,9,1,10,2,11,,7,7,1,9,4,120.582994,24.168393,3
8533,66000,387130000C,(04)23274275,(04)23288582,2025,1,20,7,14,臺中市,太平區,0,0,0,7,,,50,,,,,,,,,,,,,,13,,,,,B12,,,1,,1,,,7,7,1,13,4,120.721292,24.142655,3
8534,66000,387130000C,(04)23274275,(04)23288582,2025,1,20,7,14,臺中市,沙鹿區,0,1,0,7,2,6,40,13,8,1,5,4,6,6,4,4,3,5,3,2,17,2,9,1,1,C03,7,9,1,10,2,11,,83,83,1,13,4,120.568418,24.237921,2
8535,66000,387130000C,(04)23274275,(04)23288582,2025,1,20,7,24,臺中市,西屯區,0,0,0,7,,,60,,,,,,,,,,,,,,,,,,,B03,,,1,,1,,,7,7,1,12,4,120.630253,24.171202,3
8536,66000,387130000C,(04)23274275,(04)23288582,2025,1,20,7,25,臺中市,梧棲區,0,0,0,7,,,70,,,,,,,,,,,,,,20,,,,,B03,,,1,,2,,,58,58,1,13,4,120.55732,24.242205,3
8537,66000,387130000C,(04)23274275,(04)23288582,2025,1,20,7,25,臺中市,豐原區,0,2,0,7,2,6,50,5,1,1,5,4,6,6,1,1,10,5,5,2,17,2,8,1,1,C03,7,6,1,10,2,13,,6,6,1,6,4,120.711324,24.246263,2
8538,66000,387130000C,(04)23274275,(04)23288582,2025,1,20,7,26,臺中市,豐原區,0,1,0,7,2,6,60,13,9,1,5,4,6,6,4,4,1,4,5,2,18,2,9,5,4,C03,7,9,1,10,2,15,,5,5,1,13,4,120.727104,24.239103,2
8539,66000,387130000C,(04)23274275,(04)23288582,2025,1,20,7,29,臺中市,太平區,0,0,0,7,,,50,,,,,,,,,,,,,,16,,,,,B03,,,1,,1,,,40,40,1,12,4,120.725003,24.153423,3
8540,66000,387130000C,(04)23274275,(04)23288582,2025,1,20,7,29,臺中市,太平區,0,0,0,7,,,50,,,,,,,,,,,,,,12,,,,,B03,,,1,,1,,,84,84,1,12,4,120.708252,24.128429,3
8541,66000,387130000C,(04)23274275,(04)23288582,2025,1,20,7,30,臺中市,北屯區,0,0,0,7,,,50,,,,,,,,,,,,,,13,,,,,B03,,,1,,2,,,7,7,1,6,4,120.693309,24.20087,3
8542,66000,387130000C,(04)23274275,(04)23288582,2025,1,20,7,30,臺中市,北屯區,0,1,0,7,2,6,40,13,8,1,5,4,6,6,4,4,1,4,4,2,30,2,8,1,1,C03,7,9,1,10,2,11,,7,7,1,12,4,120.686386,24.203022,2
8543,66000,387130000C,(04)23274275,(04)23288582,2025,1,20,7,30,臺中市,北屯區,0,0,0,7,,,50,,,,,,,,,,,,,,,,,,,B03,,,1,,1,,,7,7,1,13,4,120.666713,24.181176,3
8544,66000,387130000C,(04)23274275,(04)23288582,2025,1,20,7,30,臺中市,西屯區,0,1,0,7,2,6,50,4,1,1,5,4,6,6,1,1,5,5,5,2,16,3,10,3,1,B03,7,5,1,8,9,2,,47,47,1,12,4,120.61548,24.174508,2
8545,66000,387130000C,(04)23274275,(04)23288582,2025,1,20,7,30,臺中市,龍井區,0,1,0,7,3,6,50,13,8,1,5,4,6,6,4,4,5,4,4,1,16,3,10,3,1,A31,7,15,1,1,2,5,,59,59,1,6,4,120.518458,24.197422,2
8546,66000,387130000C,(04)23274275,(04)23288582,2025,1,20,7,33,臺中市,南屯區,0,1,0,7,2,6,50,3,1,1,5,4,6,6,2,1,9,4,4,2,13,4,11,1,1,C03,7,9,1,10,2,11,,59,59,1,12,4,120.616877,24.153987,2
8547,66000,387130000C,(04)23274275,(04)23288582,2025,1,20,7,34,臺中市,太平區,0,0,0,7,,,50,,,,,,,,,,,,,,11,,,,,C03,,,1,,1,,,36,36,1,13,4,120.705059,24.159478,3
8548,66000,387130000C,(04)23274275,(04)23288582,2025,1,20,7,35,臺中市,龍井區,0,1,0,7,2,6,40,4,4,1,5,4,6,6,1,1,3,5,5,1,13,3,10,2,1,C03,7,9,1,10,2,11,,7,7,1,6,4,120.587401,24.185217,2
8549,66000,387130000C,(04)23274275,(04)23288582,2025,1,20,7,35,臺中市,烏日區,0,1,0,7,2,6,40,13,8,1,5,4,6,6,4,4,1,5,4,2,18,2,9,1,1,F02,7,9,7,21,2,14,,84,84,1,6,4,120.647451,24.079201,2
8550,66000,387130000C,(04)23274275,(04)23288582,2025,1,20,7,36,臺中市,北屯區,0,0,0,7,,,50,,,,,,,,,,,,,,12,,,,,A05,,,1,,1,,,8,8,1,6,4,120.723462,24.165481,3
8551,66000,387130000C,(04)23274275,(04)23288582,2025,1,20,7,38,臺中市,潭子區,0,1,0,7,3,6,60,13,8,1,5,4,6,6,4,4,1,4,4,1,13,2,9,2,1,C03,7,12,1,10,2,11,,7,7,1,13,4,120.705012,24.208102,2
8552,66000,387130000C,(04)23274275,(04)23288582,2025,1,20,7,38,臺中市,豐原區,0,0,0,7,2,6,50,5,2,1,5,4,6,6,4,4,5,5,4,2,12,3,10,3,1,B03,7,5,1,8,2,5,,84,84,1,12,4,120.714701,24.257448,3
8553,66000,387130000C,(04)23274275,(04)23288582,2025,1,20,7,39,臺中市,西屯區,0,2,0,7,2,6,40,13,9,1,5,4,6,6,4,4,3,4,4,2,17,2,9,2,4,C03,7,1,1,10,2,15,,51,51,1,13,4,120.597087,24.181812,2
8554,66000,387130000C,(04)23274275,(04)23288582,2025,1,20,7,40,臺中市,南屯區,0,0,0,7,,,60,,,,,,,,,,,,,,13,,,,,C03,,,3,,1,,,59,59,1,6,4,120.598352,24.162653,3
8555,66000,387130000C,(04)23274275,(04)23288582,2025,1,20,7,40,臺中市,南屯區,0,1,0,7,3,6,50,13,9,1,5,4,6,6,4,4,5,5,4,2,12,3,10,3,1,B03,7,9,1,8,2,2,,8,8,1,12,4,120.642632,24.148797,2
8556,66000,387130000C,(04)23274275,(04)23288582,2025,1,20,7,40,臺中市,南屯區,0,0,0,7,,,50,,,,,,,,,,,,,,17,,,,,B03,,,1,,10,,,87,87,1,12,4,120.653752,24.14485,3
8557,66000,387130000C,(04)23274275,(04)23288582,2025,1,20,7,40,臺中市,西屯區,0,1,0,7,2,6,40,4,8,1,5,4,6,6,1,1,5,5,4,2,13,2,9,5,4,C03,7,9,1,10,2,11,,7,7,1,12,4,120.596608,24.168494,2
8558,66000,387130000C,(04)23274275,(04)23288582,2025,1,20,7,41,臺中市,南區,0,0,0,7,,,50,,,,,,,,,,,,,,,,,,,B12,,,1,,1,,,7,7,1,12,4,120.670095,24.119043,3
8559,66000,387130000C,(04)23274275,(04)23288582,2025,1,20,7,41,臺中市,太平區,0,1,0,7,3,6,50,4,1,1,5,4,6,6,1,1,5,4,5,1,16,2,8,2,1,C03,7,15,1,10,2,12,,84,84,1,12,4,120.703519,24.111557,2
8560,66000,387130000C,(04)23274275,(04)23288582,2025,1,20,7,42,臺中市,北區,0,1,0,7,2,6,50,4,2,1,5,4,6,6,1,1,1,4,5,2,13,2,9,1,1,C03,7,9,1,10,2,11,,7,7,1,12,4,120.685119,24.165279,2
8561,66000,387130000C,(04)23274275,(04)23288582,2025,1,20,7,42,臺中市,西屯區,0,1,0,7,2,6,50,4,1,1,5,4,6,6,2,1,10,5,5,2,16,2,9,5,4,C03,7,6,1,10,2,14,,11,11,1,13,4,120.598382,24.204683,2
8562,66000,387130000C,(04)23274275,(04)23288582,2025,1,20,7,44,臺中市,北區,0,2,0,7,2,6,50,4,1,1,5,4,6,6,2,1,10,5,5,2,15,2,9,1,1,C03,7,9,1,10,2,12,,21,21,1,13,4,120.691825,24.160146,2
8563,66000,387130000C,(04)23274275,(04)23288582,2025,1,20,7,45,臺中市,北區,0,0,0,7,,,50,,,,,,,,,,,,,,17,,,,,B12,,,1,,1,,,84,84,1,12,4,120.666325,24.15921,3
8564,66000,387130000C,(04)23274275,(04)23288582,2025,1,20,7,45,臺中市,北區,0,1,0,7,2,6,40,13,8,1,5,4,6,6,4,4,5,4,4,2,17,2,9,5,1,C03,7,9,1,10,2,11,,59,59,1,13,4,120.681811,24.159201,2
8565,66000,387130000C,(04)23274275,(04)23288582,2025,1,20,7,45,臺中市,沙鹿區,0,1,0,7,1,6,40,3,1,1,5,4,6,6,4,4,10,5,5,2,18,2,9,2,1,C03,7,9,5,19,2,12,,59,59,1,6,4,120.552328,24.215816,2
8566,66000,387130000C,(04)23274275,(04)23288582,2025,1,20,7,47,臺中市,東區,0,1,0,7,2,6,50,13,9,1,5,4,6,6,4,4,5,4,5,2,13,3,10,2,1,C03,7,9,1,10,2,11,,7,7,1,12,4,120.682749,24.135029,2
8567,66000,387130000C,(04)23274275,(04)23288582,2025,1,20,7,47,臺中市,沙鹿區,0,1,0,7,2,6,50,3,1,1,5,4,6,6,1,1,10,5,5,2,17,3,10,2,1,C03,7,15,1,10,2,12,,42,42,1,6,4,120.579471,24.218511,2
8568,66000,387130000C,(04)23274275,(04)23288582,2025,1,20,7,48,臺中市,大里區,0,2,0,7,3,6,50,4,1,1,5,4,6,6,1,1,10,5,5,2,16,2,9,1,1,C03,7,5,1,10,2,11,,11,11,1,6,4,120.720087,24.093665,2
8569,66000,387130000C,(04)23274275,(04)23288582,2025,1,20,7,48,臺中市,大里區,0,1,0,7,2,6,60,4,4,1,5,4,6,6,1,1,5,2,4,1,13,3,10,1,1,C03,7,9,1,10,2,11,,84,84,1,12,4,120.665723,24.106165,2
8570,66000,387130000C,(04)23274275,(04)23288582,2025,1,20,7,48,臺中市,太平區,0,0,0,7,,,50,,,,,,,,,,,,,,16,,,,,B03,,,1,,2,,,48,48,1,12,4,120.739674,24.157222,3
8571,66000,387130000C,(04)23274275,(04)23288582,2025,1,20,7,48,臺中市,沙鹿區,0,1,0,7,2,6,30,3,1,1,5,4,6,6,4,4,3,4,5,2,17,3,10,3,1,B12,7,5,1,8,2,4,,13,13,1,13,4,120.622925,24.242359,2
8572,66000,387130000C,(04)23274275,(04)23288582,2025,1,20,7,50,臺中市,南屯區,0,2,0,7,2,6,50,13,9,1,5,4,6,6,4,4,5,5,5,1,17,2,9,2,1,C03,7,6,1,10,2,12,,39,39,1,12,4,120.589863,24.165724,2
8573,66000,387130000C,(04)23274275,(04)23288582,2025,1,20,7,50,臺中市,西屯區,0,1,0,7,2,6,50,13,8,1,5,4,6,6,4,4,9,4,5,2,12,2,8,2,1,C03,7,9,1,10,2,12,,59,59,1,13,4,120.606219,24.191389,2
8574,66000,387130000C,(04)23274275,(04)23288582,2025,1,20,7,50,臺中市,神岡區,0,2,0,7,3,6,50,13,9,1,5,4,6,6,4,4,5,5,5,1,12,2,9,1,1,C03,7,9,1,10,2,13,,84,84,1,13,4,120.680631,24.266768,2
8575,66000,387130000C,(04)23274275,(04)23288582,2025,1,20,7,51,臺中市,霧峰區,0,0,0,7,,,50,,,,,,,,,,,,,,17,,,,,B03,,,3,19,11,,,4,4,1,13,4,120.705757,24.073875,3
8576,66000,387130000C,(04)23274275,(04)23288582,2025,1,20,7,52,臺中市,北區,0,0,0,7,,,50,,,,,,,,,,,,,,17,,,,,B03,,,1,,2,,,51,51,1,13,4,120.690629,24.15651,3
8577,66000,387130000C,(04)23274275,(04)23288582,2025,1,20,7,52,臺中市,神岡區,0,0,0,7,,,50,,,,,,,,,,,,,,17,,,,,B03,,,1,,1,,,11,11,1,6,4,120.711031,24.258399,3
8578,66000,387130000C,(04)23274275,(04)23288582,2025,1,20,7,53,臺中市,東區,0,0,0,7,,,30,,,,,,,,,,,,,,17,,,,,C03,,,1,,2,,,8,8,1,12,4,120.706293,24.131013,3
8579,66000,387130000C,(04)23274275,(04)23288582,2025,1,20,7,53,臺中市,南屯區,0,1,0,7,2,6,50,13,9,1,5,4,6,6,4,4,9,5,5,2,13,2,9,2,1,C03,7,9,1,10,2,11,,7,7,1,13,4,120.61006,24.139773,2
8580,66000,387130000C,(04)23274275,(04)23288582,2025,1,20,7,53,臺中市,西屯區,0,0,0,7,,,50,,,,,,,,,,,,,,16,,,,,B03,,,1,,1,,,14,14,1,12,4,120.623598,24.184901,4
8581,66000,387130000C,(04)23274275,(04)23288582,2025,1,20,7,54,臺中市,北屯區,0,1,0,7,3,6,50,4,1,1,5,4,6,6,2,1,10,5,5,2,16,3,10,3,1,B03,7,5,1,6,2,5,,47,47,1,12,4,120.721003,24.175968,2
8582,66000,387130000C,(04)23274275,(04)23288582,2025,1,20,7,54,臺中市,大里區,0,1,0,7,3,6,30,3,1,1,5,4,6,6,4,4,10,5,5,2,12,4,11,5,4,B03,7,9,5,8,9,1,,84,84,1,6,4,120.712215,24.086596,2
8583,66000,387130000C,(04)23274275,(04)23288582,2025,1,20,7,55,臺中市,東區,0,0,0,7,,,50,,,,,,,,,,,,,,16,,,,,B03,,,1,,2,,,20,20,1,12,4,120.709688,24.144284,3
8584,66000,387130000C,(04)23274275,(04)23288582,2025,1,20,7,56,臺中市,北屯區,0,0,0,7,,,50,,,,,,,,,,,,,,13,,,,,B03,,,1,8,1,,,7,7,1,6,4,120.662907,24.188033,3
8585,66000,387130000C,(04)23274275,(04)23288582,2025,1,20,7,57,臺中市,東區,0,0,0,7,,,50,,,,,,,,,,,,,,13,,,,,B03,,,1,,1,,,84,84,1,13,4,120.683428,24.134225,3
8586,66000,387130000C,(04)23274275,(04)23288582,2025,1,20,7,58,臺中市,北區,0,0,0,7,,,50,,,,,,,,,,,,,,15,,,,,C03,,,1,,1,,,11,11,1,13,4,120.686687,24.163872,3
8587,66000,387130000C,(04)23274275,(04)23288582,2025,1,20,7,58,臺中市,大里區,0,1,0,7,2,6,50,3,1,1,5,4,6,6,4,4,5,5,5,1,17,3,10,3,1,B03,7,6,1,8,2,15,,85,85,1,13,4,120.666072,24.111465,2
8588,66000,387130000C,(04)23274275,(04)23288582,2025,1,20,7,59,臺中市,南區,0,2,0,7,1,6,50,13,9,1,5,4,6,6,4,4,9,4,5,2,12,2,9,1,1,C03,7,6,1,10,2,12,14,48,48,1,12,4,120.652502,24.109156,2
8589,66000,387130000C,(04)23274275,(04)23288582,2025,1,20,7,59,臺中市,太平區,0,0,0,7,,,30,,,,,,,,,,,,,,16,,,,,C03,,,1,,2,,,14,14,1,13,4,120.714286,24.11438,3
8590,66000,387130000C,(04)23274275,(04)23288582,2025,1,20,8,0,臺中市,東區,0,2,0,7,2,6,50,13,9,1,5,4,6,6,4,4,9,5,5,2,17,2,7,2,1,C03,7,1,1,10,2,12,,51,51,1,12,4,120.692788,24.146284,2
8591,66000,387130000C,(04)23274275,(04)23288582,2025,1,20,8,0,臺中市,北屯區,0,2,0,7,3,6,50,4,1,1,5,4,6,6,2,1,10,5,5,2,15,2,9,2,1,C03,7,9,3,19,2,11,,21,21,1,12,4,120.694113,24.170259,2
8592,66000,387130000C,(04)23274275,(04)23288582,2025,1,20,8,3,臺中市,沙鹿區,0,0,0,7,,,60,,,,,,,,,,,,,,,,,,,B12,,,1,,2,,,59,59,1,6,4,120.590141,24.250109,3
8593,66000,387130000C,(04)23274275,(04)23288582,2025,1,20,8,6,臺中市,西屯區,0,0,0,7,,,50,,,,,,,,,,,,,,13,,,,,B03,,,1,,1,,,7,7,1,12,4,120.65186,24.16605,3