序號,縣市別代碼,機關代碼,市話,傳真,年,月,日,時,分,縣市,區,死亡數量,受傷數量,2-30,天候,道路照明設備,道路類別,道路速限,道路型態,事故位置,路面鋪裝,路面狀態,路面缺陷,障礙物,視距,號誌種類,號誌動作,分向設施,快車道或一般車道間,快慢車道間,路面邊線,事故類型及型態,受傷程度,主要傷處,保護裝備,行動電話或功能裝置,當事者區分(類別),車輛用途,當事者行動狀態,駕照狀態,駕照種類,飲酒情形,車輛撞擊部位最初,車輛撞擊部位其他,肇事因素個別,肇事因素主要,肇事逃逸,職業,共享經濟或外送平台,GPS座標X,GPS座標Y,事故類別
8594,66000,387130000C,(04)23274275,(04)23288582,2025,1,20,8,7,臺中市,霧峰區,0,2,0,7,2,6,40,4,2,1,5,4,6,6,1,1,5,5,5,1,17,2,8,5,4,C03,7,9,3,19,2,11,,84,84,1,13,4,120.678829,24.0648,2
8595,66000,387130000C,(04)23274275,(04)23288582,2025,1,20,8,8,臺中市,西區,0,0,0,7,,,50,,,,,,,,,,,,,,,,,,,B03,,,1,,2,,,84,84,1,13,4,120.661687,24.139281,3
8596,66000,387130000C,(04)23274275,(04)23288582,2025,1,20,8,8,臺中市,西屯區,0,0,0,7,,,50,,,,,,,,,,,,,,16,,,,,B02,,,1,,2,,,2,2,1,13,4,120.61582,24.190194,3
8597,66000,387130000C,(04)23274275,(04)23288582,2025,1,20,8,8,臺中市,東勢區,0,1,0,7,2,6,40,3,1,1,5,4,6,6,3,1,10,5,5,2,17,2,9,5,4,C03,7,9,1,10,2,16,,59,59,1,13,4,120.8376,24.244746,2
8598,66000,387130000C,(04)23274275,(04)23288582,2025,1,20,8,12,臺中市,神岡區,0,1,0,7,3,6,50,3,1,1,5,4,6,6,4,4,9,4,4,2,17,3,10,3,1,B12,7,1,1,8,2,16,,51,51,1,13,4,120.686984,24.24817,2
8599,66000,387130000C,(04)23274275,(04)23288582,2025,1,20,8,13,臺中市,西區,0,0,0,7,,,50,,,,,,,,,,,,,,,,,,,B03,,,1,,2,,,84,84,1,12,4,120.669801,24.150724,3
8600,66000,387130000C,(04)23274275,(04)23288582,2025,1,20,8,16,臺中市,北屯區,0,0,0,7,,,50,,,,,,,,,,,,,,12,,,,,B03,,,1,,1,,,42,42,1,6,4,120.721341,24.18012,3
8601,66000,387130000C,(04)23274275,(04)23288582,2025,1,20,8,16,臺中市,豐原區,0,0,0,7,,,50,,,,,,,,,,,,,,13,,,,,B03,,,1,,1,,,7,7,1,13,4,120.71433,24.251726,3
8602,66000,387130000C,(04)23274275,(04)23288582,2025,1,20,8,17,臺中市,霧峰區,0,0,0,7,,,30,,,,,,,,,,,,,,,,,,,B03,,,1,,2,,,48,48,1,6,4,120.658516,24.041566,3
8603,66000,387130000C,(04)23274275,(04)23288582,2025,1,20,8,18,臺中市,北區,0,1,0,7,2,6,50,4,1,1,5,4,6,6,4,4,5,5,5,2,15,2,9,1,1,C03,7,9,1,10,2,11,,15,15,1,12,4,120.675623,24.158449,2
8604,66000,387130000C,(04)23274275,(04)23288582,2025,1,20,8,18,臺中市,烏日區,0,0,0,7,,,70,,,,,,,,,,,,,,13,,,,,B03,,,1,,1,,,59,59,1,12,4,120.608173,24.108387,3
8605,66000,387130000C,(04)23274275,(04)23288582,2025,1,20,8,18,臺中市,沙鹿區,0,0,0,7,,,50,,,,,,,,,,,,,,12,,,,,B03,,,1,,2,,,84,84,1,6,4,120.578843,24.223699,3
8606,66000,387130000C,(04)23274275,(04)23288582,2025,1,20,8,20,臺中市,潭子區,0,2,0,7,2,6,40,3,2,1,5,4,6,6,4,4,10,5,5,1,17,2,8,2,1,C03,7,9,1,10,2,11,,43,43,1,13,4,120.718213,24.219693,2
8607,66000,387130000C,(04)23274275,(04)23288582,2025,1,20,8,20,臺中市,北屯區,0,1,0,7,1,6,50,13,7,1,5,4,6,6,4,4,5,4,4,2,13,3,10,3,1,B03,7,9,1,8,2,1,,84,84,1,13,4,120.695143,24.182734,2
8608,66000,387130000C,(04)23274275,(04)23288582,2025,1,20,8,21,臺中市,北區,0,1,0,7,2,6,50,12,9,1,5,4,6,6,4,4,5,4,5,2,18,2,9,5,1,C03,7,6,1,10,2,14,,39,39,1,13,4,120.688908,24.152815,2
8609,66000,387130000C,(04)23274275,(04)23288582,2025,1,20,8,24,臺中市,烏日區,0,1,0,7,2,6,50,4,1,1,5,4,6,6,2,1,5,4,5,1,13,2,9,1,1,C03,7,9,1,8,2,11,,39,39,1,6,4,120.651038,24.098154,2
8610,66000,387130000C,(04)23274275,(04)23288582,2025,1,20,8,26,臺中市,大安區,0,2,0,7,3,6,50,13,9,1,5,4,6,6,4,4,10,5,5,1,16,2,9,3,1,B03,7,1,1,8,2,1,4,51,51,1,6,4,120.614342,24.384819,2
8611,66000,387130000C,(04)23274275,(04)23288582,2025,1,20,8,28,臺中市,大里區,0,1,0,7,2,6,50,13,9,1,5,4,6,6,4,4,1,4,5,1,18,2,9,1,1,C03,7,9,1,10,2,14,,54,54,1,12,4,120.681497,24.103047,2
8612,66000,387130000C,(04)23274275,(04)23288582,2025,1,20,8,30,臺中市,烏日區,0,2,0,7,2,6,40,13,8,1,5,4,6,6,1,1,1,3,4,1,13,2,9,1,1,C03,7,9,1,10,2,11,,7,7,1,6,4,120.64761,24.080757,2
8613,66000,387130000C,(04)23274275,(04)23288582,2025,1,20,8,32,臺中市,沙鹿區,0,0,0,7,,,50,,,,,,,,,,,,,,,,,,,B03,,,1,,1,,,84,84,1,13,4,120.621054,24.242287,3
8614,66000,387130000C,(04)23274275,(04)23288582,2025,1,20,8,33,臺中市,烏日區,0,0,0,7,,,70,,,,,,,,,,,,,,13,,,,,B03,,,1,,1,,,59,59,1,12,4,120.608669,24.105456,3
8615,66000,387130000C,(04)23274275,(04)23288582,2025,1,20,8,35,臺中市,南區,0,1,0,1,2,6,50,4,1,1,5,4,6,6,1,1,10,5,5,2,16,3,10,3,1,B03,7,6,1,8,2,2,,11,11,1,12,4,120.663394,24.119716,2
8616,66000,387130000C,(04)23274275,(04)23288582,2025,1,20,8,35,臺中市,南區,0,2,0,7,1,6,50,13,9,1,5,4,6,6,4,4,9,4,5,2,12,3,10,3,1,B03,7,9,1,8,2,4,,8,8,1,12,4,120.66182,24.11189,2
8617,66000,387130000C,(04)23274275,(04)23288582,2025,1,20,8,35,臺中市,北屯區,0,0,0,7,,,50,,,,,,,,,,,,,,,,,,,B03,,,1,,1,,,21,21,1,12,4,120.707283,24.187767,3
8618,66000,387130000C,(04)23274275,(04)23288582,2025,1,20,8,40,臺中市,西區,0,0,0,7,,,50,,,,,,,,,,,,,,,,,,,B03,,,1,,1,,,49,49,1,12,4,120.670624,24.141687,3
8619,66000,387130000C,(04)23274275,(04)23288582,2025,1,20,8,40,臺中市,北屯區,0,0,0,7,,,50,,,,,,,,,,,,,,13,,,,,C03,,,1,,1,,,84,84,1,12,4,120.697686,24.169637,3
8620,66000,387130000C,(04)23274275,(04)23288582,2025,1,20,8,40,臺中市,西屯區,0,0,0,7,,,40,,,,,,,,,,,,,,13,,,,,C03,,,1,,1,,,7,7,1,12,4,120.646577,24.164552,3
8621,66000,387130000C,(04)23274275,(04)23288582,2025,1,20,8,42,臺中市,北屯區,0,1,0,7,3,6,50,4,1,1,5,4,6,6,2,1,10,5,5,2,16,2,9,2,1,C03,7,5,1,10,2,12,,11,11,1,6,4,120.678356,24.184126,2
8622,66000,387130000C,(04)23274275,(04)23288582,2025,1,20,8,42,臺中市,大甲區,0,1,0,7,2,6,50,4,1,1,5,4,6,6,4,4,10,5,5,2,15,3,10,3,1,B03,7,9,1,8,2,1,,20,20,1,6,4,120.614948,24.356994,2
8623,66000,387130000C,(04)23274275,(04)23288582,2025,1,20,8,44,臺中市,東區,0,2,0,7,3,6,50,3,1,1,5,4,6,6,4,4,10,5,5,2,16,3,10,5,4,B12,7,6,1,7,2,2,,14,14,1,12,4,120.702664,24.138897,2
8624,66000,387130000C,(04)23274275,(04)23288582,2025,1,20,8,45,臺中市,西屯區,0,0,0,7,2,6,40,13,8,1,5,,6,6,4,4,1,4,4,2,12,,,,,B03,,,1,,2,,,8,8,1,13,4,120.63644,24.157675,3
8625,66000,387130000C,(04)23274275,(04)23288582,2025,1,20,8,45,臺中市,西屯區,0,0,0,7,2,9,0,18,23,4,5,4,6,6,4,4,10,5,5,2,14,,,,,C03,,,1,,9,,,50,50,1,13,4,120.64848,24.160552,3
8626,66000,387130000C,(04)23274275,(04)23288582,2025,1,20,8,50,臺中市,西區,0,0,0,7,,,50,,,,,,,,,,,,,,,,,,,C03,,,1,,1,,,59,59,1,12,4,120.672853,24.136177,3
8627,66000,387130000C,(04)23274275,(04)23288582,2025,1,20,8,50,臺中市,東區,0,2,0,7,2,6,50,4,1,1,5,4,6,6,2,1,5,5,5,2,16,2,9,2,1,C03,7,6,1,10,2,12,,11,11,1,13,4,120.686787,24.13158,2
8628,66000,387130000C,(04)23274275,(04)23288582,2025,1,20,8,50,臺中市,烏日區,0,1,0,7,2,6,50,13,9,1,5,4,6,6,4,4,5,4,5,1,17,3,10,3,1,B03,7,11,1,8,2,7,,32,32,1,6,4,120.626209,24.1121,2
8629,66000,387130000C,(04)23274275,(04)23288582,2025,1,20,8,50,臺中市,大甲區,0,2,0,7,3,6,50,4,1,1,5,4,6,6,3,1,5,5,5,1,12,3,10,3,1,B03,7,4,1,8,1,2,,1,1,2,6,4,120.632385,24.340383,2
8630,66000,387130000C,(04)23274275,(04)23288582,2025,1,20,8,51,臺中市,大里區,0,1,0,7,2,6,50,13,9,1,5,4,6,6,4,4,1,4,5,1,18,2,9,1,1,C04,7,9,1,8,2,14,,85,85,1,12,4,120.684212,24.09696,2
8631,66000,387130000C,(04)23274275,(04)23288582,2025,1,20,8,55,臺中市,太平區,0,0,0,7,,,50,,,,,,,,,,,,,,16,,,,,C03,,,1,,2,,,84,84,1,12,4,120.718163,24.125702,3
8632,66000,387130000C,(04)23274275,(04)23288582,2025,1,20,8,56,臺中市,大里區,0,1,0,7,2,6,50,4,1,1,5,4,6,6,1,1,10,5,5,1,15,2,9,1,1,C03,7,9,1,10,2,12,,21,21,1,12,4,120.70118,24.100283,2
8633,66000,387130000C,(04)23274275,(04)23288582,2025,1,20,9,6,臺中市,南區,0,0,0,7,,,50,,,,,,,,,,,,,,12,,,,,B03,,,1,,9,,,84,84,1,12,4,120.655895,24.13461,3
8634,66000,387130000C,(04)23274275,(04)23288582,2025,1,20,9,10,臺中市,大雅區,0,1,0,7,2,6,40,13,8,1,5,4,6,6,4,4,1,4,4,1,28,2,9,1,1,C03,7,9,1,10,2,11,,84,84,1,13,4,120.637659,24.234011,2
8635,66000,387130000C,(04)23274275,(04)23288582,2025,1,20,9,10,臺中市,西屯區,0,0,0,7,,,40,,,,,,,,,,,,,,13,,,,,B03,,,1,,1,,,58,58,1,12,4,120.655781,24.159032,3
8636,66000,387130000C,(04)23274275,(04)23288582,2025,1,20,9,12,臺中市,北區,0,0,0,7,,,30,,,,,,,,,,,,,,14,,,,,B12,,,6,,2,,,85,85,1,13,4,120.685836,24.149184,4
8637,66000,387130000C,(04)23274275,(04)23288582,2025,1,20,9,12,臺中市,南區,0,0,0,7,,,30,,,,,,,,,,,,,,,,,,,B03,,,1,,9,,,49,49,1,6,4,120.664437,24.11968,3
8638,66000,387130000C,(04)23274275,(04)23288582,2025,1,20,9,16,臺中市,潭子區,0,1,0,7,3,6,50,3,1,1,5,4,6,6,1,1,1,4,5,2,17,2,9,2,1,C03,7,9,1,10,2,14,,43,43,1,13,4,120.706031,24.200805,2
8639,66000,387130000C,(04)23274275,(04)23288582,2025,1,20,9,17,臺中市,太平區,0,0,0,7,,,50,,,,,,,,,,,,,,14,,,,,B12,,,1,,2,,,49,49,1,12,4,120.714394,24.148009,3
8640,66000,387130000C,(04)23274275,(04)23288582,2025,1,20,9,28,臺中市,龍井區,0,1,0,6,3,6,50,13,9,1,5,4,6,6,4,4,5,4,5,1,16,3,10,3,1,B12,7,1,1,8,2,4,,51,51,1,6,4,120.524813,24.211609,2
8641,66000,387130000C,(04)23274275,(04)23288582,2025,1,20,9,33,臺中市,北區,0,2,0,7,2,6,50,4,1,1,5,4,6,6,1,1,10,5,5,2,17,2,9,5,4,C03,7,15,1,10,2,12,,21,21,1,13,4,120.664174,24.162383,2
8642,66000,387130000C,(04)23274275,(04)23288582,2025,1,20,9,36,臺中市,西屯區,0,2,0,7,2,6,50,13,9,1,5,4,6,6,4,4,3,4,5,2,17,2,9,1,1,C03,7,9,2,19,2,12,,58,58,1,12,4,120.663036,24.171962,2
8643,66000,387130000C,(04)23274275,(04)23288582,2025,1,20,9,39,臺中市,中區,0,1,0,7,3,6,50,13,9,1,5,4,6,6,4,4,5,5,5,2,13,2,7,1,1,C03,7,9,1,10,2,11,,7,7,1,13,4,120.676861,24.142748,2
8644,66000,387130000C,(04)23274275,(04)23288582,2025,1,20,9,39,臺中市,大肚區,0,1,0,7,3,6,50,13,9,1,5,4,6,6,4,4,5,5,5,2,14,3,10,3,1,B03,7,2,1,8,2,3,,49,49,1,6,4,120.545112,24.154806,2
8645,66000,387130000C,(04)23274275,(04)23288582,2025,1,20,9,39,臺中市,烏日區,0,0,0,7,,,50,,,,,,,,,,,,,,16,,,,,B03,,,1,,2,,,11,11,1,6,4,120.632243,24.108484,3
8646,66000,387130000C,(04)23274275,(04)23288582,2025,1,20,9,42,臺中市,南屯區,0,3,0,7,2,6,50,3,9,1,5,4,6,6,4,4,9,5,5,2,11,2,9,1,1,C03,7,6,1,10,2,12,,14,14,1,12,4,120.650924,24.148952,2
8647,66000,387130000C,(04)23274275,(04)23288582,2025,1,20,9,42,臺中市,大里區,0,1,0,7,2,6,50,13,7,1,5,4,6,6,4,4,9,5,4,1,13,2,9,1,1,C03,7,4,1,10,2,11,,84,84,1,13,4,120.683743,24.112956,2
8648,66000,387130000C,(04)23274275,(04)23288582,2025,1,20,9,44,臺中市,西屯區,0,1,0,7,2,6,50,3,1,1,5,4,6,6,4,4,10,5,5,2,16,3,10,5,4,B03,7,1,1,8,2,4,,51,51,1,13,4,120.651116,24.208667,2
8649,66000,387130000C,(04)23274275,(04)23288582,2025,1,20,9,45,臺中市,烏日區,0,0,0,7,,,30,,,,,,,,,,,,,,14,,,,,B03,,,3,,1,,,49,49,1,6,4,120.633326,24.109403,3
8650,66000,387130000C,(04)23274275,(04)23288582,2025,1,20,9,47,臺中市,潭子區,0,0,0,7,,,60,,,,,,,,,,,,,,,,,,,B03,,,1,,2,,,84,84,1,13,4,120.690043,24.225074,3
8651,66000,387130000C,(04)23274275,(04)23288582,2025,1,20,9,50,臺中市,北屯區,0,0,0,7,,,50,,,,,,,,,,,,,,,,,,,B03,,,1,,2,,,12,12,1,13,4,120.687657,24.205647,3
8652,66000,387130000C,(04)23274275,(04)23288582,2025,1,20,9,53,臺中市,西屯區,0,1,0,7,2,6,50,5,1,1,5,4,6,6,2,1,10,5,5,2,12,3,10,5,4,B12,7,9,1,8,2,2,,8,8,1,13,4,120.656109,24.169599,2
8653,66000,387130000C,(04)23274275,(04)23288582,2025,1,20,9,54,臺中市,西屯區,0,2,0,7,2,6,30,13,9,1,5,4,6,6,4,4,10,5,5,2,16,2,7,5,4,C03,7,11,1,10,2,12,,45,45,1,12,4,120.65602,24.160914,2
8654,66000,387130000C,(04)23274275,(04)23288582,2025,1,20,9,55,臺中市,北屯區,0,2,0,7,3,6,50,13,9,1,5,4,6,6,4,4,9,5,5,2,16,2,9,2,1,C03,7,6,1,9,2,12,,84,84,1,6,4,120.720649,24.179593,2
8655,66000,387130000C,(04)23274275,(04)23288582,2025,1,20,9,56,臺中市,潭子區,0,1,0,7,3,6,50,4,2,1,5,4,6,6,4,4,5,4,4,2,17,3,10,2,1,C03,7,7,1,10,2,13,,84,84,1,13,4,120.707387,24.207142,2
8656,66000,387130000C,(04)23274275,(04)23288582,2025,1,20,9,57,臺中市,北屯區,0,0,0,7,,,40,,,,,,,,,,,,,,14,,,,,B03,,,1,,1,,,49,49,1,12,4,120.686842,24.203117,3
8657,66000,387130000C,(04)23274275,(04)23288582,2025,1,20,10,0,臺中市,南屯區,0,1,0,7,2,6,50,4,1,1,5,4,6,6,2,1,1,4,5,2,17,3,10,3,1,B03,7,5,1,8,2,5,,22,22,1,13,4,120.653331,24.128835,2
8658,66000,387130000C,(04)23274275,(04)23288582,2025,1,20,10,3,臺中市,西屯區,0,2,0,7,2,6,0,3,2,1,5,4,6,6,4,4,5,4,5,2,17,2,9,1,1,C03,7,1,1,10,2,11,14,51,51,1,12,4,120.637439,24.178416,2
8659,66000,387130000C,(04)23274275,(04)23288582,2025,1,20,10,4,臺中市,神岡區,0,1,0,7,2,6,30,11,9,1,5,4,6,6,4,4,10,5,5,2,10,3,10,3,1,B12,7,9,1,8,2,8,,84,84,1,6,4,120.688792,24.249978,2
8660,66000,387130000C,(04)23274275,(04)23288582,2025,1,20,10,5,臺中市,西屯區,0,0,0,7,,,30,,,,,,,,,,,,,,,,,,,B03,,,1,,2,,,13,13,1,12,4,120.660785,24.200641,3
8661,66000,387130000C,(04)23274275,(04)23288582,2025,1,20,10,8,臺中市,新社區,0,0,0,7,,,40,,,,,,,,,,,,,,12,,,,,B12,,,1,,1,,,8,8,1,12,4,120.820491,24.181288,3
8662,66000,387130000C,(04)23274275,(04)23288582,2025,1,20,10,10,臺中市,西區,0,0,0,7,,,,,,,,,,,,,,,,,,,,,,,,,,,,,,84,84,1,,,120.672682,24.151851,3
8663,66000,387130000C,(04)23274275,(04)23288582,2025,1,20,10,10,臺中市,沙鹿區,0,0,0,7,,,50,,,,,,,,,,,,,,12,,,,,C03,,,1,,2,,,8,8,1,6,4,120.566521,24.235544,3
8664,66000,387130000C,(04)23274275,(04)23288582,2025,1,20,10,15,臺中市,龍井區,0,1,0,7,3,6,50,5,1,1,5,4,6,6,2,1,3,5,5,2,11,3,10,3,1,B03,7,11,1,8,2,2,,45,45,1,6,4,120.57395,24.184476,2
8665,66000,387130000C,(04)23274275,(04)23288582,2025,1,20,10,16,臺中市,潭子區,0,0,0,7,,,50,,,,,,,,,,,,,,,,,,,B03,,,1,,2,,,59,59,1,13,4,120.719861,24.22886,3
8666,66000,387130000C,(04)23274275,(04)23288582,2025,1,20,10,16,臺中市,南屯區,0,0,0,7,,,50,,,,,,,,,,,,,,,,,,,B02,,,1,,9,,,47,47,1,12,4,120.623146,24.150402,3
8667,66000,387130000C,(04)23274275,(04)23288582,2025,1,20,10,17,臺中市,大里區,0,0,0,7,,,50,,,,,,,,,,,,,,14,,,,,B03,,,1,,2,,,49,49,1,12,4,120.678863,24.111504,3
8668,66000,387130000C,(04)23274275,(04)23288582,2025,1,20,10,19,臺中市,北屯區,0,0,0,7,,,40,,,,,,,,,,,,,,13,,,,,C03,,,1,,1,,,59,59,1,6,4,120.693843,24.161976,4
8669,66000,387130000C,(04)23274275,(04)23288582,2025,1,20,10,20,臺中市,西區,0,0,0,7,,,50,,,,,,,,,,,,,,,,,,,C03,,,1,,9,,,84,84,1,13,4,120.661692,24.150559,3
8670,66000,387130000C,(04)23274275,(04)23288582,2025,1,20,10,22,臺中市,南屯區,0,0,0,7,,,50,,,,,,,,,,,,,,13,,,,,B03,,,1,,1,,,84,84,1,6,4,120.633923,24.148206,3
8671,66000,387130000C,(04)23274275,(04)23288582,2025,1,20,10,22,臺中市,太平區,0,0,0,7,2,6,40,,,,,,,,,,,,,,,,,,,B12,,,1,,2,2,,84,84,1,12,4,120.705776,24.148569,3
8672,66000,387130000C,(04)23274275,(04)23288582,2025,1,20,10,22,臺中市,豐原區,0,1,0,7,2,6,50,3,1,1,5,4,6,6,4,4,5,5,5,1,13,3,10,5,4,B03,7,6,1,8,2,1,,7,7,1,13,4,120.719867,24.253543,2
8673,66000,387130000C,(04)23274275,(04)23288582,2025,1,20,10,23,臺中市,西屯區,0,1,0,7,2,6,35,3,1,1,5,4,6,6,4,4,10,5,5,1,30,2,9,5,4,C03,7,6,1,10,2,14,,84,84,1,13,4,120.628504,24.172892,2
8674,66000,387130000C,(04)23274275,(04)23288582,2025,1,20,10,26,臺中市,北區,0,2,0,7,2,6,50,4,1,1,5,4,6,6,4,4,5,5,5,2,16,2,8,1,1,C03,7,6,1,10,2,15,,14,14,1,12,4,120.686869,24.162189,2
8675,66000,387130000C,(04)23274275,(04)23288582,2025,1,20,10,28,臺中市,潭子區,0,0,0,7,,,50,,,,,,,,,,,,,,,,,,,B03,,,1,,2,,,84,84,1,13,4,120.706035,24.200412,3
8676,66000,387130000C,(04)23274275,(04)23288582,2025,1,20,10,28,臺中市,南屯區,0,1,0,7,2,6,50,4,1,1,5,4,6,6,2,1,9,4,1,2,11,3,10,3,1,B03,7,8,1,8,2,1,,39,39,1,12,4,120.623241,24.137107,2
8677,66000,387130000C,(04)23274275,(04)23288582,2025,1,20,10,29,臺中市,北屯區,0,0,0,7,,,80,,,,,,,,,,,,,,,,,,,A11,,,1,,1,,,40,40,1,13,4,120.66593,24.20112,3
8678,66000,387130000C,(04)23274275,(04)23288582,2025,1,20,10,33,臺中市,東區,0,1,0,7,2,6,50,13,7,1,5,4,6,6,4,4,5,5,4,2,18,2,9,1,1,F01,7,9,7,21,2,14,,84,84,1,12,1,120.699247,24.14712,2
8679,66000,387130000C,(04)23274275,(04)23288582,2025,1,20,10,35,臺中市,南屯區,0,1,0,7,2,6,50,4,2,1,5,4,6,6,2,1,1,4,1,2,17,3,10,2,1,C03,7,9,1,10,2,14,,84,84,1,13,4,120.631509,24.125245,2
8680,66000,387130000C,(04)23274275,(04)23288582,2025,1,20,10,42,臺中市,西區,0,2,0,7,2,6,50,4,1,1,5,4,6,6,2,1,5,4,4,2,16,3,10,3,1,B03,7,5,1,8,2,5,,11,11,1,12,4,120.652997,24.146726,2
8681,66000,387130000C,(04)23274275,(04)23288582,2025,1,20,10,44,臺中市,神岡區,0,0,0,7,,,50,,,,,,,,,,,,,,11,,,,,B12,,,1,,1,,,8,8,1,12,4,120.681883,24.242507,3
8682,66000,387130000C,(04)23274275,(04)23288582,2025,1,20,10,50,臺中市,清水區,0,0,0,7,,,50,,,,,,,,,,,,,,,,,,,A41,,,1,,2,,,84,84,1,12,4,120.557967,24.274641,3
8683,66000,387130000C,(04)23274275,(04)23288582,2025,1,20,10,54,臺中市,西屯區,0,0,0,6,,,50,,,,,,,,,,,,,,13,,,,,B12,,,1,,2,,,7,7,1,13,4,120.654025,24.167966,3
8684,66000,387130000C,(04)23274275,(04)23288582,2025,1,20,10,55,臺中市,烏日區,0,0,0,7,,,50,,,,,,,,,,,,,,13,,,,,B02,,,1,,1,,,7,7,1,6,4,120.626041,24.105829,3
8685,66000,387130000C,(04)23274275,(04)23288582,2025,1,20,10,56,臺中市,南屯區,0,0,0,7,,,60,,,,,,,,,,,,,,12,,,,,B03,,,1,,1,,,84,84,1,6,4,120.646666,24.125687,3
8686,66000,387130000C,(04)23274275,(04)23288582,2025,1,20,10,57,臺中市,西屯區,0,0,0,7,,,50,,,,,,,,,,,,,,13,,,,,C03,,,1,,1,,,7,7,1,12,4,120.648911,24.161423,3
8687,66000,387130000C,(04)23274275,(04)23288582,2025,1,20,10,58,臺中市,北屯區,0,1,0,7,2,6,50,4,1,1,5,4,6,6,2,1,10,5,5,2,12,3,10,3,1,B12,7,5,1,8,2,5,,11,11,1,6,4,120.678506,24.201286,2
8688,66000,387130000C,(04)23274275,(04)23288582,2025,1,20,10,59,臺中市,沙鹿區,0,1,0,7,2,6,50,3,2,1,5,4,6,6,1,1,1,4,4,2,17,3,10,3,1,B03,7,7,1,8,2,7,,40,40,1,6,4,120.553024,24.217214,2
8689,66000,387130000C,(04)23274275,(04)23288582,2025,1,20,11,0,臺中市,西區,0,1,0,7,3,6,50,13,9,1,5,4,6,6,4,4,5,5,5,2,12,3,10,3,1,B03,7,9,1,8,2,2,,8,8,1,12,4,120.671917,24.140611,2
8690,66000,387130000C,(04)23274275,(04)23288582,2025,1,20,11,0,臺中市,豐原區,0,0,0,7,,,50,,,,,,,,,,,,,,17,,,,,,,,,,,,,119,119,1,,,120.719915,24.252733,3
8691,66000,387130000C,(04)23274275,(04)23288582,2025,1,20,11,5,臺中市,龍井區,0,0,0,7,,,50,,,,,,,,,,,,,,,,,,,B03,,,1,,2,,,84,84,1,12,4,120.562891,24.200061,3
8692,66000,387130000C,(04)23274275,(04)23288582,2025,1,20,11,6,臺中市,南屯區,0,0,0,7,,,50,,,,,,,,,,,,,,13,,,,,B03,,,1,,1,,,59,59,1,12,4,120.590341,24.165667,3
8693,66000,387130000C,(04)23274275,(04)23288582,2025,1,20,11,8,臺中市,東區,0,0,0,7,,,,,,,,,,,,,,,,,17,,,,,B03,,,,,,,,51,51,1,,,120.689186,24.142917,3
8694,66000,387130000C,(04)23274275,(04)23288582,2025,1,20,11,8,臺中市,南屯區,0,2,0,7,2,6,0,13,21,2,5,4,6,6,4,4,10,5,5,2,17,2,8,6,1,F01,7,3,7,21,2,14,,39,39,1,12,4,120.63996,24.151539,2
8695,66000,387130000C,(04)23274275,(04)23288582,2025,1,20,11,8,臺中市,龍井區,0,1,0,7,3,6,30,4,1,1,5,4,6,6,4,4,10,5,5,2,15,2,9,1,1,C03,7,9,5,19,2,14,,20,20,1,6,4,120.50654,24.198517,2
8696,66000,387130000C,(04)23274275,(04)23288582,2025,1,20,11,10,臺中市,太平區,0,1,0,7,3,6,50,13,9,1,5,4,6,6,4,4,5,5,5,2,16,3,10,3,1,B03,7,5,1,8,2,2,,84,84,1,6,4,120.708537,24.111532,2
8697,66000,387130000C,(04)23274275,(04)23288582,2025,1,20,11,11,臺中市,沙鹿區,0,2,0,7,2,6,50,4,1,1,5,4,6,6,4,4,5,4,4,2,17,2,9,1,1,C03,7,9,1,10,2,14,,84,84,1,13,4,120.558464,24.236745,2
8698,66000,387130000C,(04)23274275,(04)23288582,2025,1,20,11,12,臺中市,清水區,0,0,0,7,,,50,,,,,,,,,,,,,,,,,,,B03,,,1,,1,,,58,58,1,12,4,120.581002,24.301469,3
8699,66000,387130000C,(04)23274275,(04)23288582,2025,1,20,11,14,臺中市,西屯區,0,2,0,7,2,6,40,13,8,1,5,4,6,6,4,4,1,4,1,2,12,2,9,2,1,C03,7,4,1,10,2,15,,7,7,1,13,4,120.629579,24.205655,2
8700,66000,387130000C,(04)23274275,(04)23288582,2025,1,20,11,18,臺中市,沙鹿區,0,0,0,7,,,50,,,,,,,,,,,,,,14,,,,,B12,,,1,,2,,,49,49,1,6,4,120.574584,24.226698,3
8701,66000,387130000C,(04)23274275,(04)23288582,2025,1,20,11,18,臺中市,大甲區,0,1,0,7,3,6,50,13,9,1,5,4,6,6,4,4,9,5,5,2,17,3,10,5,4,B12,7,5,1,2,2,2,,20,20,1,6,4,120.612713,24.348136,2
8702,66000,387130000C,(04)23274275,(04)23288582,2025,1,20,11,19,臺中市,北屯區,0,0,0,7,,,50,,,,,,,,,,,,,,,,,,,A12,,,1,,1,,,49,49,1,12,4,120.688858,24.193214,3
8703,66000,387130000C,(04)23274275,(04)23288582,2025,1,20,11,20,臺中市,沙鹿區,0,0,0,7,,,60,,,,,,,,,,,,,,,,,,,B03,,,1,,2,,,48,48,1,6,4,120.597591,24.249998,3
8704,66000,387130000C,(04)23274275,(04)23288582,2025,1,20,11,20,臺中市,豐原區,0,0,0,7,,,60,,,,,,,,,,,,,,13,,,,,C03,,,1,,2,,,84,84,1,13,4,120.702957,24.250046,3