序號,縣市別代碼,機關代碼,市話,傳真,年,月,日,時,分,縣市,區,死亡數量,受傷數量,2-30,天候,道路照明設備,道路類別,道路速限,道路型態,事故位置,路面鋪裝,路面狀態,路面缺陷,障礙物,視距,號誌種類,號誌動作,分向設施,快車道或一般車道間,快慢車道間,路面邊線,事故類型及型態,受傷程度,主要傷處,保護裝備,行動電話或功能裝置,當事者區分(類別),車輛用途,當事者行動狀態,駕照狀態,駕照種類,飲酒情形,車輛撞擊部位最初,車輛撞擊部位其他,肇事因素個別,肇事因素主要,肇事逃逸,職業,共享經濟或外送平台,GPS座標X,GPS座標Y,事故類別
8705,66000,387130000C,(04)23274275,(04)23288582,2025,1,20,11,23,臺中市,沙鹿區,0,3,0,7,2,6,50,13,9,1,5,4,6,6,4,4,5,5,5,2,17,2,9,1,1,C03,7,9,1,10,2,12,,4,4,1,13,4,120.558279,24.233198,2
8706,66000,387130000C,(04)23274275,(04)23288582,2025,1,20,11,26,臺中市,北區,0,0,0,7,,,50,,,,,,,,,,,,,,17,,,,,C03,,,1,,2,,,84,84,1,13,4,120.684813,24.153935,3
8707,66000,387130000C,(04)23274275,(04)23288582,2025,1,20,11,29,臺中市,南區,0,0,0,7,,,50,,,,,,,,,,,,,,13,,,,,B11,,,1,,2,,,84,84,1,13,4,120.657425,24.113175,3
8708,66000,387130000C,(04)23274275,(04)23288582,2025,1,20,11,29,臺中市,大甲區,0,1,0,7,3,6,50,4,1,1,5,4,6,6,4,4,5,5,5,1,16,2,9,2,1,C03,7,1,1,10,2,12,,51,51,1,6,4,120.622907,24.345857,2
8709,66000,387130000C,(04)23274275,(04)23288582,2025,1,20,11,30,臺中市,潭子區,0,3,0,7,3,6,60,4,1,1,5,4,6,6,1,1,1,4,4,1,30,2,9,3,1,B03,7,9,5,19,7,1,2,53,53,1,13,4,120.702971,24.227041,2
8710,66000,387130000C,(04)23274275,(04)23288582,2025,1,20,11,37,臺中市,龍井區,0,1,0,7,2,6,50,4,1,1,5,4,6,6,4,4,5,5,5,2,15,2,8,2,1,C03,7,9,1,10,2,11,,12,12,1,6,4,120.59684,24.189257,2
8711,66000,387130000C,(04)23274275,(04)23288582,2025,1,20,11,40,臺中市,南屯區,0,1,0,7,2,6,50,13,9,1,5,4,6,6,4,4,1,4,4,2,17,3,10,2,1,C03,7,1,1,10,2,11,,51,51,1,6,4,120.644424,24.140386,2
8712,66000,387130000C,(04)23274275,(04)23288582,2025,1,20,11,41,臺中市,南區,0,1,0,7,1,6,50,4,1,1,5,4,6,6,1,1,9,1,4,2,12,2,9,1,1,C03,7,9,1,10,2,11,14,7,7,1,12,4,120.653659,24.113755,2
8713,66000,387130000C,(04)23274275,(04)23288582,2025,1,20,11,42,臺中市,西屯區,0,1,0,7,2,6,50,4,1,1,5,4,6,6,2,1,10,5,5,2,18,2,9,1,1,C03,7,11,1,10,2,14,,84,84,1,12,4,120.650871,24.166529,2
8714,66000,387130000C,(04)23274275,(04)23288582,2025,1,20,11,43,臺中市,大里區,0,0,0,7,2,6,50,4,1,1,5,4,6,6,1,1,5,2,5,1,15,,,,,B03,,,1,,2,,,84,84,1,13,4,120.68957,24.106299,3
8715,66000,387130000C,(04)23274275,(04)23288582,2025,1,20,11,45,臺中市,北區,0,1,0,7,2,6,50,4,1,1,5,4,6,6,1,1,10,5,5,2,16,3,10,1,1,C03,7,5,1,10,2,13,,11,11,1,13,4,120.684405,24.142269,2
8716,66000,387130000C,(04)23274275,(04)23288582,2025,1,20,11,45,臺中市,北區,0,1,0,7,2,6,50,13,9,1,5,4,6,6,4,4,2,4,5,2,17,2,9,5,1,C03,7,9,1,10,2,11,,7,7,1,13,4,120.684433,24.163224,2
8717,66000,387130000C,(04)23274275,(04)23288582,2025,1,20,11,46,臺中市,北區,0,0,0,7,,,50,,,,,,,,,,,,,,17,,,,,,,,,,,,,119,119,1,,,120.682162,24.159481,4
8718,66000,387130000C,(04)23274275,(04)23288582,2025,1,20,11,46,臺中市,太平區,0,1,0,7,2,6,50,13,7,1,5,4,6,6,4,4,5,4,4,2,17,3,10,3,1,B03,7,15,1,8,2,4,,76,76,1,13,4,120.719221,24.118035,2
8719,66000,387130000C,(04)23274275,(04)23288582,2025,1,20,11,48,臺中市,北屯區,0,0,0,7,,,50,,,,,,,,,,,,,,14,,,,,A41,,,1,,2,,,49,49,1,12,4,120.698429,24.18112,3
8720,66000,387130000C,(04)23274275,(04)23288582,2025,1,20,11,48,臺中市,梧棲區,0,0,0,7,,,50,,,,,,,,,,,,,,12,,,,,B03,,,1,,1,,,51,51,1,12,4,120.533163,24.264062,3
8721,66000,387130000C,(04)23274275,(04)23288582,2025,1,20,11,49,臺中市,西區,0,0,0,7,,,50,,,,,,,,,,,,,,,,,,,B03,,,1,,1,,,85,85,1,13,4,120.66994,24.138426,3
8722,66000,387130000C,(04)23274275,(04)23288582,2025,1,20,11,49,臺中市,豐原區,0,1,0,7,2,6,50,13,9,1,5,4,6,6,4,4,9,5,5,2,16,2,9,1,1,C03,7,6,1,10,2,14,,84,84,1,5,4,120.718667,24.261685,2
8723,66000,387130000C,(04)23274275,(04)23288582,2025,1,20,11,51,臺中市,北區,0,1,0,7,2,6,30,4,1,1,5,4,6,6,4,4,5,4,5,2,17,2,9,5,1,C03,7,9,1,10,2,14,,13,13,1,13,4,120.684383,24.153152,2
8724,66000,387130000C,(04)23274275,(04)23288582,2025,1,20,11,52,臺中市,南區,0,1,0,7,2,6,30,13,9,1,5,4,6,6,4,4,10,5,5,2,6,2,9,6,5,H01,8,18,7,21,10,17,,99,99,1,1,5,120.655617,24.133511,2
8725,66000,387130000C,(04)23274275,(04)23288582,2025,1,20,11,54,臺中市,北屯區,0,1,0,7,3,6,50,5,2,1,5,4,6,6,2,1,1,2,4,2,12,3,10,2,1,C03,7,8,1,10,2,14,,40,40,1,6,4,120.697571,24.169885,2
8726,66000,387130000C,(04)23274275,(04)23288582,2025,1,20,11,56,臺中市,西屯區,0,0,0,7,,,30,,,,,,,,,,,,,,,,,,,B03,,,1,,1,,,8,8,1,12,4,120.625427,24.200574,3
8727,66000,387130000C,(04)23274275,(04)23288582,2025,1,20,12,0,臺中市,西屯區,0,0,0,7,,,30,,,,,,,,,,,,,,,,,,,B03,,,1,,1,,,84,84,1,12,4,120.635806,24.17043,3
8728,66000,387130000C,(04)23274275,(04)23288582,2025,1,20,12,2,臺中市,北屯區,0,2,0,7,1,6,50,4,1,1,5,4,6,6,2,1,10,5,5,2,16,2,9,1,1,C03,7,6,1,10,2,11,,11,11,1,6,4,120.696751,24.173273,2
8729,66000,387130000C,(04)23274275,(04)23288582,2025,1,20,12,4,臺中市,南屯區,0,0,0,7,,,50,,,,,,,,,,,,,,,,,,,B02,,,1,,1,,,84,84,1,12,4,120.649766,24.135267,3
8730,66000,387130000C,(04)23274275,(04)23288582,2025,1,20,12,5,臺中市,西屯區,0,1,0,7,2,6,40,13,8,1,5,4,6,6,4,4,5,4,4,2,12,3,10,5,4,B03,7,1,1,8,1,7,,85,85,1,13,4,120.635554,24.168249,2
8731,66000,387130000C,(04)23274275,(04)23288582,2025,1,20,12,8,臺中市,后里區,0,1,0,7,2,6,60,4,2,1,5,4,6,6,1,1,9,4,5,1,17,3,10,3,1,B03,7,11,1,8,2,16,,45,45,1,12,4,120.732219,24.341685,2
8732,66000,387130000C,(04)23274275,(04)23288582,2025,1,20,12,10,臺中市,后里區,0,0,0,7,,,30,,,,,,,,,,,,,,14,,,,,B02,,,1,,1,,,49,49,1,6,4,120.705234,24.30106,3
8733,66000,387130000C,(04)23274275,(04)23288582,2025,1,20,12,10,臺中市,豐原區,0,0,0,7,,,30,,,,,,,,,,,,,,11,,,,,C03,,,1,,2,,,41,41,1,12,4,120.722171,24.252295,4
8734,66000,387130000C,(04)23274275,(04)23288582,2025,1,20,12,16,臺中市,北屯區,0,1,0,7,1,6,50,4,2,1,5,4,6,6,4,4,5,4,5,2,15,3,10,3,1,B03,7,9,1,8,2,2,,12,12,1,13,4,120.679428,24.181803,2
8735,66000,387130000C,(04)23274275,(04)23288582,2025,1,20,12,18,臺中市,南屯區,0,0,0,7,,,60,,,,,,,,,,,,,,13,,,,,B12,,,1,,2,,,7,7,1,6,4,120.653002,24.136759,3
8736,66000,387130000C,(04)23274275,(04)23288582,2025,1,20,12,18,臺中市,南屯區,0,2,0,7,2,6,40,13,7,1,5,4,6,6,4,4,5,5,5,2,16,2,9,2,1,C03,7,1,1,10,2,14,,51,51,1,13,4,120.65492,24.142153,2
8737,66000,387130000C,(04)23274275,(04)23288582,2025,1,20,12,18,臺中市,南屯區,0,1,0,7,1,6,50,3,1,1,5,4,6,6,1,1,10,5,5,2,17,3,10,3,1,B03,7,6,1,8,2,1,,13,13,1,12,4,120.649761,24.154586,2
8738,66000,387130000C,(04)23274275,(04)23288582,2025,1,20,12,18,臺中市,烏日區,0,0,0,7,,,50,,,,,,,,,,,,,,,,,,,C03,,,1,,1,,,7,7,1,6,4,120.632742,24.110091,3
8739,66000,387130000C,(04)23274275,(04)23288582,2025,1,20,12,20,臺中市,南屯區,0,0,0,7,3,6,40,13,8,1,5,4,6,6,4,4,3,4,4,2,14,,,,,B03,,,1,,2,,,50,50,1,12,4,120.636905,24.152518,3
8740,66000,387130000C,(04)23274275,(04)23288582,2025,1,20,12,22,臺中市,南區,0,0,0,7,,,50,,,,,,,,,,,,,,13,,,,,B03,,,1,,1,,,7,7,1,12,4,120.650344,24.120799,3
8741,66000,387130000C,(04)23274275,(04)23288582,2025,1,20,12,22,臺中市,南屯區,0,0,0,7,,,40,,,,,,,,,,,,,,12,,,,,B03,,,1,,2,,,50,50,1,12,4,120.610941,24.145146,3
8742,66000,387130000C,(04)23274275,(04)23288582,2025,1,20,12,22,臺中市,北屯區,0,0,0,7,,,50,,,,,,,,,,,,,,14,,,,,B12,,,5,,1,,,49,49,1,6,4,120.686919,24.194134,3
8743,66000,387130000C,(04)23274275,(04)23288582,2025,1,20,12,32,臺中市,南區,0,0,0,7,,,40,,,,,,,,,,,,,,17,,,,,B03,,,1,,2,,,50,50,1,12,4,120.680549,24.128767,3
8744,66000,387130000C,(04)23274275,(04)23288582,2025,1,20,12,36,臺中市,南區,0,3,0,7,2,6,50,4,2,1,5,4,6,6,2,1,1,4,5,2,13,2,9,2,2,C03,7,9,1,10,2,11,,7,7,1,13,4,120.670095,24.119043,2
8745,66000,387130000C,(04)23274275,(04)23288582,2025,1,20,12,36,臺中市,南屯區,0,1,0,7,2,6,50,4,1,1,5,4,6,6,1,1,10,5,5,2,14,3,10,3,1,B02,7,2,1,8,2,3,,49,49,1,12,4,120.635711,24.143383,2
8746,66000,387130000C,(04)23274275,(04)23288582,2025,1,20,12,40,臺中市,北屯區,0,2,0,7,3,6,50,4,2,1,5,4,6,6,2,1,1,2,4,2,13,2,8,3,1,A11,7,9,1,3,1,1,,84,84,1,6,4,120.668813,24.178432,2
8747,66000,387130000C,(04)23274275,(04)23288582,2025,1,20,12,45,臺中市,大里區,0,1,0,7,2,6,50,5,1,1,5,4,6,6,4,4,10,5,5,2,17,2,9,1,1,C03,7,6,1,10,2,12,,20,20,1,12,4,120.675712,24.097855,2
8748,66000,387130000C,(04)23274275,(04)23288582,2025,1,20,12,46,臺中市,北區,0,1,0,7,2,6,30,4,1,1,5,4,6,6,4,4,10,5,5,2,15,2,9,1,1,C03,7,9,1,10,2,12,,15,15,1,12,4,120.668325,24.165612,2
8749,66000,387130000C,(04)23274275,(04)23288582,2025,1,20,12,48,臺中市,北屯區,0,0,0,7,,,50,,,,,,,,,,,,,,17,,,,,B03,,,1,,2,,,34,34,1,12,4,120.658692,24.190062,3
8750,66000,387130000C,(04)23274275,(04)23288582,2025,1,20,12,50,臺中市,太平區,0,1,0,7,2,6,50,3,2,1,5,4,6,6,4,4,5,2,4,1,16,4,11,1,1,F03,7,11,7,21,11,12,,39,39,2,12,4,120.726529,24.149847,2
8751,66000,387130000C,(04)23274275,(04)23288582,2025,1,20,12,51,臺中市,南區,0,1,0,7,2,6,50,13,7,1,5,4,6,6,4,4,5,4,4,2,13,2,9,2,1,C03,7,9,1,10,2,11,14,84,84,1,12,4,120.66622,24.116827,2
8752,66000,387130000C,(04)23274275,(04)23288582,2025,1,20,12,51,臺中市,西屯區,0,0,0,7,,,30,,,,,,,,,,,,,,17,,,,,B01,,,1,,1,,,59,59,1,12,4,120.64042,24.172878,3
8753,66000,387130000C,(04)23274275,(04)23288582,2025,1,20,12,53,臺中市,西屯區,0,1,0,7,2,6,30,4,1,1,5,4,6,6,4,4,9,5,5,2,15,2,8,2,1,C03,7,9,1,10,2,14,,12,12,1,13,4,120.644934,24.175421,2
8754,66000,387130000C,(04)23274275,(04)23288582,2025,1,20,12,54,臺中市,西區,0,0,0,7,,,50,,,,,,,,,,,,,,,,,,,B03,,,1,,1,,,51,51,1,12,4,120.660923,24.160271,3
8755,66000,387130000C,(04)23274275,(04)23288582,2025,1,20,12,55,臺中市,沙鹿區,0,0,0,7,,,60,,,,,,,,,,,,,,12,,,,,B03,,,1,,1,,,40,40,1,6,4,120.596652,24.249771,3
8756,66000,387130000C,(04)23274275,(04)23288582,2025,1,20,12,58,臺中市,南屯區,0,0,0,7,,,60,,,,,,,,,,,,,,14,,,,,B12,,,1,,1,,,49,49,1,8,4,120.643276,24.138452,3
8757,66000,387130000C,(04)23274275,(04)23288582,2025,1,20,13,1,臺中市,北區,0,2,0,7,2,6,50,3,1,1,5,4,6,6,1,1,10,5,5,2,16,2,9,5,4,C03,7,6,1,10,2,14,,48,48,1,13,4,120.680394,24.164959,2
8758,66000,387130000C,(04)23274275,(04)23288582,2025,1,20,13,8,臺中市,大里區,0,3,0,7,2,6,50,13,7,1,5,4,6,6,4,4,1,4,4,1,12,2,9,1,1,C03,7,9,1,10,2,11,,84,84,1,12,4,120.686599,24.102905,2
8759,66000,387130000C,(04)23274275,(04)23288582,2025,1,20,13,9,臺中市,北區,0,1,0,7,2,6,50,13,9,1,5,4,6,6,4,4,5,5,5,2,17,3,10,5,1,C03,7,9,1,10,2,11,,7,7,1,13,4,120.677767,24.160354,2
8760,66000,387130000C,(04)23274275,(04)23288582,2025,1,20,13,11,臺中市,沙鹿區,0,1,0,7,3,6,40,11,9,1,5,4,6,6,4,4,5,4,4,2,17,2,9,2,1,C03,7,9,1,10,2,11,12,59,59,1,13,4,120.57013,24.255369,2
8761,66000,387130000C,(04)23274275,(04)23288582,2025,1,20,13,17,臺中市,大里區,0,1,0,7,2,6,50,13,8,1,5,4,6,6,4,4,1,4,4,1,17,3,10,5,4,B01,7,5,1,4,2,6,,84,84,1,13,4,120.696362,24.087215,2
8762,66000,387130000C,(04)23274275,(04)23288582,2025,1,20,13,18,臺中市,沙鹿區,0,0,0,7,,,50,,,,,,,,,,,,,,,,,,,B03,,,1,,2,,,7,7,1,13,4,120.569061,24.238739,3
8763,66000,387130000C,(04)23274275,(04)23288582,2025,1,20,13,20,臺中市,南屯區,0,0,0,7,,,50,,,,,,,,,,,,,,13,,,,,B12,,,1,,1,,,7,7,1,6,4,120.640963,24.141415,3
8764,66000,387130000C,(04)23274275,(04)23288582,2025,1,20,13,23,臺中市,南屯區,0,0,0,7,,,50,,,,,,,,,,,,,,13,,,,,B03,,,1,,1,,,7,7,1,12,4,120.616969,24.153452,3
8765,66000,387130000C,(04)23274275,(04)23288582,2025,1,20,13,25,臺中市,北屯區,0,1,0,7,1,6,50,4,2,1,5,4,6,6,1,1,5,4,5,2,11,3,10,3,1,B12,7,6,1,8,2,2,,11,11,1,13,4,120.703886,24.159574,2
8766,66000,387130000C,(04)23274275,(04)23288582,2025,1,20,13,25,臺中市,太平區,0,1,0,7,3,6,50,4,19,1,5,4,6,6,3,1,10,5,5,2,3,3,10,3,1,B03,7,9,1,8,2,1,,84,84,1,10,4,120.727626,24.150011,2
8767,66000,387130000C,(04)23274275,(04)23288582,2025,1,20,13,30,臺中市,烏日區,0,0,0,7,2,7,30,13,14,1,5,4,3,3,4,4,10,5,5,1,12,3,10,5,1,G02,7,9,6,8,2,5,,8,8,1,7,4,120.65119,24.063401,3
8768,66000,387130000C,(04)23274275,(04)23288582,2025,1,20,13,31,臺中市,東區,0,1,0,7,3,6,50,3,1,1,5,4,6,6,4,4,10,5,5,2,16,3,10,5,4,B03,7,6,1,8,2,8,,12,12,1,12,4,120.692432,24.140709,2
8769,66000,387130000C,(04)23274275,(04)23288582,2025,1,20,13,35,臺中市,北區,0,2,0,7,2,6,50,4,1,1,5,4,6,6,1,1,5,5,5,2,16,2,1,5,4,B03,7,6,1,8,2,8,,11,11,1,12,4,120.670507,24.160431,2
8770,66000,387130000C,(04)23274275,(04)23288582,2025,1,20,13,36,臺中市,太平區,0,0,0,7,,,50,,,,,,,,,,,,,,17,,,,,C03,,,1,,2,,,84,84,1,13,4,120.714948,24.11782,3
8771,66000,387130000C,(04)23274275,(04)23288582,2025,1,20,13,39,臺中市,西屯區,0,0,0,7,,,50,,,,,,,,,,,,,,14,,,,,B03,,,1,,1,,,49,49,1,12,4,120.646915,24.158372,3
8772,66000,387130000C,(04)23274275,(04)23288582,2025,1,20,13,41,臺中市,南屯區,0,0,0,7,3,6,50,13,9,1,5,4,6,6,1,1,1,4,1,2,12,,,,,B03,,,1,,1,,,40,40,1,12,4,120.623306,24.149654,3
8773,66000,387130000C,(04)23274275,(04)23288582,2025,1,20,13,42,臺中市,潭子區,0,0,0,7,,,30,,,,,,,,,,,,,,,,,,,B03,,,1,,2,,,8,8,1,13,4,120.700571,24.189258,3
8774,66000,387130000C,(04)23274275,(04)23288582,2025,1,20,13,44,臺中市,南屯區,0,2,0,7,2,6,50,4,8,1,5,4,6,6,1,1,8,3,4,1,17,2,5,1,1,C03,7,6,1,10,2,12,,39,39,1,12,4,120.636217,24.148684,2
8775,66000,387130000C,(04)23274275,(04)23288582,2025,1,20,13,44,臺中市,龍井區,0,0,0,7,,,50,,,,,,,,,,,,,,17,,,,,B03,,,1,,1,,,50,50,1,6,4,120.546945,24.196667,3
8776,66000,387130000C,(04)23274275,(04)23288582,2025,1,20,13,45,臺中市,大甲區,0,0,0,7,,,50,,,,,,,,,,,,,,,,,,,B03,,,1,,1,,,7,7,1,6,4,120.627454,24.350497,3
8777,66000,387130000C,(04)23274275,(04)23288582,2025,1,20,13,48,臺中市,霧峰區,0,1,0,7,3,6,50,4,1,1,5,4,6,6,1,1,10,5,5,2,16,2,9,1,1,C03,7,6,3,19,2,14,,48,48,1,6,4,120.696571,24.054824,2
8778,66000,387130000C,(04)23274275,(04)23288582,2025,1,20,13,53,臺中市,太平區,0,3,0,7,2,6,30,3,9,1,5,4,6,6,4,4,10,5,5,2,11,2,8,1,1,C03,7,9,1,10,2,14,,8,8,1,12,4,120.726593,24.149606,2
8779,66000,387130000C,(04)23274275,(04)23288582,2025,1,20,13,57,臺中市,外埔區,0,0,0,7,,,60,,,,,,,,,,,,,,,,,,,A42,,,1,,2,,,8,8,1,12,4,120.648266,24.325537,3
8780,66000,387130000C,(04)23274275,(04)23288582,2025,1,20,13,58,臺中市,西屯區,0,0,0,7,,,40,,,,,,,,,,,,,,17,,,,,B03,,,1,,1,,,76,76,1,13,4,120.637443,24.175326,3
8781,66000,387130000C,(04)23274275,(04)23288582,2025,1,20,14,0,臺中市,西屯區,0,0,0,7,,,30,,,,,,,,,,,,,,14,,,,,B12,,,1,,1,,,49,49,1,12,4,120.604171,24.156046,3
8782,66000,387130000C,(04)23274275,(04)23288582,2025,1,20,14,1,臺中市,北屯區,0,1,0,7,2,6,50,13,7,1,5,4,6,6,4,4,5,4,4,2,12,3,10,3,1,B03,7,4,1,8,2,2,,85,85,1,6,4,120.690504,24.165119,2
8783,66000,387130000C,(04)23274275,(04)23288582,2025,1,20,14,4,臺中市,西屯區,0,0,0,7,,,40,,,,,,,,,,,,,,14,,,,,B12,,,1,,1,,,49,49,1,13,4,120.641367,24.16821,3
8784,66000,387130000C,(04)23274275,(04)23288582,2025,1,20,14,6,臺中市,大里區,0,2,0,7,2,6,50,4,4,1,5,4,6,6,1,1,1,2,5,1,12,2,9,1,1,C03,7,9,1,10,2,11,,7,7,1,12,4,120.681244,24.105715,2
8785,66000,387130000C,(04)23274275,(04)23288582,2025,1,20,14,6,臺中市,神岡區,0,0,0,7,,,50,,,,,,,,,,,,,,13,,,,,B03,,,1,,2,,,59,59,1,13,4,120.696181,24.251556,3
8786,66000,387130000C,(04)23274275,(04)23288582,2025,1,20,14,9,臺中市,北屯區,0,2,0,7,3,6,50,13,9,1,5,4,6,6,4,4,5,4,5,2,12,2,8,2,1,C03,7,15,1,10,2,14,,43,43,1,12,4,120.719205,24.174477,2
8787,66000,387130000C,(04)23274275,(04)23288582,2025,1,20,14,9,臺中市,北屯區,0,0,0,7,,,50,,,,,,,,,,,,,,17,,,,,B02,,,1,,2,,,11,11,1,12,4,120.682414,24.188273,3
8788,66000,387130000C,(04)23274275,(04)23288582,2025,1,20,14,9,臺中市,西屯區,0,1,0,7,2,6,50,5,1,1,5,4,6,6,1,1,10,5,5,2,13,3,10,5,4,C03,7,7,1,10,2,11,,35,35,1,12,4,120.637465,24.179054,2
8789,66000,387130000C,(04)23274275,(04)23288582,2025,1,20,14,10,臺中市,北區,0,1,0,7,2,6,40,13,7,1,5,4,6,6,4,4,5,4,4,2,17,2,9,5,1,C03,7,8,1,10,2,14,,40,40,1,13,4,120.682219,24.15287,2
8790,66000,387130000C,(04)23274275,(04)23288582,2025,1,20,14,10,臺中市,大里區,0,0,0,7,2,6,60,3,2,1,5,4,6,6,4,4,1,4,4,1,13,,,,,B03,,,1,,2,,,84,84,1,13,4,120.689045,24.101644,3
8791,66000,387130000C,(04)23274275,(04)23288582,2025,1,20,14,10,臺中市,烏日區,0,1,0,7,2,6,30,13,9,1,5,4,6,6,4,4,10,5,5,2,13,2,1,1,1,C03,7,9,1,10,2,11,,84,84,1,6,4,120.624929,24.102946,2
8792,66000,387130000C,(04)23274275,(04)23288582,2025,1,20,14,14,臺中市,西區,0,0,0,7,,,30,,,,,,,,,,,,,,17,,,,,B03,,,1,,1,,,51,51,1,12,4,120.662051,24.157626,3
8793,66000,387130000C,(04)23274275,(04)23288582,2025,1,20,14,17,臺中市,南屯區,0,3,0,7,3,6,50,13,9,1,5,4,6,6,4,4,5,5,4,2,12,2,9,1,1,C03,7,9,1,10,2,11,,7,7,1,12,4,120.648305,24.132052,2
8794,66000,387130000C,(04)23274275,(04)23288582,2025,1,20,14,20,臺中市,西區,0,1,0,7,3,6,40,13,8,1,5,4,6,6,4,4,5,4,4,2,13,2,9,1,1,C03,7,9,1,10,2,11,,7,7,1,12,4,120.669491,24.138716,2
8795,66000,387130000C,(04)23274275,(04)23288582,2025,1,20,14,21,臺中市,潭子區,0,1,0,7,2,6,30,3,1,1,5,4,6,6,1,1,10,5,5,2,16,3,10,3,1,B03,7,6,1,8,2,1,,11,11,1,12,4,120.714536,24.217918,2
8796,66000,387130000C,(04)23274275,(04)23288582,2025,1,20,14,21,臺中市,西屯區,0,0,0,7,2,6,30,13,9,1,5,4,6,6,4,4,10,5,5,2,27,,,,,B02,,,1,,2,,,8,8,1,13,4,120.646756,24.200058,3
8797,66000,387130000C,(04)23274275,(04)23288582,2025,1,20,14,37,臺中市,西屯區,0,0,0,7,,,50,,,,,,,,,,,,,,13,,,,,B01,,,1,,1,,,56,56,1,12,4,120.611757,24.182204,3
8798,66000,387130000C,(04)23274275,(04)23288582,2025,1,20,14,38,臺中市,西屯區,0,0,0,7,,,60,,,,,,,,,,,,,,,,,,,B03,,,1,,1,,,88,88,1,11,4,120.649722,24.162668,3
8799,66000,387130000C,(04)23274275,(04)23288582,2025,1,20,14,39,臺中市,大甲區,0,0,0,7,,,50,,,,,,,,,,,,,,,,,,,B03,,,1,,1,,,78,78,1,6,4,120.616652,24.349342,3
8800,66000,387130000C,(04)23274275,(04)23288582,2025,1,20,14,43,臺中市,西區,0,1,0,7,3,6,50,13,9,1,5,4,6,6,4,4,9,5,5,2,17,3,10,3,1,B02,7,1,1,8,2,8,,51,51,1,13,4,120.666575,24.145256,2
8801,66000,387130000C,(04)23274275,(04)23288582,2025,1,20,14,43,臺中市,北區,0,0,0,7,,,50,,,,,,,,,,,,,,,,,,,B03,,,1,,2,,,87,87,1,13,4,120.673008,24.16827,3
8802,66000,387130000C,(04)23274275,(04)23288582,2025,1,20,14,47,臺中市,北區,0,0,0,7,,,40,,,,,,,,,,,,,,,,,,,C03,,,1,,2,,,84,84,1,12,4,120.675842,24.171399,3
8803,66000,387130000C,(04)23274275,(04)23288582,2025,1,20,14,48,臺中市,西區,0,1,0,7,3,6,50,4,1,1,5,4,6,6,2,1,10,5,5,2,13,3,10,1,1,C03,7,9,1,10,2,14,,7,7,1,13,4,120.660951,24.159175,2
8804,66000,387130000C,(04)23274275,(04)23288582,2025,1,20,14,49,臺中市,北屯區,0,1,0,7,2,6,50,3,1,1,5,4,6,6,3,1,10,5,5,2,16,2,9,1,1,C03,7,5,3,19,2,11,,24,24,1,12,4,120.688325,24.183638,2
8805,66000,387130000C,(04)23274275,(04)23288582,2025,1,20,14,49,臺中市,北屯區,0,0,0,7,,,50,,,,,,,,,,,,,,,,,,,B03,,,1,,2,,,56,56,1,13,4,120.676499,24.184845,3
8806,66000,387130000C,(04)23274275,(04)23288582,2025,1,20,14,50,臺中市,北屯區,0,1,0,7,2,6,50,3,5,1,5,4,6,6,4,4,10,5,5,2,12,3,10,3,1,B12,7,11,1,8,2,8,,45,45,1,6,4,120.690567,24.178235,2
8807,66000,387130000C,(04)23274275,(04)23288582,2025,1,20,14,50,臺中市,大里區,0,0,0,7,,,40,,,,,,,,,,,,,,,,,,,C03,,,1,,1,,,7,7,1,12,4,120.68055,24.109494,3
8808,66000,387130000C,(04)23274275,(04)23288582,2025,1,20,14,53,臺中市,太平區,0,1,0,7,3,6,30,3,1,1,5,4,6,6,4,4,10,5,5,2,16,3,10,1,1,C03,7,6,1,10,2,11,,14,14,1,6,4,120.703789,24.146851,2
8809,66000,387130000C,(04)23274275,(04)23288582,2025,1,20,14,56,臺中市,西屯區,0,1,0,7,2,6,50,3,1,1,5,4,6,6,4,4,5,4,5,2,14,3,10,3,1,B03,7,2,1,8,2,3,,49,49,1,12,4,120.656212,24.1598,2
8810,66000,387130000C,(04)23274275,(04)23288582,2025,1,20,14,59,臺中市,東區,0,0,0,7,,,50,,,,,,,,,,,,,,17,,,,,B11,,,1,,1,,,45,45,1,13,4,120.691203,24.134727,3
8811,66000,387130000C,(04)23274275,(04)23288582,2025,1,20,15,0,臺中市,太平區,0,1,0,7,3,6,30,18,24,1,5,4,6,6,4,4,10,5,5,2,30,2,9,1,1,C03,7,6,1,10,2,13,,84,84,1,12,4,120.725598,24.146776,2
8812,66000,387130000C,(04)23274275,(04)23288582,2025,1,20,15,6,臺中市,西屯區,0,0,0,7,,,40,,,,,,,,,,,,,,12,,,,,C03,,,1,,1,,,8,8,1,12,4,120.646133,24.164291,3
8813,66000,387130000C,(04)23274275,(04)23288582,2025,1,20,15,11,臺中市,西區,0,0,0,7,,,50,,,,,,,,,,,,,,17,,,,,B03,,,1,,2,,,84,84,1,12,4,120.661549,24.158671,3
8814,66000,387130000C,(04)23274275,(04)23288582,2025,1,20,15,11,臺中市,北屯區,0,1,0,7,2,6,50,13,9,1,5,4,6,6,4,4,8,3,5,2,12,3,10,3,1,B02,7,8,1,8,2,7,,40,40,1,13,4,120.679557,24.170327,2
8815,66000,387130000C,(04)23274275,(04)23288582,2025,1,20,15,12,臺中市,大里區,0,1,0,7,2,6,50,5,2,1,5,4,6,6,1,1,10,4,5,2,12,2,9,2,1,C03,7,6,1,10,2,14,,48,48,1,12,4,120.674939,24.103561,2