序號,縣市別代碼,機關代碼,市話,傳真,年,月,日,時,分,縣市,區,死亡數量,受傷數量,2-30,天候,道路照明設備,道路類別,道路速限,道路型態,事故位置,路面鋪裝,路面狀態,路面缺陷,障礙物,視距,號誌種類,號誌動作,分向設施,快車道或一般車道間,快慢車道間,路面邊線,事故類型及型態,受傷程度,主要傷處,保護裝備,行動電話或功能裝置,當事者區分(類別),車輛用途,當事者行動狀態,駕照狀態,駕照種類,飲酒情形,車輛撞擊部位最初,車輛撞擊部位其他,肇事因素個別,肇事因素主要,肇事逃逸,職業,共享經濟或外送平台,GPS座標X,GPS座標Y,事故類別
9151,66000,387130000C,(04)23274275,(04)23288582,2025,1,21,10,11,臺中市,烏日區,0,0,0,7,2,6,60,13,7,1,5,4,6,6,4,4,1,4,5,1,12,3,10,3,1,B03,7,8,1,8,2,4,,40,40,1,6,4,120.647017,24.072029,3
9152,66000,387130000C,(04)23274275,(04)23288582,2025,1,21,10,13,臺中市,神岡區,0,0,0,7,1,6,50,3,1,1,5,4,6,6,1,1,10,5,5,2,12,,,,,A12,,,1,,2,,,8,8,1,12,4,120.695515,24.236436,3
9153,66000,387130000C,(04)23274275,(04)23288582,2025,1,21,10,17,臺中市,南屯區,0,1,0,7,2,6,50,4,1,1,5,4,6,6,1,1,5,4,4,2,16,3,10,3,1,B03,7,6,1,8,2,4,,11,11,1,12,4,120.635614,24.144891,2
9154,66000,387130000C,(04)23274275,(04)23288582,2025,1,21,10,17,臺中市,龍井區,0,1,0,7,3,6,50,13,14,1,5,4,6,6,4,4,10,5,5,1,18,2,9,1,1,C03,7,9,1,10,2,11,,1,1,1,6,4,120.542454,24.189133,2
9155,66000,387130000C,(04)23274275,(04)23288582,2025,1,21,10,19,臺中市,大里區,0,1,0,7,2,6,50,3,1,1,5,4,6,6,4,4,5,5,5,1,30,2,9,2,1,F03,7,6,7,21,2,14,,75,75,1,13,4,120.719712,24.098403,2
9156,66000,387130000C,(04)23274275,(04)23288582,2025,1,21,10,20,臺中市,后里區,0,0,0,7,3,,40,18,23,4,5,4,6,6,4,4,10,5,5,1,14,3,10,3,1,B03,7,2,1,8,2,6,,49,49,1,12,4,120.706896,24.305262,3
9157,66000,387130000C,(04)23274275,(04)23288582,2025,1,21,10,21,臺中市,西屯區,0,0,0,7,,,30,,,,,,,,,,,,,,16,,,,,B03,,,1,,1,,,14,14,1,12,4,120.624612,24.179231,3
9158,66000,387130000C,(04)23274275,(04)23288582,2025,1,21,10,23,臺中市,南屯區,0,1,0,7,2,6,50,4,1,1,5,4,6,6,2,1,4,5,5,2,16,3,10,3,1,B03,7,6,1,8,2,6,,11,11,1,6,4,120.649825,24.149932,2
9159,66000,387130000C,(04)23274275,(04)23288582,2025,1,21,10,24,臺中市,北屯區,0,1,0,7,2,6,50,4,1,1,5,4,6,6,4,4,10,5,5,2,16,2,9,1,1,C03,7,9,1,10,2,12,,20,20,1,6,4,120.711637,24.16953,2
9160,66000,387130000C,(04)23274275,(04)23288582,2025,1,21,10,25,臺中市,大甲區,0,1,0,7,2,6,50,13,9,1,5,4,6,6,4,4,9,5,5,1,17,2,9,1,1,F01,7,9,7,21,2,11,,84,84,1,12,4,120.630279,24.355584,2
9161,66000,387130000C,(04)23274275,(04)23288582,2025,1,21,10,28,臺中市,沙鹿區,0,1,0,7,2,6,30,11,9,1,5,4,6,6,4,4,10,5,5,2,30,,,,,,,,,,,,,118,118,1,,,120.566966,24.204957,2
9162,66000,387130000C,(04)23274275,(04)23288582,2025,1,21,10,28,臺中市,沙鹿區,0,1,0,7,3,6,30,13,9,1,5,4,6,1,4,4,10,5,5,1,11,2,9,2,1,C03,7,9,1,10,2,14,,41,41,1,6,2,120.566056,24.246406,2
9163,66000,387130000C,(04)23274275,(04)23288582,2025,1,21,10,34,臺中市,西區,0,0,0,7,,,50,,,,,,,,,,,,,,,,,,,B03,,,1,,9,,,49,49,1,13,4,120.665819,24.139342,3
9164,66000,387130000C,(04)23274275,(04)23288582,2025,1,21,10,34,臺中市,龍井區,0,2,0,7,3,6,50,4,1,1,5,4,6,6,4,4,10,5,5,2,16,2,9,1,1,C03,7,6,1,10,2,14,,14,14,1,6,4,120.548337,24.193549,2
9165,66000,387130000C,(04)23274275,(04)23288582,2025,1,21,10,35,臺中市,烏日區,0,0,0,7,,,50,,,,,,,,,,,,,,17,,,,,C04,,,1,,2,,,84,84,1,6,4,120.639597,24.105128,3
9166,66000,387130000C,(04)23274275,(04)23288582,2025,1,21,10,36,臺中市,霧峰區,0,0,0,7,3,3,40,13,17,1,5,4,6,6,4,4,10,3,5,1,13,3,10,3,1,B03,7,9,1,8,1,1,,7,7,1,6,4,120.663323,24.073953,3
9167,66000,387130000C,(04)23274275,(04)23288582,2025,1,21,10,38,臺中市,烏日區,0,0,0,7,2,6,40,13,9,1,5,4,6,6,4,4,10,5,5,2,11,3,10,3,1,B12,7,9,1,5,2,4,,8,8,1,6,4,120.638864,24.032852,3
9168,66000,387130000C,(04)23274275,(04)23288582,2025,1,21,10,41,臺中市,西屯區,0,0,0,7,,,60,,,,,,,,,,,,,,,,,,,C03,,,1,,1,,,7,7,1,12,4,120.603872,24.186067,3
9169,66000,387130000C,(04)23274275,(04)23288582,2025,1,21,10,43,臺中市,南屯區,0,0,0,7,,,50,,,,,,,,,,,,,,12,,,,,B12,,,1,,1,,,8,8,1,12,4,120.6129,24.153922,3
9170,66000,387130000C,(04)23274275,(04)23288582,2025,1,21,10,43,臺中市,大甲區,0,2,0,7,3,6,50,4,1,1,5,4,6,6,1,1,5,5,5,1,16,2,9,2,1,C03,7,9,1,10,2,11,,21,21,1,6,4,120.625819,24.349827,2
9171,66000,387130000C,(04)23274275,(04)23288582,2025,1,21,10,43,臺中市,豐原區,0,2,0,7,2,6,50,3,1,1,5,4,6,6,4,4,10,5,5,2,16,2,9,1,1,C03,7,6,1,10,2,14,,38,38,1,12,4,120.720642,24.250079,2
9172,66000,387130000C,(04)23274275,(04)23288582,2025,1,21,10,44,臺中市,西區,0,1,0,7,3,6,50,3,1,1,5,4,6,6,4,4,10,5,5,2,17,3,10,3,1,B03,7,6,1,8,2,5,,14,14,1,13,4,120.662078,24.154837,2
9173,66000,387130000C,(04)23274275,(04)23288582,2025,1,21,10,46,臺中市,大雅區,0,0,0,7,,,60,,,,,,,,,,,,,,13,,,,,B03,,,1,,2,,,84,84,1,12,4,120.649454,24.213627,3
9174,66000,387130000C,(04)23274275,(04)23288582,2025,1,21,10,51,臺中市,北屯區,0,0,0,7,,,50,,,,,,,,,,,,,,12,,,,,C03,,,1,,2,,,8,8,1,6,4,120.704642,24.18766,3
9175,66000,387130000C,(04)23274275,(04)23288582,2025,1,21,10,51,臺中市,烏日區,0,0,0,7,,,50,,,,,,,,,,,,,,13,,,,,C01,,,1,,1,,,7,7,1,6,4,120.607276,24.110131,3
9176,66000,387130000C,(04)23274275,(04)23288582,2025,1,21,10,58,臺中市,大甲區,0,1,0,7,2,6,50,4,1,1,5,4,6,6,4,4,10,5,5,2,15,3,10,3,1,B03,7,9,1,8,2,8,,13,13,1,6,4,120.651733,24.403829,2
9177,66000,387130000C,(04)23274275,(04)23288582,2025,1,21,11,1,臺中市,西屯區,0,0,0,7,,,50,,,,,,,,,,,,,,13,,,,,B03,,,1,,1,,,7,7,1,12,4,120.666941,24.172963,3
9178,66000,387130000C,(04)23274275,(04)23288582,2025,1,21,11,2,臺中市,龍井區,0,1,0,7,3,6,30,3,1,1,5,4,6,6,4,4,10,5,5,2,15,2,8,4,1,C03,7,9,1,10,2,14,,20,20,1,12,4,120.52342,24.202519,2
9179,66000,387130000C,(04)23274275,(04)23288582,2025,1,21,11,7,臺中市,西區,0,1,0,7,2,6,50,13,8,1,5,4,6,6,4,4,3,4,4,2,12,3,10,3,1,B03,7,7,1,8,2,2,,40,40,1,13,4,120.657375,24.146713,2
9180,66000,387130000C,(04)23274275,(04)23288582,2025,1,21,11,10,臺中市,西屯區,0,0,0,7,,,50,,,,,,,,,,,,,,13,,,,,B03,,,1,,1,,,7,7,1,12,4,120.647626,24.196701,3
9181,66000,387130000C,(04)23274275,(04)23288582,2025,1,21,11,11,臺中市,太平區,0,0,0,7,,,50,,,,,,,,,,,,,,12,,,,,A04,,,1,,1,,,8,8,1,6,4,120.712578,24.11645,3
9182,66000,387130000C,(04)23274275,(04)23288582,2025,1,21,11,12,臺中市,西區,0,0,0,7,,,50,,,,,,,,,,,,,,17,,,,,B02,,,1,,1,,,51,51,1,12,4,120.675784,24.144199,3
9183,66000,387130000C,(04)23274275,(04)23288582,2025,1,21,11,14,臺中市,烏日區,0,1,0,7,2,6,60,3,1,1,5,4,6,6,1,1,1,4,4,1,16,3,10,3,1,B03,7,5,1,10,2,2,,11,11,1,6,4,120.608776,24.107903,2
9184,66000,387130000C,(04)23274275,(04)23288582,2025,1,21,11,15,臺中市,西區,0,2,0,7,1,6,50,3,1,1,5,4,6,6,1,1,10,5,5,2,16,3,10,3,1,B03,7,5,1,8,9,6,,47,47,1,12,4,120.673493,24.136647,2
9185,66000,387130000C,(04)23274275,(04)23288582,2025,1,21,11,15,臺中市,龍井區,0,0,0,7,2,6,40,4,8,1,5,4,6,6,1,1,3,4,3,1,13,3,10,3,1,B03,7,9,1,8,1,1,,84,84,1,6,4,120.575634,24.185052,3
9186,66000,387130000C,(04)23274275,(04)23288582,2025,1,21,11,15,臺中市,沙鹿區,0,0,0,7,,,50,,,,,,,,,,,,,,17,,,,,C03,,,1,,1,,,49,49,1,6,4,120.574769,24.226813,3
9187,66000,387130000C,(04)23274275,(04)23288582,2025,1,21,11,17,臺中市,大里區,0,0,0,7,,,50,,,,,,,,,,,,,,14,,,,,B03,,,1,,2,,,49,49,1,13,4,120.701908,24.088363,3
9188,66000,387130000C,(04)23274275,(04)23288582,2025,1,21,11,18,臺中市,大里區,0,0,0,7,,,30,,,,,,,,,,,,,,,,,,,B12,,,1,,2,,,49,49,1,6,4,120.676685,24.080539,3
9189,66000,387130000C,(04)23274275,(04)23288582,2025,1,21,11,20,臺中市,北屯區,0,0,0,7,,,50,,,,,,,,,,,,,,,,,,,B12,,,1,,1,,,84,84,1,13,4,120.72159,24.180227,3
9190,66000,387130000C,(04)23274275,(04)23288582,2025,1,21,11,20,臺中市,西屯區,0,2,0,7,2,6,50,13,9,1,5,4,6,6,4,4,5,5,5,2,18,2,9,1,1,C03,7,9,1,10,2,16,,7,7,1,12,4,120.627566,24.183211,2
9191,66000,387130000C,(04)23274275,(04)23288582,2025,1,21,11,22,臺中市,西屯區,0,1,0,7,2,6,60,4,1,1,5,4,6,6,3,1,5,4,5,2,16,3,10,3,1,B03,7,5,1,8,2,8,,24,24,1,12,4,120.645311,24.192819,2
9192,66000,387130000C,(04)23274275,(04)23288582,2025,1,21,11,22,臺中市,霧峰區,0,0,0,7,,,50,,,,,,,,,,,,,,17,,,,,B03,,,1,,2,,,40,40,1,13,4,120.698697,24.065789,3
9193,66000,387130000C,(04)23274275,(04)23288582,2025,1,21,11,24,臺中市,大里區,0,0,0,7,,,50,,,,,,,,,,,,,,14,,,,,B03,,,1,,1,,,49,49,1,13,4,120.671494,24.106028,3
9194,66000,387130000C,(04)23274275,(04)23288582,2025,1,21,11,26,臺中市,大甲區,0,1,0,7,3,6,50,13,9,1,5,4,6,6,4,4,5,5,5,1,17,2,7,5,4,B03,7,7,1,8,2,6,,40,40,1,6,4,120.639346,24.362782,2
9195,66000,387130000C,(04)23274275,(04)23288582,2025,1,21,11,27,臺中市,東區,0,0,0,7,,,50,,,,,,,,,,,,,,13,,,,,B03,,,1,,1,,,84,84,1,12,4,120.686453,24.136068,3
9196,66000,387130000C,(04)23274275,(04)23288582,2025,1,21,11,30,臺中市,豐原區,0,1,0,7,2,6,50,13,7,1,5,4,6,6,4,4,9,5,4,2,12,3,10,5,4,F01,7,11,7,21,2,13,,84,84,1,13,4,120.722426,24.250482,2
9197,66000,387130000C,(04)23274275,(04)23288582,2025,1,21,11,32,臺中市,霧峰區,0,0,0,7,,,40,,,,,,,,,,,,,,,,,,,B03,,,1,,2,,,14,14,1,13,4,120.683088,24.065459,4
9198,66000,387130000C,(04)23274275,(04)23288582,2025,1,21,11,34,臺中市,東區,0,1,0,7,2,6,50,4,1,1,5,4,6,6,1,1,10,5,5,2,16,3,10,3,1,B03,7,6,1,8,2,6,,11,11,1,12,4,120.689221,24.140973,2
9199,66000,387130000C,(04)23274275,(04)23288582,2025,1,21,11,35,臺中市,清水區,0,0,0,7,,,30,,,,,,,,,,,,,,17,,,,,B12,,,1,,1,,,8,8,1,12,4,120.572731,24.282018,3
9200,66000,387130000C,(04)23274275,(04)23288582,2025,1,21,11,40,臺中市,豐原區,0,0,0,7,,,50,,,,,,,,,,,,,,12,,,,,,,,,,,,,119,119,1,,,120.718948,24.243416,3
9201,66000,387130000C,(04)23274275,(04)23288582,2025,1,21,11,42,臺中市,南屯區,0,0,0,7,,,50,,,,,,,,,,,,,,,,,,,B03,,,1,,2,,,84,84,1,13,4,120.609839,24.138664,3
9202,66000,387130000C,(04)23274275,(04)23288582,2025,1,21,11,43,臺中市,大雅區,0,0,0,7,,,30,,,,,,,,,,,,,,,,,,,B03,,,1,,1,,,49,49,1,13,4,120.64067,24.22533,3
9203,66000,387130000C,(04)23274275,(04)23288582,2025,1,21,11,44,臺中市,西屯區,0,1,0,7,2,6,50,5,1,1,5,4,6,6,2,1,10,5,5,2,16,3,10,5,4,B12,7,5,1,8,2,2,,11,11,1,13,4,120.644259,24.194854,2
9204,66000,387130000C,(04)23274275,(04)23288582,2025,1,21,11,45,臺中市,南屯區,0,1,0,7,3,6,50,13,9,1,5,4,6,6,4,4,9,4,5,2,18,2,9,1,1,C03,7,9,1,10,2,14,,59,59,1,12,4,120.65055,24.136624,2
9205,66000,387130000C,(04)23274275,(04)23288582,2025,1,21,11,48,臺中市,東區,0,2,0,7,2,6,50,4,1,1,5,4,6,6,2,1,10,5,5,2,15,2,9,2,1,C03,7,9,1,10,2,14,,21,21,1,12,4,120.690674,24.134755,2
9206,66000,387130000C,(04)23274275,(04)23288582,2025,1,21,11,52,臺中市,北屯區,0,1,0,7,2,6,50,13,9,1,5,4,6,6,4,4,1,4,5,2,13,2,9,1,1,C03,7,9,1,10,2,11,,7,7,1,6,4,120.693844,24.183277,2
9207,66000,387130000C,(04)23274275,(04)23288582,2025,1,21,11,52,臺中市,大里區,0,0,0,7,,,50,,,,,,,,,,,,,,,,,,,C03,,,1,,2,,,84,84,1,12,4,120.68572,24.107941,3
9208,66000,387130000C,(04)23274275,(04)23288582,2025,1,21,11,53,臺中市,豐原區,0,0,0,7,,,50,,,,,,,,,,,,,,13,,,,,C03,,,1,,2,,,59,59,1,13,4,120.730076,24.247936,3
9209,66000,387130000C,(04)23274275,(04)23288582,2025,1,21,11,54,臺中市,西屯區,0,0,0,7,,,60,,,,,,,,,,,,,,,,,,,B03,,,1,,1,,,84,84,1,12,4,120.662893,24.172283,3
9210,66000,387130000C,(04)23274275,(04)23288582,2025,1,21,11,58,臺中市,西區,0,1,0,7,3,6,50,4,1,1,5,4,6,6,1,1,10,5,5,2,16,3,10,1,1,C03,7,6,2,19,1,12,,11,11,1,13,4,120.655071,24.136598,2
9211,66000,387130000C,(04)23274275,(04)23288582,2025,1,21,12,1,臺中市,南屯區,0,0,0,7,,,50,,,,,,,,,,,,,,13,,,,,B03,,,4,,1,,,7,7,1,6,4,120.6472,24.15527,3
9212,66000,387130000C,(04)23274275,(04)23288582,2025,1,21,12,3,臺中市,大里區,0,0,0,7,,,50,,,,,,,,,,,,,,17,,,,,B03,,,1,,2,,,51,51,1,12,4,120.685186,24.106997,3
9213,66000,387130000C,(04)23274275,(04)23288582,2025,1,21,12,4,臺中市,西區,0,1,0,7,3,6,50,4,2,1,5,4,6,6,2,1,5,4,5,2,13,2,9,1,1,C03,7,9,1,10,2,11,,7,7,1,13,4,120.661725,24.144333,2
9214,66000,387130000C,(04)23274275,(04)23288582,2025,1,21,12,7,臺中市,龍井區,0,1,0,7,3,6,30,4,1,1,5,4,6,6,4,4,10,5,5,2,15,2,9,1,1,C03,7,9,1,10,2,11,,12,12,1,6,4,120.535763,24.211236,2
9215,66000,387130000C,(04)23274275,(04)23288582,2025,1,21,12,13,臺中市,大里區,0,1,0,7,2,6,50,3,2,1,5,4,6,6,4,4,10,5,5,1,12,2,9,1,1,C03,7,9,5,19,2,11,,84,84,1,12,4,120.691689,24.108969,2
9216,66000,387130000C,(04)23274275,(04)23288582,2025,1,21,12,15,臺中市,太平區,0,2,0,7,3,6,50,3,1,1,5,4,6,6,3,1,5,5,5,1,16,3,10,3,1,B03,7,6,1,10,2,5,,24,24,1,12,4,120.713457,24.116641,2
9217,66000,387130000C,(04)23274275,(04)23288582,2025,1,21,12,16,臺中市,北屯區,0,3,0,7,1,6,50,4,2,1,5,4,6,6,1,1,5,4,5,2,12,2,8,1,1,C03,7,6,1,10,2,14,,48,48,1,13,4,120.688004,24.174274,2
9218,66000,387130000C,(04)23274275,(04)23288582,2025,1,21,12,17,臺中市,大里區,0,2,0,7,3,6,50,4,1,1,5,4,6,6,1,1,5,4,4,1,13,2,9,1,1,C03,7,9,1,10,2,11,,59,59,1,12,4,120.688487,24.110132,2
9219,66000,387130000C,(04)23274275,(04)23288582,2025,1,21,12,17,臺中市,大里區,0,0,0,7,3,6,30,11,9,1,5,4,6,6,4,4,10,5,5,2,14,,,,,B03,,,1,,2,,,84,84,1,12,4,120.685871,24.093336,3
9220,66000,387130000C,(04)23274275,(04)23288582,2025,1,21,12,20,臺中市,東區,0,0,0,7,,,50,,,,,,,,,,,,,,,,,,,B03,,,1,,2,,,49,49,1,12,4,120.705528,24.144601,3
9221,66000,387130000C,(04)23274275,(04)23288582,2025,1,21,12,21,臺中市,梧棲區,0,2,0,7,2,6,50,4,2,1,5,4,6,6,2,1,10,5,5,2,13,2,9,2,1,C03,7,9,1,10,2,11,,7,7,1,6,4,120.541275,24.257044,2
9222,66000,387130000C,(04)23274275,(04)23288582,2025,1,21,12,28,臺中市,豐原區,0,0,0,7,,,50,,,,,,,,,,,,,,14,,,,,B03,,,1,,1,,,50,50,1,12,4,120.700957,24.247319,3
9223,66000,387130000C,(04)23274275,(04)23288582,2025,1,21,12,34,臺中市,沙鹿區,0,1,0,7,2,6,40,11,14,1,5,4,6,6,4,4,5,5,5,1,18,2,9,2,1,C03,7,9,1,10,2,14,,59,59,1,6,4,120.583205,24.266302,2
9224,66000,387130000C,(04)23274275,(04)23288582,2025,1,21,12,36,臺中市,西屯區,0,0,0,7,,,50,,,,,,,,,,,,,,30,,,,,B03,,,1,,2,,,45,45,1,13,4,120.615371,24.190352,3
9225,66000,387130000C,(04)23274275,(04)23288582,2025,1,21,12,38,臺中市,霧峰區,0,0,0,7,,,50,,,,,,,,,,,,,,18,,,,,B03,,,1,,2,,,84,84,1,13,4,120.66331,24.075754,3
9226,66000,387130000C,(04)23274275,(04)23288582,2025,1,21,12,40,臺中市,大里區,0,2,0,7,2,6,40,4,9,1,5,4,6,6,1,1,5,5,5,2,16,2,8,6,1,F01,7,9,7,21,2,12,,1,1,1,13,4,120.698979,24.087791,2
9227,66000,387130000C,(04)23274275,(04)23288582,2025,1,21,12,50,臺中市,東區,0,0,0,7,,,50,,,,,,,,,,,,,,,,,,,B03,,,1,,1,,,51,51,1,6,4,120.703838,24.139062,3
9228,66000,387130000C,(04)23274275,(04)23288582,2025,1,21,12,51,臺中市,東區,0,0,0,7,,,50,,,,,,,,,,,,,,13,,,,,C03,,,1,,2,,,7,7,1,12,4,120.689195,24.143209,3
9229,66000,387130000C,(04)23274275,(04)23288582,2025,1,21,12,52,臺中市,豐原區,0,0,0,7,,,50,,,,,,,,,,,,,,16,,,,,C03,,,3,,9,,,14,14,1,12,4,120.715447,24.251838,3
9230,66000,387130000C,(04)23274275,(04)23288582,2025,1,21,12,53,臺中市,南屯區,0,2,0,7,2,6,50,4,1,1,5,4,6,6,4,4,5,5,5,2,16,2,9,2,1,C03,7,6,1,10,2,12,,14,14,1,6,4,120.653294,24.127969,2
9231,66000,387130000C,(04)23274275,(04)23288582,2025,1,21,12,53,臺中市,大里區,0,0,0,7,,,50,,,,,,,,,,,,,,17,,,,,B03,,,1,,2,,,50,50,1,12,4,120.686904,24.110459,3
9232,66000,387130000C,(04)23274275,(04)23288582,2025,1,21,12,53,臺中市,梧棲區,0,0,0,7,,,50,,,,,,,,,,,,,,17,,,,,B03,,,1,,9,,,84,84,1,6,4,120.537755,24.257603,3
9233,66000,387130000C,(04)23274275,(04)23288582,2025,1,21,12,55,臺中市,北屯區,0,0,0,7,,,50,,,,,,,,,,,,,,13,,,,,B03,,,1,,1,,,7,7,1,6,4,120.69291,24.182754,3
9234,66000,387130000C,(04)23274275,(04)23288582,2025,1,21,12,59,臺中市,西區,0,0,0,7,,,50,,,,,,,,,,,,,,17,,,,,B03,,,1,,2,,,50,50,1,12,4,120.664391,24.133061,3
9235,66000,387130000C,(04)23274275,(04)23288582,2025,1,21,12,59,臺中市,南屯區,0,0,0,7,,,50,,,,,,,,,,,,,,13,,,,,B12,,,1,,1,,,7,7,1,12,4,120.648167,24.123412,3
9236,66000,387130000C,(04)23274275,(04)23288582,2025,1,21,13,11,臺中市,北屯區,0,1,0,7,3,6,50,3,1,1,5,4,6,6,4,4,10,5,5,2,18,2,9,1,1,C03,7,9,1,10,2,11,,82,82,1,12,4,120.667175,24.173224,2
9237,66000,387130000C,(04)23274275,(04)23288582,2025,1,21,13,12,臺中市,東區,0,0,0,7,,,50,,,,,,,,,,,,,,35,,,,,B13,,,1,,2,,,84,84,1,12,4,120.698047,24.138876,3
9238,66000,387130000C,(04)23274275,(04)23288582,2025,1,21,13,12,臺中市,南區,0,0,0,7,,,50,,,,,,,,,,,,,,13,,,,,B03,,,3,,1,,,84,84,1,12,4,120.668629,24.128401,3
9239,66000,387130000C,(04)23274275,(04)23288582,2025,1,21,13,12,臺中市,沙鹿區,0,0,0,7,,,60,,,,,,,,,,,,,,12,,,,,B03,,,1,,1,,,27,27,1,13,4,120.606984,24.246957,3
9240,66000,387130000C,(04)23274275,(04)23288582,2025,1,21,13,15,臺中市,西區,0,0,0,7,,,50,,,,,,,,,,,,,,13,,,,,C03,,,1,,1,,,7,7,1,12,4,120.666271,24.152595,3
9241,66000,387130000C,(04)23274275,(04)23288582,2025,1,21,13,16,臺中市,霧峰區,0,1,0,7,2,6,50,5,1,1,5,4,6,6,1,1,10,5,5,2,17,3,10,3,1,B12,7,5,1,8,2,5,,11,11,1,13,4,120.664141,24.047803,2
9242,66000,387130000C,(04)23274275,(04)23288582,2025,1,21,13,16,臺中市,太平區,0,2,0,7,3,6,50,13,9,1,5,4,6,6,4,4,5,5,5,1,13,2,9,1,1,C03,7,7,1,10,2,11,,84,84,1,12,4,120.721802,24.134633,2
9243,66000,387130000C,(04)23274275,(04)23288582,2025,1,21,13,17,臺中市,霧峰區,0,0,0,7,,,50,,,,,,,,,,,,,,,,,,,B03,,,1,,2,,,21,21,1,13,4,120.697314,24.060816,3
9244,66000,387130000C,(04)23274275,(04)23288582,2025,1,21,13,19,臺中市,北區,0,1,0,7,2,6,50,4,1,1,5,4,6,6,4,4,5,4,5,2,16,3,10,3,1,B03,7,5,1,4,2,2,,14,14,1,12,4,120.674129,24.147149,2
9245,66000,387130000C,(04)23274275,(04)23288582,2025,1,21,13,22,臺中市,西區,0,2,0,6,3,6,50,3,2,1,5,4,6,6,1,1,1,4,4,2,13,2,8,1,1,C03,7,9,1,10,2,11,,7,7,1,6,4,120.664164,24.140066,2
9246,66000,387130000C,(04)23274275,(04)23288582,2025,1,21,13,23,臺中市,北區,0,1,0,7,2,6,50,3,1,1,5,4,6,6,4,4,1,4,5,2,17,3,10,5,1,C03,7,9,3,19,9,14,,4,4,1,13,4,120.681654,24.165029,2
9247,66000,387130000C,(04)23274275,(04)23288582,2025,1,21,13,24,臺中市,北區,0,1,0,7,2,6,50,4,1,1,5,4,6,6,1,1,1,4,5,2,17,3,10,5,1,C03,7,9,3,19,2,14,,4,4,1,13,4,120.677171,24.165195,2
9248,66000,387130000C,(04)23274275,(04)23288582,2025,1,21,13,25,臺中市,西區,0,2,0,7,3,6,50,4,1,1,5,4,6,6,2,1,10,5,5,2,13,2,9,1,1,C03,7,9,1,10,2,12,,84,84,1,13,4,120.671033,24.137706,2
9249,66000,387130000C,(04)23274275,(04)23288582,2025,1,21,13,30,臺中市,北屯區,0,1,0,7,2,6,50,4,2,1,5,4,6,6,2,1,5,2,4,1,13,3,10,3,1,A11,7,12,1,3,2,1,,7,7,1,6,4,120.705646,24.164669,2
9250,66000,387130000C,(04)23274275,(04)23288582,2025,1,21,13,30,臺中市,豐原區,0,0,0,7,,,30,,,,,,,,,,,,,,14,,,,,A12,,,1,,2,,,49,49,1,12,4,120.743319,24.233301,3
9251,66000,387130000C,(04)23274275,(04)23288582,2025,1,21,13,34,臺中市,烏日區,0,1,0,7,3,6,60,3,1,1,5,4,6,6,2,1,10,5,5,2,3,3,10,3,1,B03,7,6,1,8,2,5,,10,10,1,6,4,120.6111,24.107542,2
9252,66000,387130000C,(04)23274275,(04)23288582,2025,1,21,13,39,臺中市,豐原區,0,0,0,7,,,40,,,,,,,,,,,,,,17,,,,,B02,,,1,,9,,,87,87,1,13,4,120.710974,24.246365,3
9253,66000,387130000C,(04)23274275,(04)23288582,2025,1,21,13,40,臺中市,沙鹿區,0,0,0,7,,,50,,,,,,,,,,,,,,,,,,,B03,,,1,,2,,,49,49,1,12,4,120.565106,24.244187,3
9254,66000,387130000C,(04)23274275,(04)23288582,2025,1,21,13,42,臺中市,大甲區,0,1,0,7,3,6,50,4,1,1,5,4,6,6,3,1,10,5,5,2,15,3,10,5,4,B03,7,9,1,8,2,1,,24,24,1,6,4,120.626924,24.349171,2
9255,66000,387130000C,(04)23274275,(04)23288582,2025,1,21,13,45,臺中市,西區,0,3,0,7,3,6,30,13,9,1,5,4,6,6,4,4,10,5,5,2,3,2,9,1,1,C03,7,9,1,10,2,12,,84,84,1,13,4,120.653861,24.151761,2
9256,66000,387130000C,(04)23274275,(04)23288582,2025,1,21,13,45,臺中市,西屯區,0,0,0,7,,,50,,,,,,,,,,,,,,,,,,,B12,,,1,,1,,,51,51,1,12,4,120.635431,24.169637,3
9257,66000,387130000C,(04)23274275,(04)23288582,2025,1,21,13,48,臺中市,南區,0,0,0,7,,,50,,,,,,,,,,,,,,,,,,,C03,,,1,,2,,,84,84,1,5,4,120.671768,24.114871,3
9258,66000,387130000C,(04)23274275,(04)23288582,2025,1,21,13,48,臺中市,西屯區,0,0,0,7,,,50,,,,,,,,,,,,,,12,,,,,A31,,,1,,1,,,35,35,1,6,4,120.608761,24.155634,3
9259,66000,387130000C,(04)23274275,(04)23288582,2025,1,21,13,49,臺中市,霧峰區,0,0,0,7,,,60,,,,,,,,,,,,,,,,,,,B12,,,1,,2,,,7,7,1,13,4,120.692374,24.045671,3
9260,66000,387130000C,(04)23274275,(04)23288582,2025,1,21,13,50,臺中市,清水區,0,1,0,7,2,6,50,11,9,1,5,4,6,6,4,4,5,5,5,1,18,2,9,5,4,C03,7,9,1,10,2,14,,59,59,1,12,4,120.656407,24.286752,2
9261,66000,387130000C,(04)23274275,(04)23288582,2025,1,21,13,58,臺中市,北區,0,0,0,7,2,6,50,4,1,1,5,4,6,6,3,4,10,5,5,2,15,,,,,C03,,,1,,1,,,24,24,1,13,4,120.66824,24.169802,3