序號,縣市別代碼,機關代碼,市話,傳真,年,月,日,時,分,縣市,區,死亡數量,受傷數量,2-30,天候,道路照明設備,道路類別,道路速限,道路型態,事故位置,路面鋪裝,路面狀態,路面缺陷,障礙物,視距,號誌種類,號誌動作,分向設施,快車道或一般車道間,快慢車道間,路面邊線,事故類型及型態,受傷程度,主要傷處,保護裝備,行動電話或功能裝置,當事者區分(類別),車輛用途,當事者行動狀態,駕照狀態,駕照種類,飲酒情形,車輛撞擊部位最初,車輛撞擊部位其他,肇事因素個別,肇事因素主要,肇事逃逸,職業,共享經濟或外送平台,GPS座標X,GPS座標Y,事故類別
9262,66000,387130000C,(04)23274275,(04)23288582,2025,1,21,14,0,臺中市,東區,0,1,0,7,1,6,50,13,9,1,5,4,6,6,1,1,9,4,5,2,12,3,10,1,1,C04,7,9,1,10,2,11,,7,7,1,12,4,120.695147,24.144932,2
9263,66000,387130000C,(04)23274275,(04)23288582,2025,1,21,14,4,臺中市,潭子區,0,0,0,7,,,60,,,,,,,,,,,,,,,,,,,B12,,,1,,2,,,84,84,1,12,4,120.705552,24.216187,3
9264,66000,387130000C,(04)23274275,(04)23288582,2025,1,21,14,5,臺中市,北區,0,2,0,7,2,6,50,4,1,1,5,4,6,6,1,1,5,4,5,2,16,2,9,1,1,C03,7,6,1,10,2,12,,11,11,1,12,4,120.680952,24.16161,2
9265,66000,387130000C,(04)23274275,(04)23288582,2025,1,21,14,6,臺中市,霧峰區,0,1,0,7,2,6,50,4,1,1,5,4,6,6,4,4,10,5,5,2,17,3,10,3,1,B03,7,2,1,8,2,3,,49,49,1,13,4,120.699901,24.06663,2
9266,66000,387130000C,(04)23274275,(04)23288582,2025,1,21,14,10,臺中市,西屯區,0,1,0,7,2,6,50,4,2,1,5,4,6,6,1,1,3,4,5,2,13,2,1,1,1,C03,7,9,1,10,2,11,,7,7,1,12,4,120.65055,24.166458,2
9267,66000,387130000C,(04)23274275,(04)23288582,2025,1,21,14,12,臺中市,西區,0,0,0,7,,,50,,,,,,,,,,,,,,13,,,,,C03,,,1,,1,,,7,7,1,12,4,120.672668,24.141533,3
9268,66000,387130000C,(04)23274275,(04)23288582,2025,1,21,14,13,臺中市,西屯區,0,0,0,7,,,40,,,,,,,,,,,,,,14,,,,,B12,,,1,,1,,,49,49,1,13,4,120.630755,24.180285,4
9269,66000,387130000C,(04)23274275,(04)23288582,2025,1,21,14,15,臺中市,東區,0,2,0,7,2,6,50,4,1,1,5,4,6,6,4,4,10,5,5,2,16,2,9,1,1,C03,7,6,1,10,2,14,,65,65,1,12,4,120.695546,24.146374,2
9270,66000,387130000C,(04)23274275,(04)23288582,2025,1,21,14,20,臺中市,清水區,0,0,0,7,,,50,,,,,,,,,,,,,,17,,,,,B02,,,1,,1,,,50,50,1,13,4,120.574843,24.270263,3
9271,66000,387130000C,(04)23274275,(04)23288582,2025,1,21,14,21,臺中市,西屯區,0,0,0,7,,,60,,,,,,,,,,,,,,12,,,,,B03,,,1,,1,,,40,40,1,12,4,120.655911,24.158976,3
9272,66000,387130000C,(04)23274275,(04)23288582,2025,1,21,14,22,臺中市,北屯區,0,1,0,7,2,6,50,4,1,1,5,4,6,6,2,1,10,5,5,2,16,3,10,3,1,B03,7,9,1,8,2,1,,21,21,1,6,4,120.696538,24.179477,2
9273,66000,387130000C,(04)23274275,(04)23288582,2025,1,21,14,25,臺中市,南屯區,0,0,0,7,,,50,,,,,,,,,,,,,,13,,,,,B03,,,1,,9,,,59,59,1,12,4,120.63763,24.142392,3
9274,66000,387130000C,(04)23274275,(04)23288582,2025,1,21,14,26,臺中市,大雅區,0,2,0,7,1,6,30,13,9,1,5,4,6,6,4,4,10,5,5,1,17,2,9,1,1,C03,7,1,1,10,2,14,,51,51,1,13,4,120.638672,24.20908,2
9275,66000,387130000C,(04)23274275,(04)23288582,2025,1,21,14,28,臺中市,沙鹿區,0,0,0,7,,,50,,,,,,,,,,,,,,,,,,,B03,,,1,,2,,,49,49,1,13,4,120.557632,24.250123,3
9276,66000,387130000C,(04)23274275,(04)23288582,2025,1,21,14,30,臺中市,潭子區,0,0,0,7,,,40,,,,,,,,,,,,,,17,,,,,B03,,,1,,2,,,58,58,1,12,4,120.696555,24.201,3
9277,66000,387130000C,(04)23274275,(04)23288582,2025,1,21,14,32,臺中市,北屯區,0,0,0,7,,,50,,,,,,,,,,,,,,,,,,,B03,,,1,,1,,,49,49,1,12,4,120.680627,24.171517,3
9278,66000,387130000C,(04)23274275,(04)23288582,2025,1,21,14,34,臺中市,北屯區,0,1,0,7,2,6,50,3,1,1,5,4,6,6,4,4,10,5,5,2,18,2,9,1,1,C03,7,12,1,10,2,12,,82,82,1,6,4,120.704828,24.174551,2
9279,66000,387130000C,(04)23274275,(04)23288582,2025,1,21,14,34,臺中市,沙鹿區,0,1,0,7,3,6,50,4,1,1,5,4,6,6,1,1,10,5,5,2,17,2,9,4,1,C03,7,6,3,19,2,11,,23,23,1,13,4,120.568538,24.20907,2
9280,66000,387130000C,(04)23274275,(04)23288582,2025,1,21,14,36,臺中市,烏日區,0,2,0,7,3,6,50,13,9,1,5,4,6,6,4,4,9,5,4,2,16,2,9,1,1,C04,7,6,1,10,2,11,,20,20,1,6,4,120.622099,24.107379,2
9281,66000,387130000C,(04)23274275,(04)23288582,2025,1,21,14,36,臺中市,豐原區,0,2,0,7,2,6,50,4,1,1,5,4,6,6,1,1,10,5,5,2,16,2,9,2,1,C03,7,4,1,10,2,11,,84,84,1,13,4,120.731261,24.249697,2
9282,66000,387130000C,(04)23274275,(04)23288582,2025,1,21,14,38,臺中市,太平區,0,0,0,7,2,6,50,,,,,,,,,,,,,,,,,,,B12,,,1,,2,1,,7,7,1,12,4,120.712677,24.146131,3
9283,66000,387130000C,(04)23274275,(04)23288582,2025,1,21,14,38,臺中市,大肚區,0,0,0,7,,,50,,,,,,,,,,,,,,13,,,,,B03,,,1,,2,,,7,7,1,6,4,120.566996,24.122513,3
9284,66000,387130000C,(04)23274275,(04)23288582,2025,1,21,14,40,臺中市,南區,0,0,0,7,,,50,,,,,,,,,,,,,,,,,,,B03,,,1,,1,,,84,84,1,12,4,120.657882,24.11706,3
9285,66000,387130000C,(04)23274275,(04)23288582,2025,1,21,14,40,臺中市,龍井區,0,0,0,7,,,50,,,,,,,,,,,,,,17,,,,,A04,,,1,,2,,,84,84,1,6,4,120.548738,24.205872,3
9286,66000,387130000C,(04)23274275,(04)23288582,2025,1,21,14,40,臺中市,新社區,0,0,0,7,2,6,50,3,1,1,5,4,6,6,4,4,5,5,5,1,17,3,10,5,4,B03,7,11,1,8,2,1,,45,45,1,13,4,120.810496,24.24574,3
9287,66000,387130000C,(04)23274275,(04)23288582,2025,1,21,14,42,臺中市,南區,0,0,0,7,,,50,,,,,,,,,,,,,,14,,,,,B12,,,1,,1,,,84,84,1,12,4,120.684334,24.122076,3
9288,66000,387130000C,(04)23274275,(04)23288582,2025,1,21,14,42,臺中市,西屯區,0,0,0,7,,,50,,,,,,,,,,,,,,13,,,,,B02,,,1,,1,,,7,7,1,12,4,120.627457,24.161448,3
9289,66000,387130000C,(04)23274275,(04)23288582,2025,1,21,14,50,臺中市,東區,0,0,0,7,2,6,50,4,7,1,5,4,6,6,2,1,1,2,4,2,13,3,10,3,1,B03,7,9,1,8,7,1,,84,84,1,12,4,120.683638,24.124439,3
9290,66000,387130000C,(04)23274275,(04)23288582,2025,1,21,14,51,臺中市,北屯區,0,1,0,7,1,6,50,5,2,1,5,4,6,6,1,1,5,4,5,2,11,3,10,3,1,B03,7,9,1,8,2,1,,84,84,1,13,4,120.676136,24.200773,2
9291,66000,387130000C,(04)23274275,(04)23288582,2025,1,21,14,53,臺中市,太平區,0,1,0,7,2,6,50,13,9,1,5,4,6,6,4,4,5,2,5,2,12,3,10,3,1,B03,7,9,1,8,2,1,,58,58,1,12,4,120.713284,24.149468,2
9292,66000,387130000C,(04)23274275,(04)23288582,2025,1,21,14,54,臺中市,北區,0,1,0,7,2,6,30,13,24,1,5,4,6,6,3,1,1,4,5,2,13,2,9,1,1,C03,7,9,1,10,2,11,,7,7,1,12,4,120.667759,24.157002,2
9293,66000,387130000C,(04)23274275,(04)23288582,2025,1,21,14,55,臺中市,潭子區,0,0,0,7,,,60,,,,,,,,,,,,,,,,,,,B03,,,1,,2,,,40,40,1,13,4,120.708055,24.227679,3
9294,66000,387130000C,(04)23274275,(04)23288582,2025,1,21,15,0,臺中市,西屯區,0,3,0,7,2,6,50,3,1,1,5,4,6,6,4,4,10,5,5,2,16,2,8,5,4,C03,7,11,1,10,2,11,,45,45,1,13,2,120.636503,24.16666,2
9295,66000,387130000C,(04)23274275,(04)23288582,2025,1,21,15,0,臺中市,西屯區,0,0,0,7,,,50,,,,,,,,,,,,,,12,,,,,B03,,,5,,1,,,40,40,1,13,4,120.645002,24.172204,3
9296,66000,387130000C,(04)23274275,(04)23288582,2025,1,21,15,1,臺中市,西屯區,0,0,0,7,,,30,,,,,,,,,,,,,,16,,,,,B03,,,1,,1,,,14,14,1,12,4,120.608253,24.188133,3
9297,66000,387130000C,(04)23274275,(04)23288582,2025,1,21,15,2,臺中市,西區,0,0,0,7,,,30,,,,,,,,,,,,,,,,,,,B03,,,1,,1,,,84,84,1,6,4,120.655787,24.151643,3
9298,66000,387130000C,(04)23274275,(04)23288582,2025,1,21,15,9,臺中市,大里區,0,0,0,7,,,30,,,,,,,,,,,,,,12,,,,,F01,,,,,,,,86,86,1,,,120.705425,24.106806,3
9299,66000,387130000C,(04)23274275,(04)23288582,2025,1,21,15,10,臺中市,潭子區,0,0,0,7,,,40,,,,,,,,,,,,,,14,,,,,B03,,,1,,2,,,49,49,1,12,4,120.68978,24.211403,3
9300,66000,387130000C,(04)23274275,(04)23288582,2025,1,21,15,11,臺中市,南區,0,2,0,7,3,6,40,13,8,1,5,4,6,6,4,4,1,4,4,2,13,2,8,2,1,C03,7,9,1,9,2,11,,7,7,1,13,4,120.660078,24.119507,2
9301,66000,387130000C,(04)23274275,(04)23288582,2025,1,21,15,15,臺中市,東勢區,0,0,0,7,2,6,50,13,7,1,5,4,6,6,1,1,5,4,4,1,13,3,10,5,4,B03,7,9,1,8,1,1,,7,7,1,13,4,120.823376,24.268872,3
9302,66000,387130000C,(04)23274275,(04)23288582,2025,1,21,15,15,臺中市,東勢區,0,3,0,7,3,6,40,12,24,2,5,4,6,2,4,4,10,5,5,2,10,3,10,5,4,B03,7,9,1,8,2,1,,41,41,1,12,4,120.852445,24.250499,2
9303,66000,387130000C,(04)23274275,(04)23288582,2025,1,21,15,17,臺中市,大甲區,0,1,0,7,2,6,30,3,2,1,5,4,6,6,4,4,10,5,5,2,24,2,8,2,1,C03,7,6,1,10,2,11,,59,59,1,6,4,120.620527,24.338662,2
9304,66000,387130000C,(04)23274275,(04)23288582,2025,1,21,15,18,臺中市,烏日區,0,1,0,7,1,6,60,3,1,1,5,4,6,6,1,1,1,4,1,1,16,3,10,3,1,B12,7,6,1,8,2,2,,11,11,1,12,4,120.648701,24.091972,2
9305,66000,387130000C,(04)23274275,(04)23288582,2025,1,21,15,20,臺中市,西屯區,0,0,0,7,2,6,50,4,2,1,5,4,6,6,4,4,1,4,5,2,11,,,,,B03,,,1,,2,,,35,35,1,13,4,120.644407,24.171266,3
9306,66000,387130000C,(04)23274275,(04)23288582,2025,1,21,15,22,臺中市,東區,0,2,0,7,3,6,50,4,1,1,5,4,6,6,4,4,5,5,5,1,15,2,9,1,1,C03,7,9,1,10,2,12,,15,15,1,12,4,120.69167,24.130347,2
9307,66000,387130000C,(04)23274275,(04)23288582,2025,1,21,15,23,臺中市,西屯區,0,0,0,7,,,50,,,,,,,,,,,,,,30,,,,,B03,,,1,,2,,,59,59,1,12,4,120.628138,24.183674,3
9308,66000,387130000C,(04)23274275,(04)23288582,2025,1,21,15,23,臺中市,沙鹿區,0,0,0,7,,,50,,,,,,,,,,,,,,,,,,,B03,,,1,,1,,,84,84,1,13,4,120.599172,24.252775,3
9309,66000,387130000C,(04)23274275,(04)23288582,2025,1,21,15,24,臺中市,南區,0,1,0,7,3,6,50,4,2,1,5,4,6,6,2,1,5,2,5,2,18,2,9,2,1,C03,7,9,1,10,2,16,,84,84,1,12,4,120.684104,24.131988,2
9310,66000,387130000C,(04)23274275,(04)23288582,2025,1,21,15,27,臺中市,西區,0,1,0,7,2,6,50,4,1,1,5,4,6,6,4,4,10,5,5,2,15,2,9,1,1,C03,7,9,1,10,2,12,,15,15,1,13,4,120.673592,24.150981,2
9311,66000,387130000C,(04)23274275,(04)23288582,2025,1,21,15,35,臺中市,大雅區,0,0,0,7,,,50,,,,,,,,,,,,,,,,,,,B12,,,1,,9,,,20,20,1,12,4,120.64685,24.226234,3
9312,66000,387130000C,(04)23274275,(04)23288582,2025,1,21,15,37,臺中市,豐原區,0,0,0,7,,,30,,,,,,,,,,,,,,13,,,,,C03,,,1,,2,,,7,7,1,12,4,120.732077,24.240546,3
9313,66000,387130000C,(04)23274275,(04)23288582,2025,1,21,15,38,臺中市,大里區,0,0,0,7,3,6,50,13,14,1,5,4,6,6,4,4,5,4,4,1,13,,,,,B03,,,1,,2,,,84,84,1,12,4,120.681677,24.10994,3
9314,66000,387130000C,(04)23274275,(04)23288582,2025,1,21,15,40,臺中市,南屯區,0,0,0,7,,,50,,,,,,,,,,,,,,30,,,,,,,,,,,,,119,119,1,,,120.612014,24.138264,3
9315,66000,387130000C,(04)23274275,(04)23288582,2025,1,21,15,40,臺中市,清水區,0,0,0,7,,,50,,,,,,,,,,,,,,17,,,,,C03,,,1,,2,,,84,84,1,12,4,120.627275,24.304934,3
9316,66000,387130000C,(04)23274275,(04)23288582,2025,1,21,15,41,臺中市,北屯區,0,0,0,7,,,50,,,,,,,,,,,,,,17,,,,,B03,,,1,,9,,,50,50,2,12,4,120.687317,24.173401,3
9317,66000,387130000C,(04)23274275,(04)23288582,2025,1,21,15,41,臺中市,太平區,0,0,0,7,,,40,,,,,,,,,,,,,,13,,,,,C03,,,1,,2,,,84,84,1,12,4,120.713495,24.124284,3
9318,66000,387130000C,(04)23274275,(04)23288582,2025,1,21,15,45,臺中市,西區,0,0,0,7,,,50,,,,,,,,,,,,,,,,,,,C03,,,1,,1,,,7,7,1,13,4,120.661706,24.147792,3
9319,66000,387130000C,(04)23274275,(04)23288582,2025,1,21,15,45,臺中市,北屯區,0,2,0,7,1,6,50,4,1,1,5,4,6,6,2,1,10,5,5,2,17,2,1,5,4,B03,7,5,1,8,2,4,,84,84,1,13,4,120.686482,24.196581,2
9320,66000,387130000C,(04)23274275,(04)23288582,2025,1,21,15,50,臺中市,大甲區,0,0,0,7,3,6,40,4,2,1,5,4,6,6,1,1,10,5,5,2,13,3,10,5,4,B03,,,1,8,1,1,,7,7,1,13,4,120.620134,24.344903,3
9321,66000,387130000C,(04)23274275,(04)23288582,2025,1,21,15,51,臺中市,北屯區,0,0,0,7,,,50,,,,,,,,,,,,,,12,,,,,C03,,,1,,1,,,7,7,1,13,4,120.687597,24.171809,3
9322,66000,387130000C,(04)23274275,(04)23288582,2025,1,21,15,52,臺中市,豐原區,0,0,0,7,,,60,,,,,,,,,,,,,,12,,,,,A02,,,1,,2,,,39,39,1,12,4,120.722422,24.279481,3
9323,66000,387130000C,(04)23274275,(04)23288582,2025,1,21,15,53,臺中市,太平區,0,0,0,7,2,6,50,,,,,,,,,,,,,,,,,,,B01,,,1,,1,2,,40,40,1,12,4,120.715107,24.127114,3
9324,66000,387130000C,(04)23274275,(04)23288582,2025,1,21,15,55,臺中市,大甲區,0,1,0,7,2,6,50,3,1,1,5,4,6,6,4,4,10,5,5,1,16,2,9,2,1,C03,7,6,1,10,2,11,,20,20,1,6,4,120.620817,24.342311,2
9325,66000,387130000C,(04)23274275,(04)23288582,2025,1,21,15,56,臺中市,霧峰區,0,0,0,7,,,50,,,,,,,,,,,,,,,,,,,B03,,,1,,2,,,84,84,1,6,4,120.66258,24.059229,3
9326,66000,387130000C,(04)23274275,(04)23288582,2025,1,21,15,57,臺中市,太平區,0,1,0,7,3,6,50,13,9,1,5,4,6,6,4,4,5,4,5,2,17,2,8,1,1,C03,7,9,1,10,2,11,,59,59,1,12,4,120.713341,24.14963,2
9327,66000,387130000C,(04)23274275,(04)23288582,2025,1,21,15,58,臺中市,太平區,0,1,0,7,2,6,50,13,7,1,5,4,6,6,4,4,5,5,4,1,17,3,10,3,1,B01,7,11,1,4,2,2,,32,32,1,12,4,120.730185,24.15046,2
9328,66000,387130000C,(04)23274275,(04)23288582,2025,1,21,16,0,臺中市,北屯區,0,0,0,7,,,50,,,,,,,,,,,,,,14,,,,,B12,,,5,,1,,,49,49,1,12,4,120.699812,24.178895,3
9329,66000,387130000C,(04)23274275,(04)23288582,2025,1,21,16,2,臺中市,龍井區,0,1,0,7,2,6,30,3,1,1,5,4,6,6,4,4,10,5,5,2,16,2,8,1,1,C03,7,6,1,10,2,11,,58,58,1,6,4,120.584695,24.183547,2
9330,66000,387130000C,(04)23274275,(04)23288582,2025,1,21,16,5,臺中市,西屯區,0,0,0,7,,,40,,,,,,,,,,,,,,17,,,,,B12,,,1,,1,,,8,8,1,13,4,120.635869,24.169793,3
9331,66000,387130000C,(04)23274275,(04)23288582,2025,1,21,16,18,臺中市,大雅區,0,1,0,7,2,6,60,13,9,1,5,4,6,6,4,4,1,4,5,1,16,3,10,3,1,B03,7,1,1,8,2,8,,51,51,1,13,4,120.650241,24.211267,2
9332,66000,387130000C,(04)23274275,(04)23288582,2025,1,21,16,18,臺中市,北屯區,0,1,0,7,2,6,50,4,1,1,5,4,6,6,1,1,10,5,5,2,9,2,9,6,5,H01,8,18,7,21,10,17,,95,95,1,12,5,120.733708,24.176932,2
9333,66000,387130000C,(04)23274275,(04)23288582,2025,1,21,16,19,臺中市,太平區,0,0,0,7,,,80,,,,,,,,,,,,,,,,,,,B03,,,1,,2,,,40,40,1,12,4,120.716938,24.154322,3
9334,66000,387130000C,(04)23274275,(04)23288582,2025,1,21,16,20,臺中市,沙鹿區,0,0,0,7,,,60,,,,,,,,,,,,,,12,,,,,A12,,,1,,1,,,40,40,1,13,4,120.574451,24.182975,3
9335,66000,387130000C,(04)23274275,(04)23288582,2025,1,21,16,20,臺中市,大安區,0,1,0,7,3,6,50,4,1,1,5,4,6,6,1,1,10,5,5,2,15,3,10,5,4,B03,7,9,1,10,2,5,,21,21,1,12,4,120.615686,24.380206,2
9336,66000,387130000C,(04)23274275,(04)23288582,2025,1,21,16,22,臺中市,北屯區,0,0,0,7,,,30,,,,,,,,,,,,,,12,,,,,C03,,,1,,2,,,1,1,1,6,4,120.681379,24.188874,4
9337,66000,387130000C,(04)23274275,(04)23288582,2025,1,21,16,22,臺中市,霧峰區,0,0,0,7,,,50,,,,,,,,,,,,,,17,,,,,B12,,,1,8,1,,,85,85,1,13,4,120.695752,24.015349,3
9338,66000,387130000C,(04)23274275,(04)23288582,2025,1,21,16,24,臺中市,西屯區,0,1,0,7,2,6,30,4,1,1,5,4,6,6,4,4,10,5,5,2,15,3,10,5,4,B03,7,9,1,8,2,2,,15,15,1,12,4,120.614985,24.176263,2
9339,66000,387130000C,(04)23274275,(04)23288582,2025,1,21,16,24,臺中市,霧峰區,0,0,0,7,,,50,,,,,,,,,,,,,,18,,,,,B03,,,1,,1,,,84,84,1,13,4,120.666879,24.079523,3
9340,66000,387130000C,(04)23274275,(04)23288582,2025,1,21,16,28,臺中市,北屯區,0,0,0,7,,,50,,,,,,,,,,,,,,,,,,,B12,,,1,,1,,,49,49,1,12,4,120.67048,24.176125,4
9341,66000,387130000C,(04)23274275,(04)23288582,2025,1,21,16,32,臺中市,西屯區,0,2,0,7,2,6,40,5,1,1,5,4,6,6,1,1,10,5,5,2,16,2,8,1,1,C01,7,5,1,9,1,12,,11,11,1,12,4,120.624383,24.178531,2
9342,66000,387130000C,(04)23274275,(04)23288582,2025,1,21,16,33,臺中市,西屯區,0,0,0,7,,,50,,,,,,,,,,,,,,12,,,,,A11,,,1,,1,,,8,8,1,13,4,120.607101,24.15598,3
9343,66000,387130000C,(04)23274275,(04)23288582,2025,1,21,16,33,臺中市,霧峰區,0,2,0,7,2,6,50,4,1,1,5,4,6,6,4,4,5,4,4,1,1,2,9,1,1,C03,7,9,1,10,2,11,,10,10,1,12,4,120.697142,24.06662,2
9344,66000,387130000C,(04)23274275,(04)23288582,2025,1,21,16,37,臺中市,沙鹿區,0,1,0,7,2,6,40,4,2,1,5,4,6,6,1,1,1,4,4,2,13,2,9,1,1,C03,7,9,1,10,2,11,,7,7,1,12,4,120.569324,24.22046,2
9345,66000,387130000C,(04)23274275,(04)23288582,2025,1,21,16,38,臺中市,中區,0,1,0,7,2,6,30,4,1,1,5,4,6,6,4,4,10,5,5,2,15,3,10,1,1,C03,7,9,1,10,2,12,,15,15,1,6,4,120.682019,24.142156,2
9346,66000,387130000C,(04)23274275,(04)23288582,2025,1,21,16,45,臺中市,南區,0,0,0,7,,,30,,,,,,,,,,,,,,14,,,,,B03,,,1,,9,,,49,49,1,6,4,120.660726,24.117037,3
9347,66000,387130000C,(04)23274275,(04)23288582,2025,1,21,16,47,臺中市,后里區,0,0,0,7,,,50,,,,,,,,,,,,,,16,,,,,B01,,,1,,2,,,11,11,1,12,4,120.710536,24.304867,3
9348,66000,387130000C,(04)23274275,(04)23288582,2025,1,21,16,51,臺中市,東區,0,0,0,7,,,40,,,,,,,,,,,,,,17,,,,,B11,,,1,,1,,,85,85,1,12,4,120.7093,24.144511,3
9349,66000,387130000C,(04)23274275,(04)23288582,2025,1,21,16,53,臺中市,大里區,0,0,0,7,,,50,,,,,,,,,,,,,,17,,,,,B03,,,1,,1,,,51,51,1,12,4,120.689359,24.100468,3
9350,66000,387130000C,(04)23274275,(04)23288582,2025,1,21,16,55,臺中市,北屯區,0,1,0,7,2,6,50,13,9,1,5,4,6,6,4,4,1,4,5,2,12,2,9,1,1,C03,7,9,1,10,2,14,,1,1,1,12,4,120.710465,24.182379,2
9351,66000,387130000C,(04)23274275,(04)23288582,2025,1,21,16,56,臺中市,北屯區,0,1,0,7,2,6,50,4,1,1,5,4,6,6,2,1,4,4,5,2,16,3,10,3,1,B03,7,5,1,8,2,6,,11,11,1,13,4,120.704454,24.164862,2
9352,66000,387130000C,(04)23274275,(04)23288582,2025,1,21,16,58,臺中市,沙鹿區,0,0,0,7,,,50,,,,,,,,,,,,,,17,,,,,B12,,,1,,2,,,82,82,1,13,4,120.558743,24.236654,4
9353,66000,387130000C,(04)23274275,(04)23288582,2025,1,21,17,0,臺中市,西屯區,0,1,0,7,1,6,30,4,1,1,5,4,6,6,1,1,10,5,5,1,16,3,10,3,1,B12,7,6,1,8,2,1,,48,48,1,12,4,120.656581,24.188278,2
9354,66000,387130000C,(04)23274275,(04)23288582,2025,1,21,17,0,臺中市,龍井區,0,0,0,7,,,40,,,,,,,,,,,,,,14,,,,,C03,,,1,,1,,,49,49,1,6,4,120.523674,24.202803,3
9355,66000,387130000C,(04)23274275,(04)23288582,2025,1,21,17,1,臺中市,大里區,0,0,0,7,,,50,,,,,,,,,,,,,,17,,,,,C03,,,1,,2,,,26,26,1,6,4,120.687731,24.094343,3
9356,66000,387130000C,(04)23274275,(04)23288582,2025,1,21,17,2,臺中市,太平區,0,2,0,7,2,6,30,4,1,1,5,4,6,6,4,4,10,5,5,2,15,3,10,1,1,C03,7,9,1,10,2,14,12,12,12,1,12,4,120.719284,24.125926,2
9357,66000,387130000C,(04)23274275,(04)23288582,2025,1,21,17,9,臺中市,大甲區,0,1,0,7,2,6,60,4,2,1,5,4,6,6,2,1,1,4,5,1,16,3,10,3,1,B12,7,5,1,8,2,2,,20,20,1,6,4,120.617233,24.346919,2
9358,66000,387130000C,(04)23274275,(04)23288582,2025,1,21,17,10,臺中市,北屯區,0,0,0,7,,,40,,,,,,,,,,,,,,,,,,,B03,,,1,,1,,,84,84,1,13,4,120.675579,24.200886,3
9359,66000,387130000C,(04)23274275,(04)23288582,2025,1,21,17,10,臺中市,霧峰區,0,0,0,7,,,50,,,,,,,,,,,,,,17,,,,,B12,,,1,2,2,,,84,84,1,13,4,120.699964,24.067756,3
9360,66000,387130000C,(04)23274275,(04)23288582,2025,1,21,17,14,臺中市,西屯區,0,2,0,7,2,6,50,4,1,1,5,4,6,6,1,1,10,5,5,2,17,3,10,3,1,B12,7,8,1,8,2,7,,20,20,1,12,4,120.634595,24.176292,2
9361,66000,387130000C,(04)23274275,(04)23288582,2025,1,21,17,15,臺中市,南區,0,0,0,7,,,50,,,,,,,,,,,,,,13,,,,,C03,,,1,,1,,,7,7,1,6,4,120.666824,24.119158,3
9362,66000,387130000C,(04)23274275,(04)23288582,2025,1,21,17,15,臺中市,北屯區,0,2,0,6,2,6,30,4,1,1,5,4,6,6,4,4,10,5,5,2,15,2,9,1,1,C03,7,9,1,10,2,12,,15,15,1,12,4,120.713412,24.172112,2
9363,66000,387130000C,(04)23274275,(04)23288582,2025,1,21,17,15,臺中市,大里區,0,1,0,6,3,6,50,13,7,1,5,4,6,6,4,4,5,4,5,1,12,3,10,1,1,C03,7,5,1,10,2,13,,47,47,1,12,4,120.689721,24.10702,2
9364,66000,387130000C,(04)23274275,(04)23288582,2025,1,21,17,19,臺中市,神岡區,0,0,0,7,,,30,,,,,,,,,,,,,,17,,,,,C03,,,1,,1,,,50,50,1,6,4,120.653711,24.252149,3
9365,66000,387130000C,(04)23274275,(04)23288582,2025,1,21,17,20,臺中市,南屯區,0,1,0,7,1,6,50,13,9,1,5,4,6,6,4,4,5,2,5,2,13,2,9,1,1,C03,7,9,1,10,2,14,,7,7,1,12,4,120.641884,24.146877,2
9366,66000,387130000C,(04)23274275,(04)23288582,2025,1,21,17,21,臺中市,太平區,0,0,0,7,,,50,,,,,,,,,,,,,,17,,,,,B03,,,1,,2,,,84,84,1,12,4,120.713525,24.158855,3
9367,66000,387130000C,(04)23274275,(04)23288582,2025,1,21,17,21,臺中市,梧棲區,0,1,0,7,3,6,50,4,1,1,5,4,6,6,4,4,10,5,5,2,16,2,9,1,1,C03,7,9,1,10,2,16,,59,59,1,6,4,120.523179,24.223569,2
9368,66000,387130000C,(04)23274275,(04)23288582,2025,1,21,17,23,臺中市,南區,0,2,0,7,1,6,50,4,1,1,5,4,6,6,2,1,1,5,5,2,13,2,9,2,1,C03,7,9,1,10,2,11,,7,7,1,13,4,120.670132,24.118954,2
9369,66000,387130000C,(04)23274275,(04)23288582,2025,1,21,17,23,臺中市,大甲區,0,0,0,7,,,40,,,,,,,,,,,,,,30,,,,,B03,,,1,,1,,,84,84,1,13,4,120.655893,24.390226,3
9370,66000,387130000C,(04)23274275,(04)23288582,2025,1,21,17,24,臺中市,西屯區,0,0,0,7,3,6,40,13,9,1,5,4,6,6,4,4,1,4,1,2,13,3,10,3,1,B12,7,9,1,10,7,1,,59,59,1,13,4,120.635788,24.183099,3
9371,66000,387130000C,(04)23274275,(04)23288582,2025,1,21,17,24,臺中市,西屯區,0,1,0,7,2,6,50,5,1,1,5,4,6,6,2,1,10,5,5,2,18,2,9,1,1,C03,7,9,1,10,2,14,,82,82,1,12,4,120.641103,24.173546,2
9372,66000,387130000C,(04)23274275,(04)23288582,2025,1,21,17,25,臺中市,南屯區,0,0,0,7,,,50,,,,,,,,,,,,,,14,,,,,B03,,,1,,1,,,59,59,1,12,4,120.645402,24.131895,3
9373,66000,387130000C,(04)23274275,(04)23288582,2025,1,21,17,25,臺中市,北屯區,0,0,0,7,,,50,,,,,,,,,,,,,,,,,,,B03,,,1,,1,,,7,7,1,12,4,120.708763,24.182067,3