序號,縣市別代碼,機關代碼,市話,傳真,年,月,日,時,分,縣市,區,死亡數量,受傷數量,2-30,天候,道路照明設備,道路類別,道路速限,道路型態,事故位置,路面鋪裝,路面狀態,路面缺陷,障礙物,視距,號誌種類,號誌動作,分向設施,快車道或一般車道間,快慢車道間,路面邊線,事故類型及型態,受傷程度,主要傷處,保護裝備,行動電話或功能裝置,當事者區分(類別),車輛用途,當事者行動狀態,駕照狀態,駕照種類,飲酒情形,車輛撞擊部位最初,車輛撞擊部位其他,肇事因素個別,肇事因素主要,肇事逃逸,職業,共享經濟或外送平台,GPS座標X,GPS座標Y,事故類別
9597,66000,387130000C,(04)23274275,(04)23288582,2025,1,22,10,45,臺中市,豐原區,0,1,0,7,1,6,50,4,1,1,5,4,6,6,1,1,5,4,4,2,3,3,10,3,1,B03,7,5,1,8,2,2,,10,10,1,6,4,120.71882,24.251677,2
9598,66000,387130000C,(04)23274275,(04)23288582,2025,1,22,10,46,臺中市,西區,0,2,0,7,3,6,50,4,1,1,5,4,6,6,2,1,10,5,5,2,17,2,9,1,1,C03,7,6,1,10,2,14,,20,20,1,13,4,120.657376,24.147777,2
9599,66000,387130000C,(04)23274275,(04)23288582,2025,1,22,10,49,臺中市,后里區,0,0,0,7,3,6,50,4,2,1,5,4,6,6,4,4,8,4,5,1,16,3,10,3,1,B03,7,6,1,8,1,8,,8,8,1,6,4,120.719432,24.306817,3
9600,66000,387130000C,(04)23274275,(04)23288582,2025,1,22,10,50,臺中市,北屯區,0,0,0,7,,,50,,,,,,,,,,,,,,,,,,,B03,,,1,,9,,,87,87,1,12,4,120.708635,24.165604,3
9601,66000,387130000C,(04)23274275,(04)23288582,2025,1,22,10,50,臺中市,烏日區,0,2,0,7,2,6,60,13,9,1,5,4,6,6,1,1,1,4,5,1,12,3,10,1,1,C03,7,9,1,10,2,12,,8,8,1,6,4,120.62421,24.104217,2
9602,66000,387130000C,(04)23274275,(04)23288582,2025,1,22,10,58,臺中市,大安區,0,0,0,7,,,50,,,,,,,,,,,,,,,,,,,B03,,,1,,1,,,51,51,1,6,4,120.602608,24.363091,4
9603,66000,387130000C,(04)23274275,(04)23288582,2025,1,22,11,0,臺中市,北屯區,0,0,0,7,,,50,,,,,,,,,,,,,,,,,,,B03,,,1,,9,,,50,50,1,12,4,120.691632,24.169439,4
9604,66000,387130000C,(04)23274275,(04)23288582,2025,1,22,11,1,臺中市,太平區,0,0,0,7,,,30,,,,,,,,,,,,,,17,,,,,G02,,,,,,,,49,49,1,,,120.731445,24.110797,3
9605,66000,387130000C,(04)23274275,(04)23288582,2025,1,22,11,3,臺中市,太平區,0,1,0,7,3,6,50,4,1,1,5,4,6,6,1,1,10,5,5,2,16,3,10,1,1,C03,7,9,1,10,2,11,,21,21,1,12,4,120.724638,24.141797,2
9606,66000,387130000C,(04)23274275,(04)23288582,2025,1,22,11,5,臺中市,大雅區,0,2,0,7,3,6,50,3,1,1,5,4,6,6,4,4,4,5,5,1,17,2,8,1,1,C03,7,6,1,10,2,12,,20,20,1,12,4,120.648421,24.226296,2
9607,66000,387130000C,(04)23274275,(04)23288582,2025,1,22,11,7,臺中市,北區,0,1,0,7,2,6,50,13,9,1,5,4,6,6,1,1,1,4,5,2,17,3,10,1,1,C03,7,9,1,10,2,11,,84,84,1,13,4,120.673801,24.164819,2
9608,66000,387130000C,(04)23274275,(04)23288582,2025,1,22,11,14,臺中市,北屯區,0,0,0,7,,,50,,,,,,,,,,,,,,,,,,,B03,,,1,,2,,,50,50,1,12,4,120.66975,24.196676,3
9609,66000,387130000C,(04)23274275,(04)23288582,2025,1,22,11,14,臺中市,豐原區,0,1,0,7,2,6,50,5,1,1,5,4,6,6,1,1,5,5,5,1,11,3,10,5,4,B03,7,6,1,8,2,5,,11,11,1,13,4,120.712561,24.251543,2
9610,66000,387130000C,(04)23274275,(04)23288582,2025,1,22,11,15,臺中市,北區,0,0,0,7,,,50,,,,,,,,,,,,,,17,,,,,B03,,,1,,1,,,8,8,1,13,4,120.678383,24.153281,4
9611,66000,387130000C,(04)23274275,(04)23288582,2025,1,22,11,18,臺中市,大里區,0,1,0,7,2,6,50,4,2,1,5,4,6,6,1,1,10,5,5,2,12,3,10,3,1,B12,7,9,1,8,2,5,,8,8,1,12,4,120.696447,24.111224,2
9612,66000,387130000C,(04)23274275,(04)23288582,2025,1,22,11,21,臺中市,大里區,0,1,0,7,2,6,30,13,9,1,5,4,6,6,4,4,10,5,5,2,11,3,10,3,1,B03,7,6,1,8,2,7,,48,48,1,12,4,120.705604,24.108796,2
9613,66000,387130000C,(04)23274275,(04)23288582,2025,1,22,11,21,臺中市,后里區,0,1,0,7,3,6,50,4,2,1,5,4,6,6,2,1,1,4,4,1,13,2,8,3,1,B12,7,9,1,6,2,8,,59,59,1,6,4,120.72365,24.294861,2
9614,66000,387130000C,(04)23274275,(04)23288582,2025,1,22,11,22,臺中市,南屯區,0,0,0,7,,,50,,,,,,,,,,,,,,,,,,,B03,,,1,,2,,,49,49,1,6,4,120.603609,24.135995,3
9615,66000,387130000C,(04)23274275,(04)23288582,2025,1,22,11,23,臺中市,西區,0,1,0,7,3,6,50,4,1,1,5,4,6,6,2,1,10,5,5,2,15,3,10,3,1,B02,7,9,1,8,2,5,,21,21,1,13,4,120.65302,24.146736,2
9616,66000,387130000C,(04)23274275,(04)23288582,2025,1,22,11,23,臺中市,北區,0,2,0,7,2,6,50,13,9,1,5,4,6,6,4,4,8,5,5,1,12,2,9,2,1,C03,7,9,1,10,2,12,,7,7,1,13,4,120.689844,24.15046,2
9617,66000,387130000C,(04)23274275,(04)23288582,2025,1,22,11,23,臺中市,西屯區,0,0,0,7,,,50,,,,,,,,,,,,,,12,,,,,C03,,,1,,1,,,7,7,1,12,4,120.597428,24.191401,3
9618,66000,387130000C,(04)23274275,(04)23288582,2025,1,22,11,25,臺中市,北屯區,0,0,0,7,,,50,,,,,,,,,,,,,,12,,,,,A41,,,1,,1,,,40,40,1,12,4,120.665157,24.200775,3
9619,66000,387130000C,(04)23274275,(04)23288582,2025,1,22,11,29,臺中市,太平區,0,0,0,7,,,50,,,,,,,,,,,,,,17,,,,,,,,,,,,,112,112,1,,,120.722234,24.109775,3
9620,66000,387130000C,(04)23274275,(04)23288582,2025,1,22,11,29,臺中市,清水區,0,1,0,7,2,6,50,4,1,1,5,4,6,6,4,4,9,2,5,2,15,3,10,3,1,B03,7,9,1,8,2,2,,12,12,1,13,4,120.577962,24.26946,2
9621,66000,387130000C,(04)23274275,(04)23288582,2025,1,22,11,30,臺中市,大甲區,0,0,0,7,,,50,,,,,,,,,,,,,,12,,,,,B03,,,1,,1,,,43,43,1,13,4,120.644482,24.405302,3
9622,66000,387130000C,(04)23274275,(04)23288582,2025,1,22,11,32,臺中市,西屯區,0,0,0,7,,,50,,,,,,,,,,,,,,13,,,,,B03,,,1,,1,,,7,7,1,13,4,120.608085,24.18716,3
9623,66000,387130000C,(04)23274275,(04)23288582,2025,1,22,11,32,臺中市,豐原區,0,2,0,7,3,6,50,13,8,1,5,4,6,6,4,4,5,5,4,2,17,2,9,1,4,C03,7,11,1,10,2,12,,39,39,1,12,4,120.699478,24.247634,2
9624,66000,387130000C,(04)23274275,(04)23288582,2025,1,22,11,33,臺中市,大甲區,0,2,0,7,3,6,50,3,1,1,5,4,6,6,4,4,10,5,5,2,16,2,8,5,4,C03,7,6,1,10,2,12,,14,14,1,6,4,120.62809,24.351788,2
9625,66000,387130000C,(04)23274275,(04)23288582,2025,1,22,11,38,臺中市,龍井區,0,0,0,7,2,6,50,13,9,1,5,4,6,6,4,4,5,2,5,1,14,3,10,3,1,B12,7,2,1,8,2,7,,49,49,1,6,4,120.592723,24.181871,3
9626,66000,387130000C,(04)23274275,(04)23288582,2025,1,22,11,39,臺中市,西屯區,0,0,0,7,,,50,,,,,,,,,,,,,,17,,,,,B12,,,1,,1,,,56,56,1,12,4,120.639717,24.157157,3
9627,66000,387130000C,(04)23274275,(04)23288582,2025,1,22,11,39,臺中市,西屯區,0,0,0,7,2,6,50,13,9,1,5,4,6,6,4,4,5,4,5,2,13,,,,,C01,,,1,,1,,,7,7,1,12,4,120.637415,24.180035,3
9628,66000,387130000C,(04)23274275,(04)23288582,2025,1,22,11,40,臺中市,豐原區,0,1,0,7,1,6,30,13,9,1,5,4,6,6,4,4,5,4,4,2,18,2,9,1,1,C03,7,9,1,10,2,11,,84,84,1,12,4,120.714245,24.251105,2
9629,66000,387130000C,(04)23274275,(04)23288582,2025,1,22,11,41,臺中市,南區,0,1,0,7,2,6,50,13,9,1,5,4,6,6,4,4,9,5,5,2,18,2,9,2,1,C03,7,9,1,10,2,14,,84,84,1,12,4,120.672528,24.131125,2
9630,66000,387130000C,(04)23274275,(04)23288582,2025,1,22,11,41,臺中市,沙鹿區,0,1,0,7,2,6,30,4,1,1,5,4,6,6,2,1,10,5,5,2,18,2,9,2,1,C03,7,9,1,10,2,14,,84,84,1,6,4,120.560442,24.240839,2
9631,66000,387130000C,(04)23274275,(04)23288582,2025,1,22,11,42,臺中市,南區,0,1,0,7,3,6,50,4,4,1,5,4,6,6,1,1,9,4,4,2,13,2,9,2,1,C03,7,9,1,10,2,11,,7,7,1,13,4,120.666824,24.119158,2
9632,66000,387130000C,(04)23274275,(04)23288582,2025,1,22,11,45,臺中市,沙鹿區,0,0,0,7,,,50,,,,,,,,,,,,,,15,,,,,,,,,,,,,119,119,1,,,120.55436,24.231256,3
9633,66000,387130000C,(04)23274275,(04)23288582,2025,1,22,11,50,臺中市,東區,0,1,0,6,2,6,30,13,10,1,5,4,6,6,1,1,8,3,5,1,30,3,10,3,1,A04,7,14,1,2,1,16,,87,87,1,12,4,120.686247,24.137992,2
9634,66000,387130000C,(04)23274275,(04)23288582,2025,1,22,11,53,臺中市,西區,0,0,0,7,,,50,,,,,,,,,,,,,,12,,,,,B03,,,1,,2,,,40,40,1,12,4,120.657261,24.139286,3
9635,66000,387130000C,(04)23274275,(04)23288582,2025,1,22,11,54,臺中市,沙鹿區,0,0,0,7,,,50,,,,,,,,,,,,,,,,,,,B03,,,5,,2,,,84,84,1,13,4,120.559828,24.238001,3
9636,66000,387130000C,(04)23274275,(04)23288582,2025,1,22,11,55,臺中市,豐原區,0,0,0,6,,,50,,,,,,,,,,,,,,12,,,,,C03,,,1,,2,,,8,8,1,13,4,120.72098,24.253744,3
9637,66000,387130000C,(04)23274275,(04)23288582,2025,1,22,11,56,臺中市,西區,0,0,0,7,3,6,50,4,1,1,5,4,6,6,2,1,10,5,5,2,12,,,,,B03,,,1,,1,,,84,84,1,13,4,120.672758,24.146922,3
9638,66000,387130000C,(04)23274275,(04)23288582,2025,1,22,12,3,臺中市,東區,0,1,0,7,2,6,50,4,1,1,5,4,6,6,2,1,10,5,5,2,17,3,10,1,1,C03,7,5,1,9,2,12,,11,11,1,12,4,120.698033,24.147964,2
9639,66000,387130000C,(04)23274275,(04)23288582,2025,1,22,12,5,臺中市,南屯區,0,1,0,7,2,6,50,5,1,1,5,4,6,6,1,1,9,4,4,2,12,3,10,3,1,B02,7,5,1,8,2,2,,14,14,1,11,4,120.641887,24.148784,2
9640,66000,387130000C,(04)23274275,(04)23288582,2025,1,22,12,10,臺中市,北屯區,0,0,0,7,,,50,,,,,,,,,,,,,,16,,,,,C03,,,1,,1,,,14,14,1,6,4,120.704809,24.169257,4
9641,66000,387130000C,(04)23274275,(04)23288582,2025,1,22,12,12,臺中市,沙鹿區,0,0,0,7,,,50,,,,,,,,,,,,,,25,,,,,B03,,,1,,2,,,82,82,1,6,4,120.558366,24.233279,3
9642,66000,387130000C,(04)23274275,(04)23288582,2025,1,22,12,13,臺中市,大肚區,0,0,0,7,2,6,40,13,14,1,5,4,6,6,4,4,9,4,5,1,14,3,10,3,1,B12,7,2,1,8,2,3,,49,49,1,6,4,120.575742,24.175166,3
9643,66000,387130000C,(04)23274275,(04)23288582,2025,1,22,12,15,臺中市,西區,0,2,0,7,3,6,50,3,1,1,5,4,6,6,4,4,10,5,5,2,16,2,9,1,1,C03,7,6,1,10,2,14,,85,85,1,12,4,120.657852,24.149109,2
9644,66000,387130000C,(04)23274275,(04)23288582,2025,1,22,12,15,臺中市,大里區,0,1,0,7,2,6,50,4,1,1,5,4,6,6,4,4,10,5,5,2,16,2,9,1,1,C03,7,9,1,8,2,12,11,59,59,1,13,4,120.702977,24.08907,2
9645,66000,387130000C,(04)23274275,(04)23288582,2025,1,22,12,19,臺中市,北屯區,0,0,0,7,,,50,,,,,,,,,,,,,,13,,,,,B03,,,1,,1,,,59,59,1,6,4,120.724715,24.175041,3
9646,66000,387130000C,(04)23274275,(04)23288582,2025,1,22,12,20,臺中市,西區,0,1,0,7,2,6,50,13,9,1,5,4,6,6,4,4,5,4,5,2,12,3,10,1,1,C03,7,9,1,10,2,12,,84,84,1,13,4,120.650682,24.14644,2
9647,66000,387130000C,(04)23274275,(04)23288582,2025,1,22,12,20,臺中市,大里區,0,0,0,7,,,50,,,,,,,,,,,,,,,,,,,B03,,,1,,1,,,49,49,1,6,4,120.688152,24.0733,3
9648,66000,387130000C,(04)23274275,(04)23288582,2025,1,22,12,20,臺中市,清水區,0,2,0,7,3,6,50,4,1,1,5,4,6,6,1,1,1,4,5,1,17,2,9,1,1,C03,7,1,1,10,2,11,,51,51,1,13,4,120.549212,24.264404,2
9649,66000,387130000C,(04)23274275,(04)23288582,2025,1,22,12,20,臺中市,外埔區,0,2,0,7,3,6,50,3,1,1,5,4,6,6,4,4,10,5,5,2,16,2,9,1,1,C03,7,6,1,10,2,11,,14,14,1,12,4,120.63758,24.343565,2
9650,66000,387130000C,(04)23274275,(04)23288582,2025,1,22,12,20,臺中市,新社區,0,1,0,7,2,6,50,3,1,1,5,4,6,6,4,4,5,5,5,1,13,2,8,5,4,C03,7,9,1,10,2,11,,84,84,1,13,4,120.794097,24.218515,2
9651,66000,387130000C,(04)23274275,(04)23288582,2025,1,22,12,21,臺中市,北屯區,0,1,0,7,1,6,50,4,2,1,5,4,6,6,4,4,5,4,5,2,15,2,9,1,1,C03,7,9,1,10,2,12,,12,12,1,13,4,120.679428,24.181803,2
9652,66000,387130000C,(04)23274275,(04)23288582,2025,1,22,12,23,臺中市,西屯區,0,0,0,7,,,50,,,,,,,,,,,,,,13,,,,,B03,,,1,,1,,,7,7,1,12,4,120.635487,24.172325,3
9653,66000,387130000C,(04)23274275,(04)23288582,2025,1,22,12,25,臺中市,北屯區,0,1,0,7,3,6,50,13,9,1,5,4,6,6,2,1,1,3,5,2,16,2,9,2,1,C03,7,6,1,11,2,12,,48,48,1,12,4,120.696208,24.183202,2
9654,66000,387130000C,(04)23274275,(04)23288582,2025,1,22,12,30,臺中市,中區,0,0,0,7,,,50,,,,,,,,,,,,,,,,,,,C03,,,1,,2,,,8,8,1,13,4,120.67953,24.142404,3
9655,66000,387130000C,(04)23274275,(04)23288582,2025,1,22,12,30,臺中市,太平區,0,2,0,7,3,6,40,4,8,1,5,4,6,6,4,4,5,5,4,1,13,2,9,1,1,C03,7,9,3,19,2,11,,7,7,1,12,4,120.733758,24.120272,2
9656,66000,387130000C,(04)23274275,(04)23288582,2025,1,22,12,34,臺中市,東區,0,0,0,7,,,50,,,,,,,,,,,,,,,,,,,B03,,,1,,2,,,47,47,1,12,4,120.696131,24.150491,3
9657,66000,387130000C,(04)23274275,(04)23288582,2025,1,22,12,43,臺中市,南區,0,0,0,7,,,50,,,,,,,,,,,,,,,,,,,B03,,,,,2,,,7,7,1,6,4,120.654125,24.114313,3
9658,66000,387130000C,(04)23274275,(04)23288582,2025,1,22,12,45,臺中市,大雅區,0,1,0,6,3,6,50,4,1,1,5,4,6,6,2,1,5,2,5,1,17,2,8,1,1,C03,7,9,1,10,2,12,,39,39,1,12,4,120.653539,24.221168,2
9659,66000,387130000C,(04)23274275,(04)23288582,2025,1,22,12,46,臺中市,南屯區,0,0,0,7,3,6,50,13,9,1,5,4,6,6,4,4,5,5,5,2,16,,,,,C03,,,1,,1,,,39,39,1,12,4,120.636951,24.147714,3
9660,66000,387130000C,(04)23274275,(04)23288582,2025,1,22,12,48,臺中市,北區,0,0,0,7,,,50,,,,,,,,,,,,,,17,,,,,B03,,,1,,2,,,84,84,1,12,4,120.674295,24.143669,3
9661,66000,387130000C,(04)23274275,(04)23288582,2025,1,22,12,49,臺中市,南屯區,0,0,0,7,,,60,,,,,,,,,,,,,,13,,,,,C03,,,1,,1,,,59,59,1,6,4,120.636271,24.134433,4
9662,66000,387130000C,(04)23274275,(04)23288582,2025,1,22,12,50,臺中市,烏日區,0,1,0,7,3,6,50,3,1,1,5,4,6,6,2,1,10,5,5,2,16,3,10,3,1,B12,7,9,1,3,2,5,,87,87,1,6,4,120.616837,24.116162,2
9663,66000,387130000C,(04)23274275,(04)23288582,2025,1,22,12,53,臺中市,西區,0,0,0,7,,,30,,,,,,,,,,,,,,,,,,,C03,,,1,,1,,,12,12,1,13,4,120.659526,24.149089,3
9664,66000,387130000C,(04)23274275,(04)23288582,2025,1,22,12,55,臺中市,西屯區,0,2,0,7,2,6,30,3,1,1,5,4,6,6,4,4,5,4,5,2,17,2,9,5,4,C03,7,9,1,10,2,14,,20,20,1,12,4,120.644538,24.171593,2
9665,66000,387130000C,(04)23274275,(04)23288582,2025,1,22,13,0,臺中市,北屯區,0,0,0,7,,,50,,,,,,,,,,,,,,,,,,,B03,,,1,,1,,,84,84,1,12,4,120.67213,24.185177,3
9666,66000,387130000C,(04)23274275,(04)23288582,2025,1,22,13,2,臺中市,北屯區,0,1,0,7,2,6,30,4,1,1,5,4,6,6,4,4,10,5,5,2,15,2,9,1,1,C03,7,9,1,10,1,11,,15,15,1,12,4,120.723203,24.177808,2
9667,66000,387130000C,(04)23274275,(04)23288582,2025,1,22,13,12,臺中市,南屯區,0,0,0,7,,,50,,,,,,,,,,,,,,11,,,,,B03,,,1,,1,,,39,39,1,12,4,120.638198,24.141442,3
9668,66000,387130000C,(04)23274275,(04)23288582,2025,1,22,13,17,臺中市,北區,0,0,0,7,,,50,,,,,,,,,,,,,,15,,,,,B12,,,1,,1,,,12,12,1,12,4,120.673655,24.158459,3
9669,66000,387130000C,(04)23274275,(04)23288582,2025,1,22,13,17,臺中市,大肚區,0,0,0,7,,,50,,,,,,,,,,,,,,13,,,,,B12,,,1,,2,,,59,59,1,6,4,120.542486,24.168706,3
9670,66000,387130000C,(04)23274275,(04)23288582,2025,1,22,13,18,臺中市,大里區,0,1,0,7,3,6,50,5,2,2,5,4,6,6,1,1,4,3,5,2,12,3,10,3,1,B12,7,5,1,4,2,6,,11,11,1,5,4,120.690064,24.092694,2
9671,66000,387130000C,(04)23274275,(04)23288582,2025,1,22,13,23,臺中市,南屯區,0,0,0,7,,,50,,,,,,,,,,,,,,16,,,,,B03,,,1,,1,,,20,20,1,6,4,120.6359,24.148446,3
9672,66000,387130000C,(04)23274275,(04)23288582,2025,1,22,13,23,臺中市,太平區,0,2,0,7,2,6,50,13,7,1,5,4,6,6,4,4,5,4,4,1,13,2,9,2,1,F03,7,9,7,21,2,14,,84,84,1,13,4,120.717933,24.1527,2
9673,66000,387130000C,(04)23274275,(04)23288582,2025,1,22,13,24,臺中市,新社區,0,1,0,7,2,6,40,11,9,1,5,4,6,6,4,4,4,3,5,1,11,2,9,5,4,C03,7,8,2,19,2,11,14,85,85,1,13,4,120.797497,24.206629,2
9674,66000,387130000C,(04)23274275,(04)23288582,2025,1,22,13,38,臺中市,南屯區,0,1,0,7,1,6,50,13,7,1,5,4,6,6,4,4,1,4,4,2,16,3,10,5,4,B03,7,6,1,8,2,7,,84,84,1,13,4,120.633526,24.153556,2
9675,66000,387130000C,(04)23274275,(04)23288582,2025,1,22,13,42,臺中市,北屯區,0,0,0,7,,,50,,,,,,,,,,,,,,13,,,,,B03,,,1,,1,,,84,84,1,6,4,120.68624,24.188258,3
9676,66000,387130000C,(04)23274275,(04)23288582,2025,1,22,13,45,臺中市,梧棲區,0,0,0,7,,,60,,,,,,,,,,,,,,16,,,,,B13,,,1,,2,,,21,21,1,6,4,120.532565,24.251166,3
9677,66000,387130000C,(04)23274275,(04)23288582,2025,1,22,13,50,臺中市,梧棲區,0,0,0,7,,,30,,,,,,,,,,,,,,21,,,,,A41,,,1,,2,,,84,84,1,6,4,120.519299,24.227532,3
9678,66000,387130000C,(04)23274275,(04)23288582,2025,1,22,13,50,臺中市,外埔區,0,0,0,7,,,50,,,,,,,,,,,,,,11,,,,,B12,,,1,,2,,,50,50,1,12,4,120.654758,24.330217,3
9679,66000,387130000C,(04)23274275,(04)23288582,2025,1,22,13,54,臺中市,西區,0,0,0,7,,,50,,,,,,,,,,,,,,17,,,,,C03,,,1,,2,,,48,48,1,12,4,120.669201,24.144633,3
9680,66000,387130000C,(04)23274275,(04)23288582,2025,1,22,13,58,臺中市,北區,0,0,0,7,,,50,,,,,,,,,,,,,,13,,,,,B03,,,1,,1,,,7,7,1,13,4,120.687988,24.146741,3
9681,66000,387130000C,(04)23274275,(04)23288582,2025,1,22,14,1,臺中市,沙鹿區,0,2,0,7,2,6,50,3,2,1,5,4,6,6,1,1,3,3,3,1,17,2,9,5,4,C03,7,9,1,10,2,12,,59,59,1,13,4,120.555982,24.221059,2
9682,66000,387130000C,(04)23274275,(04)23288582,2025,1,22,14,3,臺中市,南屯區,0,0,0,7,,,50,,,,,,,,,,,,,,17,,,,,,,,,,,,,119,119,1,,,120.639253,24.142047,3
9683,66000,387130000C,(04)23274275,(04)23288582,2025,1,22,14,4,臺中市,北區,0,1,0,7,2,6,50,13,9,1,5,4,6,6,4,4,5,4,4,2,17,3,10,5,1,B03,7,9,1,8,2,5,,39,39,1,13,4,120.669874,24.155631,2
9684,66000,387130000C,(04)23274275,(04)23288582,2025,1,22,14,7,臺中市,中區,0,0,0,7,,,50,,,,,,,,,,,,,,,,,,,B03,,,1,,1,,,7,7,1,6,4,120.679497,24.142426,3
9685,66000,387130000C,(04)23274275,(04)23288582,2025,1,22,14,8,臺中市,北屯區,0,0,0,7,,,50,,,,,,,,,,,,,,,,,,,B03,,,1,,2,,,21,21,1,13,4,120.720974,24.166934,3
9686,66000,387130000C,(04)23274275,(04)23288582,2025,1,22,14,17,臺中市,西屯區,0,1,0,7,2,6,50,4,1,1,5,4,6,6,1,1,10,5,5,2,9,3,10,5,4,B03,7,6,1,8,2,8,,10,10,1,12,4,120.598382,24.204683,2
9687,66000,387130000C,(04)23274275,(04)23288582,2025,1,22,14,18,臺中市,西區,0,0,0,7,,,50,,,,,,,,,,,,,,,,,,,B12,,,1,8,2,,,50,50,1,13,4,120.665453,24.138059,3
9688,66000,387130000C,(04)23274275,(04)23288582,2025,1,22,14,18,臺中市,太平區,0,0,0,6,,,40,,,,,,,,,,,,,,17,,,,,G03,,,1,,2,,,72,72,1,6,4,120.730182,24.127698,3
9689,66000,387130000C,(04)23274275,(04)23288582,2025,1,22,14,19,臺中市,北區,0,0,0,7,2,6,50,13,8,1,5,4,6,6,4,4,5,4,4,2,17,3,10,,1,B03,7,11,1,8,1,5,,45,45,1,12,4,120.667244,24.15541,3
9690,66000,387130000C,(04)23274275,(04)23288582,2025,1,22,14,21,臺中市,沙鹿區,0,1,0,7,2,6,30,4,2,1,5,4,6,6,2,1,1,2,2,1,17,3,10,2,1,C03,7,15,1,10,2,12,,84,84,1,6,4,120.560442,24.240839,2
9691,66000,387130000C,(04)23274275,(04)23288582,2025,1,22,14,24,臺中市,西區,0,0,0,7,,,50,,,,,,,,,,,,,,,,,,,B03,,,1,,1,,,49,49,1,6,4,120.666867,24.149157,3
9692,66000,387130000C,(04)23274275,(04)23288582,2025,1,22,14,25,臺中市,南屯區,0,0,0,7,,,50,,,,,,,,,,,,,,12,,,,,B03,,,1,,2,,,40,40,1,12,4,120.628181,24.151308,3
9693,66000,387130000C,(04)23274275,(04)23288582,2025,1,22,14,33,臺中市,南區,0,2,0,7,2,6,50,4,1,1,5,4,6,6,2,1,10,5,5,2,15,2,7,1,1,C03,7,9,1,10,2,11,,85,85,1,12,4,120.683543,24.133198,2
9694,66000,387130000C,(04)23274275,(04)23288582,2025,1,22,14,37,臺中市,北區,0,0,0,7,,,50,,,,,,,,,,,,,,,,,,,B03,,,1,,1,,,84,84,1,13,4,120.673739,24.157089,3
9695,66000,387130000C,(04)23274275,(04)23288582,2025,1,22,14,40,臺中市,北屯區,0,0,0,7,,,40,,,,,,,,,,,,,,,,,,,B03,,,1,,9,,,8,8,1,11,4,120.665506,24.183579,3
9696,66000,387130000C,(04)23274275,(04)23288582,2025,1,22,14,42,臺中市,西屯區,0,2,0,7,2,6,30,4,1,1,5,4,6,6,4,4,10,5,5,2,15,2,7,1,1,C03,7,9,1,10,2,11,12,15,15,1,12,2,120.644585,24.179581,2
9697,66000,387130000C,(04)23274275,(04)23288582,2025,1,22,14,42,臺中市,西屯區,0,0,0,7,,,60,,,,,,,,,,,,,,,,,,,B03,,,1,,1,,,7,7,1,12,4,120.63559,24.182065,3
9698,66000,387130000C,(04)23274275,(04)23288582,2025,1,22,14,45,臺中市,西屯區,0,0,0,7,,,50,,,,,,,,,,,,,,13,,,,,B03,,,1,,1,,,7,7,1,12,4,120.651948,24.165821,3
9699,66000,387130000C,(04)23274275,(04)23288582,2025,1,22,14,46,臺中市,北屯區,0,0,0,7,,,50,,,,,,,,,,,,,,,,,,,B03,,,1,,1,,,50,50,1,12,4,120.732937,24.159799,3
9700,66000,387130000C,(04)23274275,(04)23288582,2025,1,22,14,46,臺中市,西屯區,0,0,0,7,,,50,,,,,,,,,,,,,,13,,,,,B12,,,1,,1,,,59,59,1,12,4,120.621756,24.183503,3
9701,66000,387130000C,(04)23274275,(04)23288582,2025,1,22,14,54,臺中市,東區,0,1,0,7,3,6,50,3,1,1,5,4,6,6,4,4,5,5,5,2,16,2,9,2,1,C03,7,6,3,19,2,11,,12,12,1,6,4,120.70705,24.131719,2
9702,66000,387130000C,(04)23274275,(04)23288582,2025,1,22,14,55,臺中市,北區,0,1,0,7,2,6,50,4,1,1,5,4,6,6,1,1,5,4,5,2,17,2,9,5,1,C03,7,9,1,10,2,11,,84,84,1,13,4,120.68616,24.146227,2
9703,66000,387130000C,(04)23274275,(04)23288582,2025,1,22,15,0,臺中市,南屯區,0,0,0,7,,,50,,,,,,,,,,,,,,,,,,,B12,,,1,,1,,,8,8,1,13,4,120.639546,24.150684,3
9704,66000,387130000C,(04)23274275,(04)23288582,2025,1,22,15,1,臺中市,豐原區,0,0,0,7,,,50,,,,,,,,,,,,,,13,,,,,B03,,,1,,2,,,84,84,1,13,4,120.702711,24.249395,3
9705,66000,387130000C,(04)23274275,(04)23288582,2025,1,22,15,5,臺中市,中區,0,0,0,7,,,50,,,,,,,,,,,,,,13,,,,,C03,,,1,,2,,,7,7,1,12,4,120.681756,24.144504,3
9706,66000,387130000C,(04)23274275,(04)23288582,2025,1,22,15,6,臺中市,大里區,0,0,0,7,,,30,,,,,,,,,,,,,,,,,,,B03,,,1,,2,,,8,8,1,6,4,120.699787,24.088478,3
9707,66000,387130000C,(04)23274275,(04)23288582,2025,1,22,15,7,臺中市,大里區,0,1,0,7,2,6,50,4,1,1,5,4,6,6,2,1,10,5,5,2,18,2,7,5,4,C03,7,9,1,10,2,12,,84,84,1,13,4,120.70118,24.100283,2
9708,66000,387130000C,(04)23274275,(04)23288582,2025,1,22,15,8,臺中市,霧峰區,0,0,0,7,,,,,,,,,,,,,,,,,30,,,,,,,,,,,,,109,109,1,,,120.714356,24.079981,3