序號,縣市別代碼,機關代碼,市話,傳真,年,月,日,時,分,縣市,區,死亡數量,受傷數量,2-30,天候,道路照明設備,道路類別,道路速限,道路型態,事故位置,路面鋪裝,路面狀態,路面缺陷,障礙物,視距,號誌種類,號誌動作,分向設施,快車道或一般車道間,快慢車道間,路面邊線,事故類型及型態,受傷程度,主要傷處,保護裝備,行動電話或功能裝置,當事者區分(類別),車輛用途,當事者行動狀態,駕照狀態,駕照種類,飲酒情形,車輛撞擊部位最初,車輛撞擊部位其他,肇事因素個別,肇事因素主要,肇事逃逸,職業,共享經濟或外送平台,GPS座標X,GPS座標Y,事故類別
9709,66000,387130000C,(04)23274275,(04)23288582,2025,1,22,15,13,臺中市,北區,0,0,0,6,,,50,,,,,,,,,,,,,,,,,,,C03,,,1,,11,,,50,50,1,13,4,120.697638,24.152351,3
9710,66000,387130000C,(04)23274275,(04)23288582,2025,1,22,15,13,臺中市,豐原區,0,0,0,7,,,50,,,,,,,,,,,,,,13,,,,,B03,,,1,,2,,,59,59,1,13,4,120.70273,24.249321,3
9711,66000,387130000C,(04)23274275,(04)23288582,2025,1,22,15,14,臺中市,南屯區,0,0,0,7,,,50,,,,,,,,,,,,,,17,,,,,C03,,,1,,1,,,40,40,1,4,4,120.650528,24.15395,3
9712,66000,387130000C,(04)23274275,(04)23288582,2025,1,22,15,15,臺中市,神岡區,0,0,0,7,,,50,,,,,,,,,,,,,,13,,,,,B12,,,1,,1,,,84,84,1,6,4,120.683994,24.245196,3
9713,66000,387130000C,(04)23274275,(04)23288582,2025,1,22,15,16,臺中市,大甲區,0,1,0,7,2,6,50,4,1,1,5,4,6,6,3,1,10,5,5,2,13,3,10,3,1,B03,7,9,1,7,2,1,,59,59,1,6,4,120.624546,24.346309,2
9714,66000,387130000C,(04)23274275,(04)23288582,2025,1,22,15,18,臺中市,東區,0,0,0,7,,,50,,,,,,,,,,,,,,,,,,,B03,,,1,,2,,,49,49,1,13,4,120.689756,24.136293,3
9715,66000,387130000C,(04)23274275,(04)23288582,2025,1,22,15,20,臺中市,中區,0,1,0,7,3,6,50,4,1,1,5,4,6,6,2,1,10,5,5,2,18,2,9,1,1,C01,7,9,1,9,2,16,,21,21,1,5,4,120.678803,24.147154,2
9716,66000,387130000C,(04)23274275,(04)23288582,2025,1,22,15,22,臺中市,神岡區,0,0,0,6,,,50,,,,,,,,,,,,,,13,,,,,B03,,,1,,1,,,7,7,1,12,4,120.654969,24.258585,3
9717,66000,387130000C,(04)23274275,(04)23288582,2025,1,22,15,23,臺中市,沙鹿區,0,0,0,7,,,50,,,,,,,,,,,,,,,,,,,C03,,,1,,9,,,23,23,2,13,4,120.570535,24.217277,3
9718,66000,387130000C,(04)23274275,(04)23288582,2025,1,22,15,26,臺中市,北區,0,0,0,7,2,6,40,13,8,1,5,4,6,6,4,4,9,4,4,2,13,3,10,1,1,C03,7,9,1,10,1,11,,7,7,1,12,4,120.67724,24.159213,3
9719,66000,387130000C,(04)23274275,(04)23288582,2025,1,22,15,29,臺中市,神岡區,0,0,0,6,,,50,,,,,,,,,,,,,,17,,,,,B03,,,1,,1,,,84,84,1,12,4,120.656849,24.264574,3
9720,66000,387130000C,(04)23274275,(04)23288582,2025,1,22,15,30,臺中市,北區,0,0,0,7,,,50,,,,,,,,,,,,,,,,,,,B12,,,1,,2,,,7,7,1,13,4,120.685689,24.148235,3
9721,66000,387130000C,(04)23274275,(04)23288582,2025,1,22,15,30,臺中市,太平區,0,1,0,7,2,6,50,3,1,1,5,4,6,6,4,4,10,5,5,2,15,2,8,6,1,F02,7,1,7,21,2,14,,51,51,1,13,4,120.734403,24.145052,2
9722,66000,387130000C,(04)23274275,(04)23288582,2025,1,22,15,31,臺中市,南屯區,0,1,0,7,1,6,50,4,1,1,5,4,6,6,1,1,5,5,5,2,15,3,10,5,4,B03,7,9,1,8,2,5,,21,21,1,13,4,120.611696,24.139031,2
9723,66000,387130000C,(04)23274275,(04)23288582,2025,1,22,15,32,臺中市,西屯區,0,0,0,7,,,50,,,,,,,,,,,,,,12,,,,,A11,,,1,,1,,,8,8,1,13,4,120.646656,24.164216,3
9724,66000,387130000C,(04)23274275,(04)23288582,2025,1,22,15,34,臺中市,豐原區,0,0,0,7,,,40,,,,,,,,,,,,,,12,,,,,B03,,,1,,2,,,51,51,1,13,4,120.729236,24.252628,3
9725,66000,387130000C,(04)23274275,(04)23288582,2025,1,22,15,35,臺中市,東區,0,0,0,7,,,50,,,,,,,,,,,,,,11,,,,,A12,,,1,,2,,,8,8,1,6,4,120.710473,24.142754,3
9726,66000,387130000C,(04)23274275,(04)23288582,2025,1,22,15,42,臺中市,神岡區,0,1,0,6,2,6,30,3,1,1,5,4,6,6,4,4,10,5,5,1,13,3,10,2,1,C03,7,6,1,10,2,11,,84,84,1,6,4,120.688925,24.241559,2
9727,66000,387130000C,(04)23274275,(04)23288582,2025,1,22,15,44,臺中市,西屯區,0,0,0,6,,,50,,,,,,,,,,,,,,13,,,,,B03,,,1,,1,,,59,59,1,12,4,120.61984,24.180794,3
9728,66000,387130000C,(04)23274275,(04)23288582,2025,1,22,15,44,臺中市,大里區,0,1,0,7,2,6,30,4,2,1,5,4,6,6,1,1,10,5,5,2,16,2,9,1,1,C03,7,9,1,10,2,11,,84,84,1,12,4,120.69232,24.115686,2
9729,66000,387130000C,(04)23274275,(04)23288582,2025,1,22,15,46,臺中市,北區,0,1,0,7,2,6,50,13,9,1,5,4,6,6,4,4,5,4,5,2,17,2,9,5,1,C03,7,9,1,10,9,14,,84,84,1,13,4,120.683019,24.14604,2
9730,66000,387130000C,(04)23274275,(04)23288582,2025,1,22,15,49,臺中市,北區,0,0,0,7,,,50,,,,,,,,,,,,,,17,,,,,C03,,,1,,1,,,8,8,1,13,4,120.684901,24.15307,3
9731,66000,387130000C,(04)23274275,(04)23288582,2025,1,22,15,49,臺中市,南屯區,0,0,0,7,,,50,,,,,,,,,,,,,,17,,,,,C03,,,1,,1,,,41,41,1,12,4,120.628661,24.149413,3
9732,66000,387130000C,(04)23274275,(04)23288582,2025,1,22,15,53,臺中市,沙鹿區,0,0,0,7,,,60,,,,,,,,,,,,,,,,,,,B03,,,5,,2,,,40,40,1,12,4,120.568505,24.238041,3
9733,66000,387130000C,(04)23274275,(04)23288582,2025,1,22,15,55,臺中市,西屯區,0,1,0,7,2,6,30,4,1,1,5,4,6,6,4,4,10,5,5,2,15,3,10,5,4,C03,7,9,1,10,2,12,,15,15,1,13,4,120.644349,24.179911,2
9734,66000,387130000C,(04)23274275,(04)23288582,2025,1,22,16,3,臺中市,南屯區,0,1,0,7,2,6,50,13,9,1,5,4,6,6,1,1,9,5,5,2,17,2,9,2,1,C03,7,9,1,10,2,11,,59,59,1,13,4,120.648689,24.153609,2
9735,66000,387130000C,(04)23274275,(04)23288582,2025,1,22,16,4,臺中市,南區,0,0,0,5,,,50,,,,,,,,,,,,,,,,,,,F01,,,1,,1,,,84,84,1,12,4,120.664361,24.113629,3
9736,66000,387130000C,(04)23274275,(04)23288582,2025,1,22,16,5,臺中市,西屯區,0,1,0,6,2,6,50,13,7,1,5,4,6,6,4,4,1,4,4,2,18,2,9,1,1,C03,7,9,1,10,2,14,,59,59,1,12,4,120.641309,24.165272,2
9737,66000,387130000C,(04)23274275,(04)23288582,2025,1,22,16,5,臺中市,后里區,0,0,0,7,,,40,,,,,,,,,,,,,,14,,,,,B13,,,1,,2,,,49,49,1,12,4,120.724987,24.309983,3
9738,66000,387130000C,(04)23274275,(04)23288582,2025,1,22,16,7,臺中市,大雅區,0,0,0,7,,,60,,,,,,,,,,,,,,,,,,,A12,,,1,,1,,,7,7,1,12,4,120.650016,24.211628,3
9739,66000,387130000C,(04)23274275,(04)23288582,2025,1,22,16,7,臺中市,西屯區,0,0,0,7,,,50,,,,,,,,,,,,,,11,,,,,F01,,,7,,2,,,34,34,1,12,4,120.657214,24.162633,3
9740,66000,387130000C,(04)23274275,(04)23288582,2025,1,22,16,7,臺中市,太平區,0,0,0,7,,,50,,,,,,,,,,,,,,,,,,,C03,,,1,,1,,,84,84,1,12,4,120.704552,24.148291,3
9741,66000,387130000C,(04)23274275,(04)23288582,2025,1,22,16,8,臺中市,北屯區,0,1,0,6,2,6,50,4,1,1,5,4,6,6,4,4,10,5,5,2,15,,,,,,,9,,,,,,86,86,2,,,120.703912,24.181347,2
9742,66000,387130000C,(04)23274275,(04)23288582,2025,1,22,16,10,臺中市,北屯區,0,0,0,7,,,50,,,,,,,,,,,,,,,,,,,C03,,,1,,1,,,7,7,1,13,4,120.671332,24.174755,3
9743,66000,387130000C,(04)23274275,(04)23288582,2025,1,22,16,10,臺中市,沙鹿區,0,0,0,7,,,50,,,,,,,,,,,,,,,,,,,B03,,,1,,2,,,12,12,1,12,4,120.56031,24.237792,3
9744,66000,387130000C,(04)23274275,(04)23288582,2025,1,22,16,10,臺中市,石岡區,0,1,0,6,1,6,70,5,1,1,5,4,6,6,1,1,10,5,5,1,15,2,8,5,4,F02,7,9,7,21,2,11,,84,84,1,12,4,120.776937,24.274086,2
9745,66000,387130000C,(04)23274275,(04)23288582,2025,1,22,16,11,臺中市,南屯區,0,0,0,7,,,50,,,,,,,,,,,,,,13,,,,,B03,,,1,,1,,,7,7,1,6,4,120.623883,24.150728,3
9746,66000,387130000C,(04)23274275,(04)23288582,2025,1,22,16,11,臺中市,豐原區,0,1,0,5,3,6,50,13,14,1,4,4,6,6,4,4,1,4,5,1,18,2,8,5,4,C03,7,9,1,10,2,14,,58,58,1,13,4,120.722188,24.277347,2
9747,66000,387130000C,(04)23274275,(04)23288582,2025,1,22,16,14,臺中市,北屯區,0,0,0,7,,,50,,,,,,,,,,,,,,13,,,,,C03,,,1,,1,,,7,7,1,13,4,120.685397,24.173878,3
9748,66000,387130000C,(04)23274275,(04)23288582,2025,1,22,16,20,臺中市,霧峰區,0,1,0,7,3,6,50,4,1,1,5,4,6,6,1,1,10,5,5,2,15,3,10,5,4,B03,7,9,1,8,2,1,,21,21,1,6,4,120.693362,24.058739,2
9749,66000,387130000C,(04)23274275,(04)23288582,2025,1,22,16,21,臺中市,西屯區,0,1,0,7,2,6,50,3,1,1,5,4,6,6,2,1,10,5,5,2,17,2,9,2,1,C03,7,9,1,10,2,16,,59,59,1,13,4,120.623331,24.182821,2
9750,66000,387130000C,(04)23274275,(04)23288582,2025,1,22,16,27,臺中市,北區,0,1,0,7,3,6,50,4,2,1,5,4,6,6,1,1,5,2,5,2,16,3,10,5,4,B03,7,6,1,8,2,2,,11,11,1,13,4,120.676304,24.150176,2
9751,66000,387130000C,(04)23274275,(04)23288582,2025,1,22,16,27,臺中市,南屯區,0,0,0,5,,,50,,,,,,,,,,,,,,,,,,,A11,,,1,,2,,,59,59,1,13,4,120.646564,24.134687,3
9752,66000,387130000C,(04)23274275,(04)23288582,2025,1,22,16,30,臺中市,西屯區,0,0,0,7,,,50,,,,,,,,,,,,,,13,,,,,B12,,,1,,1,,,7,7,1,13,4,120.659262,24.193398,3
9753,66000,387130000C,(04)23274275,(04)23288582,2025,1,22,16,34,臺中市,烏日區,0,1,0,7,2,6,40,11,8,1,5,4,6,6,4,4,1,4,4,2,18,2,9,5,4,C03,7,15,1,10,2,12,,59,59,1,13,4,120.620396,24.109445,2
9754,66000,387130000C,(04)23274275,(04)23288582,2025,1,22,16,46,臺中市,清水區,0,1,0,6,3,6,40,3,1,1,5,4,6,6,1,1,1,4,4,1,15,2,8,2,1,C03,7,9,1,10,2,11,,21,21,1,12,4,120.583114,24.283391,2
9755,66000,387130000C,(04)23274275,(04)23288582,2025,1,22,16,49,臺中市,北區,0,1,0,7,1,6,50,4,2,1,4,4,6,6,1,1,3,4,5,2,26,2,9,1,1,C03,7,9,1,10,2,11,,59,59,1,12,4,120.676357,24.163032,2
9756,66000,387130000C,(04)23274275,(04)23288582,2025,1,22,16,49,臺中市,南屯區,0,1,0,7,2,6,50,4,1,1,5,4,6,6,2,1,8,3,5,1,3,3,10,6,5,H01,8,16,7,21,10,17,,98,98,1,12,5,120.649917,24.140957,2
9757,66000,387130000C,(04)23274275,(04)23288582,2025,1,22,16,52,臺中市,西屯區,0,0,0,7,,,50,,,,,,,,,,,,,,12,,,,,B03,,,1,,1,,,85,85,1,12,4,120.617561,24.188315,3
9758,66000,387130000C,(04)23274275,(04)23288582,2025,1,22,16,53,臺中市,北區,0,0,0,7,1,6,50,4,7,1,5,4,6,6,1,1,5,4,4,2,13,3,10,1,1,C03,7,9,5,10,2,11,,7,7,1,12,4,120.675718,24.169951,3
9759,66000,387130000C,(04)23274275,(04)23288582,2025,1,22,17,1,臺中市,西屯區,0,0,0,6,,,30,,,,,,,,,,,,,,11,,,,,B11,,,1,,1,,,8,8,1,6,4,120.626835,24.186574,3
9760,66000,387130000C,(04)23274275,(04)23288582,2025,1,22,17,5,臺中市,北屯區,0,0,0,7,,,50,,,,,,,,,,,,,,,,,,,B03,,,1,,1,,,7,7,1,12,4,120.715336,24.182191,3
9761,66000,387130000C,(04)23274275,(04)23288582,2025,1,22,17,7,臺中市,南屯區,0,0,0,5,,,50,,,,,,,,,,,,,,,,,,,B03,,,1,,2,,,84,84,1,12,4,120.638705,24.147313,3
9762,66000,387130000C,(04)23274275,(04)23288582,2025,1,22,17,8,臺中市,東區,0,1,0,7,3,6,50,4,1,1,5,4,6,5,1,1,5,4,4,2,17,3,10,3,1,B03,7,6,1,8,2,8,,48,48,1,13,4,120.705379,24.137533,2
9763,66000,387130000C,(04)23274275,(04)23288582,2025,1,22,17,10,臺中市,北屯區,0,1,0,6,2,6,50,4,1,1,5,4,6,6,4,4,10,5,5,2,15,2,9,1,1,C03,7,9,1,10,2,12,,15,15,1,13,4,120.717406,24.172778,2
9764,66000,387130000C,(04)23274275,(04)23288582,2025,1,22,17,14,臺中市,霧峰區,0,0,0,7,,,50,,,,,,,,,,,,,,17,,,,,B03,,,1,8,2,,,84,84,1,13,4,120.70206,24.07571,3
9765,66000,387130000C,(04)23274275,(04)23288582,2025,1,22,17,14,臺中市,神岡區,0,1,0,5,3,6,50,13,9,1,4,4,6,6,4,4,9,5,5,1,16,3,10,3,1,B03,7,1,1,8,2,5,,51,51,1,13,4,120.673394,24.26002,2
9766,66000,387130000C,(04)23274275,(04)23288582,2025,1,22,17,14,臺中市,豐原區,0,0,0,7,,,60,,,,,,,,,,,,,,14,,,,,B13,,,1,,2,,,49,49,1,13,4,120.70476,24.237284,3
9767,66000,387130000C,(04)23274275,(04)23288582,2025,1,22,17,15,臺中市,南區,0,0,0,7,,,50,,,,,,,,,,,,,,17,,,,,,,,,,,,,119,119,1,,,120.680483,24.119216,3
9768,66000,387130000C,(04)23274275,(04)23288582,2025,1,22,17,15,臺中市,神岡區,0,1,0,6,2,6,50,13,9,1,5,4,6,6,4,4,5,5,5,1,17,2,9,6,1,F01,7,9,7,21,2,11,,84,84,1,2,4,120.701285,24.25076,2
9769,66000,387130000C,(04)23274275,(04)23288582,2025,1,22,17,17,臺中市,北屯區,0,1,0,7,1,6,50,3,1,1,5,4,6,6,4,4,5,4,5,2,17,3,10,5,4,B03,7,6,5,8,2,5,,14,14,1,13,4,120.703181,24.173354,2
9770,66000,387130000C,(04)23274275,(04)23288582,2025,1,22,17,19,臺中市,大里區,0,0,0,7,,,50,,,,,,,,,,,,,,17,,,,,B13,,,1,,2,,,51,51,1,6,4,120.676753,24.106752,3
9771,66000,387130000C,(04)23274275,(04)23288582,2025,1,22,17,20,臺中市,西屯區,0,1,0,7,1,6,50,13,7,1,5,4,6,6,4,4,3,4,4,2,13,2,9,5,4,C03,7,9,1,10,2,11,,59,59,1,12,4,120.616785,24.191387,2
9772,66000,387130000C,(04)23274275,(04)23288582,2025,1,22,17,23,臺中市,大里區,0,0,0,5,3,6,50,3,8,1,4,4,6,6,4,4,5,4,4,2,13,,,,,C03,,,1,,2,,,7,7,1,12,4,120.69091,24.112663,4
9773,66000,387130000C,(04)23274275,(04)23288582,2025,1,22,17,25,臺中市,西區,0,1,0,6,3,6,50,4,1,1,5,4,6,6,1,1,10,5,5,2,9,3,10,3,1,B03,7,6,1,8,9,1,,10,10,2,12,4,120.6653,24.146745,2
9774,66000,387130000C,(04)23274275,(04)23288582,2025,1,22,17,25,臺中市,梧棲區,0,1,0,5,2,6,50,3,1,1,4,4,6,6,4,4,10,5,5,2,16,3,10,3,1,B03,7,6,1,8,2,4,,12,12,1,6,4,120.532924,24.25211,2
9775,66000,387130000C,(04)23274275,(04)23288582,2025,1,22,17,25,臺中市,神岡區,0,0,0,7,,,50,,,,,,,,,,,,,,16,,,,,B03,,,1,,2,,,4,4,1,13,4,120.705021,24.276796,3
9776,66000,387130000C,(04)23274275,(04)23288582,2025,1,22,17,26,臺中市,大里區,0,1,0,7,1,6,50,3,2,1,5,4,6,6,3,1,10,5,5,2,12,3,10,1,1,C03,7,6,1,10,2,13,,14,14,1,12,4,120.691889,24.076847,2
9777,66000,387130000C,(04)23274275,(04)23288582,2025,1,22,17,28,臺中市,南屯區,0,1,0,6,2,6,50,4,1,1,5,4,6,6,4,4,10,5,5,2,16,3,10,3,1,B03,7,5,1,8,1,2,,20,20,1,6,4,120.648684,24.154135,2
9778,66000,387130000C,(04)23274275,(04)23288582,2025,1,22,17,30,臺中市,南屯區,0,1,0,7,1,6,50,4,1,1,5,4,6,6,4,4,5,4,5,2,15,3,10,1,1,C03,7,9,1,10,2,13,,20,20,1,12,4,120.630799,24.150178,2
9779,66000,387130000C,(04)23274275,(04)23288582,2025,1,22,17,30,臺中市,清水區,0,1,0,7,1,6,50,3,1,1,5,4,6,6,4,4,8,3,5,1,16,3,10,3,1,B03,7,6,1,8,8,5,,14,14,1,12,4,120.553507,24.275662,2
9780,66000,387130000C,(04)23274275,(04)23288582,2025,1,22,17,32,臺中市,太平區,0,1,0,6,1,6,50,3,1,1,5,4,6,6,4,4,5,5,4,1,14,3,10,5,1,B12,7,2,1,8,2,3,,49,49,1,6,4,120.729077,24.105185,2
9781,66000,387130000C,(04)23274275,(04)23288582,2025,1,22,17,33,臺中市,大甲區,0,1,0,7,1,6,50,4,1,1,5,4,6,6,2,1,10,5,5,2,17,3,10,5,4,C03,7,15,1,10,2,11,,4,4,1,6,4,120.617833,24.338933,2
9782,66000,387130000C,(04)23274275,(04)23288582,2025,1,22,17,35,臺中市,潭子區,0,0,0,7,,,60,,,,,,,,,,,,,,,,,,,B03,,,1,,2,,,59,59,1,13,4,120.686982,24.21188,3
9783,66000,387130000C,(04)23274275,(04)23288582,2025,1,22,17,35,臺中市,西屯區,0,1,0,7,2,6,50,3,1,1,5,4,6,6,4,4,10,5,5,2,18,2,9,2,1,C03,7,9,1,10,2,16,,59,59,1,13,4,120.593574,24.179977,2
9784,66000,387130000C,(04)23274275,(04)23288582,2025,1,22,17,36,臺中市,南區,0,0,0,5,,,50,,,,,,,,,,,,,,,,,,,B12,,,1,,2,,,51,51,1,13,4,120.681174,24.129113,3
9785,66000,387130000C,(04)23274275,(04)23288582,2025,1,22,17,37,臺中市,南區,0,0,0,7,,,60,,,,,,,,,,,,,,17,,,,,B12,,,1,,2,,,51,51,1,6,4,120.653353,24.113781,3
9786,66000,387130000C,(04)23274275,(04)23288582,2025,1,22,17,40,臺中市,北屯區,0,0,0,5,,,50,,,,,,,,,,,,,,9,,,,,B03,,,1,,1,,,40,40,1,6,4,120.720433,24.181927,3
9787,66000,387130000C,(04)23274275,(04)23288582,2025,1,22,17,41,臺中市,大里區,0,1,0,5,1,6,50,4,1,1,4,4,6,6,1,1,10,5,5,2,16,3,10,3,1,B12,7,5,1,10,2,5,,84,84,1,12,4,120.672487,24.104855,2
9788,66000,387130000C,(04)23274275,(04)23288582,2025,1,22,17,43,臺中市,南屯區,0,0,0,7,,,50,,,,,,,,,,,,,,,,,,,B03,,,1,,1,,,40,40,1,13,4,120.623629,24.143973,3
9789,66000,387130000C,(04)23274275,(04)23288582,2025,1,22,17,43,臺中市,西屯區,0,1,0,6,2,6,40,4,8,1,5,4,6,6,2,1,1,4,1,2,13,3,10,3,1,B03,7,6,1,8,2,1,,84,84,1,13,4,120.635885,24.182175,2
9790,66000,387130000C,(04)23274275,(04)23288582,2025,1,22,17,45,臺中市,大里區,0,1,0,5,1,6,50,4,2,1,4,4,6,6,1,1,4,5,5,1,17,3,10,5,4,B03,7,6,1,8,2,1,,39,39,1,13,4,120.691783,24.074106,2
9791,66000,387130000C,(04)23274275,(04)23288582,2025,1,22,17,46,臺中市,西屯區,0,0,0,7,,,50,,,,,,,,,,,,,,12,,,,,C03,,,1,,1,,,8,8,1,12,4,120.637489,24.17608,3
9792,66000,387130000C,(04)23274275,(04)23288582,2025,1,22,17,49,臺中市,北區,0,1,0,5,1,6,50,13,9,1,4,4,6,6,4,4,1,4,5,2,13,3,10,1,1,C03,7,9,1,10,2,11,,7,7,1,12,4,120.669528,24.163071,2
9793,66000,387130000C,(04)23274275,(04)23288582,2025,1,22,17,49,臺中市,西屯區,0,1,0,7,1,6,50,13,9,1,5,4,6,6,4,4,1,4,5,2,13,3,10,5,4,C03,7,9,1,10,2,12,,7,7,1,13,4,120.665241,24.172561,2
9794,66000,387130000C,(04)23274275,(04)23288582,2025,1,22,17,50,臺中市,神岡區,0,0,0,7,,,50,,,,,,,,,,,,,,17,,,,,B03,,,1,,2,,,84,84,1,6,4,120.69435,24.23255,3
9795,66000,387130000C,(04)23274275,(04)23288582,2025,1,22,17,52,臺中市,大里區,0,0,0,5,3,6,50,13,9,1,4,4,6,6,4,4,5,4,5,1,13,,,,,C03,,,1,,2,,,84,84,1,12,4,120.667668,24.108475,3
9796,66000,387130000C,(04)23274275,(04)23288582,2025,1,22,17,53,臺中市,太平區,0,0,0,5,,,50,,,,,,,,,,,,,,,,,,,C03,,,1,,2,,,42,42,1,12,4,120.707275,24.129269,3
9797,66000,387130000C,(04)23274275,(04)23288582,2025,1,22,17,53,臺中市,龍井區,0,2,0,6,1,6,50,4,1,1,5,4,6,6,1,1,10,5,5,2,3,2,9,1,1,C03,7,9,1,10,2,14,,59,59,1,6,4,120.523566,24.206773,2
9798,66000,387130000C,(04)23274275,(04)23288582,2025,1,22,17,54,臺中市,龍井區,0,0,0,7,,,60,,,,,,,,,,,,,,14,,,,,B03,,,1,,1,,,78,78,1,6,4,120.573526,24.187143,3
9799,66000,387130000C,(04)23274275,(04)23288582,2025,1,22,17,55,臺中市,大里區,0,1,0,7,3,6,40,13,9,1,5,4,6,6,4,4,9,5,4,2,16,2,9,1,1,C03,7,9,3,19,2,11,,84,84,1,6,4,120.696121,24.091563,2
9800,66000,387130000C,(04)23274275,(04)23288582,2025,1,22,17,57,臺中市,大里區,0,0,0,5,,,30,,,,,,,,,,,,,,14,,,,,B03,,,1,,2,,,49,49,1,6,4,120.681435,24.097959,3
9801,66000,387130000C,(04)23274275,(04)23288582,2025,1,22,17,59,臺中市,西屯區,0,1,0,7,1,6,30,13,9,1,5,4,6,6,4,4,10,5,5,2,17,2,9,1,1,C03,7,4,2,19,2,11,14,2,2,1,12,4,120.66864,24.176175,2
9802,66000,387130000C,(04)23274275,(04)23288582,2025,1,22,18,0,臺中市,梧棲區,0,0,0,6,,,60,,,,,,,,,,,,,,13,,,,,B03,,,1,,1,,,7,7,1,6,4,120.534985,24.247409,3
9803,66000,387130000C,(04)23274275,(04)23288582,2025,1,22,18,1,臺中市,梧棲區,0,0,0,7,,,50,,,,,,,,,,,,,,14,,,,,B03,,,1,,2,,,49,49,1,6,4,120.52959,24.253368,3
9804,66000,387130000C,(04)23274275,(04)23288582,2025,1,22,18,2,臺中市,北屯區,0,1,0,7,1,6,50,3,1,1,5,4,6,6,4,4,9,5,5,2,17,3,10,3,1,B03,7,13,1,8,1,7,,76,76,1,12,4,120.681062,24.17513,2
9805,66000,387130000C,(04)23274275,(04)23288582,2025,1,22,18,2,臺中市,西屯區,0,1,0,7,1,6,50,4,1,1,5,4,6,6,2,1,10,5,5,2,15,3,10,5,4,B03,7,9,1,8,2,6,,21,21,1,12,4,120.669325,24.177187,2
9806,66000,387130000C,(04)23274275,(04)23288582,2025,1,22,18,3,臺中市,北屯區,0,0,0,7,,,50,,,,,,,,,,,,,,,,,,,B12,,,1,,1,,,7,7,1,12,4,120.720764,24.167255,3
9807,66000,387130000C,(04)23274275,(04)23288582,2025,1,22,18,4,臺中市,西區,0,1,0,6,1,6,50,13,9,1,5,4,6,6,4,4,5,4,5,2,12,2,9,1,1,C03,7,8,1,10,2,14,,42,42,1,6,4,120.66133,24.150988,2
9808,66000,387130000C,(04)23274275,(04)23288582,2025,1,22,18,4,臺中市,大安區,0,2,0,7,3,6,30,13,9,1,5,4,6,6,4,4,9,5,5,1,2,2,9,2,1,C03,7,9,1,10,2,11,,59,59,1,6,4,120.596413,24.375934,2
9809,66000,387130000C,(04)23274275,(04)23288582,2025,1,22,18,6,臺中市,西區,0,1,0,7,1,6,50,4,1,1,5,4,6,6,4,4,10,5,5,2,17,3,10,3,1,B03,7,6,5,8,2,1,,14,14,1,12,4,120.658322,24.146697,2
9810,66000,387130000C,(04)23274275,(04)23288582,2025,1,22,18,10,臺中市,潭子區,0,0,0,7,,,50,,,,,,,,,,,,,,13,,,,,B03,,,1,,2,,,58,58,1,12,4,120.686649,24.215959,3
9811,66000,387130000C,(04)23274275,(04)23288582,2025,1,22,18,11,臺中市,西屯區,0,0,0,7,,,30,,,,,,,,,,,,,,16,,,,,B03,,,1,,2,,,14,14,1,13,4,120.634344,24.194165,3
9812,66000,387130000C,(04)23274275,(04)23288582,2025,1,22,18,12,臺中市,豐原區,0,0,0,7,,,50,,,,,,,,,,,,,,17,,,,,B03,,,1,,2,,,45,45,1,13,4,120.710085,24.251412,3
9813,66000,387130000C,(04)23274275,(04)23288582,2025,1,22,18,14,臺中市,烏日區,0,0,0,7,1,6,30,13,9,1,5,4,6,6,4,4,10,5,5,2,12,3,10,3,1,B03,7,9,1,8,2,6,,8,8,1,6,4,120.62947,24.099438,3
9814,66000,387130000C,(04)23274275,(04)23288582,2025,1,22,18,15,臺中市,北區,0,0,0,7,,,50,,,,,,,,,,,,,,17,,,,,B03,,,1,,1,,,87,87,1,13,4,120.681643,24.149503,3
9815,66000,387130000C,(04)23274275,(04)23288582,2025,1,22,18,18,臺中市,東區,0,1,0,5,1,6,50,11,9,1,4,4,6,6,4,4,9,5,5,2,18,2,9,2,1,C03,7,9,1,10,2,12,,87,87,1,13,4,120.689868,24.137932,2
9816,66000,387130000C,(04)23274275,(04)23288582,2025,1,22,18,19,臺中市,西區,0,1,0,7,1,6,50,4,1,1,5,4,6,6,1,1,10,5,5,2,3,3,10,3,1,B01,7,9,1,4,2,1,,10,10,1,12,4,120.669802,24.14732,2
9817,66000,387130000C,(04)23274275,(04)23288582,2025,1,22,18,19,臺中市,大里區,0,0,0,7,1,6,50,3,2,1,5,4,6,6,4,4,5,5,5,1,18,,,,,C03,,,3,19,2,,,84,84,1,13,4,120.707628,24.086732,3
9818,66000,387130000C,(04)23274275,(04)23288582,2025,1,22,18,20,臺中市,北區,0,0,0,7,1,6,50,3,2,1,5,4,6,6,4,4,5,4,4,2,12,3,10,1,1,B03,7,6,1,9,2,12,,84,84,1,12,4,120.669232,24.166294,3
9819,66000,387130000C,(04)23274275,(04)23288582,2025,1,22,18,20,臺中市,烏日區,0,0,0,7,,,80,,,,,,,,,,,,,,13,,,,,B02,,,1,,1,,,7,7,1,6,4,120.617172,24.107663,3