序號,縣市別代碼,機關代碼,市話,傳真,年,月,日,時,分,縣市,區,死亡數量,受傷數量,2-30,天候,道路照明設備,道路類別,道路速限,道路型態,事故位置,路面鋪裝,路面狀態,路面缺陷,障礙物,視距,號誌種類,號誌動作,分向設施,快車道或一般車道間,快慢車道間,路面邊線,事故類型及型態,受傷程度,主要傷處,保護裝備,行動電話或功能裝置,當事者區分(類別),車輛用途,當事者行動狀態,駕照狀態,駕照種類,飲酒情形,車輛撞擊部位最初,車輛撞擊部位其他,肇事因素個別,肇事因素主要,肇事逃逸,職業,共享經濟或外送平台,GPS座標X,GPS座標Y,事故類別
10042,66000,387130000C,(04)23274275,(04)23288582,2025,1,23,9,40,臺中市,南區,0,0,0,7,,,50,,,,,,,,,,,,,,,,,,,C03,,,1,,1,,,11,11,1,6,4,120.656736,24.11387,4
10043,66000,387130000C,(04)23274275,(04)23288582,2025,1,23,9,45,臺中市,南區,0,1,0,7,1,6,50,4,1,1,5,4,6,6,1,1,10,5,5,2,17,3,10,3,1,B12,7,6,1,8,2,6,,11,11,1,12,4,120.679083,24.127069,2
10044,66000,387130000C,(04)23274275,(04)23288582,2025,1,23,9,50,臺中市,太平區,0,0,0,7,,,30,,,,,,,,,,,,,,14,,,,,B03,,,1,,2,,,49,49,1,12,4,120.733711,24.11795,3
10045,66000,387130000C,(04)23274275,(04)23288582,2025,1,23,9,50,臺中市,梧棲區,0,1,0,7,2,6,50,13,9,1,5,4,6,6,1,1,5,4,5,1,13,3,10,3,1,B03,7,9,1,8,2,1,,84,84,1,12,4,120.537324,24.244069,2
10046,66000,387130000C,(04)23274275,(04)23288582,2025,1,23,9,56,臺中市,太平區,0,0,0,7,,,50,,,,,,,,,,,,,,16,,,,,B12,,,1,,1,,,58,58,1,12,4,120.715381,24.136891,3
10047,66000,387130000C,(04)23274275,(04)23288582,2025,1,23,9,58,臺中市,北屯區,0,2,0,7,2,6,50,3,1,1,5,4,6,6,4,4,10,5,5,2,12,2,9,1,1,C03,7,7,1,10,2,12,,84,84,1,12,4,120.704824,24.180079,2
10048,66000,387130000C,(04)23274275,(04)23288582,2025,1,23,10,0,臺中市,東區,0,0,0,7,,,50,,,,,,,,,,,,,,13,,,,,B03,,,1,,1,,,7,7,1,12,4,120.703993,24.140286,3
10049,66000,387130000C,(04)23274275,(04)23288582,2025,1,23,10,1,臺中市,大里區,0,2,0,7,3,6,40,3,2,1,5,4,6,6,1,1,1,2,4,1,13,2,9,1,1,C03,7,9,1,10,2,11,,7,7,1,13,4,120.678052,24.104027,2
10050,66000,387130000C,(04)23274275,(04)23288582,2025,1,23,10,1,臺中市,清水區,0,0,0,7,,,70,,,,,,,,,,,,,,13,,,,,B03,,,1,,2,,,59,59,1,13,4,120.566408,24.267768,3
10051,66000,387130000C,(04)23274275,(04)23288582,2025,1,23,10,5,臺中市,清水區,0,0,0,7,,,50,,,,,,,,,,,,,,17,,,,,C03,,,1,,2,,,15,15,1,12,4,120.567722,24.278074,3
10052,66000,387130000C,(04)23274275,(04)23288582,2025,1,23,10,9,臺中市,北屯區,0,0,0,7,,,50,,,,,,,,,,,,,,,,,,,B03,,,1,,9,,,49,49,1,12,4,120.689195,24.181419,3
10053,66000,387130000C,(04)23274275,(04)23288582,2025,1,23,10,16,臺中市,神岡區,0,0,0,7,,,60,,,,,,,,,,,,,,12,,,,,B03,,,1,,1,,,50,50,1,12,4,120.682896,24.246277,3
10054,66000,387130000C,(04)23274275,(04)23288582,2025,1,23,10,17,臺中市,南區,0,0,0,7,,,50,,,,,,,,,,,,,,,,,,,C03,,,1,,2,,,84,84,1,12,4,120.679394,24.122376,3
10055,66000,387130000C,(04)23274275,(04)23288582,2025,1,23,10,21,臺中市,北區,0,0,0,7,,,50,,,,,,,,,,,,,,17,,,,,A04,,,1,,2,,,51,51,1,12,4,120.685303,24.164564,4
10056,66000,387130000C,(04)23274275,(04)23288582,2025,1,23,10,26,臺中市,后里區,0,2,0,7,2,6,50,3,9,1,5,4,6,6,4,4,5,5,5,1,17,3,10,3,1,B12,7,1,1,7,2,6,,51,51,1,12,4,120.71162,24.286065,2
10057,66000,387130000C,(04)23274275,(04)23288582,2025,1,23,10,30,臺中市,西屯區,0,0,0,7,,,,,,,,,,,,,,,,,17,,,,,,,,,,,,,119,119,1,,,120.628291,24.160289,3
10058,66000,387130000C,(04)23274275,(04)23288582,2025,1,23,10,33,臺中市,北區,0,1,0,7,2,6,50,13,9,1,5,4,6,6,4,4,8,3,5,2,18,2,9,6,1,F01,7,9,7,21,2,14,,84,84,1,13,4,120.684816,24.155498,2
10059,66000,387130000C,(04)23274275,(04)23288582,2025,1,23,10,44,臺中市,太平區,0,0,0,7,,,80,,,,,,,,,,,,,,13,,,,,B03,,,1,,2,,,7,7,1,12,4,120.71269,24.145865,3
10060,66000,387130000C,(04)23274275,(04)23288582,2025,1,23,10,45,臺中市,大雅區,0,0,0,7,,,60,,,,,,,,,,,,,,,,,,,B12,,,1,,2,,,7,7,1,12,4,120.646582,24.222703,3
10061,66000,387130000C,(04)23274275,(04)23288582,2025,1,23,10,45,臺中市,太平區,0,2,0,7,2,6,50,13,9,1,5,4,6,6,4,4,5,5,5,2,13,2,9,2,2,C03,7,9,1,10,2,11,,62,62,1,12,4,120.710337,24.157626,2
10062,66000,387130000C,(04)23274275,(04)23288582,2025,1,23,10,48,臺中市,北區,0,3,0,7,2,6,50,4,1,1,5,4,6,6,1,1,10,5,5,2,17,2,9,1,1,C03,7,9,1,10,2,11,,59,59,1,12,4,120.669212,24.16515,2
10063,66000,387130000C,(04)23274275,(04)23288582,2025,1,23,10,49,臺中市,南區,0,0,0,7,,,50,,,,,,,,,,,,,,,,,,,B12,,,1,,2,,,8,8,1,6,4,120.660198,24.118989,4
10064,66000,387130000C,(04)23274275,(04)23288582,2025,1,23,10,51,臺中市,東區,0,0,0,7,,,50,,,,,,,,,,,,,,13,,,,,B03,,,1,,1,,,7,7,1,12,4,120.690037,24.131002,3
10065,66000,387130000C,(04)23274275,(04)23288582,2025,1,23,10,54,臺中市,潭子區,0,0,0,7,,,50,,,,,,,,,,,,,,16,,,,,B03,,,1,,2,,,26,26,1,13,4,120.703277,24.200731,3
10066,66000,387130000C,(04)23274275,(04)23288582,2025,1,23,10,55,臺中市,南屯區,0,1,0,7,3,6,50,18,9,1,5,4,6,6,4,4,10,5,5,2,17,3,10,5,4,B03,7,1,1,8,2,8,,51,51,1,6,4,120.632249,24.142134,2
10067,66000,387130000C,(04)23274275,(04)23288582,2025,1,23,10,56,臺中市,潭子區,0,0,0,7,,,30,,,,,,,,,,,,,,,,,,,B03,,,1,,2,,,84,84,1,12,4,120.7027,24.209171,3
10068,66000,387130000C,(04)23274275,(04)23288582,2025,1,23,10,58,臺中市,南屯區,0,1,0,7,2,6,50,3,1,1,5,4,6,6,4,4,1,4,4,2,12,3,10,3,1,B13,7,5,1,8,2,5,,14,14,1,12,4,120.623888,24.153689,2
10069,66000,387130000C,(04)23274275,(04)23288582,2025,1,23,11,0,臺中市,東區,0,1,0,7,1,6,50,13,8,1,5,4,6,6,4,4,5,4,4,2,17,3,10,3,1,B03,7,9,1,8,2,5,,84,84,1,12,4,120.693196,24.140535,2
10070,66000,387130000C,(04)23274275,(04)23288582,2025,1,23,11,1,臺中市,西屯區,0,1,0,7,1,6,50,13,7,1,5,4,6,6,4,4,5,4,4,1,16,3,10,1,1,C03,7,11,1,10,2,14,,32,32,1,12,4,120.645998,24.170273,2
10071,66000,387130000C,(04)23274275,(04)23288582,2025,1,23,11,6,臺中市,北屯區,0,1,0,7,3,6,40,13,8,1,5,4,6,6,4,4,3,5,5,2,17,3,10,3,1,B12,7,5,1,8,2,5,,84,84,1,12,4,120.729573,24.161368,2
10072,66000,387130000C,(04)23274275,(04)23288582,2025,1,23,11,7,臺中市,大里區,0,1,0,7,2,9,50,4,1,1,5,4,6,6,4,4,10,5,5,1,15,3,10,3,1,B03,7,9,1,8,2,5,,27,27,1,12,4,120.668719,24.106233,2
10073,66000,387130000C,(04)23274275,(04)23288582,2025,1,23,11,9,臺中市,南屯區,0,1,0,7,2,6,50,4,1,1,5,4,6,6,2,1,5,5,5,2,15,2,9,1,1,C03,7,9,1,10,2,14,,21,21,1,6,4,120.635522,24.136069,2
10074,66000,387130000C,(04)23274275,(04)23288582,2025,1,23,11,13,臺中市,大甲區,0,2,0,7,3,6,50,13,9,1,5,4,6,6,4,4,5,5,5,1,17,2,8,5,4,C03,7,11,3,19,2,11,,39,39,1,12,4,120.622772,24.345435,2
10075,66000,387130000C,(04)23274275,(04)23288582,2025,1,23,11,14,臺中市,大雅區,0,0,0,7,,,60,,,,,,,,,,,,,,,,,,,B03,,,1,,2,,,84,84,1,12,4,120.649783,24.212054,3
10076,66000,387130000C,(04)23274275,(04)23288582,2025,1,23,11,15,臺中市,中區,0,1,0,7,2,6,50,4,19,1,5,4,6,6,1,1,10,5,5,2,3,3,10,3,1,B03,7,6,1,8,2,1,,10,10,1,6,4,120.68258,24.140478,2
10077,66000,387130000C,(04)23274275,(04)23288582,2025,1,23,11,18,臺中市,烏日區,0,0,0,7,,,80,,,,,,,,,,,,,,13,,,,,B03,,,1,,1,,,59,59,1,13,4,120.617439,24.119493,3
10078,66000,387130000C,(04)23274275,(04)23288582,2025,1,23,11,20,臺中市,北屯區,0,1,0,7,2,6,50,5,1,1,5,4,6,6,4,4,10,5,5,2,11,2,9,1,1,C03,7,9,1,9,2,11,,85,85,1,12,4,120.668782,24.17574,2
10079,66000,387130000C,(04)23274275,(04)23288582,2025,1,23,11,23,臺中市,西屯區,0,0,0,7,,,50,,,,,,,,,,,,,,13,,,,,B03,,,1,,1,,,84,84,1,12,4,120.644033,24.160964,3
10080,66000,387130000C,(04)23274275,(04)23288582,2025,1,23,11,25,臺中市,北區,0,1,0,7,3,6,50,3,1,1,5,4,6,6,4,4,10,5,5,2,12,3,10,3,1,B03,7,9,3,19,2,5,,84,84,1,12,4,120.676957,24.164164,2
10081,66000,387130000C,(04)23274275,(04)23288582,2025,1,23,11,26,臺中市,西屯區,0,0,0,7,,,30,,,,,,,,,,,,,,11,,,,,B12,,,1,,1,,,8,8,1,12,4,120.624893,24.200135,3
10082,66000,387130000C,(04)23274275,(04)23288582,2025,1,23,11,28,臺中市,潭子區,0,0,0,7,,,30,,,,,,,,,,,,,,,,,,,B03,,,1,,2,,,59,59,1,13,4,120.692496,24.218916,3
10083,66000,387130000C,(04)23274275,(04)23288582,2025,1,23,11,29,臺中市,北屯區,0,0,0,7,,,50,,,,,,,,,,,,,,14,,,,,B03,,,1,,1,,,49,49,1,12,4,120.708982,24.192572,4
10084,66000,387130000C,(04)23274275,(04)23288582,2025,1,23,11,29,臺中市,北屯區,0,0,0,7,,,50,,,,,,,,,,,,,,,,,,,B03,,,1,,1,,,84,84,1,13,4,120.672091,24.174227,3
10085,66000,387130000C,(04)23274275,(04)23288582,2025,1,23,11,30,臺中市,大雅區,0,0,0,7,,,50,,,,,,,,,,,,,,,,,,,B03,,,1,,1,,,84,84,1,12,4,120.644865,24.225654,3
10086,66000,387130000C,(04)23274275,(04)23288582,2025,1,23,11,33,臺中市,龍井區,0,1,0,7,2,6,30,3,1,1,5,4,6,6,4,4,10,5,5,2,14,3,10,3,1,B12,7,2,1,8,2,3,,49,49,1,6,4,120.59085,24.182424,2
10087,66000,387130000C,(04)23274275,(04)23288582,2025,1,23,11,37,臺中市,北區,0,1,0,7,2,6,40,4,1,1,5,4,6,6,1,1,10,5,5,2,13,3,10,5,4,C03,7,9,1,10,2,12,,84,84,1,12,4,120.666325,24.15921,2
10088,66000,387130000C,(04)23274275,(04)23288582,2025,1,23,11,37,臺中市,北屯區,0,1,0,7,3,6,80,13,9,1,5,4,6,6,4,4,1,4,5,1,13,3,10,3,1,B03,7,9,1,8,2,1,,84,84,1,13,4,120.68847,24.201012,2
10089,66000,387130000C,(04)23274275,(04)23288582,2025,1,23,11,38,臺中市,大雅區,0,0,0,7,2,6,50,3,2,1,5,4,6,6,4,4,5,5,5,1,17,3,10,3,1,B03,7,3,1,8,1,1,,84,84,1,13,4,120.647667,24.223961,3
10090,66000,387130000C,(04)23274275,(04)23288582,2025,1,23,11,41,臺中市,北屯區,0,1,0,7,3,6,50,11,9,1,5,4,6,6,4,4,9,4,5,2,17,2,9,1,1,C03,7,9,1,10,2,14,,8,8,1,12,4,120.744928,24.186951,2
10091,66000,387130000C,(04)23274275,(04)23288582,2025,1,23,11,43,臺中市,北屯區,0,1,0,7,2,6,50,3,1,1,5,4,6,6,1,1,10,5,5,2,16,3,10,3,1,B03,7,6,1,8,2,5,,25,25,1,6,4,120.719034,24.162008,2
10092,66000,387130000C,(04)23274275,(04)23288582,2025,1,23,11,51,臺中市,大肚區,0,1,0,7,2,6,50,13,9,1,5,4,6,6,4,4,9,5,5,1,17,2,8,2,1,C03,7,6,1,10,2,14,,8,8,1,12,4,120.577288,24.165177,2
10093,66000,387130000C,(04)23274275,(04)23288582,2025,1,23,11,53,臺中市,北屯區,0,0,0,7,,,50,,,,,,,,,,,,,,13,,,,,C03,,,1,,2,,,84,84,1,13,4,120.704408,24.185439,3
10094,66000,387130000C,(04)23274275,(04)23288582,2025,1,23,11,55,臺中市,龍井區,0,0,0,7,,,60,,,,,,,,,,,,,,14,,,,,B03,,,1,,2,,,82,82,1,6,4,120.575615,24.177611,3
10095,66000,387130000C,(04)23274275,(04)23288582,2025,1,23,11,56,臺中市,北區,0,0,0,7,,,50,,,,,,,,,,,,,,12,,,,,B03,,,1,,1,,,51,51,1,13,4,120.680113,24.166882,3
10096,66000,387130000C,(04)23274275,(04)23288582,2025,1,23,11,57,臺中市,太平區,1,0,0,7,2,6,50,11,9,1,5,4,6,6,4,4,9,5,4,1,27,1,9,1,4,C03,7,9,1,10,2,11,,84,84,1,6,4,120.724011,24.106002,1
10097,66000,387130000C,(04)23274275,(04)23288582,2025,1,23,11,58,臺中市,北區,0,1,0,7,2,6,50,4,1,1,5,4,6,6,1,1,10,5,5,2,30,,,,,,,,,,,,,119,119,1,,,120.675906,24.148201,2
10098,66000,387130000C,(04)23274275,(04)23288582,2025,1,23,12,5,臺中市,西屯區,0,1,0,7,3,6,50,13,9,1,5,4,6,6,4,4,1,3,1,1,17,2,9,5,4,C03,7,9,1,10,2,14,,59,59,1,13,4,120.618467,24.184779,2
10099,66000,387130000C,(04)23274275,(04)23288582,2025,1,23,12,6,臺中市,西區,0,0,0,7,3,6,50,13,9,1,5,4,6,6,2,1,4,1,5,2,13,,,,,B03,,,1,,1,,,7,7,1,13,4,120.669038,24.137743,3
10100,66000,387130000C,(04)23274275,(04)23288582,2025,1,23,12,6,臺中市,西屯區,0,0,0,7,2,6,50,13,14,1,5,4,6,6,4,4,1,4,4,2,17,,,,,C03,,,1,,2,,,50,50,1,12,4,120.641712,24.159679,3
10101,66000,387130000C,(04)23274275,(04)23288582,2025,1,23,12,15,臺中市,烏日區,0,0,0,7,2,6,50,13,9,1,5,4,6,6,4,4,1,4,5,2,12,3,10,3,1,B03,7,8,1,8,1,8,,40,40,1,6,4,120.609034,24.112614,3
10102,66000,387130000C,(04)23274275,(04)23288582,2025,1,23,12,17,臺中市,中區,0,2,0,7,2,6,50,3,1,1,5,4,6,6,2,1,5,4,4,2,12,3,10,2,1,C03,7,15,1,10,2,12,,84,84,1,12,4,120.678324,24.139277,2
10103,66000,387130000C,(04)23274275,(04)23288582,2025,1,23,12,18,臺中市,龍井區,0,1,0,7,2,6,30,4,1,1,5,4,6,6,4,4,10,5,5,2,15,2,9,2,1,C03,7,9,1,10,2,11,,39,39,1,6,4,120.590077,24.189047,2
10104,66000,387130000C,(04)23274275,(04)23288582,2025,1,23,12,20,臺中市,豐原區,0,0,0,7,,,30,,,,,,,,,,,,,,17,,,,,,,,,,,,,86,86,2,,,120.730189,24.248993,3
10105,66000,387130000C,(04)23274275,(04)23288582,2025,1,23,12,22,臺中市,西屯區,0,1,0,7,2,6,50,4,2,1,5,4,6,6,2,1,10,5,5,2,13,3,10,1,1,C03,7,9,4,10,2,11,,7,7,1,12,4,120.667123,24.173226,2
10106,66000,387130000C,(04)23274275,(04)23288582,2025,1,23,12,26,臺中市,東區,0,0,0,7,,,50,,,,,,,,,,,,,,,,,,,B13,,,1,,1,,,7,7,1,12,4,120.699301,24.142992,3
10107,66000,387130000C,(04)23274275,(04)23288582,2025,1,23,12,26,臺中市,西屯區,0,1,0,7,1,6,50,13,9,1,5,4,6,6,4,4,5,5,5,1,13,2,8,2,1,C03,7,9,1,10,2,11,,59,59,1,12,4,120.638633,24.180514,2
10108,66000,387130000C,(04)23274275,(04)23288582,2025,1,23,12,30,臺中市,南區,0,0,0,7,,,30,,,,,,,,,,,,,,17,,,,,B11,,,1,,2,,,84,84,1,12,4,120.661088,24.125627,3
10109,66000,387130000C,(04)23274275,(04)23288582,2025,1,23,12,30,臺中市,大里區,0,0,0,7,,,50,,,,,,,,,,,,,,,,,,,B12,,,1,,2,,,49,49,1,13,4,120.699036,24.096034,3
10110,66000,387130000C,(04)23274275,(04)23288582,2025,1,23,12,31,臺中市,烏日區,0,0,0,7,,,50,,,,,,,,,,,,,,14,,,,,B03,,,1,,1,,,49,49,1,13,4,120.616873,24.113504,3
10111,66000,387130000C,(04)23274275,(04)23288582,2025,1,23,12,35,臺中市,豐原區,0,0,0,7,,,50,,,,,,,,,,,,,,16,,,,,B03,,,1,,2,,,12,12,1,12,4,120.713435,24.261047,3
10112,66000,387130000C,(04)23274275,(04)23288582,2025,1,23,12,36,臺中市,大里區,0,0,0,7,,,50,,,,,,,,,,,,,,17,,,,,A12,,,1,,1,,,84,84,1,6,4,120.686404,24.088582,3
10113,66000,387130000C,(04)23274275,(04)23288582,2025,1,23,12,38,臺中市,潭子區,0,0,0,7,,,50,,,,,,,,,,,,,,13,,,,,B03,,,1,,2,,,62,62,1,13,4,120.704594,24.205731,3
10114,66000,387130000C,(04)23274275,(04)23288582,2025,1,23,12,39,臺中市,南屯區,0,1,0,7,3,6,50,13,9,1,5,4,6,6,4,4,9,5,5,2,18,2,9,5,4,C03,7,9,1,10,2,12,,59,59,1,6,4,120.604494,24.134411,2
10115,66000,387130000C,(04)23274275,(04)23288582,2025,1,23,12,41,臺中市,北屯區,0,1,0,7,2,6,50,13,9,1,5,4,6,6,4,4,1,4,5,2,18,2,9,1,1,C03,7,9,1,10,2,12,,82,82,1,12,4,120.699269,24.177008,2
10116,66000,387130000C,(04)23274275,(04)23288582,2025,1,23,12,41,臺中市,北屯區,0,3,0,7,2,6,50,13,9,1,5,4,6,6,4,4,1,4,5,2,13,2,9,1,1,C03,7,9,1,10,2,11,,7,7,1,12,4,120.699269,24.177008,2
10117,66000,387130000C,(04)23274275,(04)23288582,2025,1,23,12,42,臺中市,西屯區,0,0,0,7,,,50,,,,,,,,,,,,,,17,,,,,B03,,,1,,1,,,11,11,1,12,4,120.637125,24.16838,3
10118,66000,387130000C,(04)23274275,(04)23288582,2025,1,23,12,45,臺中市,豐原區,0,0,0,7,,,40,,,,,,,,,,,,,,17,,,,,B03,,,1,,9,,,84,84,1,12,4,120.713063,24.239626,3
10119,66000,387130000C,(04)23274275,(04)23288582,2025,1,23,12,47,臺中市,西區,0,0,0,7,,,50,,,,,,,,,,,,,,,,,,,B03,,,1,8,1,,,38,38,1,13,4,120.671929,24.145084,3
10120,66000,387130000C,(04)23274275,(04)23288582,2025,1,23,12,52,臺中市,東區,0,1,0,7,3,6,50,4,1,1,5,4,6,6,4,4,5,5,5,2,15,2,9,2,1,C03,7,9,1,10,2,11,,15,15,1,6,4,120.70443,24.14217,2
10121,66000,387130000C,(04)23274275,(04)23288582,2025,1,23,12,53,臺中市,西區,0,0,0,7,,,40,,,,,,,,,,,,,,13,,,,,C03,,,1,,1,,,39,39,1,12,4,120.665783,24.139911,3
10122,66000,387130000C,(04)23274275,(04)23288582,2025,1,23,12,54,臺中市,南屯區,0,3,0,7,2,6,50,4,1,1,5,4,6,6,4,4,5,5,5,2,15,2,7,2,1,C03,7,9,1,10,2,14,,20,20,1,12,4,120.647775,24.1426,2
10123,66000,387130000C,(04)23274275,(04)23288582,2025,1,23,12,55,臺中市,梧棲區,0,0,0,7,,,50,,,,,,,,,,,,,,16,,,,,,,,,,,,,86,86,1,,,120.533114,24.263984,3
10124,66000,387130000C,(04)23274275,(04)23288582,2025,1,23,13,0,臺中市,西屯區,0,0,0,7,3,6,50,3,24,1,5,4,6,6,2,1,5,4,5,2,12,,,,,,,,,,,,,86,86,2,,,120.638641,24.157984,3
10125,66000,387130000C,(04)23274275,(04)23288582,2025,1,23,13,0,臺中市,太平區,0,1,0,7,2,6,40,12,9,1,5,4,6,6,4,4,5,4,5,1,18,2,9,2,1,C03,7,9,1,10,2,14,,84,84,1,13,4,120.808065,24.095749,2
10126,66000,387130000C,(04)23274275,(04)23288582,2025,1,23,13,2,臺中市,東區,0,1,0,7,2,6,50,4,2,1,5,4,6,6,1,1,10,5,5,2,18,2,9,2,1,C03,7,5,1,10,2,14,,84,84,1,12,4,120.692358,24.142542,2
10127,66000,387130000C,(04)23274275,(04)23288582,2025,1,23,13,2,臺中市,西屯區,0,1,0,7,2,6,40,3,2,1,5,4,6,6,1,1,1,4,1,2,13,2,9,1,1,C03,7,9,1,10,2,11,12,59,59,1,12,4,120.648829,24.163462,2
10128,66000,387130000C,(04)23274275,(04)23288582,2025,1,23,13,7,臺中市,南屯區,0,0,0,7,,,50,,,,,,,,,,,,,,14,,,,,C03,,,1,,1,,,85,85,1,6,4,120.637334,24.138053,3
10129,66000,387130000C,(04)23274275,(04)23288582,2025,1,23,13,12,臺中市,沙鹿區,0,1,0,7,2,6,40,13,8,1,5,4,6,6,4,4,5,4,4,2,17,2,9,1,1,C03,7,9,1,10,2,11,,7,7,1,13,4,120.566192,24.233473,2
10130,66000,387130000C,(04)23274275,(04)23288582,2025,1,23,13,15,臺中市,北區,0,0,0,7,,,50,,,,,,,,,,,,,,13,,,,,C03,,,1,,2,,,59,59,1,12,4,120.671325,24.173161,3
10131,66000,387130000C,(04)23274275,(04)23288582,2025,1,23,13,19,臺中市,大雅區,0,0,0,7,,,40,,,,,,,,,,,,,,,,,,,B03,,,1,,2,,,45,45,1,12,4,120.630377,24.210372,3
10132,66000,387130000C,(04)23274275,(04)23288582,2025,1,23,13,24,臺中市,西區,0,1,0,7,3,6,50,4,1,1,5,4,6,6,2,1,10,5,5,2,12,3,10,3,1,B01,7,14,1,1,2,6,,77,77,1,6,4,120.663122,24.156527,2
10133,66000,387130000C,(04)23274275,(04)23288582,2025,1,23,13,26,臺中市,北屯區,0,0,0,7,,,50,,,,,,,,,,,,,,12,,,,,B03,,,1,,1,,,84,84,1,12,4,120.690149,24.175846,3
10134,66000,387130000C,(04)23274275,(04)23288582,2025,1,23,13,28,臺中市,西屯區,0,1,0,7,3,6,40,13,8,1,5,4,6,6,4,4,1,4,4,1,17,3,10,5,4,C04,7,9,1,10,2,11,,84,84,1,13,4,120.668979,24.177502,2
10135,66000,387130000C,(04)23274275,(04)23288582,2025,1,23,13,30,臺中市,北區,0,0,0,7,,,50,,,,,,,,,,,,,,13,,,,,B03,,,1,,2,,,84,84,1,12,4,120.671639,24.173359,3
10136,66000,387130000C,(04)23274275,(04)23288582,2025,1,23,13,30,臺中市,東區,0,0,0,7,1,6,50,4,1,1,5,4,6,6,,4,10,5,5,2,17,3,10,3,1,B03,7,5,1,8,1,8,,84,84,1,12,4,120.695125,24.146266,3
10137,66000,387130000C,(04)23274275,(04)23288582,2025,1,23,13,30,臺中市,南屯區,0,2,0,7,2,6,50,4,2,1,5,4,6,6,1,1,9,5,5,2,17,3,10,3,1,B03,7,9,1,8,2,1,,59,59,1,13,4,120.638358,24.147176,2
10138,66000,387130000C,(04)23274275,(04)23288582,2025,1,23,13,32,臺中市,大雅區,0,0,0,7,,,50,,,,,,,,,,,,,,,,,,,B03,,,1,,2,,,84,84,1,13,4,120.637761,24.217807,3
10139,66000,387130000C,(04)23274275,(04)23288582,2025,1,23,13,32,臺中市,南區,0,0,0,7,,,30,,,,,,,,,,,,,,17,,,,,B03,,,1,,1,,,85,85,1,12,4,120.669441,24.122761,4
10140,66000,387130000C,(04)23274275,(04)23288582,2025,1,23,13,32,臺中市,西屯區,0,2,0,7,1,6,50,4,1,1,5,4,6,6,2,1,10,5,5,1,15,2,9,2,1,C03,7,9,1,10,2,12,,21,21,1,12,4,120.649858,24.171407,2
10141,66000,387130000C,(04)23274275,(04)23288582,2025,1,23,13,39,臺中市,西區,0,0,0,7,,,50,,,,,,,,,,,,,,,,,,,B03,,,1,,1,,,84,84,1,6,4,120.649929,24.146421,3
10142,66000,387130000C,(04)23274275,(04)23288582,2025,1,23,13,40,臺中市,豐原區,0,0,0,7,,,30,,,,,,,,,,,,,,14,,,,,B03,,,1,,2,,,49,49,1,13,4,120.739985,24.265941,3
10143,66000,387130000C,(04)23274275,(04)23288582,2025,1,23,13,45,臺中市,西屯區,0,0,0,7,,,40,,,,,,,,,,,,,,17,,,,,B12,,,1,,1,,,51,51,1,12,4,120.641938,24.177363,3
10144,66000,387130000C,(04)23274275,(04)23288582,2025,1,23,13,46,臺中市,梧棲區,0,0,0,7,,,50,,,,,,,,,,,,,,17,,,,,F01,,,7,,1,,,84,84,1,4,1,120.556159,24.241421,3
10145,66000,387130000C,(04)23274275,(04)23288582,2025,1,23,13,49,臺中市,潭子區,0,0,0,7,,,50,,,,,,,,,,,,,,,,,,,A11,,,1,,2,,,49,49,1,13,4,120.674248,24.20925,3
10146,66000,387130000C,(04)23274275,(04)23288582,2025,1,23,14,0,臺中市,北屯區,0,0,0,7,,,50,,,,,,,,,,,,,,9,,,,,B03,,,1,,1,,,84,84,1,6,4,120.688314,24.182843,3
10147,66000,387130000C,(04)23274275,(04)23288582,2025,1,23,14,0,臺中市,大甲區,0,1,0,7,3,6,50,5,1,1,5,4,6,6,4,4,10,5,5,2,3,3,10,5,4,B03,7,6,1,8,2,8,,84,84,1,12,4,120.621808,24.345272,2
10148,66000,387130000C,(04)23274275,(04)23288582,2025,1,23,14,4,臺中市,南區,0,0,0,7,,,50,,,,,,,,,,,,,,,,,,,B03,,,1,,1,,,7,7,1,12,4,120.670199,24.11768,3
10149,66000,387130000C,(04)23274275,(04)23288582,2025,1,23,14,6,臺中市,北區,0,1,0,7,2,6,50,4,1,1,5,4,6,6,2,1,3,4,5,2,17,2,8,1,1,C03,7,9,1,10,2,14,,42,42,1,12,4,120.673171,24.166922,2
10150,66000,387130000C,(04)23274275,(04)23288582,2025,1,23,14,6,臺中市,沙鹿區,0,0,0,7,,,50,,,,,,,,,,,,,,11,,,,,C03,,,5,,2,,,59,59,1,6,4,120.573532,24.225849,3
10151,66000,387130000C,(04)23274275,(04)23288582,2025,1,23,14,7,臺中市,龍井區,0,0,0,7,,,30,,,,,,,,,,,,,,12,,,,,B12,,,1,,1,,,8,8,1,6,4,120.591298,24.180989,3
10152,66000,387130000C,(04)23274275,(04)23288582,2025,1,23,14,8,臺中市,太平區,0,1,0,7,2,6,50,13,9,1,5,4,6,6,4,4,9,5,5,1,13,3,10,3,1,A04,7,9,1,1,2,5,,7,7,1,12,4,120.705287,24.116539,2