序號,縣市別代碼,機關代碼,市話,傳真,年,月,日,時,分,縣市,區,死亡數量,受傷數量,2-30,天候,道路照明設備,道路類別,道路速限,道路型態,事故位置,路面鋪裝,路面狀態,路面缺陷,障礙物,視距,號誌種類,號誌動作,分向設施,快車道或一般車道間,快慢車道間,路面邊線,事故類型及型態,受傷程度,主要傷處,保護裝備,行動電話或功能裝置,當事者區分(類別),車輛用途,當事者行動狀態,駕照狀態,駕照種類,飲酒情形,車輛撞擊部位最初,車輛撞擊部位其他,肇事因素個別,肇事因素主要,肇事逃逸,職業,共享經濟或外送平台,GPS座標X,GPS座標Y,事故類別
10153,66000,387130000C,(04)23274275,(04)23288582,2025,1,23,14,17,臺中市,大甲區,0,3,0,7,3,6,50,4,1,1,5,4,6,6,1,1,5,5,5,1,16,2,9,6,1,F01,7,6,7,21,2,14,,4,4,1,4,4,120.625819,24.349827,2
10154,66000,387130000C,(04)23274275,(04)23288582,2025,1,23,14,19,臺中市,北屯區,0,3,0,7,3,6,50,4,1,1,5,4,6,6,1,1,5,5,4,2,16,2,9,2,1,C03,7,9,1,10,2,14,,21,21,1,6,4,120.719668,24.180136,2
10155,66000,387130000C,(04)23274275,(04)23288582,2025,1,23,14,20,臺中市,大雅區,0,0,0,7,,,30,,,,,,,,,,,,,,,,,,,A12,,,1,,1,,,20,20,1,12,4,120.640914,24.209202,3
10156,66000,387130000C,(04)23274275,(04)23288582,2025,1,23,14,21,臺中市,北屯區,0,0,0,7,,,30,,,,,,,,,,,,,,17,,,,,B12,,,1,,2,,,8,8,1,6,4,120.660956,24.194934,3
10157,66000,387130000C,(04)23274275,(04)23288582,2025,1,23,14,22,臺中市,梧棲區,0,1,0,7,3,6,30,4,1,1,5,4,6,6,4,4,10,5,5,2,15,3,10,3,1,B12,7,9,1,8,2,5,,13,13,1,6,4,120.53641,24.259761,2
10158,66000,387130000C,(04)23274275,(04)23288582,2025,1,23,14,23,臺中市,北區,0,0,0,7,,,30,,,,,,,,,,,,,,17,,,,,B03,,,1,,2,,,8,8,1,13,4,120.683173,24.158323,3
10159,66000,387130000C,(04)23274275,(04)23288582,2025,1,23,14,23,臺中市,西屯區,0,0,0,7,,,50,,,,,,,,,,,,,,17,,,,,A12,,,1,,1,,,8,8,1,13,4,120.637469,24.17582,3
10160,66000,387130000C,(04)23274275,(04)23288582,2025,1,23,14,23,臺中市,太平區,0,2,0,7,2,6,50,5,1,1,5,4,6,6,1,1,10,5,5,2,16,2,9,1,1,F03,7,6,7,21,2,14,,25,25,1,13,4,120.724779,24.149643,2
10161,66000,387130000C,(04)23274275,(04)23288582,2025,1,23,14,24,臺中市,北屯區,0,1,0,7,3,6,50,3,2,1,5,4,6,6,1,1,9,5,5,2,17,2,9,1,1,C03,7,9,1,10,1,11,,7,7,1,12,4,120.707574,24.169702,2
10162,66000,387130000C,(04)23274275,(04)23288582,2025,1,23,14,26,臺中市,梧棲區,0,2,0,7,2,6,30,11,9,1,5,4,6,6,4,4,10,5,5,2,11,2,8,1,1,C03,7,9,1,10,2,11,14,41,41,1,5,4,120.540342,24.243992,2
10163,66000,387130000C,(04)23274275,(04)23288582,2025,1,23,14,28,臺中市,北區,0,0,0,7,,,50,,,,,,,,,,,,,,17,,,,,B03,,,1,,2,,,84,84,1,13,4,120.668302,24.172777,3
10164,66000,387130000C,(04)23274275,(04)23288582,2025,1,23,14,28,臺中市,北屯區,0,0,0,7,,,50,,,,,,,,,,,,,,17,,,,,C03,,,1,,2,,,84,84,1,13,4,120.782606,24.202138,3
10165,66000,387130000C,(04)23274275,(04)23288582,2025,1,23,14,34,臺中市,大里區,0,1,0,7,2,6,50,13,9,1,5,4,6,6,1,1,10,5,5,2,17,3,10,3,1,B03,7,14,1,8,2,4,,76,76,1,12,4,120.680911,24.104613,2
10166,66000,387130000C,(04)23274275,(04)23288582,2025,1,23,14,35,臺中市,北區,0,2,0,7,2,6,50,4,2,1,5,4,6,6,1,1,5,4,5,2,17,2,9,5,1,C03,7,9,1,10,2,11,,7,7,1,13,4,120.676716,24.165172,2
10167,66000,387130000C,(04)23274275,(04)23288582,2025,1,23,14,37,臺中市,西屯區,0,1,0,7,2,6,50,5,1,1,5,4,6,6,1,1,10,5,5,2,16,3,10,5,4,B03,7,5,1,8,2,5,,85,85,1,12,4,120.634325,24.179806,2
10168,66000,387130000C,(04)23274275,(04)23288582,2025,1,23,14,45,臺中市,沙鹿區,0,0,0,7,,,50,,,,,,,,,,,,,,14,,,,,B03,,,1,,2,,,49,49,1,13,4,120.557603,24.234397,3
10169,66000,387130000C,(04)23274275,(04)23288582,2025,1,23,14,49,臺中市,西屯區,0,0,0,7,,,40,,,,,,,,,,,,,,12,,,,,B03,,,1,,1,,,40,40,1,12,4,120.650295,24.162607,3
10170,66000,387130000C,(04)23274275,(04)23288582,2025,1,23,14,50,臺中市,南區,0,0,0,7,,,50,,,,,,,,,,,,,,12,,,,,C03,,,1,,1,,,40,40,1,12,4,120.682891,24.134433,3
10171,66000,387130000C,(04)23274275,(04)23288582,2025,1,23,14,51,臺中市,西屯區,0,0,0,7,,,0,,,,,,,,,,,,,,14,,,,,B03,,,1,,2,,,49,49,1,12,4,120.643918,24.171297,3
10172,66000,387130000C,(04)23274275,(04)23288582,2025,1,23,14,51,臺中市,西屯區,0,1,0,7,2,6,50,4,1,1,5,4,6,6,1,1,5,5,5,2,16,3,10,5,4,B03,7,5,1,8,2,2,,11,11,1,12,4,120.65114,24.166917,2
10173,66000,387130000C,(04)23274275,(04)23288582,2025,1,23,14,54,臺中市,南區,0,0,0,7,,,50,,,,,,,,,,,,,,,,,,,B03,,,1,,1,,,7,7,1,6,4,120.670095,24.119043,3
10174,66000,387130000C,(04)23274275,(04)23288582,2025,1,23,14,54,臺中市,西屯區,0,1,0,7,2,6,50,13,9,1,5,4,6,6,4,4,1,4,5,2,18,2,9,2,1,C03,7,9,1,10,2,16,,85,85,1,13,2,120.640404,24.166279,2
10175,66000,387130000C,(04)23274275,(04)23288582,2025,1,23,14,54,臺中市,龍井區,0,1,0,7,3,6,30,13,9,1,5,4,6,6,4,4,10,5,5,2,19,2,7,5,4,B03,7,9,1,8,2,5,,6,6,1,12,4,120.544888,24.195438,2
10176,66000,387130000C,(04)23274275,(04)23288582,2025,1,23,14,54,臺中市,大甲區,0,0,0,7,,,50,,,,,,,,,,,,,,,,,,,B12,,,1,,1,,,49,49,1,12,4,120.653264,24.381651,3
10177,66000,387130000C,(04)23274275,(04)23288582,2025,1,23,14,55,臺中市,北屯區,0,0,0,7,,,50,,,,,,,,,,,,,,9,,,,,B03,,,1,,2,,,78,78,1,6,4,120.668598,24.173676,3
10178,66000,387130000C,(04)23274275,(04)23288582,2025,1,23,14,56,臺中市,南區,0,1,0,7,1,6,50,4,1,1,5,4,6,6,1,1,10,5,5,2,17,3,10,3,1,B03,7,5,1,8,2,6,,84,84,1,12,4,120.657882,24.11706,2
10179,66000,387130000C,(04)23274275,(04)23288582,2025,1,23,14,57,臺中市,大里區,0,1,0,7,3,6,50,4,1,1,5,4,6,6,1,1,10,5,5,2,16,3,10,3,1,B03,7,5,5,8,5,2,,11,11,1,6,4,120.687687,24.094462,2
10180,66000,387130000C,(04)23274275,(04)23288582,2025,1,23,14,58,臺中市,西區,0,1,0,7,2,6,50,4,1,1,5,4,6,6,2,1,5,4,4,2,16,3,10,3,1,B03,7,5,1,8,2,2,,11,11,1,12,4,120.655131,24.15079,2
10181,66000,387130000C,(04)23274275,(04)23288582,2025,1,23,15,4,臺中市,南區,0,1,0,7,2,6,50,3,1,1,5,4,6,6,4,4,10,5,5,2,16,2,9,1,1,C03,7,6,1,10,2,11,,7,7,1,12,4,120.655219,24.113559,2
10182,66000,387130000C,(04)23274275,(04)23288582,2025,1,23,15,5,臺中市,梧棲區,0,1,0,7,2,6,70,3,1,1,5,4,6,6,1,1,10,5,5,2,12,3,10,3,1,A31,7,7,1,1,2,5,,40,40,1,6,4,120.522874,24.249294,2
10183,66000,387130000C,(04)23274275,(04)23288582,2025,1,23,15,6,臺中市,后里區,0,1,0,7,2,6,50,4,7,1,5,4,6,6,1,1,1,4,4,1,16,3,10,3,1,B03,7,11,1,8,2,3,,45,45,1,12,4,120.723894,24.315196,2
10184,66000,387130000C,(04)23274275,(04)23288582,2025,1,23,15,8,臺中市,沙鹿區,0,0,0,7,,,50,,,,,,,,,,,,,,,,,,,B03,,,1,,2,,,7,7,1,13,4,120.563644,24.240207,3
10185,66000,387130000C,(04)23274275,(04)23288582,2025,1,23,15,8,臺中市,后里區,0,2,0,7,2,6,50,13,9,1,5,4,6,6,4,4,5,5,5,1,12,2,9,1,1,C03,7,11,1,10,2,11,,34,34,1,6,4,120.721242,24.305755,2
10186,66000,387130000C,(04)23274275,(04)23288582,2025,1,23,15,10,臺中市,大肚區,0,1,0,7,2,6,30,3,1,1,5,4,6,6,4,4,10,5,5,2,16,3,10,3,1,B03,7,5,1,8,2,8,,13,13,1,6,4,120.569447,24.121512,2
10187,66000,387130000C,(04)23274275,(04)23288582,2025,1,23,15,11,臺中市,東區,0,0,0,7,,,50,,,,,,,,,,,,,,13,,,,,C03,,,1,,1,,,7,7,1,6,4,120.689536,24.133313,3
10188,66000,387130000C,(04)23274275,(04)23288582,2025,1,23,15,15,臺中市,后里區,0,0,0,7,3,6,30,13,9,1,5,4,6,6,4,4,10,5,5,2,25,3,10,3,1,B02,7,9,1,8,1,4,,59,59,1,6,4,120.720545,24.309711,3
10189,66000,387130000C,(04)23274275,(04)23288582,2025,1,23,15,16,臺中市,潭子區,0,0,0,7,,,50,,,,,,,,,,,,,,,,,,,B03,,,1,,2,,,84,84,1,13,4,120.703489,24.200693,3
10190,66000,387130000C,(04)23274275,(04)23288582,2025,1,23,15,18,臺中市,沙鹿區,0,0,0,7,,,50,,,,,,,,,,,,,,14,,,,,B12,,,1,,1,,,49,49,1,6,4,120.563726,24.249273,3
10191,66000,387130000C,(04)23274275,(04)23288582,2025,1,23,15,20,臺中市,大安區,0,0,0,7,,,40,,,,,,,,,,,,,,25,,,,,B12,,,1,,2,,,88,88,1,6,4,120.587078,24.345819,3
10192,66000,387130000C,(04)23274275,(04)23288582,2025,1,23,15,22,臺中市,東勢區,0,0,0,7,,,70,,,,,,,,,,,,,,13,,,,,B03,,,1,,2,,,84,84,1,12,4,120.823202,24.260423,3
10193,66000,387130000C,(04)23274275,(04)23288582,2025,1,23,15,23,臺中市,霧峰區,1,0,0,7,2,6,30,3,2,1,5,4,6,6,4,4,10,5,5,1,10,3,10,3,1,B03,7,9,1,10,2,8,,41,41,1,13,4,120.675414,24.064488,1
10194,66000,387130000C,(04)23274275,(04)23288582,2025,1,23,15,24,臺中市,大甲區,0,1,0,7,3,6,50,13,12,1,5,4,6,6,4,4,5,5,5,1,13,3,10,5,4,C03,7,9,1,10,2,11,,7,7,1,6,4,120.629878,24.353109,2
10195,66000,387130000C,(04)23274275,(04)23288582,2025,1,23,15,25,臺中市,西屯區,0,0,0,7,,,50,,,,,,,,,,,,,,13,,,,,B03,,,1,,1,,,59,59,1,12,4,120.655394,24.200007,3
10196,66000,387130000C,(04)23274275,(04)23288582,2025,1,23,15,26,臺中市,南屯區,0,0,0,7,,,50,,,,,,,,,,,,,,,,,,,B12,,,1,,2,,,8,8,1,12,4,120.646116,24.133366,3
10197,66000,387130000C,(04)23274275,(04)23288582,2025,1,23,15,28,臺中市,太平區,0,0,0,7,,,30,,,,,,,,,,,,,,,,,,,A12,,,1,,2,,,8,8,1,12,4,120.721497,24.106991,3
10198,66000,387130000C,(04)23274275,(04)23288582,2025,1,23,15,29,臺中市,北屯區,0,0,0,7,,,50,,,,,,,,,,,,,,,,,,,C03,,,1,,1,,,42,42,1,12,4,120.702059,24.159862,4
10199,66000,387130000C,(04)23274275,(04)23288582,2025,1,23,15,30,臺中市,霧峰區,0,1,0,7,3,6,40,13,9,1,5,4,6,6,4,4,9,5,5,1,17,3,10,5,4,B03,7,13,1,8,2,4,,76,76,1,6,4,120.67742,24.064594,2
10200,66000,387130000C,(04)23274275,(04)23288582,2025,1,23,15,31,臺中市,烏日區,0,0,0,7,,,50,,,,,,,,,,,,,,,,,,,B02,,,1,,1,,,7,7,1,13,4,120.607048,24.108443,3
10201,66000,387130000C,(04)23274275,(04)23288582,2025,1,23,15,32,臺中市,大甲區,0,1,0,7,2,6,70,13,24,1,5,4,6,6,3,1,1,4,4,1,16,3,10,3,1,A12,7,6,1,1,2,6,,20,20,1,6,4,120.642924,24.412432,2
10202,66000,387130000C,(04)23274275,(04)23288582,2025,1,23,15,47,臺中市,大甲區,0,0,0,7,1,4,50,11,9,1,5,4,6,6,4,4,10,5,5,1,11,3,10,3,1,B12,7,9,1,8,2,4,,84,84,1,6,4,120.615573,24.346973,3
10203,66000,387130000C,(04)23274275,(04)23288582,2025,1,23,15,51,臺中市,南屯區,0,3,0,7,2,6,50,4,1,1,5,4,6,6,4,4,9,5,5,2,17,2,9,2,1,C03,7,6,1,10,2,14,,20,20,1,13,4,120.636876,24.138237,2
10204,66000,387130000C,(04)23274275,(04)23288582,2025,1,23,15,54,臺中市,豐原區,0,0,0,7,,,50,,,,,,,,,,,,,,,,,,,B03,,,1,,2,,,35,35,1,13,4,120.704958,24.249694,3
10205,66000,387130000C,(04)23274275,(04)23288582,2025,1,23,15,55,臺中市,西屯區,0,1,0,7,2,6,50,13,9,1,5,4,6,6,4,4,5,4,4,2,18,2,9,6,1,F01,7,1,7,21,2,16,,84,84,1,13,4,120.664027,24.170431,2
10206,66000,387130000C,(04)23274275,(04)23288582,2025,1,23,15,59,臺中市,南屯區,0,1,0,7,2,6,50,4,1,1,5,4,6,6,2,1,10,5,5,2,15,2,9,2,1,C03,7,9,1,10,2,11,,54,54,1,5,4,120.635213,24.151303,2
10207,66000,387130000C,(04)23274275,(04)23288582,2025,1,23,16,3,臺中市,西屯區,0,0,0,7,,,50,,,,,,,,,,,,,,16,,,,,B03,,,1,,1,,,23,23,1,13,4,120.646454,24.164454,3
10208,66000,387130000C,(04)23274275,(04)23288582,2025,1,23,16,5,臺中市,北區,0,1,0,7,2,6,30,4,2,1,5,4,6,6,4,4,10,5,5,2,17,2,9,1,1,C03,7,9,1,10,2,12,,15,15,1,13,4,120.69582,24.152822,2
10209,66000,387130000C,(04)23274275,(04)23288582,2025,1,23,16,8,臺中市,潭子區,0,1,0,6,2,6,60,4,2,1,5,4,6,6,1,1,1,4,4,1,17,3,10,2,1,C03,7,9,1,10,2,14,,84,84,1,13,4,120.70232,24.191038,2
10210,66000,387130000C,(04)23274275,(04)23288582,2025,1,23,16,8,臺中市,西屯區,0,1,0,7,2,6,50,4,1,1,5,4,6,6,1,1,10,5,5,2,15,3,10,5,4,B03,7,9,1,8,2,1,,21,21,1,12,4,120.619522,24.169082,2
10211,66000,387130000C,(04)23274275,(04)23288582,2025,1,23,16,11,臺中市,西區,0,0,0,7,,,50,,,,,,,,,,,,,,,,,,,B03,,,1,,2,,,7,7,1,12,4,120.664533,24.132187,3
10212,66000,387130000C,(04)23274275,(04)23288582,2025,1,23,16,11,臺中市,霧峰區,0,0,0,7,,,80,,,,,,,,,,,,,,13,,,,,B03,,,1,,2,,,59,59,1,12,4,120.682866,24.078009,3
10213,66000,387130000C,(04)23274275,(04)23288582,2025,1,23,16,12,臺中市,北區,0,0,0,7,,,40,,,,,,,,,,,,,,17,,,,,B03,,,1,,1,,,59,59,1,12,4,120.677058,24.154785,3
10214,66000,387130000C,(04)23274275,(04)23288582,2025,1,23,16,12,臺中市,梧棲區,0,1,0,7,3,6,70,13,9,1,5,4,6,6,4,4,1,4,5,1,13,2,1,3,1,B03,7,9,1,6,2,1,,7,7,1,6,4,120.55187,24.244007,2
10215,66000,387130000C,(04)23274275,(04)23288582,2025,1,23,16,14,臺中市,西屯區,0,1,0,7,2,6,30,13,9,1,5,4,6,6,4,4,10,5,5,2,17,2,8,5,1,F01,7,9,7,21,2,14,,8,8,1,12,4,120.638812,24.179316,2
10216,66000,387130000C,(04)23274275,(04)23288582,2025,1,23,16,15,臺中市,北區,0,2,0,7,2,6,50,13,9,1,5,4,6,6,4,4,9,4,5,2,9,3,10,6,5,H03,8,21,7,21,10,17,,109,109,1,12,5,120.69934,24.152973,2
10217,66000,387130000C,(04)23274275,(04)23288582,2025,1,23,16,16,臺中市,龍井區,0,0,0,7,,,40,,,,,,,,,,,,,,,,,,,C03,,,1,,9,,,84,84,1,12,4,120.523441,24.201817,3
10218,66000,387130000C,(04)23274275,(04)23288582,2025,1,23,16,18,臺中市,東區,0,1,0,7,3,6,50,3,1,1,5,4,6,6,4,4,10,5,5,2,13,2,7,2,1,C03,7,9,1,10,2,11,,84,84,1,13,4,120.698904,24.130561,2
10219,66000,387130000C,(04)23274275,(04)23288582,2025,1,23,16,23,臺中市,北區,0,0,0,7,2,6,50,3,2,1,5,4,6,6,4,4,1,4,5,2,16,3,10,3,1,B03,7,5,1,7,2,2,,20,20,1,12,4,120.671783,24.172325,3
10220,66000,387130000C,(04)23274275,(04)23288582,2025,1,23,16,24,臺中市,神岡區,0,0,0,7,,,50,,,,,,,,,,,,,,12,,,,,A12,,,1,,11,,,8,8,1,12,4,120.68459,24.246231,3
10221,66000,387130000C,(04)23274275,(04)23288582,2025,1,23,16,26,臺中市,西屯區,0,0,0,7,3,6,50,4,1,1,5,4,6,6,4,4,10,5,5,2,16,,,,,C03,,,1,,1,,,71,71,2,6,4,120.646543,24.171315,3
10222,66000,387130000C,(04)23274275,(04)23288582,2025,1,23,16,26,臺中市,太平區,0,2,0,7,2,6,50,13,9,1,5,4,6,6,4,4,5,5,5,2,17,2,8,1,1,C03,7,15,1,10,2,12,,84,84,1,6,4,120.711128,24.160248,2
10223,66000,387130000C,(04)23274275,(04)23288582,2025,1,23,16,29,臺中市,西屯區,0,0,0,7,,,50,,,,,,,,,,,,,,13,,,,,B13,,,1,,2,,,7,7,1,13,4,120.655771,24.19961,3
10224,66000,387130000C,(04)23274275,(04)23288582,2025,1,23,16,30,臺中市,石岡區,0,0,0,7,,,40,,,,,,,,,,,,,,,,,,,C03,,,1,,1,,,4,4,1,12,4,120.815222,24.260825,3
10225,66000,387130000C,(04)23274275,(04)23288582,2025,1,23,16,31,臺中市,西屯區,0,2,0,7,2,6,50,4,4,1,5,4,6,6,2,1,1,4,5,2,13,2,8,2,1,C03,7,9,1,10,2,11,,7,7,1,12,4,120.656174,24.169609,2
10226,66000,387130000C,(04)23274275,(04)23288582,2025,1,23,16,31,臺中市,龍井區,0,1,0,7,3,6,50,4,1,1,5,4,6,6,4,4,10,5,5,2,17,3,10,3,1,B03,7,9,1,8,2,5,,15,15,1,12,4,120.529872,24.187877,2
10227,66000,387130000C,(04)23274275,(04)23288582,2025,1,23,16,34,臺中市,大雅區,0,0,0,7,,,30,,,,,,,,,,,,,,22,,,,,B03,,,1,,2,,,84,84,1,13,4,120.645766,24.208449,3
10228,66000,387130000C,(04)23274275,(04)23288582,2025,1,23,16,35,臺中市,龍井區,0,0,0,7,,,40,,,,,,,,,,,,,,,,,,,B03,,,1,,1,,,51,51,1,12,4,120.562667,24.192515,3
10229,66000,387130000C,(04)23274275,(04)23288582,2025,1,23,16,36,臺中市,北屯區,0,1,0,7,1,6,30,4,1,1,5,4,6,6,4,4,10,5,5,2,17,3,10,5,4,B03,7,6,1,8,2,1,,13,13,1,13,4,120.682548,24.171382,2
10230,66000,387130000C,(04)23274275,(04)23288582,2025,1,23,16,36,臺中市,西屯區,0,0,0,7,,,40,,,,,,,,,,,,,,13,,,,,B03,,,1,,1,,,59,59,1,12,4,120.602195,24.182448,3
10231,66000,387130000C,(04)23274275,(04)23288582,2025,1,23,16,36,臺中市,西屯區,0,1,0,7,2,6,50,4,1,1,5,4,6,6,1,1,10,5,5,2,17,2,9,2,1,C03,7,9,1,10,2,16,,59,59,1,12,4,120.65263,24.166498,2
10232,66000,387130000C,(04)23274275,(04)23288582,2025,1,23,16,39,臺中市,西區,0,1,0,7,2,6,50,4,1,1,5,4,6,6,1,1,10,5,5,2,16,3,10,3,1,B03,7,6,1,8,2,5,,11,11,1,6,4,120.657261,24.139286,2
10233,66000,387130000C,(04)23274275,(04)23288582,2025,1,23,16,42,臺中市,南區,0,2,0,7,3,6,50,3,2,1,5,4,6,6,1,1,1,2,4,1,13,2,9,1,1,C03,7,9,1,10,2,11,,7,7,1,11,4,120.644862,24.109931,2
10234,66000,387130000C,(04)23274275,(04)23288582,2025,1,23,16,43,臺中市,霧峰區,0,0,0,7,,,40,,,,,,,,,,,,,,,,,,,C03,,,1,,2,,,7,7,1,6,4,120.679704,24.06491,3
10235,66000,387130000C,(04)23274275,(04)23288582,2025,1,23,16,45,臺中市,大里區,0,1,0,7,1,6,50,5,1,1,5,4,6,6,1,1,8,4,5,1,15,3,10,3,1,B03,7,9,1,8,2,8,,21,21,1,12,4,120.696915,24.08276,2
10236,66000,387130000C,(04)23274275,(04)23288582,2025,1,23,16,45,臺中市,大甲區,0,2,0,7,2,6,50,4,2,1,5,4,6,6,2,1,10,5,5,2,16,2,9,4,1,F01,7,9,7,21,2,12,,28,28,1,6,4,120.653974,24.390772,2
10237,66000,387130000C,(04)23274275,(04)23288582,2025,1,23,16,48,臺中市,西區,0,0,0,7,3,6,50,13,8,1,5,4,6,6,4,4,8,3,1,2,12,,,,,C03,,,1,,1,,,84,84,1,13,4,120.657822,24.157829,3
10238,66000,387130000C,(04)23274275,(04)23288582,2025,1,23,16,48,臺中市,大里區,0,2,0,7,2,6,50,3,1,1,5,4,6,6,4,4,5,5,4,2,16,2,8,1,1,C03,7,6,1,10,2,14,12,48,48,1,13,4,120.693695,24.111951,2
10239,66000,387130000C,(04)23274275,(04)23288582,2025,1,23,16,52,臺中市,南屯區,0,2,0,7,1,6,50,4,1,1,5,4,6,6,2,1,5,2,5,2,16,2,9,5,4,C03,7,6,1,10,2,12,,11,11,1,13,4,120.647819,24.146813,2
10240,66000,387130000C,(04)23274275,(04)23288582,2025,1,23,16,54,臺中市,大甲區,0,0,0,7,,,60,,,,,,,,,,,,,,,,,,,B03,,,3,,2,,,7,7,1,6,4,120.618195,24.339309,3
10241,66000,387130000C,(04)23274275,(04)23288582,2025,1,23,16,55,臺中市,北屯區,0,2,0,7,3,6,50,13,7,1,5,4,6,6,1,1,5,5,4,2,3,2,9,6,5,H01,8,18,7,21,10,17,,95,95,1,2,5,120.681174,24.170955,2
10242,66000,387130000C,(04)23274275,(04)23288582,2025,1,23,16,56,臺中市,北屯區,0,1,0,7,3,6,40,4,2,1,5,4,6,6,2,1,10,5,5,2,12,3,10,3,1,B03,7,9,1,8,2,5,,84,84,1,6,4,120.67813,24.187045,2
10243,66000,387130000C,(04)23274275,(04)23288582,2025,1,23,16,58,臺中市,梧棲區,0,1,0,7,3,6,60,3,1,1,5,4,6,6,4,4,1,4,5,1,16,3,10,3,1,A41,7,5,1,1,2,2,,47,47,1,6,4,120.525199,24.224869,2
10244,66000,387130000C,(04)23274275,(04)23288582,2025,1,23,17,0,臺中市,北屯區,0,0,0,7,,,50,,,,,,,,,,,,,,13,,,,,B03,,,1,,1,,,7,7,1,6,4,120.681939,24.181531,3
10245,66000,387130000C,(04)23274275,(04)23288582,2025,1,23,17,1,臺中市,大里區,0,3,0,6,3,6,60,13,9,1,5,4,6,6,4,4,1,4,4,1,17,2,9,1,1,C03,7,9,1,10,2,15,,85,85,1,12,4,120.691141,24.099071,2
10246,66000,387130000C,(04)23274275,(04)23288582,2025,1,23,17,2,臺中市,西屯區,0,0,0,7,,,50,,,,,,,,,,,,,,13,,,,,B03,,,1,,1,,,56,56,1,13,4,120.654884,24.168926,3
10247,66000,387130000C,(04)23274275,(04)23288582,2025,1,23,17,6,臺中市,豐原區,0,2,0,7,2,6,50,4,2,1,5,4,6,6,1,1,1,2,4,1,15,2,8,1,1,C03,7,11,1,10,2,14,,21,21,1,13,4,120.726612,24.247682,2
10248,66000,387130000C,(04)23274275,(04)23288582,2025,1,23,17,7,臺中市,大肚區,0,2,0,7,2,6,50,4,2,1,5,4,6,6,4,4,10,5,5,2,16,2,9,1,1,C03,7,6,1,10,2,11,,14,14,1,6,4,120.540593,24.156447,2
10249,66000,387130000C,(04)23274275,(04)23288582,2025,1,23,17,8,臺中市,南區,0,0,0,7,,,50,,,,,,,,,,,,,,13,,,,,B03,,,1,,2,,,84,84,1,13,4,120.651156,24.121369,3
10250,66000,387130000C,(04)23274275,(04)23288582,2025,1,23,17,10,臺中市,西屯區,0,0,0,7,,,50,,,,,,,,,,,,,,13,,,,,B03,,,1,,1,,,7,7,1,12,4,120.642433,24.176976,3
10251,66000,387130000C,(04)23274275,(04)23288582,2025,1,23,17,10,臺中市,梧棲區,0,1,0,7,2,6,40,13,8,1,5,4,6,6,4,4,1,4,1,1,13,2,8,1,1,C03,7,9,1,10,2,11,,7,7,1,6,4,120.515162,24.231681,2
10252,66000,387130000C,(04)23274275,(04)23288582,2025,1,23,17,10,臺中市,豐原區,0,0,0,7,,,50,,,,,,,,,,,,,,13,,,,,C03,,,1,,2,,,40,40,1,12,4,120.742848,24.263773,3
10253,66000,387130000C,(04)23274275,(04)23288582,2025,1,23,17,13,臺中市,大里區,0,0,0,7,,,50,,,,,,,,,,,,,,16,,,,,B03,,,1,,2,,,47,47,1,12,4,120.681082,24.104827,3
10254,66000,387130000C,(04)23274275,(04)23288582,2025,1,23,17,14,臺中市,大雅區,0,0,0,7,,,60,,,,,,,,,,,,,,12,,,,,B12,,,1,,1,,,40,40,1,12,4,120.656605,24.230405,3
10255,66000,387130000C,(04)23274275,(04)23288582,2025,1,23,17,15,臺中市,大雅區,0,1,0,7,3,6,30,3,9,1,5,4,6,6,4,4,10,5,5,2,14,3,10,3,1,B03,7,2,1,8,2,3,,49,49,1,13,4,120.644008,24.228622,2
10256,66000,387130000C,(04)23274275,(04)23288582,2025,1,23,17,17,臺中市,北屯區,0,0,0,7,,,50,,,,,,,,,,,,,,,,,,,C03,,,1,,1,,,8,8,1,12,4,120.719235,24.176202,3
10257,66000,387130000C,(04)23274275,(04)23288582,2025,1,23,17,18,臺中市,南區,0,1,0,7,2,6,50,4,1,1,5,4,6,6,2,1,10,5,5,2,13,2,9,1,1,C03,7,9,1,10,2,11,,7,7,1,12,4,120.664387,24.118712,2
10258,66000,387130000C,(04)23274275,(04)23288582,2025,1,23,17,18,臺中市,北屯區,0,0,0,7,,,,,,,,,,,,,,,,,,,,,,,,,,,,,,116,116,1,,,120.721488,24.164357,3
10259,66000,387130000C,(04)23274275,(04)23288582,2025,1,23,17,18,臺中市,龍井區,0,1,0,7,3,6,50,13,9,1,5,4,6,6,4,4,5,5,5,2,30,,,,,,,,,,,,,119,119,1,,,120.530384,24.183826,2
10260,66000,387130000C,(04)23274275,(04)23288582,2025,1,23,17,20,臺中市,西區,0,0,0,7,,,40,,,,,,,,,,,,,,17,,,,,,,,,,,,,119,119,1,,,120.660052,24.157936,3
10261,66000,387130000C,(04)23274275,(04)23288582,2025,1,23,17,22,臺中市,太平區,0,0,0,7,,,50,,,,,,,,,,,,,,,,,,,B12,,,1,,9,,,58,58,1,12,4,120.71778,24.123263,3
10262,66000,387130000C,(04)23274275,(04)23288582,2025,1,23,17,25,臺中市,大肚區,0,1,0,7,2,6,50,13,8,1,5,4,6,6,2,1,1,4,4,2,17,3,10,3,1,B13,7,11,1,8,2,5,,45,45,1,6,4,120.568188,24.121826,2