序號,縣市別代碼,機關代碼,市話,傳真,年,月,日,時,分,縣市,區,死亡數量,受傷數量,2-30,天候,道路照明設備,道路類別,道路速限,道路型態,事故位置,路面鋪裝,路面狀態,路面缺陷,障礙物,視距,號誌種類,號誌動作,分向設施,快車道或一般車道間,快慢車道間,路面邊線,事故類型及型態,受傷程度,主要傷處,保護裝備,行動電話或功能裝置,當事者區分(類別),車輛用途,當事者行動狀態,駕照狀態,駕照種類,飲酒情形,車輛撞擊部位最初,車輛撞擊部位其他,肇事因素個別,肇事因素主要,肇事逃逸,職業,共享經濟或外送平台,GPS座標X,GPS座標Y,事故類別
10263,66000,387130000C,(04)23274275,(04)23288582,2025,1,23,17,27,臺中市,大里區,0,0,0,7,,,30,,,,,,,,,,,,,,,,,,,C03,,,1,,1,,,48,48,1,6,4,120.696566,24.094618,3
10264,66000,387130000C,(04)23274275,(04)23288582,2025,1,23,17,28,臺中市,大里區,0,1,0,7,1,6,50,4,1,1,5,4,6,6,2,1,5,5,4,1,16,3,10,1,1,C03,7,6,1,10,2,13,,11,11,1,6,4,120.687702,24.110257,2
10265,66000,387130000C,(04)23274275,(04)23288582,2025,1,23,17,28,臺中市,神岡區,0,0,0,7,1,6,60,13,7,1,5,4,6,6,1,1,1,5,5,1,13,,,,,B03,,,1,,1,,,7,7,1,12,4,120.674807,24.28308,3
10266,66000,387130000C,(04)23274275,(04)23288582,2025,1,23,17,29,臺中市,潭子區,0,0,0,7,,,50,,,,,,,,,,,,,,,,,,,B03,,,1,,2,,,59,59,1,13,4,120.707189,24.201018,3
10267,66000,387130000C,(04)23274275,(04)23288582,2025,1,23,17,29,臺中市,清水區,0,1,0,7,3,9,90,13,7,1,5,4,6,6,4,4,1,5,5,1,13,3,10,3,1,B12,7,9,1,8,1,6,,58,58,1,12,4,120.545147,24.270174,2
10268,66000,387130000C,(04)23274275,(04)23288582,2025,1,23,17,30,臺中市,西屯區,0,0,0,7,,,50,,,,,,,,,,,,,,,,,,,B12,,,1,,1,,,78,78,1,12,4,120.608843,24.188607,3
10269,66000,387130000C,(04)23274275,(04)23288582,2025,1,23,17,32,臺中市,北屯區,0,0,0,7,,,50,,,,,,,,,,,,,,13,,,,,C03,,,1,,1,,,7,7,1,13,4,120.691487,24.17047,3
10270,66000,387130000C,(04)23274275,(04)23288582,2025,1,23,17,33,臺中市,西屯區,0,0,0,7,,,50,,,,,,,,,,,,,,16,,,,,B03,,,1,,9,,,23,23,1,12,4,120.644267,24.201731,3
10271,66000,387130000C,(04)23274275,(04)23288582,2025,1,23,17,35,臺中市,太平區,0,1,0,7,1,6,50,3,1,1,5,4,6,6,4,4,10,5,5,2,6,2,1,6,5,H01,8,18,7,21,10,17,,98,98,1,2,5,120.723529,24.131444,2
10272,66000,387130000C,(04)23274275,(04)23288582,2025,1,23,17,36,臺中市,南區,0,0,0,7,,,50,,,,,,,,,,,,,,13,,,,,C03,,,1,,1,,,7,7,1,5,4,120.655359,24.115657,3
10273,66000,387130000C,(04)23274275,(04)23288582,2025,1,23,17,36,臺中市,南區,0,1,0,7,1,6,40,4,1,1,5,4,6,6,2,1,10,5,5,2,18,2,9,2,1,C03,7,9,1,10,2,14,,6,6,1,13,4,120.671811,24.119156,2
10274,66000,387130000C,(04)23274275,(04)23288582,2025,1,23,17,36,臺中市,北屯區,0,0,0,7,,,50,,,,,,,,,,,,,,,,,,,B03,,,1,,1,,,84,84,1,13,4,120.691036,24.169789,3
10275,66000,387130000C,(04)23274275,(04)23288582,2025,1,23,17,37,臺中市,西屯區,0,1,0,7,1,6,50,3,19,1,5,4,6,6,4,4,10,5,5,2,3,3,10,5,4,C03,7,9,1,10,2,11,,10,10,1,13,4,120.633721,24.162434,2
10276,66000,387130000C,(04)23274275,(04)23288582,2025,1,23,17,37,臺中市,大里區,0,0,0,6,3,7,50,3,1,1,5,4,6,6,4,4,10,5,5,2,12,,,,,B03,,,1,,2,,,84,84,1,12,4,120.688318,24.104655,3
10277,66000,387130000C,(04)23274275,(04)23288582,2025,1,23,17,38,臺中市,北屯區,0,0,0,7,,,50,,,,,,,,,,,,,,13,,,,,B03,,,1,,1,,,59,59,1,13,4,120.675779,24.201978,3
10278,66000,387130000C,(04)23274275,(04)23288582,2025,1,23,17,40,臺中市,西區,0,2,0,7,1,6,50,4,4,1,5,4,6,6,1,1,10,5,5,2,13,3,10,5,4,B03,7,9,1,8,2,1,,54,54,1,12,4,120.661688,24.140163,2
10279,66000,387130000C,(04)23274275,(04)23288582,2025,1,23,17,41,臺中市,烏日區,0,0,0,7,,,50,,,,,,,,,,,,,,,,,,,B12,,,1,,2,,,51,51,1,6,4,120.648106,24.093004,3
10280,66000,387130000C,(04)23274275,(04)23288582,2025,1,23,17,41,臺中市,梧棲區,0,0,0,7,,,50,,,,,,,,,,,,,,13,,,,,B03,,,1,,1,,,7,7,1,6,4,120.531352,24.260569,3
10281,66000,387130000C,(04)23274275,(04)23288582,2025,1,23,17,42,臺中市,大里區,0,0,0,7,,,50,,,,,,,,,,,,,,17,,,,,B03,,,1,,2,,,51,51,1,12,4,120.702587,24.088041,3
10282,66000,387130000C,(04)23274275,(04)23288582,2025,1,23,17,45,臺中市,西區,0,0,0,7,,,50,,,,,,,,,,,,,,,,,,,B03,,,1,,1,,,51,51,1,6,4,120.66774,24.13095,3
10283,66000,387130000C,(04)23274275,(04)23288582,2025,1,23,17,45,臺中市,西屯區,0,0,0,7,,,50,,,,,,,,,,,,,,13,,,,,C02,,,1,,1,,,59,59,1,13,4,120.605311,24.16121,3
10284,66000,387130000C,(04)23274275,(04)23288582,2025,1,23,17,45,臺中市,豐原區,0,2,0,7,3,6,50,3,1,1,5,4,6,6,1,1,10,1,5,2,15,2,9,5,1,C03,7,9,3,19,2,14,,21,21,1,13,4,120.727957,24.244792,2
10285,66000,387130000C,(04)23274275,(04)23288582,2025,1,23,17,47,臺中市,大雅區,0,0,0,7,,,50,,,,,,,,,,,,,,,,,,,B03,,,1,,1,,,76,76,1,12,4,120.666549,24.237558,3
10286,66000,387130000C,(04)23274275,(04)23288582,2025,1,23,17,47,臺中市,西區,0,2,0,7,1,6,50,5,1,1,5,4,6,6,1,1,10,5,5,2,17,2,9,1,1,C03,7,6,1,10,2,12,,39,39,1,12,4,120.672536,24.131919,2
10287,66000,387130000C,(04)23274275,(04)23288582,2025,1,23,17,50,臺中市,新社區,0,0,0,7,,,50,,,,,,,,,,,,,,11,,,,,B03,,,1,,2,,,34,34,1,12,4,120.808078,24.252164,3
10288,66000,387130000C,(04)23274275,(04)23288582,2025,1,23,17,51,臺中市,北屯區,0,0,0,7,,,30,,,,,,,,,,,,,,14,,,,,B03,,,1,8,1,,,49,49,1,6,4,120.703834,24.167944,3
10289,66000,387130000C,(04)23274275,(04)23288582,2025,1,23,17,52,臺中市,西區,0,0,0,7,,,50,,,,,,,,,,,,,,,,,,,C03,,,1,,2,,,49,49,1,12,4,120.660497,24.150659,3
10290,66000,387130000C,(04)23274275,(04)23288582,2025,1,23,17,53,臺中市,西屯區,0,0,0,7,,,40,,,,,,,,,,,,,,13,,,,,B12,,,1,,1,,,7,7,1,12,4,120.635317,24.182034,3
10291,66000,387130000C,(04)23274275,(04)23288582,2025,1,23,17,53,臺中市,東勢區,0,1,0,7,1,6,30,4,1,1,5,4,6,6,3,1,10,5,5,2,15,3,10,5,1,B12,7,9,1,8,2,5,,24,24,1,12,4,120.826166,24.258214,2
10292,66000,387130000C,(04)23274275,(04)23288582,2025,1,23,17,55,臺中市,中區,0,1,0,7,1,6,50,4,1,1,5,4,6,6,1,1,10,5,5,2,13,2,9,2,1,C03,7,9,1,10,2,11,,21,21,1,12,4,120.683024,24.137969,2
10293,66000,387130000C,(04)23274275,(04)23288582,2025,1,23,17,56,臺中市,豐原區,0,1,0,7,1,6,50,3,1,1,5,4,6,6,2,1,5,5,5,1,16,3,10,3,1,B03,7,6,1,8,2,2,6,11,11,1,6,4,120.729061,24.24638,2
10294,66000,387130000C,(04)23274275,(04)23288582,2025,1,23,17,57,臺中市,西區,0,0,0,7,,,40,,,,,,,,,,,,,,,,,,,C03,,,1,,1,,,49,49,1,6,4,120.666343,24.153153,3
10295,66000,387130000C,(04)23274275,(04)23288582,2025,1,23,17,58,臺中市,烏日區,0,0,0,7,,,50,,,,,,,,,,,,,,12,,,,,B03,,,1,,1,,,47,47,1,13,4,120.610722,24.113648,3
10296,66000,387130000C,(04)23274275,(04)23288582,2025,1,23,17,59,臺中市,大甲區,0,0,0,7,,,50,,,,,,,,,,,,,,,,,,,B03,,,1,,2,,,59,59,1,6,4,120.62522,24.34896,4
10297,66000,387130000C,(04)23274275,(04)23288582,2025,1,23,18,0,臺中市,北屯區,0,0,0,7,1,6,50,4,1,1,5,4,6,6,2,1,1,4,5,2,16,3,10,2,1,C03,7,11,1,10,1,12,,45,45,1,6,4,120.69943,24.182645,3
10298,66000,387130000C,(04)23274275,(04)23288582,2025,1,23,18,0,臺中市,太平區,0,1,0,7,2,6,50,3,1,1,5,4,6,6,1,1,10,5,5,2,18,2,9,2,1,C03,7,9,1,10,2,14,,84,84,1,13,4,120.709026,24.130124,2
10299,66000,387130000C,(04)23274275,(04)23288582,2025,1,23,18,2,臺中市,南區,0,0,0,7,,,50,,,,,,,,,,,,,,12,,,,,C03,,,1,,2,,,40,40,1,13,4,120.656372,24.134367,3
10300,66000,387130000C,(04)23274275,(04)23288582,2025,1,23,18,2,臺中市,東區,0,0,0,7,,,50,,,,,,,,,,,,,,,,,,,B03,,,1,,1,,,7,7,1,12,4,120.69454,24.129803,3
10301,66000,387130000C,(04)23274275,(04)23288582,2025,1,23,18,2,臺中市,西屯區,0,1,0,7,1,6,40,4,1,1,5,4,6,6,2,1,10,5,5,2,13,3,10,3,1,B03,7,9,1,8,2,8,,7,7,1,12,4,120.646152,24.164233,2
10302,66000,387130000C,(04)23274275,(04)23288582,2025,1,23,18,5,臺中市,南屯區,0,0,0,7,,,50,,,,,,,,,,,,,,14,,,,,B03,,,1,,1,,,49,49,1,12,4,120.623316,24.144772,3
10303,66000,387130000C,(04)23274275,(04)23288582,2025,1,23,18,5,臺中市,沙鹿區,0,1,0,6,1,6,30,11,9,1,5,4,6,6,4,4,10,5,5,2,11,3,10,3,1,B03,7,9,1,8,2,4,,41,41,1,12,4,120.584011,24.200478,2
10304,66000,387130000C,(04)23274275,(04)23288582,2025,1,23,18,5,臺中市,豐原區,0,0,0,7,,,30,,,,,,,,,,,,,,14,,,,,B12,,,1,,1,,,49,49,1,12,4,120.699639,24.245523,3
10305,66000,387130000C,(04)23274275,(04)23288582,2025,1,23,18,6,臺中市,豐原區,0,2,0,7,1,6,50,5,2,1,5,4,6,6,1,1,4,5,4,1,16,2,7,1,4,C03,7,6,3,19,2,12,,48,48,1,13,4,120.720252,24.249292,2
10306,66000,387130000C,(04)23274275,(04)23288582,2025,1,23,18,14,臺中市,大雅區,0,1,0,7,1,6,50,3,2,1,2,4,6,6,4,4,5,5,5,1,13,2,9,2,1,C03,7,9,1,10,2,11,,7,7,1,12,4,120.644736,24.22918,2
10307,66000,387130000C,(04)23274275,(04)23288582,2025,1,23,18,14,臺中市,大雅區,0,0,0,7,,,50,,,,,,,,,,,,,,11,,,,,C03,,,1,,2,,,84,84,1,13,4,120.648347,24.226444,3
10308,66000,387130000C,(04)23274275,(04)23288582,2025,1,23,18,14,臺中市,北區,0,1,0,7,2,6,50,4,1,1,5,4,6,6,1,1,5,5,5,2,13,3,10,1,1,C03,7,9,1,8,2,11,,7,7,1,12,4,120.670556,24.164305,2
10309,66000,387130000C,(04)23274275,(04)23288582,2025,1,23,18,18,臺中市,大里區,0,2,0,7,3,6,50,4,1,1,5,4,6,6,1,1,10,5,5,2,16,3,10,5,4,B03,7,5,1,8,2,6,,47,47,1,6,4,120.688867,24.079818,2
10310,66000,387130000C,(04)23274275,(04)23288582,2025,1,23,18,20,臺中市,南區,0,1,0,7,1,6,50,13,8,1,5,4,6,6,4,4,1,4,4,2,20,2,9,1,1,C03,7,9,1,10,2,11,,84,84,1,12,4,120.678275,24.123933,2
10311,66000,387130000C,(04)23274275,(04)23288582,2025,1,23,18,20,臺中市,西屯區,0,1,0,7,2,6,40,13,8,1,5,4,6,6,4,4,1,5,1,2,17,2,9,2,1,C03,7,9,1,10,2,15,,84,84,1,13,4,120.618276,24.181932,2
10312,66000,387130000C,(04)23274275,(04)23288582,2025,1,23,18,20,臺中市,梧棲區,0,0,0,7,,,50,,,,,,,,,,,,,,14,,,,,B12,,,1,,1,,,50,50,1,6,4,120.53376,24.24597,3
10313,66000,387130000C,(04)23274275,(04)23288582,2025,1,23,18,21,臺中市,清水區,0,1,0,7,1,6,50,4,1,1,5,4,6,6,4,4,5,5,5,1,17,3,10,3,1,B03,7,6,1,8,2,8,,84,84,1,12,4,120.577522,24.270381,2
10314,66000,387130000C,(04)23274275,(04)23288582,2025,1,23,18,23,臺中市,西區,0,0,0,6,,,50,,,,,,,,,,,,,,,,,,,B03,,,1,,1,,,40,40,1,12,4,120.657118,24.138991,3
10315,66000,387130000C,(04)23274275,(04)23288582,2025,1,23,18,25,臺中市,西屯區,0,0,0,7,,,40,,,,,,,,,,,,,,17,,,,,A11,,,1,,9,,,49,49,1,12,4,120.636345,24.170482,3
10316,66000,387130000C,(04)23274275,(04)23288582,2025,1,23,18,26,臺中市,西屯區,0,0,0,7,,,50,,,,,,,,,,,,,,13,,,,,B03,,,1,,1,,,59,59,1,13,4,120.636794,24.171074,3
10317,66000,387130000C,(04)23274275,(04)23288582,2025,1,23,18,28,臺中市,南屯區,0,0,0,7,,,50,,,,,,,,,,,,,,17,,,,,C03,,,1,,1,,,84,84,1,5,4,120.644312,24.134717,3
10318,66000,387130000C,(04)23274275,(04)23288582,2025,1,23,18,29,臺中市,南屯區,0,1,0,7,1,6,50,4,1,1,5,4,6,6,2,1,5,4,4,2,13,3,10,5,4,B12,7,9,1,8,2,1,,7,7,1,13,4,120.612764,24.13896,2
10319,66000,387130000C,(04)23274275,(04)23288582,2025,1,23,18,30,臺中市,太平區,0,2,0,7,1,6,50,5,9,1,5,4,6,6,1,1,5,5,5,1,18,2,9,5,4,C03,7,6,1,10,2,16,,59,59,1,6,4,120.714639,24.110467,2
10320,66000,387130000C,(04)23274275,(04)23288582,2025,1,23,18,32,臺中市,南屯區,0,0,0,7,,,50,,,,,,,,,,,,,,13,,,,,B03,,,1,,1,,,84,84,1,12,4,120.58546,24.167011,3
10321,66000,387130000C,(04)23274275,(04)23288582,2025,1,23,18,33,臺中市,龍井區,0,0,0,7,,,30,,,,,,,,,,,,,,12,,,,,B03,,,1,,1,,,8,8,1,6,4,120.585002,24.18443,3
10322,66000,387130000C,(04)23274275,(04)23288582,2025,1,23,18,34,臺中市,潭子區,0,0,0,7,,,50,,,,,,,,,,,,,,,,,,,C03,,,1,,1,,,84,84,1,13,4,120.701676,24.214105,3
10323,66000,387130000C,(04)23274275,(04)23288582,2025,1,23,18,34,臺中市,東區,0,0,0,7,,,50,,,,,,,,,,,,,,,,,,,C03,,,1,,2,,,50,50,1,13,4,120.687946,24.133475,3
10324,66000,387130000C,(04)23274275,(04)23288582,2025,1,23,18,35,臺中市,西區,0,0,0,7,,,50,,,,,,,,,,,,,,17,,,,,B03,,,1,,1,,,8,8,1,12,4,120.661466,24.151164,3
10325,66000,387130000C,(04)23274275,(04)23288582,2025,1,23,18,35,臺中市,南區,0,1,0,7,1,6,50,4,1,1,5,4,6,6,1,1,10,5,5,2,16,2,9,2,1,C03,7,6,1,10,2,14,,48,48,1,6,4,120.670811,24.12933,2
10326,66000,387130000C,(04)23274275,(04)23288582,2025,1,23,18,35,臺中市,南屯區,0,0,0,7,,,40,,,,,,,,,,,,,,13,,,,,B03,,,1,,2,,,50,50,1,12,4,120.613267,24.139517,3
10327,66000,387130000C,(04)23274275,(04)23288582,2025,1,23,18,35,臺中市,西屯區,0,1,0,7,1,6,40,13,8,1,5,4,6,6,4,4,1,3,4,2,13,2,8,2,1,C03,7,9,1,10,1,11,,7,7,1,12,4,120.639217,24.165235,2
10328,66000,387130000C,(04)23274275,(04)23288582,2025,1,23,18,42,臺中市,南屯區,0,2,0,7,1,6,50,3,1,1,5,4,6,6,4,4,9,5,5,2,17,2,9,2,1,C03,7,6,1,10,2,11,,14,14,1,13,4,120.6496,24.151485,2
10329,66000,387130000C,(04)23274275,(04)23288582,2025,1,23,18,43,臺中市,大甲區,0,0,0,7,,,50,,,,,,,,,,,,,,,,,,,B03,,,1,,2,,,84,84,1,6,4,120.625369,24.345957,3
10330,66000,387130000C,(04)23274275,(04)23288582,2025,1,23,18,45,臺中市,大里區,0,1,0,7,1,6,50,13,8,1,5,4,6,6,4,4,5,4,5,1,13,2,5,1,1,C03,7,9,1,10,2,14,,7,7,1,12,4,120.689804,24.115091,2
10331,66000,387130000C,(04)23274275,(04)23288582,2025,1,23,18,47,臺中市,北屯區,0,0,0,7,,,80,,,,,,,,,,,,,,13,,,,,B03,,,1,,1,,,7,7,1,13,4,120.702186,24.184677,3
10332,66000,387130000C,(04)23274275,(04)23288582,2025,1,23,18,51,臺中市,大里區,0,0,0,6,3,6,30,13,9,1,5,4,6,6,4,4,10,5,5,2,14,,,,,B12,,,1,,2,,,49,49,1,12,4,120.689217,24.11273,3
10333,66000,387130000C,(04)23274275,(04)23288582,2025,1,23,18,57,臺中市,豐原區,0,1,0,7,3,6,50,4,9,1,5,4,6,6,1,1,5,4,5,1,17,3,10,5,4,B03,7,9,1,8,2,2,,21,21,1,13,4,120.720356,24.264371,2
10334,66000,387130000C,(04)23274275,(04)23288582,2025,1,23,18,58,臺中市,豐原區,0,1,0,7,1,6,50,3,2,1,5,4,6,6,4,4,5,5,4,2,17,3,10,3,1,B03,7,1,1,8,2,8,,51,51,1,6,4,120.70636,24.248834,2
10335,66000,387130000C,(04)23274275,(04)23288582,2025,1,23,19,2,臺中市,西區,0,2,0,7,1,6,50,3,1,1,5,4,6,6,4,4,10,5,5,2,17,3,10,5,4,B03,7,6,1,8,2,5,,14,14,1,12,4,120.669135,24.143188,2
10336,66000,387130000C,(04)23274275,(04)23288582,2025,1,23,19,2,臺中市,北屯區,0,0,0,7,,,30,,,,,,,,,,,,,,,,,,,B03,,,1,,9,,,84,84,2,13,4,120.685603,24.193598,3
10337,66000,387130000C,(04)23274275,(04)23288582,2025,1,23,19,3,臺中市,烏日區,0,1,0,7,1,6,50,3,1,1,5,4,6,6,1,1,10,5,5,2,17,2,7,5,4,C03,7,6,1,10,2,11,,48,48,1,12,4,120.616825,24.116182,2
10338,66000,387130000C,(04)23274275,(04)23288582,2025,1,23,19,3,臺中市,豐原區,0,1,0,7,1,6,60,3,1,1,5,4,6,6,1,1,1,2,4,1,12,3,10,1,1,C03,7,4,3,19,9,14,,84,84,2,13,4,120.711302,24.239395,2
10339,66000,387130000C,(04)23274275,(04)23288582,2025,1,23,19,4,臺中市,豐原區,0,1,0,7,3,6,50,3,9,1,5,4,6,6,1,1,1,4,5,1,17,3,10,5,1,B12,7,11,1,8,3,2,,32,32,1,13,4,120.751471,24.270711,2
10340,66000,387130000C,(04)23274275,(04)23288582,2025,1,23,19,6,臺中市,潭子區,0,1,0,7,1,6,50,13,7,1,5,4,6,6,4,4,5,5,4,2,13,2,9,2,1,C03,7,9,1,10,2,11,,7,7,1,13,4,120.679172,24.204939,2
10341,66000,387130000C,(04)23274275,(04)23288582,2025,1,23,19,6,臺中市,龍井區,0,0,0,7,,,50,,,,,,,,,,,,,,14,,,,,C03,,,1,,2,,,49,49,1,6,4,120.58528,24.181962,3
10342,66000,387130000C,(04)23274275,(04)23288582,2025,1,23,19,8,臺中市,南屯區,0,0,0,7,,,40,,,,,,,,,,,,,,14,,,,,B03,,,1,,2,,,49,49,1,12,4,120.612234,24.151892,3
10343,66000,387130000C,(04)23274275,(04)23288582,2025,1,23,19,9,臺中市,大甲區,0,1,0,7,3,6,40,13,9,1,5,4,6,6,4,4,1,4,4,1,18,2,9,1,1,F03,7,9,7,21,2,11,,6,6,1,12,4,120.641947,24.366578,2
10344,66000,387130000C,(04)23274275,(04)23288582,2025,1,23,19,10,臺中市,沙鹿區,0,0,0,7,,,50,,,,,,,,,,,,,,,,,,,B03,,,1,,2,,,7,7,1,13,4,120.563644,24.240207,3
10345,66000,387130000C,(04)23274275,(04)23288582,2025,1,23,19,15,臺中市,后里區,0,2,0,7,1,6,50,13,9,1,5,4,6,6,4,4,9,4,5,1,16,2,9,2,1,C03,7,6,1,10,2,14,,20,20,1,12,4,120.717215,24.306949,2
10346,66000,387130000C,(04)23274275,(04)23288582,2025,1,23,19,17,臺中市,大里區,0,1,0,7,3,6,50,13,9,1,5,4,6,6,4,4,9,5,4,1,12,3,10,5,4,B12,7,9,1,8,2,2,,8,8,1,6,4,120.703421,24.090968,2
10347,66000,387130000C,(04)23274275,(04)23288582,2025,1,23,19,18,臺中市,西屯區,0,0,0,6,,,30,,,,,,,,,,,,,,30,,,,,B02,,,1,,2,,,51,51,1,13,4,120.651214,24.160749,3
10348,66000,387130000C,(04)23274275,(04)23288582,2025,1,23,19,22,臺中市,大雅區,0,2,0,7,1,6,70,3,1,1,5,4,6,6,1,1,10,5,5,2,15,3,10,3,1,B03,7,9,1,8,2,4,,21,21,1,12,4,120.636664,24.234798,2
10349,66000,387130000C,(04)23274275,(04)23288582,2025,1,23,19,28,臺中市,南區,0,0,0,7,,,50,,,,,,,,,,,,,,12,,,,,,,,,,,,,85,85,1,,,120.650118,24.120638,4
10350,66000,387130000C,(04)23274275,(04)23288582,2025,1,23,19,28,臺中市,西屯區,0,1,0,7,1,6,50,3,1,1,5,4,6,6,4,4,10,5,5,2,15,3,10,5,4,B03,7,9,3,19,2,8,,7,7,1,13,4,120.65904,24.166231,2
10351,66000,387130000C,(04)23274275,(04)23288582,2025,1,23,19,30,臺中市,北區,0,0,0,7,,,50,,,,,,,,,,,,,,17,,,,,B03,,,1,,1,,,40,40,1,13,4,120.672339,24.170855,3
10352,66000,387130000C,(04)23274275,(04)23288582,2025,1,23,19,30,臺中市,龍井區,0,0,0,7,,,50,,,,,,,,,,,,,,,,,,,B03,,,1,,2,,,50,50,1,12,4,120.525539,24.216317,3
10353,66000,387130000C,(04)23274275,(04)23288582,2025,1,23,19,33,臺中市,豐原區,0,2,0,6,1,6,50,3,2,1,5,4,6,6,1,1,5,4,5,1,13,2,7,1,1,C03,7,9,1,10,2,11,,7,7,1,13,4,120.720409,24.265606,2
10354,66000,387130000C,(04)23274275,(04)23288582,2025,1,23,19,34,臺中市,南屯區,0,0,0,7,,,30,,,,,,,,,,,,,,14,,,,,B03,,,1,,2,,,49,49,1,6,4,120.608184,24.133069,3
10355,66000,387130000C,(04)23274275,(04)23288582,2025,1,23,19,40,臺中市,大雅區,0,0,0,7,,,40,,,,,,,,,,,,,,16,,,,,B03,,,1,,1,,,14,14,1,13,4,120.620866,24.234377,3
10356,66000,387130000C,(04)23274275,(04)23288582,2025,1,23,19,51,臺中市,烏日區,0,0,0,7,1,6,60,13,7,1,5,4,6,6,1,1,1,4,4,1,12,3,10,3,1,B03,7,9,1,8,1,8,,7,7,1,6,4,120.607048,24.108443,3
10357,66000,387130000C,(04)23274275,(04)23288582,2025,1,23,19,55,臺中市,西屯區,0,0,0,7,1,6,50,4,9,1,5,4,6,6,2,1,5,2,5,2,12,,,,,B01,,,1,,1,,,76,76,1,6,4,120.614727,24.17989,3
10358,66000,387130000C,(04)23274275,(04)23288582,2025,1,23,19,59,臺中市,北屯區,0,2,0,7,1,6,50,4,1,1,5,4,6,6,2,1,3,3,5,2,16,3,10,3,1,B03,7,5,1,8,2,2,5,84,84,1,13,4,120.685404,24.172205,2
10359,66000,387130000C,(04)23274275,(04)23288582,2025,1,23,20,0,臺中市,霧峰區,0,0,0,7,,,50,,,,,,,,,,,,,,17,,,,,C03,,,1,,2,,,51,51,1,6,4,120.696416,24.058022,3
10360,66000,387130000C,(04)23274275,(04)23288582,2025,1,23,20,1,臺中市,龍井區,0,1,0,7,1,6,50,5,2,1,5,4,6,6,3,1,10,5,5,2,18,2,9,1,1,C03,7,9,1,10,2,16,,84,84,1,6,4,120.592659,24.181958,2
10361,66000,387130000C,(04)23274275,(04)23288582,2025,1,23,20,3,臺中市,南區,0,1,0,7,1,6,50,4,1,1,5,4,6,6,2,1,10,5,5,2,12,3,10,1,1,C03,7,7,1,10,2,13,,39,39,1,12,4,120.676617,24.131735,2
10362,66000,387130000C,(04)23274275,(04)23288582,2025,1,23,20,3,臺中市,豐原區,0,1,0,7,1,6,50,13,7,1,5,4,6,6,4,4,5,4,4,2,3,3,10,5,4,C03,7,9,2,19,2,11,,58,58,1,4,4,120.706142,24.250909,2
10363,66000,387130000C,(04)23274275,(04)23288582,2025,1,23,20,11,臺中市,清水區,0,1,0,7,1,6,30,13,9,1,5,4,6,6,4,4,10,5,5,2,13,2,8,2,1,C03,7,9,1,10,2,11,,7,7,1,12,4,120.569517,24.286028,2
10364,66000,387130000C,(04)23274275,(04)23288582,2025,1,23,20,14,臺中市,中區,0,1,0,6,1,6,50,13,9,1,5,4,6,6,4,4,5,4,5,2,18,2,8,1,1,C03,7,9,1,10,2,16,12,84,84,1,6,4,120.684988,24.142022,2
10365,66000,387130000C,(04)23274275,(04)23288582,2025,1,23,20,14,臺中市,北屯區,0,0,0,7,,,50,,,,,,,,,,,,,,13,,,,,B12,,,5,19,9,,,84,84,2,6,4,120.693444,24.164795,3
10366,66000,387130000C,(04)23274275,(04)23288582,2025,1,23,20,15,臺中市,西屯區,0,0,0,7,,,50,,,,,,,,,,,,,,13,,,,,B03,,,1,,1,,,7,7,1,13,4,120.652221,24.198451,3
10367,66000,387130000C,(04)23274275,(04)23288582,2025,1,23,20,16,臺中市,西區,0,1,0,7,1,6,40,13,8,1,5,4,6,6,4,4,1,2,1,2,13,3,10,5,1,B03,7,9,1,8,2,5,,84,84,1,6,4,120.660126,24.156113,2
10368,66000,387130000C,(04)23274275,(04)23288582,2025,1,23,20,16,臺中市,北屯區,0,0,0,7,,,50,,,,,,,,,,,,,,,,,,,B03,,,1,,1,,,45,45,1,12,4,120.727635,24.159664,3
10369,66000,387130000C,(04)23274275,(04)23288582,2025,1,23,20,17,臺中市,太平區,0,2,0,7,1,6,50,13,9,1,5,4,6,6,4,4,5,4,5,1,13,2,9,2,1,C03,7,9,5,10,2,11,,7,7,1,12,4,120.717622,24.128605,2
10370,66000,387130000C,(04)23274275,(04)23288582,2025,1,23,20,18,臺中市,東勢區,0,0,0,7,,,50,,,,,,,,,,,,,,14,,,,,A05,,,1,,2,,,49,49,1,12,4,120.839309,24.205303,3
10371,66000,387130000C,(04)23274275,(04)23288582,2025,1,23,20,33,臺中市,大甲區,0,3,0,7,1,6,50,4,9,1,5,4,6,6,1,1,5,4,5,1,17,2,9,1,1,C03,7,6,3,19,2,11,,11,11,1,12,4,120.622947,24.347288,2
10372,66000,387130000C,(04)23274275,(04)23288582,2025,1,23,20,37,臺中市,西區,0,2,0,7,1,6,40,13,8,1,5,4,6,6,4,4,1,4,4,2,13,2,9,1,1,C03,7,9,3,19,2,11,,7,7,1,12,4,120.657061,24.153137,2
10373,66000,387130000C,(04)23274275,(04)23288582,2025,1,23,20,38,臺中市,北區,0,0,0,7,1,6,50,3,2,1,5,4,6,6,4,4,5,4,4,2,13,3,10,1,1,C03,7,9,1,10,1,11,,84,84,1,12,4,120.68253,24.166367,3