序號,縣市別代碼,機關代碼,市話,傳真,年,月,日,時,分,縣市,區,死亡數量,受傷數量,2-30,天候,道路照明設備,道路類別,道路速限,道路型態,事故位置,路面鋪裝,路面狀態,路面缺陷,障礙物,視距,號誌種類,號誌動作,分向設施,快車道或一般車道間,快慢車道間,路面邊線,事故類型及型態,受傷程度,主要傷處,保護裝備,行動電話或功能裝置,當事者區分(類別),車輛用途,當事者行動狀態,駕照狀態,駕照種類,飲酒情形,車輛撞擊部位最初,車輛撞擊部位其他,肇事因素個別,肇事因素主要,肇事逃逸,職業,共享經濟或外送平台,GPS座標X,GPS座標Y,事故類別
10593,66000,387130000C,(04)23274275,(04)23288582,2025,1,24,12,47,臺中市,沙鹿區,0,0,0,7,,,40,,,,,,,,,,,,,,,,,,,B03,,,1,,2,,,50,50,1,13,4,120.561312,24.237646,3
10594,66000,387130000C,(04)23274275,(04)23288582,2025,1,24,12,55,臺中市,北區,0,1,0,7,3,6,50,4,1,1,5,4,6,6,1,1,5,5,5,2,9,3,10,1,1,C03,7,9,1,10,2,11,,84,84,1,13,4,120.678452,24.161683,2
10595,66000,387130000C,(04)23274275,(04)23288582,2025,1,24,12,55,臺中市,北區,0,1,0,7,2,6,30,13,9,1,5,4,6,6,4,4,10,5,5,2,12,2,9,6,1,F01,7,9,7,21,1,12,,59,59,1,13,4,120.674618,24.170894,2
10596,66000,387130000C,(04)23274275,(04)23288582,2025,1,24,12,55,臺中市,南屯區,0,0,0,7,,,50,,,,,,,,,,,,,,17,,,,,B03,,,1,,1,,,59,59,1,6,4,120.647804,24.141783,4
10597,66000,387130000C,(04)23274275,(04)23288582,2025,1,24,13,0,臺中市,潭子區,0,1,0,7,3,6,50,5,2,1,5,4,6,6,1,1,5,5,5,1,13,3,10,2,1,C03,7,9,1,10,2,11,,7,7,1,13,4,120.710201,24.208245,2
10598,66000,387130000C,(04)23274275,(04)23288582,2025,1,24,13,0,臺中市,西屯區,0,0,0,7,,,50,,,,,,,,,,,,,,14,,,,,B12,,,1,,1,,,49,49,1,13,4,120.631546,24.183361,3
10599,66000,387130000C,(04)23274275,(04)23288582,2025,1,24,13,0,臺中市,沙鹿區,0,0,0,7,,,40,,,,,,,,,,,,,,13,,,,,B03,,,1,,2,,,82,82,1,12,4,120.56842,24.207398,4
10600,66000,387130000C,(04)23274275,(04)23288582,2025,1,24,13,4,臺中市,北屯區,0,1,0,7,3,6,50,4,1,1,5,4,6,6,1,1,10,5,5,2,16,2,8,1,1,C03,7,9,1,10,2,11,,7,7,1,12,4,120.690354,24.175458,2
10601,66000,387130000C,(04)23274275,(04)23288582,2025,1,24,13,5,臺中市,大里區,0,1,0,7,3,6,50,4,1,1,5,4,6,6,1,1,4,3,4,1,12,3,10,3,1,B12,7,5,1,2,2,5,2,11,11,1,12,4,120.703431,24.091517,2
10602,66000,387130000C,(04)23274275,(04)23288582,2025,1,24,13,9,臺中市,西區,0,0,0,7,,,50,,,,,,,,,,,,,,,,,,,B03,,,1,,1,,,42,42,1,12,4,120.661486,24.150073,3
10603,66000,387130000C,(04)23274275,(04)23288582,2025,1,24,13,10,臺中市,西屯區,0,0,0,7,,,50,,,,,,,,,,,,,,17,,,,,B01,,,1,,1,,,8,8,1,13,4,120.653309,24.160665,3
10604,66000,387130000C,(04)23274275,(04)23288582,2025,1,24,13,15,臺中市,中區,0,0,0,7,,,50,,,,,,,,,,,,,,,,,,,A02,,,1,,1,,,84,84,1,6,4,120.681068,24.137234,3
10605,66000,387130000C,(04)23274275,(04)23288582,2025,1,24,13,18,臺中市,大肚區,0,0,0,7,2,6,50,13,9,1,,4,6,6,4,4,9,4,5,1,12,3,10,3,1,B03,7,3,1,8,2,2,,8,8,1,6,4,120.576632,24.175435,3
10606,66000,387130000C,(04)23274275,(04)23288582,2025,1,24,13,20,臺中市,沙鹿區,0,1,0,7,2,9,30,3,9,1,5,4,6,6,4,4,10,5,5,2,16,2,7,1,1,C03,7,6,3,19,9,13,14,48,48,1,6,4,120.561102,24.246536,2
10607,66000,387130000C,(04)23274275,(04)23288582,2025,1,24,13,22,臺中市,西屯區,0,1,0,7,2,6,50,13,8,1,5,4,6,6,4,4,1,5,1,2,12,2,9,2,1,C03,7,9,1,10,2,11,,84,84,1,12,4,120.637881,24.185955,2
10608,66000,387130000C,(04)23274275,(04)23288582,2025,1,24,13,24,臺中市,西區,0,1,0,7,1,6,50,4,1,1,5,4,6,6,1,1,10,5,5,2,17,3,10,5,4,C02,7,6,1,10,2,14,,84,84,1,12,4,120.659142,24.160194,2
10609,66000,387130000C,(04)23274275,(04)23288582,2025,1,24,13,30,臺中市,北屯區,0,0,0,7,,,50,,,,,,,,,,,,,,,,,,,B03,,,1,,1,,,8,8,1,12,4,120.669734,24.178908,3
10610,66000,387130000C,(04)23274275,(04)23288582,2025,1,24,13,30,臺中市,梧棲區,0,0,0,7,,,50,,,,,,,,,,,,,,16,,,,,B03,,,1,,1,,,51,51,1,6,4,120.538498,24.256883,3
10611,66000,387130000C,(04)23274275,(04)23288582,2025,1,24,13,30,臺中市,清水區,0,0,0,7,2,6,60,13,8,1,5,4,6,6,1,1,8,3,4,2,12,,,,,B03,,,1,,1,,,8,8,1,12,4,120.57741,24.275209,3
10612,66000,387130000C,(04)23274275,(04)23288582,2025,1,24,13,30,臺中市,豐原區,0,0,0,7,,,50,,,,,,,,,,,,,,17,,,,,F01,,,7,,1,,,58,58,1,12,4,120.743871,24.253488,3
10613,66000,387130000C,(04)23274275,(04)23288582,2025,1,24,13,32,臺中市,潭子區,0,1,0,7,2,6,60,3,1,1,5,4,6,6,3,1,1,4,4,1,16,3,10,3,1,B03,7,6,1,8,2,2,,11,11,1,13,4,120.707124,24.224066,2
10614,66000,387130000C,(04)23274275,(04)23288582,2025,1,24,13,41,臺中市,北屯區,0,1,0,7,3,9,50,13,9,1,5,4,6,6,4,4,1,4,5,2,13,3,10,2,1,C03,7,8,1,10,2,11,,7,7,1,12,4,120.692021,24.171605,2
10615,66000,387130000C,(04)23274275,(04)23288582,2025,1,24,13,43,臺中市,豐原區,0,1,0,7,2,6,30,4,1,1,5,4,6,1,4,4,10,5,5,2,15,2,9,5,4,C03,7,9,1,10,2,12,,15,15,1,12,4,120.724994,24.250361,2
10616,66000,387130000C,(04)23274275,(04)23288582,2025,1,24,13,48,臺中市,豐原區,0,1,0,7,3,6,50,4,2,1,5,4,6,6,4,4,1,2,5,1,17,2,9,1,4,C01,7,15,1,9,2,12,,84,84,1,12,4,120.72241,24.277861,2
10617,66000,387130000C,(04)23274275,(04)23288582,2025,1,24,13,54,臺中市,北區,0,1,0,7,3,9,50,4,1,1,5,4,6,6,1,1,10,5,5,2,13,2,9,1,1,C03,7,9,1,10,2,11,,59,59,1,12,4,120.68616,24.146227,2
10618,66000,387130000C,(04)23274275,(04)23288582,2025,1,24,13,55,臺中市,北區,0,1,0,7,2,6,50,13,9,1,5,4,6,6,4,4,8,3,5,2,12,2,9,2,1,C03,7,9,1,10,2,14,,84,84,1,13,4,120.670384,24.156828,2
10619,66000,387130000C,(04)23274275,(04)23288582,2025,1,24,13,58,臺中市,太平區,0,0,0,7,,,50,,,,,,,,,,,,,,17,,,,,B03,,,1,,10,,,87,87,1,12,4,120.717211,24.142771,3
10620,66000,387130000C,(04)23274275,(04)23288582,2025,1,24,13,58,臺中市,豐原區,0,1,0,7,3,6,50,4,1,1,5,4,6,6,1,1,10,5,5,2,16,3,10,5,1,C03,7,6,1,10,2,14,,11,11,1,13,4,120.71433,24.251726,2
10621,66000,387130000C,(04)23274275,(04)23288582,2025,1,24,14,1,臺中市,北區,0,0,0,7,2,6,50,4,1,1,5,4,6,6,4,4,5,4,5,2,16,3,10,3,1,B03,7,6,1,8,1,8,,14,14,1,11,4,120.669447,24.171613,3
10622,66000,387130000C,(04)23274275,(04)23288582,2025,1,24,14,2,臺中市,南屯區,0,0,0,7,,,50,,,,,,,,,,,,,,13,,,,,B03,,,1,,1,,,85,85,1,12,4,120.643819,24.137071,4
10623,66000,387130000C,(04)23274275,(04)23288582,2025,1,24,14,7,臺中市,大里區,0,1,0,7,3,6,40,5,2,1,5,4,6,6,2,1,1,4,4,2,13,2,9,1,1,C03,7,9,1,10,2,11,,7,7,1,13,4,120.681322,24.105091,2
10624,66000,387130000C,(04)23274275,(04)23288582,2025,1,24,14,12,臺中市,烏日區,0,0,0,7,,,50,,,,,,,,,,,,,,,,,,,B03,,,1,,2,,,83,83,1,13,4,120.632775,24.105844,3
10625,66000,387130000C,(04)23274275,(04)23288582,2025,1,24,14,13,臺中市,北屯區,0,0,0,7,,,80,,,,,,,,,,,,,,13,,,,,B12,,,1,,1,,,7,7,1,12,4,120.675344,24.201054,3
10626,66000,387130000C,(04)23274275,(04)23288582,2025,1,24,14,14,臺中市,大雅區,0,0,0,7,,,60,,,,,,,,,,,,,,13,,,,,B03,,,1,,1,,,7,7,1,12,4,120.646108,24.223659,3
10627,66000,387130000C,(04)23274275,(04)23288582,2025,1,24,14,15,臺中市,南屯區,0,0,0,7,,,50,,,,,,,,,,,,,,,,,,,B03,,,1,,1,,,84,84,1,12,4,120.622699,24.146132,3
10628,66000,387130000C,(04)23274275,(04)23288582,2025,1,24,14,17,臺中市,南屯區,0,1,0,7,2,6,50,4,1,1,5,4,6,6,2,1,5,4,4,2,12,2,9,2,1,C03,7,6,1,10,2,14,,36,36,1,12,4,120.620854,24.13999,2
10629,66000,387130000C,(04)23274275,(04)23288582,2025,1,24,14,18,臺中市,西區,0,0,0,7,2,6,50,4,2,1,5,4,6,6,1,1,5,5,5,2,14,,,,,B12,,,1,,2,,,49,49,1,13,4,120.651292,24.146749,3
10630,66000,387130000C,(04)23274275,(04)23288582,2025,1,24,14,20,臺中市,后里區,0,0,0,7,,,50,,,,,,,,,,,,,,13,,,,,B03,,,1,,2,,,59,59,1,10,4,120.730196,24.298314,3
10631,66000,387130000C,(04)23274275,(04)23288582,2025,1,24,14,25,臺中市,沙鹿區,0,0,0,7,,,50,,,,,,,,,,,,,,13,,,,,B03,,,1,,2,,,84,84,1,12,4,120.570129,24.217683,3
10632,66000,387130000C,(04)23274275,(04)23288582,2025,1,24,14,32,臺中市,太平區,0,1,0,7,2,6,50,13,9,1,5,4,6,6,4,4,5,2,5,1,17,2,7,1,1,C03,7,9,1,10,2,12,,58,58,1,12,4,120.730167,24.112857,2
10633,66000,387130000C,(04)23274275,(04)23288582,2025,1,24,14,32,臺中市,豐原區,0,0,0,7,,,50,,,,,,,,,,,,,,12,,,,,B03,,,1,,2,,,40,40,1,6,4,120.721994,24.275663,3
10634,66000,387130000C,(04)23274275,(04)23288582,2025,1,24,14,36,臺中市,北屯區,0,0,0,7,,,50,,,,,,,,,,,,,,12,,,,,B03,,,1,,2,,,56,56,1,12,4,120.727702,24.157968,3
10635,66000,387130000C,(04)23274275,(04)23288582,2025,1,24,14,36,臺中市,豐原區,0,0,0,7,,,50,,,,,,,,,,,,,,13,,,,,B03,,,1,,2,,,7,7,1,12,4,120.710909,24.250625,3
10636,66000,387130000C,(04)23274275,(04)23288582,2025,1,24,14,39,臺中市,西屯區,0,0,0,7,,,50,,,,,,,,,,,,,,,,,,,B01,,,1,,2,,,7,7,1,13,4,120.661043,24.171538,3
10637,66000,387130000C,(04)23274275,(04)23288582,2025,1,24,14,41,臺中市,梧棲區,0,0,0,7,,,50,,,,,,,,,,,,,,17,,,,,C03,,,1,,1,,,84,84,1,6,4,120.554449,24.251737,3
10638,66000,387130000C,(04)23274275,(04)23288582,2025,1,24,14,43,臺中市,豐原區,0,0,0,7,,,50,,,,,,,,,,,,,,13,,,,,B03,,,1,,1,,,54,54,1,12,4,120.70908,24.248863,3
10639,66000,387130000C,(04)23274275,(04)23288582,2025,1,24,14,47,臺中市,太平區,0,0,0,7,,,50,,,,,,,,,,,,,,13,,,,,B12,,,1,,2,,,7,7,1,12,4,120.725915,24.134047,3
10640,66000,387130000C,(04)23274275,(04)23288582,2025,1,24,14,50,臺中市,北區,0,0,0,7,,,50,,,,,,,,,,,,,,13,,,,,B03,,,1,,1,,,59,59,1,13,4,120.673393,24.164831,3
10641,66000,387130000C,(04)23274275,(04)23288582,2025,1,24,14,52,臺中市,沙鹿區,0,1,0,7,2,6,50,13,8,1,5,4,6,6,4,4,5,4,4,2,17,2,7,1,1,C03,7,9,1,10,2,11,12,59,59,1,6,4,120.570113,24.218975,2
10642,66000,387130000C,(04)23274275,(04)23288582,2025,1,24,14,53,臺中市,豐原區,0,1,0,7,3,6,50,13,8,1,5,4,6,6,4,4,5,5,4,2,17,3,10,5,4,B03,7,7,1,8,2,5,,40,40,1,12,4,120.705346,24.241807,2
10643,66000,387130000C,(04)23274275,(04)23288582,2025,1,24,14,54,臺中市,豐原區,0,0,0,7,,,50,,,,,,,,,,,,,,16,,,,,B03,,,1,,2,,,84,84,1,12,4,120.731474,24.25804,3
10644,66000,387130000C,(04)23274275,(04)23288582,2025,1,24,15,4,臺中市,大雅區,0,0,0,7,,,50,,,,,,,,,,,,,,16,,,,,C03,,,1,,1,,,20,20,1,12,4,120.648165,24.226612,3
10645,66000,387130000C,(04)23274275,(04)23288582,2025,1,24,15,4,臺中市,西區,0,0,0,7,,,50,,,,,,,,,,,,,,,,,,,B03,,,1,,2,,,49,49,1,12,4,120.659809,24.154721,3
10646,66000,387130000C,(04)23274275,(04)23288582,2025,1,24,15,6,臺中市,梧棲區,0,2,0,7,3,6,40,3,1,1,5,4,6,6,1,1,1,4,1,1,17,2,8,1,1,C03,7,6,1,10,2,14,,4,4,1,6,4,120.533419,24.242213,2
10647,66000,387130000C,(04)23274275,(04)23288582,2025,1,24,15,8,臺中市,北屯區,0,0,0,7,,,50,,,,,,,,,,,,,,,,,,,B03,,,1,,1,,,84,84,1,12,4,120.7075,24.196986,3
10648,66000,387130000C,(04)23274275,(04)23288582,2025,1,24,15,8,臺中市,北屯區,0,1,0,7,2,6,50,13,8,1,5,4,6,6,4,4,5,4,4,2,12,3,10,3,1,B03,7,7,1,8,2,2,,40,40,1,6,4,120.697294,24.16472,2
10649,66000,387130000C,(04)23274275,(04)23288582,2025,1,24,15,9,臺中市,北區,0,0,0,7,,,50,,,,,,,,,,,,,,17,,,,,F01,,,7,,2,,,59,59,1,12,4,120.686065,24.154854,3
10650,66000,387130000C,(04)23274275,(04)23288582,2025,1,24,15,9,臺中市,南區,0,1,0,7,3,6,50,13,9,1,5,4,6,6,4,4,9,5,5,2,17,2,9,2,1,C03,7,11,1,10,1,13,,45,45,1,13,4,120.671747,24.1184,2
10651,66000,387130000C,(04)23274275,(04)23288582,2025,1,24,15,9,臺中市,東區,0,0,0,7,,,40,,,,,,,,,,,,,,14,,,,,B03,,,1,,1,,,49,49,1,12,4,120.688796,24.134512,3
10652,66000,387130000C,(04)23274275,(04)23288582,2025,1,24,15,12,臺中市,南屯區,0,0,0,7,,,50,,,,,,,,,,,,,,17,,,,,B03,,,1,,1,,,8,8,1,12,4,120.641858,24.145489,3
10653,66000,387130000C,(04)23274275,(04)23288582,2025,1,24,15,12,臺中市,石岡區,0,1,0,7,1,6,70,4,2,1,5,4,6,6,1,1,8,3,4,2,12,3,10,1,1,C01,7,9,1,9,2,14,,7,7,1,12,4,120.777327,24.274382,2
10654,66000,387130000C,(04)23274275,(04)23288582,2025,1,24,15,15,臺中市,北屯區,0,1,0,7,2,6,50,4,2,1,5,4,6,6,1,1,4,3,5,2,12,3,10,3,1,B03,7,9,1,8,2,5,,85,85,1,13,4,120.69139,24.176711,2
10655,66000,387130000C,(04)23274275,(04)23288582,2025,1,24,15,20,臺中市,龍井區,0,0,0,7,,,50,,,,,,,,,,,,,,13,,,,,B03,,,1,,2,,,87,87,1,12,4,120.584833,24.184203,3
10656,66000,387130000C,(04)23274275,(04)23288582,2025,1,24,15,22,臺中市,西區,0,1,0,7,2,6,50,4,19,1,5,4,6,6,2,1,1,4,5,2,1,3,10,5,1,B03,7,6,1,8,2,5,,10,10,1,6,4,120.660951,24.159175,2
10657,66000,387130000C,(04)23274275,(04)23288582,2025,1,24,15,22,臺中市,豐原區,0,1,0,7,3,6,50,13,7,1,5,4,6,6,4,4,5,4,4,2,10,2,8,5,1,C03,7,9,1,10,2,11,,4,4,1,13,4,120.706565,24.243589,2
10658,66000,387130000C,(04)23274275,(04)23288582,2025,1,24,15,24,臺中市,太平區,0,0,0,7,,,50,,,,,,,,,,,,,,14,,,,,B12,,,1,,2,,,49,49,1,12,4,120.738753,24.13122,3
10659,66000,387130000C,(04)23274275,(04)23288582,2025,1,24,15,24,臺中市,石岡區,0,0,0,7,,,50,,,,,,,,,,,,,,,,,,,B12,,,1,,2,,,7,7,1,12,4,120.76198,24.277314,3
10660,66000,387130000C,(04)23274275,(04)23288582,2025,1,24,15,32,臺中市,北屯區,0,1,0,7,3,6,50,4,2,1,5,4,6,6,1,1,1,4,5,2,13,2,8,1,1,C03,7,9,1,10,2,11,,7,7,1,12,4,120.70038,24.178525,2
10661,66000,387130000C,(04)23274275,(04)23288582,2025,1,24,15,37,臺中市,大雅區,0,0,0,7,,,30,,,,,,,,,,,,,,11,,,,,C03,,,1,,2,,,84,84,1,13,4,120.614942,24.21952,3
10662,66000,387130000C,(04)23274275,(04)23288582,2025,1,24,15,38,臺中市,西屯區,0,1,0,7,2,6,50,3,1,1,5,4,6,6,2,1,10,5,5,2,16,3,10,5,4,B03,7,6,1,7,2,6,,11,11,1,11,4,120.624804,24.185127,2
10663,66000,387130000C,(04)23274275,(04)23288582,2025,1,24,15,40,臺中市,西屯區,0,0,0,7,,,50,,,,,,,,,,,,,,13,,,,,B03,,,1,,1,,,59,59,1,13,4,120.60848,24.169437,3
10664,66000,387130000C,(04)23274275,(04)23288582,2025,1,24,15,43,臺中市,太平區,0,1,0,7,2,6,50,3,4,1,5,4,6,6,1,1,5,5,4,2,13,3,10,3,2,B03,7,9,1,8,2,1,,6,6,1,12,4,120.734178,24.156117,2
10665,66000,387130000C,(04)23274275,(04)23288582,2025,1,24,15,47,臺中市,大里區,0,0,0,7,,,50,,,,,,,,,,,,,,17,,,,,B03,,,1,,2,,,8,8,1,12,4,120.689166,24.113352,3
10666,66000,387130000C,(04)23274275,(04)23288582,2025,1,24,15,48,臺中市,大雅區,0,0,0,7,,,60,,,,,,,,,,,,,,12,,,,,B12,,,3,,11,,,51,51,2,12,4,120.649766,24.21381,3
10667,66000,387130000C,(04)23274275,(04)23288582,2025,1,24,15,48,臺中市,北屯區,0,0,0,7,,,80,,,,,,,,,,,,,,13,,,,,B03,,,1,,1,,,55,55,1,6,4,120.720698,24.170103,3
10668,66000,387130000C,(04)23274275,(04)23288582,2025,1,24,15,50,臺中市,西屯區,0,0,0,7,,,50,,,,,,,,,,,,,,13,,,,,B03,,,1,,2,,,7,7,1,13,4,120.609351,24.184414,3
10669,66000,387130000C,(04)23274275,(04)23288582,2025,1,24,15,50,臺中市,西屯區,0,0,0,7,,,80,,,,,,,,,,,,,,12,,,,,A41,,,1,,1,,,40,40,1,12,4,120.645586,24.195297,3
10670,66000,387130000C,(04)23274275,(04)23288582,2025,1,24,15,52,臺中市,北屯區,0,0,0,7,,,50,,,,,,,,,,,,,,,,,,,B03,,,1,,1,,,84,84,1,12,4,120.697786,24.177396,3
10671,66000,387130000C,(04)23274275,(04)23288582,2025,1,24,15,53,臺中市,霧峰區,0,2,0,7,2,6,40,13,9,1,5,4,6,6,4,4,10,5,5,2,18,2,9,1,1,C03,7,9,1,10,2,12,,84,84,1,13,4,120.663638,24.064296,2
10672,66000,387130000C,(04)23274275,(04)23288582,2025,1,24,15,55,臺中市,南屯區,0,0,0,7,,,50,,,,,,,,,,,,,,13,,,,,B03,,,1,,1,,,59,59,1,12,4,120.620761,24.145181,3
10673,66000,387130000C,(04)23274275,(04)23288582,2025,1,24,15,56,臺中市,西屯區,0,1,0,7,3,6,50,3,9,1,5,4,6,6,4,4,5,4,5,2,16,3,10,3,1,B03,7,1,1,8,2,8,,51,51,1,12,4,120.630027,24.158684,2
10674,66000,387130000C,(04)23274275,(04)23288582,2025,1,24,15,58,臺中市,北屯區,0,0,0,7,,,80,,,,,,,,,,,,,,13,,,,,B03,,,1,,2,,,7,7,1,6,4,120.696355,24.200956,3
10675,66000,387130000C,(04)23274275,(04)23288582,2025,1,24,15,59,臺中市,大里區,0,0,0,7,,,50,,,,,,,,,,,,,,17,,,,,B03,,,1,,1,,,8,8,1,6,4,120.700643,24.088991,3
10676,66000,387130000C,(04)23274275,(04)23288582,2025,1,24,15,59,臺中市,太平區,0,0,0,7,,,80,,,,,,,,,,,,,,13,,,,,B03,,,1,,2,,,7,7,1,12,4,120.714802,24.150084,3
10677,66000,387130000C,(04)23274275,(04)23288582,2025,1,24,16,0,臺中市,南屯區,0,0,0,7,,,50,,,,,,,,,,,,,,,,,,,B03,,,1,,1,,,14,14,1,6,4,120.641685,24.149885,4
10678,66000,387130000C,(04)23274275,(04)23288582,2025,1,24,16,0,臺中市,大里區,0,2,0,7,2,6,50,4,2,1,5,4,6,6,1,1,5,5,5,2,13,2,9,1,1,C03,7,9,1,10,2,11,,7,7,1,12,4,120.67514,24.103085,2
10679,66000,387130000C,(04)23274275,(04)23288582,2025,1,24,16,0,臺中市,龍井區,0,0,0,7,,,30,,,,,,,,,,,,,,16,,,,,B03,,,1,,1,,,14,14,1,6,4,120.589498,24.180452,3
10680,66000,387130000C,(04)23274275,(04)23288582,2025,1,24,16,0,臺中市,烏日區,0,1,0,7,2,6,50,4,1,1,5,4,6,6,2,1,10,5,5,2,12,3,10,3,1,B03,7,5,1,8,2,2,,47,47,1,6,4,120.643636,24.073027,2
10681,66000,387130000C,(04)23274275,(04)23288582,2025,1,24,16,4,臺中市,南區,0,0,0,7,,,50,,,,,,,,,,,,,,13,,,,,A04,,,1,,2,,,84,84,1,6,4,120.67903,24.121545,3
10682,66000,387130000C,(04)23274275,(04)23288582,2025,1,24,16,5,臺中市,北屯區,0,0,0,7,,,50,,,,,,,,,,,,,,,,,,,B03,,,1,,1,,,7,7,1,12,4,120.718765,24.159597,3
10683,66000,387130000C,(04)23274275,(04)23288582,2025,1,24,16,6,臺中市,南屯區,0,0,0,7,,,50,,,,,,,,,,,,,,,,,,,B03,,,1,,1,,,7,7,1,12,4,120.640799,24.15466,3
10684,66000,387130000C,(04)23274275,(04)23288582,2025,1,24,16,7,臺中市,北區,0,0,0,7,2,6,50,13,9,1,5,4,6,6,4,4,5,2,5,2,17,,,,,B03,,,1,,1,,,84,84,1,12,4,120.678924,24.171997,3
10685,66000,387130000C,(04)23274275,(04)23288582,2025,1,24,16,7,臺中市,西屯區,0,0,0,7,,,50,,,,,,,,,,,,,,13,,,,,C03,,,1,,1,,,7,7,1,12,4,120.644268,24.171377,3
10686,66000,387130000C,(04)23274275,(04)23288582,2025,1,24,16,9,臺中市,大里區,0,0,0,7,,,50,,,,,,,,,,,,,,17,,,,,B03,,,1,,1,,,7,7,1,6,4,120.696915,24.08276,3
10687,66000,387130000C,(04)23274275,(04)23288582,2025,1,24,16,10,臺中市,西屯區,0,0,0,7,,,50,,,,,,,,,,,,,,12,,,,,B03,,,1,,1,,,43,43,1,12,4,120.645545,24.172416,3
10688,66000,387130000C,(04)23274275,(04)23288582,2025,1,24,16,11,臺中市,龍井區,0,0,0,7,,,50,,,,,,,,,,,,,,15,,,,,C03,,,1,,2,,,20,20,1,12,4,120.581758,24.175784,4
10689,66000,387130000C,(04)23274275,(04)23288582,2025,1,24,16,11,臺中市,清水區,0,1,0,7,3,6,30,11,9,1,5,4,6,6,4,4,10,5,5,2,10,2,9,2,1,C03,7,9,1,10,2,11,,41,41,1,12,4,120.605107,24.310276,2
10690,66000,387130000C,(04)23274275,(04)23288582,2025,1,24,16,12,臺中市,北屯區,0,0,0,7,,,50,,,,,,,,,,,,,,,,,,,B12,,,1,,1,,,84,84,1,12,4,120.692965,24.17652,3
10691,66000,387130000C,(04)23274275,(04)23288582,2025,1,24,16,12,臺中市,東勢區,0,2,0,7,2,6,50,4,1,1,5,4,6,6,4,4,10,5,5,2,12,3,10,5,1,B03,7,11,1,8,2,8,,45,45,1,12,4,120.83108,24.253825,2
10692,66000,387130000C,(04)23274275,(04)23288582,2025,1,24,16,13,臺中市,南屯區,0,0,0,7,,,40,,,,,,,,,,,,,,14,,,,,B03,,,1,,2,,,49,49,1,8,4,120.648853,24.130592,4
10693,66000,387130000C,(04)23274275,(04)23288582,2025,1,24,16,14,臺中市,大里區,0,0,0,7,,,50,,,,,,,,,,,,,,16,,,,,B03,,,1,,2,,,11,11,1,6,4,120.691682,24.074011,3
10694,66000,387130000C,(04)23274275,(04)23288582,2025,1,24,16,16,臺中市,東區,0,0,0,7,,,40,,,,,,,,,,,,,,,,,,,C03,,,1,,1,,,8,8,1,13,4,120.688484,24.135263,3
10695,66000,387130000C,(04)23274275,(04)23288582,2025,1,24,16,16,臺中市,大里區,0,1,0,7,3,6,50,3,1,1,5,4,6,6,4,4,5,4,4,2,13,3,10,1,1,C03,7,12,1,10,2,12,,59,59,1,12,4,120.692443,24.118632,2
10696,66000,387130000C,(04)23274275,(04)23288582,2025,1,24,16,17,臺中市,北屯區,0,1,0,7,2,6,50,4,1,1,5,4,6,6,1,1,4,3,5,2,16,2,9,2,1,C03,7,9,1,10,2,11,12,84,84,1,13,4,120.717278,24.171488,2
10697,66000,387130000C,(04)23274275,(04)23288582,2025,1,24,16,20,臺中市,神岡區,0,0,0,7,,,40,,,,,,,,,,,,,,16,,,,,F03,,,7,,2,,,21,21,1,13,4,120.658185,24.266567,3
10698,66000,387130000C,(04)23274275,(04)23288582,2025,1,24,16,21,臺中市,北屯區,0,0,0,7,,,50,,,,,,,,,,,,,,13,,,,,B03,,,1,,1,,,84,84,1,6,4,120.690638,24.178806,3
10699,66000,387130000C,(04)23274275,(04)23288582,2025,1,24,16,21,臺中市,北屯區,0,0,0,7,,,30,,,,,,,,,,,,,,17,,,,,C03,,,5,,9,,,84,84,2,12,4,120.710617,24.170967,3
10700,66000,387130000C,(04)23274275,(04)23288582,2025,1,24,16,21,臺中市,西屯區,0,0,0,7,3,6,50,4,9,1,5,4,6,6,2,1,5,2,5,2,12,,,,,B03,,,1,,1,,,7,7,1,12,4,120.620288,24.187608,3
10701,66000,387130000C,(04)23274275,(04)23288582,2025,1,24,16,22,臺中市,東區,0,0,0,7,,,50,,,,,,,,,,,,,,17,,,,,B12,,,1,,1,,,84,84,1,12,4,120.704753,24.130621,3
10702,66000,387130000C,(04)23274275,(04)23288582,2025,1,24,16,23,臺中市,南區,0,0,0,7,,,50,,,,,,,,,,,,,,17,,,,,B03,,,1,,1,,,76,76,1,13,4,120.660231,24.113816,3
10703,66000,387130000C,(04)23274275,(04)23288582,2025,1,24,16,24,臺中市,北區,0,0,0,7,2,6,50,13,9,1,5,4,6,6,4,4,1,4,5,2,13,3,10,3,1,B03,7,9,1,8,1,1,,7,7,1,12,4,120.691881,24.160282,3
10704,66000,387130000C,(04)23274275,(04)23288582,2025,1,24,16,24,臺中市,大里區,0,0,0,7,,,50,,,,,,,,,,,,,,14,,,,,B03,,,1,,2,,,49,49,1,12,4,120.68226,24.113301,3
10705,66000,387130000C,(04)23274275,(04)23288582,2025,1,24,16,25,臺中市,東區,0,2,0,7,2,6,50,3,1,1,5,4,6,6,4,4,10,5,5,2,16,3,10,3,1,B01,7,6,1,4,2,8,,14,14,1,12,4,120.71,24.142252,2