序號,縣市別代碼,機關代碼,市話,傳真,年,月,日,時,分,縣市,區,死亡數量,受傷數量,2-30,天候,道路照明設備,道路類別,道路速限,道路型態,事故位置,路面鋪裝,路面狀態,路面缺陷,障礙物,視距,號誌種類,號誌動作,分向設施,快車道或一般車道間,快慢車道間,路面邊線,事故類型及型態,受傷程度,主要傷處,保護裝備,行動電話或功能裝置,當事者區分(類別),車輛用途,當事者行動狀態,駕照狀態,駕照種類,飲酒情形,車輛撞擊部位最初,車輛撞擊部位其他,肇事因素個別,肇事因素主要,肇事逃逸,職業,共享經濟或外送平台,GPS座標X,GPS座標Y,事故類別
10706,66000,387130000C,(04)23274275,(04)23288582,2025,1,24,16,25,臺中市,沙鹿區,0,0,0,7,,,40,,,,,,,,,,,,,,9,,,,,B03,,,1,,2,,,8,8,1,12,4,120.567269,24.227451,3
10707,66000,387130000C,(04)23274275,(04)23288582,2025,1,24,16,29,臺中市,太平區,0,1,0,7,2,6,50,4,1,1,5,4,6,6,3,1,10,5,5,2,16,2,8,2,1,C03,7,6,1,10,2,14,,48,48,1,12,4,120.727626,24.150011,2
10708,66000,387130000C,(04)23274275,(04)23288582,2025,1,24,16,30,臺中市,西屯區,0,0,0,7,,,50,,,,,,,,,,,,,,14,,,,,B12,,,1,,1,,,49,49,1,12,4,120.66314,24.178094,3
10709,66000,387130000C,(04)23274275,(04)23288582,2025,1,24,16,31,臺中市,后里區,0,0,0,7,3,6,50,3,2,1,5,4,6,6,1,1,9,4,5,1,13,3,10,1,1,C03,7,14,1,10,2,7,,59,59,1,12,4,120.715899,24.306523,3
10710,66000,387130000C,(04)23274275,(04)23288582,2025,1,24,16,31,臺中市,大甲區,0,1,0,7,2,6,50,13,9,1,5,4,6,6,4,4,10,5,5,1,16,2,8,2,1,C03,7,1,1,10,2,11,,51,51,1,6,4,120.627423,24.350532,2
10711,66000,387130000C,(04)23274275,(04)23288582,2025,1,24,16,33,臺中市,大里區,0,3,0,6,2,6,30,4,1,1,5,4,6,6,4,4,10,5,5,2,17,2,9,1,1,C03,7,9,1,10,2,14,,12,12,1,13,4,120.706538,24.096217,2
10712,66000,387130000C,(04)23274275,(04)23288582,2025,1,24,16,34,臺中市,北區,0,1,0,7,2,6,50,4,1,1,5,4,6,6,2,1,10,5,5,2,17,3,10,3,1,B03,7,6,1,7,2,2,,11,11,1,13,4,120.684852,24.161486,2
10713,66000,387130000C,(04)23274275,(04)23288582,2025,1,24,16,34,臺中市,北屯區,0,1,0,7,2,6,50,5,1,1,5,4,6,6,2,1,10,5,5,2,12,3,10,3,1,B03,7,5,1,8,2,2,,26,26,1,6,4,120.686251,24.188697,2
10714,66000,387130000C,(04)23274275,(04)23288582,2025,1,24,16,35,臺中市,北屯區,0,0,0,7,,,50,,,,,,,,,,,,,,,,,,,B03,,,1,,1,,,7,7,1,12,4,120.724777,24.15857,3
10715,66000,387130000C,(04)23274275,(04)23288582,2025,1,24,16,41,臺中市,北屯區,0,0,0,7,,,50,,,,,,,,,,,,,,2,,,,,B03,,,1,,1,,,51,51,1,13,4,120.683571,24.175629,3
10716,66000,387130000C,(04)23274275,(04)23288582,2025,1,24,16,42,臺中市,后里區,0,2,0,7,2,6,50,4,1,1,5,4,6,6,4,4,10,5,5,2,15,2,7,2,1,C03,7,9,1,10,2,11,,15,15,1,12,4,120.725906,24.30623,2
10717,66000,387130000C,(04)23274275,(04)23288582,2025,1,24,16,44,臺中市,大甲區,0,2,0,7,1,6,50,13,9,1,5,4,6,6,4,4,5,4,5,1,13,2,9,1,1,C03,7,9,1,10,2,11,,7,7,1,12,4,120.653511,24.390133,2
10718,66000,387130000C,(04)23274275,(04)23288582,2025,1,24,16,45,臺中市,豐原區,0,0,0,7,2,6,50,3,23,1,5,4,6,6,4,4,10,5,5,2,14,3,10,3,1,B03,7,2,1,8,9,2,,49,49,1,12,4,120.7078,24.243713,3
10719,66000,387130000C,(04)23274275,(04)23288582,2025,1,24,16,46,臺中市,北區,0,0,0,7,,,50,,,,,,,,,,,,,,17,,,,,B03,,,1,,2,,,84,84,1,12,4,120.675806,24.156626,3
10720,66000,387130000C,(04)23274275,(04)23288582,2025,1,24,16,46,臺中市,北屯區,0,0,0,7,,,50,,,,,,,,,,,,,,13,,,,,A11,,,1,,1,,,84,84,1,12,4,120.673582,24.195392,3
10721,66000,387130000C,(04)23274275,(04)23288582,2025,1,24,16,47,臺中市,神岡區,0,0,0,7,1,6,60,3,2,1,5,4,6,6,1,1,1,5,5,1,12,,,,,B03,,,1,,1,,,40,40,1,12,4,120.674135,24.282354,3
10722,66000,387130000C,(04)23274275,(04)23288582,2025,1,24,16,49,臺中市,西區,0,2,0,7,1,6,30,4,1,1,5,4,6,6,4,4,10,5,5,2,17,2,9,5,4,C03,7,9,1,10,2,14,,15,15,1,12,4,120.659532,24.15143,2
10723,66000,387130000C,(04)23274275,(04)23288582,2025,1,24,16,49,臺中市,大肚區,0,1,0,7,2,6,30,4,2,1,5,4,6,6,4,4,10,5,5,2,16,3,10,1,1,C03,7,6,1,10,2,14,,14,14,1,6,4,120.544233,24.168512,2
10724,66000,387130000C,(04)23274275,(04)23288582,2025,1,24,16,50,臺中市,潭子區,0,2,0,7,2,6,50,4,1,1,5,4,6,6,1,1,5,5,5,1,16,2,9,2,1,C03,7,6,3,19,2,11,,11,11,1,13,4,120.695801,24.19409,2
10725,66000,387130000C,(04)23274275,(04)23288582,2025,1,24,16,51,臺中市,西屯區,0,0,0,7,,,50,,,,,,,,,,,,,,12,,,,,B01,,,1,,1,,,51,51,1,12,4,120.643567,24.184891,3
10726,66000,387130000C,(04)23274275,(04)23288582,2025,1,24,16,51,臺中市,西屯區,0,1,0,7,1,6,50,13,8,1,5,4,6,6,4,4,1,4,4,2,16,3,10,3,1,B12,7,5,1,8,2,2,,47,47,1,12,4,120.651332,24.207975,2
10727,66000,387130000C,(04)23274275,(04)23288582,2025,1,24,16,54,臺中市,北屯區,0,0,0,7,,,50,,,,,,,,,,,,,,13,,,,,B03,,,1,,1,,,84,84,1,6,4,120.692899,24.165049,3
10728,66000,387130000C,(04)23274275,(04)23288582,2025,1,24,16,56,臺中市,后里區,0,1,0,7,3,6,50,4,2,1,5,4,6,6,1,1,9,4,5,1,12,2,9,3,1,B03,7,9,1,8,2,2,,8,8,1,6,4,120.69607,24.313391,2
10729,66000,387130000C,(04)23274275,(04)23288582,2025,1,24,16,56,臺中市,豐原區,0,0,0,7,,,50,,,,,,,,,,,,,,12,,,,,B03,,,1,,2,,,51,51,1,6,4,120.709054,24.25239,3
10730,66000,387130000C,(04)23274275,(04)23288582,2025,1,24,16,57,臺中市,豐原區,0,1,0,7,2,6,30,4,1,1,5,4,6,6,4,4,10,5,5,2,17,2,9,1,4,C03,7,9,1,10,2,11,,15,15,1,12,4,120.705443,24.25485,2
10731,66000,387130000C,(04)23274275,(04)23288582,2025,1,24,16,58,臺中市,南區,0,2,0,7,2,6,50,3,1,1,5,4,6,6,4,4,10,5,5,2,17,2,9,6,1,F01,7,9,7,21,2,12,,20,20,1,4,4,120.659344,24.125614,2
10732,66000,387130000C,(04)23274275,(04)23288582,2025,1,24,16,58,臺中市,南屯區,0,1,0,7,2,6,50,13,9,1,5,4,6,6,4,4,9,5,5,2,18,2,1,6,1,F01,7,9,7,21,2,12,,59,59,1,13,4,120.636753,24.153003,2
10733,66000,387130000C,(04)23274275,(04)23288582,2025,1,24,16,58,臺中市,西屯區,0,1,0,6,2,6,50,13,7,1,5,4,6,6,4,4,1,3,5,1,13,2,8,2,4,C03,7,9,1,10,2,11,,7,7,1,12,4,120.651415,24.16509,2
10734,66000,387130000C,(04)23274275,(04)23288582,2025,1,24,16,58,臺中市,大里區,0,2,0,7,2,6,50,13,7,1,5,4,6,6,3,1,2,2,4,1,12,2,8,1,1,C03,7,11,1,10,2,14,,8,8,1,12,2,120.680224,24.115092,2
10735,66000,387130000C,(04)23274275,(04)23288582,2025,1,24,17,3,臺中市,大里區,0,1,0,7,2,6,50,4,1,1,5,4,6,6,1,1,10,5,5,2,12,3,10,2,1,C03,7,9,1,10,2,12,,84,84,1,6,4,120.71366,24.094267,2
10736,66000,387130000C,(04)23274275,(04)23288582,2025,1,24,17,5,臺中市,大里區,0,0,0,6,1,6,50,13,14,1,5,4,6,6,4,3,5,5,5,1,24,,,,,A11,,,1,,2,,,84,84,1,12,4,120.682772,24.115075,3
10737,66000,387130000C,(04)23274275,(04)23288582,2025,1,24,17,8,臺中市,北屯區,0,1,0,7,3,6,50,13,9,1,5,4,6,6,4,4,5,5,5,2,17,3,10,3,1,B03,7,9,1,8,2,1,,84,84,1,12,4,120.71817,24.171805,2
10738,66000,387130000C,(04)23274275,(04)23288582,2025,1,24,17,8,臺中市,北屯區,0,0,0,7,,,50,,,,,,,,,,,,,,12,,,,,B03,,,1,,1,,,39,39,1,6,4,120.694672,24.16561,3
10739,66000,387130000C,(04)23274275,(04)23288582,2025,1,24,17,8,臺中市,豐原區,0,0,0,7,,,,,,,,,,,,,,,,,,,,,,,,,,,,,,86,86,1,,,120.749853,24.268327,3
10740,66000,387130000C,(04)23274275,(04)23288582,2025,1,24,17,8,臺中市,神岡區,0,0,0,7,1,6,50,3,1,1,5,4,6,6,1,1,10,5,5,1,12,,,,,B03,,,1,,1,,,40,40,1,12,4,120.698647,24.248748,3
10741,66000,387130000C,(04)23274275,(04)23288582,2025,1,24,17,9,臺中市,龍井區,0,0,0,7,,,60,,,,,,,,,,,,,,13,,,,,B12,,,1,,1,,,59,59,1,12,4,120.58098,24.176108,3
10742,66000,387130000C,(04)23274275,(04)23288582,2025,1,24,17,10,臺中市,外埔區,0,1,0,7,1,6,50,5,2,1,5,4,6,6,1,1,8,4,5,1,16,3,10,3,1,B03,7,5,1,8,2,2,,14,14,1,6,4,120.639483,24.34134,2
10743,66000,387130000C,(04)23274275,(04)23288582,2025,1,24,17,14,臺中市,東區,0,0,0,7,,,30,,,,,,,,,,,,,,,,,,,B03,,,1,,1,,,49,49,1,13,4,120.690393,24.133667,3
10744,66000,387130000C,(04)23274275,(04)23288582,2025,1,24,17,14,臺中市,太平區,0,0,0,7,,,50,,,,,,,,,,,,,,17,,,,,B03,,,1,,2,,,51,51,1,12,4,120.715663,24.151859,3
10745,66000,387130000C,(04)23274275,(04)23288582,2025,1,24,17,15,臺中市,東區,0,0,0,7,,,50,,,,,,,,,,,,,,13,,,,,C02,,,1,,2,,,7,7,1,12,4,120.687156,24.140288,3
10746,66000,387130000C,(04)23274275,(04)23288582,2025,1,24,17,15,臺中市,西屯區,0,1,0,7,2,6,30,13,9,1,5,4,6,6,4,4,10,5,5,2,13,3,10,1,1,C03,7,5,1,10,2,13,,42,42,1,12,4,120.646241,24.168534,2
10747,66000,387130000C,(04)23274275,(04)23288582,2025,1,24,17,15,臺中市,霧峰區,0,0,0,7,,,50,,,,,,,,,,,,,,17,,,,,B03,,,1,,1,,,49,49,1,13,4,120.698626,24.062779,3
10748,66000,387130000C,(04)23274275,(04)23288582,2025,1,24,17,15,臺中市,清水區,0,0,0,7,1,6,50,13,7,1,5,4,6,6,1,1,8,3,4,2,13,,,,,B03,,,1,,1,,,7,7,1,12,4,120.54432,24.267865,3
10749,66000,387130000C,(04)23274275,(04)23288582,2025,1,24,17,17,臺中市,豐原區,0,0,0,7,,,50,,,,,,,,,,,,,,13,,,,,C03,,,1,,1,,,7,7,1,12,4,120.714639,24.248087,4
10750,66000,387130000C,(04)23274275,(04)23288582,2025,1,24,17,18,臺中市,南屯區,0,0,0,7,,,50,,,,,,,,,,,,,,8,,,,,B03,,,1,,1,,,84,84,1,12,4,120.630747,24.148311,3
10751,66000,387130000C,(04)23274275,(04)23288582,2025,1,24,17,18,臺中市,豐原區,0,0,0,7,1,6,50,3,2,1,5,4,6,6,2,1,10,5,5,2,12,3,10,3,1,B03,7,3,1,8,2,6,,8,8,1,12,4,120.707961,24.243725,3
10752,66000,387130000C,(04)23274275,(04)23288582,2025,1,24,17,18,臺中市,神岡區,0,0,0,7,,,30,,,,,,,,,,,,,,17,,,,,B03,,,1,,1,,,8,8,1,12,4,120.682681,24.245801,3
10753,66000,387130000C,(04)23274275,(04)23288582,2025,1,24,17,19,臺中市,北屯區,0,0,0,7,,,30,,,,,,,,,,,,,,,,,,,C03,,,1,,2,,,84,84,1,12,4,120.683345,24.191197,3
10754,66000,387130000C,(04)23274275,(04)23288582,2025,1,24,17,20,臺中市,西屯區,0,2,0,7,2,6,50,4,1,1,5,4,6,6,2,1,10,5,5,2,15,2,7,5,4,C03,7,9,1,10,2,11,,21,21,1,12,4,120.616407,24.185721,2
10755,66000,387130000C,(04)23274275,(04)23288582,2025,1,24,17,21,臺中市,南區,0,1,0,7,3,6,50,3,1,1,5,4,6,6,4,4,10,5,5,2,16,3,10,3,1,B03,7,6,1,8,2,1,,14,14,1,13,4,120.6578,24.111844,2
10756,66000,387130000C,(04)23274275,(04)23288582,2025,1,24,17,21,臺中市,霧峰區,0,1,0,6,2,6,50,4,1,1,5,4,6,6,1,1,10,5,5,2,17,3,10,3,1,B03,7,5,1,8,2,5,,11,11,1,13,4,120.662997,24.059765,2
10757,66000,387130000C,(04)23274275,(04)23288582,2025,1,24,17,22,臺中市,大里區,0,0,0,7,,,50,,,,,,,,,,,,,,17,,,,,F03,,,1,,2,,,59,59,1,6,4,120.705944,24.0925,3
10758,66000,387130000C,(04)23274275,(04)23288582,2025,1,24,17,22,臺中市,大里區,0,1,0,7,2,6,50,13,9,1,5,4,6,6,4,4,5,5,5,1,16,3,10,2,1,C03,7,6,1,10,2,13,,39,39,1,6,4,120.694518,24.082354,2
10759,66000,387130000C,(04)23274275,(04)23288582,2025,1,24,17,22,臺中市,大甲區,0,2,0,7,2,6,50,13,9,1,5,4,6,6,4,4,10,5,5,2,16,2,9,2,1,C03,7,1,1,10,2,11,,51,51,1,6,4,120.639571,24.346332,2
10760,66000,387130000C,(04)23274275,(04)23288582,2025,1,24,17,23,臺中市,西屯區,0,1,0,7,1,6,40,4,1,1,5,4,6,6,2,1,10,5,5,2,15,2,8,2,1,C03,7,1,1,10,2,14,,51,51,1,13,4,120.643603,24.165681,2
10761,66000,387130000C,(04)23274275,(04)23288582,2025,1,24,17,25,臺中市,豐原區,0,1,0,7,2,6,50,13,8,1,5,4,6,6,4,4,9,5,4,2,9,3,10,1,1,C03,7,9,1,10,2,11,,84,84,1,12,4,120.733264,24.257718,2
10762,66000,387130000C,(04)23274275,(04)23288582,2025,1,24,17,26,臺中市,霧峰區,0,0,0,7,,,50,,,,,,,,,,,,,,16,,,,,B03,,,1,,2,,,40,40,1,12,4,120.656953,24.087347,3
10763,66000,387130000C,(04)23274275,(04)23288582,2025,1,24,17,29,臺中市,北屯區,0,0,0,7,,,50,,,,,,,,,,,,,,13,,,,,B03,,,1,,2,,,59,59,1,13,4,120.689241,24.201485,3
10764,66000,387130000C,(04)23274275,(04)23288582,2025,1,24,17,30,臺中市,太平區,0,0,0,7,,,50,,,,,,,,,,,,,,13,,,,,C03,,,1,,2,,,7,7,1,12,4,120.714297,24.149237,3
10765,66000,387130000C,(04)23274275,(04)23288582,2025,1,24,17,30,臺中市,大肚區,0,0,0,7,,,50,,,,,,,,,,,,,,14,,,,,B03,,,1,,2,,,49,49,1,6,4,120.54353,24.160177,3
10766,66000,387130000C,(04)23274275,(04)23288582,2025,1,24,17,30,臺中市,豐原區,0,1,0,7,1,6,50,3,9,1,5,4,6,6,4,4,5,5,5,2,18,2,9,1,1,C03,7,9,1,10,2,14,,84,84,1,13,4,120.74766,24.266563,2
10767,66000,387130000C,(04)23274275,(04)23288582,2025,1,24,17,35,臺中市,大雅區,0,2,0,7,1,6,50,3,1,1,5,4,6,6,4,4,10,5,5,2,16,2,9,1,1,C03,7,6,1,10,2,12,,14,14,1,12,4,120.64448,24.221091,2
10768,66000,387130000C,(04)23274275,(04)23288582,2025,1,24,17,35,臺中市,南屯區,0,0,0,7,,,50,,,,,,,,,,,,,,17,,,,,C03,,,1,,1,,,21,21,1,6,4,120.646553,24.142563,3
10769,66000,387130000C,(04)23274275,(04)23288582,2025,1,24,17,35,臺中市,南屯區,0,1,0,7,1,6,50,4,2,1,5,4,6,6,2,1,5,4,5,2,9,3,10,2,1,C03,7,9,1,10,2,11,,84,84,1,12,4,120.611465,24.138592,2
10770,66000,387130000C,(04)23274275,(04)23288582,2025,1,24,17,36,臺中市,東區,0,0,0,7,,,40,,,,,,,,,,,,,,12,,,,,F01,,,7,,2,,,84,84,1,12,4,120.69225,24.126371,3
10771,66000,387130000C,(04)23274275,(04)23288582,2025,1,24,17,37,臺中市,烏日區,0,0,0,7,,,50,,,,,,,,,,,,,,,,,,,C03,,,1,,1,,,11,11,1,13,4,120.607517,24.111886,3
10772,66000,387130000C,(04)23274275,(04)23288582,2025,1,24,17,38,臺中市,北區,0,0,0,7,1,6,50,13,9,1,5,4,6,6,4,4,1,4,5,2,12,3,10,3,1,B03,7,7,1,8,1,2,,35,35,1,12,4,120.673178,24.16695,3
10773,66000,387130000C,(04)23274275,(04)23288582,2025,1,24,17,38,臺中市,東區,0,0,0,7,,,50,,,,,,,,,,,,,,17,,,,,B02,,,1,,1,,,45,45,1,5,4,120.684858,24.13533,3
10774,66000,387130000C,(04)23274275,(04)23288582,2025,1,24,17,40,臺中市,南屯區,0,0,0,7,,,50,,,,,,,,,,,,,,,,,,,B03,,,1,,1,,,7,7,1,6,4,120.64636,24.139427,3
10775,66000,387130000C,(04)23274275,(04)23288582,2025,1,24,17,43,臺中市,南屯區,0,0,0,7,,,50,,,,,,,,,,,,,,11,,,,,C03,,,1,,1,,,20,20,1,12,4,120.647803,24.146881,3
10776,66000,387130000C,(04)23274275,(04)23288582,2025,1,24,17,43,臺中市,北屯區,0,1,0,7,1,6,50,4,1,1,5,4,6,6,2,1,10,5,5,2,17,3,10,5,4,B03,7,5,1,8,2,5,,11,11,1,13,4,120.690418,24.18823,2
10777,66000,387130000C,(04)23274275,(04)23288582,2025,1,24,17,45,臺中市,大肚區,0,1,0,7,3,6,30,13,9,1,5,4,6,6,4,4,10,5,5,2,18,2,9,1,1,C03,7,9,1,10,2,15,,6,6,1,6,4,120.55922,24.115244,2
10778,66000,387130000C,(04)23274275,(04)23288582,2025,1,24,17,46,臺中市,北區,0,0,0,7,,,50,,,,,,,,,,,,,,13,,,,,C03,,,1,,1,,,59,59,1,13,4,120.670529,24.162837,4
10779,66000,387130000C,(04)23274275,(04)23288582,2025,1,24,17,48,臺中市,大雅區,0,0,0,7,,,50,,,,,,,,,,,,,,,,,,,B03,,,1,,9,,,8,8,1,13,4,120.64474,24.23558,3
10780,66000,387130000C,(04)23274275,(04)23288582,2025,1,24,17,50,臺中市,龍井區,0,1,0,7,3,6,50,4,1,1,5,4,6,6,4,4,5,5,5,2,15,2,9,2,1,C03,7,9,1,4,2,11,,15,15,1,12,4,120.524717,24.203487,2
10781,66000,387130000C,(04)23274275,(04)23288582,2025,1,24,17,52,臺中市,北區,0,0,0,7,,,50,,,,,,,,,,,,,,17,,,,,C03,,,1,,2,,,40,40,1,13,4,120.685887,24.155351,3
10782,66000,387130000C,(04)23274275,(04)23288582,2025,1,24,17,52,臺中市,神岡區,0,1,0,6,1,6,50,3,2,1,5,4,6,6,1,1,5,5,4,2,13,2,9,1,1,C03,7,9,1,10,7,11,,53,53,1,12,4,120.703294,24.262144,2
10783,66000,387130000C,(04)23274275,(04)23288582,2025,1,24,17,54,臺中市,西區,0,2,0,7,1,6,50,4,1,1,5,4,6,6,1,1,10,5,5,2,16,3,10,5,1,B03,7,5,1,8,2,2,,11,11,1,6,4,120.665287,24.150867,2
10784,66000,387130000C,(04)23274275,(04)23288582,2025,1,24,17,56,臺中市,烏日區,0,0,0,7,,,50,,,,,,,,,,,,,,13,,,,,C03,,,1,,1,,,8,8,1,6,4,120.62596,24.111051,3
10785,66000,387130000C,(04)23274275,(04)23288582,2025,1,24,17,57,臺中市,西區,0,0,0,7,,,50,,,,,,,,,,,,,,,,,,,B03,,,5,,1,,,84,84,1,6,4,120.671813,24.144999,3
10786,66000,387130000C,(04)23274275,(04)23288582,2025,1,24,17,58,臺中市,北屯區,0,0,0,7,,,50,,,,,,,,,,,,,,13,,,,,C03,,,1,,1,,,7,7,1,12,4,120.684097,24.169519,3
10787,66000,387130000C,(04)23274275,(04)23288582,2025,1,24,17,59,臺中市,大甲區,0,1,1,7,1,6,50,4,1,1,5,4,6,6,1,1,5,5,5,1,16,5,10,1,1,C03,7,6,3,19,2,12,,11,11,1,12,4,120.621558,24.34778,2
10788,66000,387130000C,(04)23274275,(04)23288582,2025,1,24,18,0,臺中市,南屯區,0,1,0,7,1,6,50,13,9,1,5,4,6,6,4,4,9,5,5,2,17,3,10,3,1,B01,7,2,1,4,2,3,,49,49,1,13,4,120.636959,24.148038,2
10789,66000,387130000C,(04)23274275,(04)23288582,2025,1,24,18,0,臺中市,北屯區,0,4,0,7,3,6,50,4,1,1,5,4,6,6,1,1,10,5,5,2,17,2,9,1,1,C03,7,9,1,10,2,11,,7,7,1,12,4,120.702401,24.186508,2
10790,66000,387130000C,(04)23274275,(04)23288582,2025,1,24,18,1,臺中市,西屯區,0,0,0,7,,,50,,,,,,,,,,,,,,12,,,,,B03,,,1,,1,,,85,85,1,13,4,120.619611,24.187261,3
10791,66000,387130000C,(04)23274275,(04)23288582,2025,1,24,18,2,臺中市,西屯區,0,0,0,7,,,50,,,,,,,,,,,,,,12,,,,,B03,,,1,,1,,,8,8,1,12,4,120.645796,24.172829,3
10792,66000,387130000C,(04)23274275,(04)23288582,2025,1,24,18,3,臺中市,東區,0,0,0,7,,,50,,,,,,,,,,,,,,14,,,,,B12,,,1,,1,,,84,84,1,12,4,120.708878,24.134809,3
10793,66000,387130000C,(04)23274275,(04)23288582,2025,1,24,18,4,臺中市,南區,0,0,0,7,,,40,,,,,,,,,,,,,,17,,,,,C03,,,1,,1,,,50,50,1,13,4,120.675028,24.124742,3
10794,66000,387130000C,(04)23274275,(04)23288582,2025,1,24,18,4,臺中市,西屯區,0,0,0,6,1,6,60,4,1,1,5,4,6,6,1,1,1,3,1,1,13,3,10,2,4,C03,7,9,1,10,1,11,,7,7,1,12,4,120.657614,24.157933,3
10795,66000,387130000C,(04)23274275,(04)23288582,2025,1,24,18,4,臺中市,西屯區,0,0,0,7,,,40,,,,,,,,,,,,,,13,,,,,B03,,,1,,2,,,7,7,1,12,4,120.62086,24.179946,3
10796,66000,387130000C,(04)23274275,(04)23288582,2025,1,24,18,7,臺中市,南區,0,1,0,7,1,6,50,4,1,1,5,4,6,6,2,1,10,5,5,2,16,3,10,3,1,B03,7,6,1,8,2,5,,23,23,1,6,4,120.649939,24.120598,2
10797,66000,387130000C,(04)23274275,(04)23288582,2025,1,24,18,8,臺中市,北屯區,0,0,0,7,,,50,,,,,,,,,,,,,,14,,,,,B03,,,1,,1,,,49,49,1,6,4,120.690933,24.172376,3
10798,66000,387130000C,(04)23274275,(04)23288582,2025,1,24,18,10,臺中市,南屯區,0,1,0,7,1,6,50,4,1,1,5,4,6,6,1,1,10,5,5,2,17,3,10,3,1,B01,7,5,1,4,2,2,,65,65,1,6,4,120.60173,24.139313,2
10799,66000,387130000C,(04)23274275,(04)23288582,2025,1,24,18,11,臺中市,西區,0,1,0,7,1,6,50,4,1,1,5,4,6,6,4,4,10,5,5,2,13,2,9,2,1,C03,7,7,1,10,2,11,,7,7,1,12,4,120.658389,24.146922,2
10800,66000,387130000C,(04)23274275,(04)23288582,2025,1,24,18,11,臺中市,北區,0,0,0,7,1,6,50,4,2,1,5,4,6,6,1,1,9,4,5,2,13,,,,,C03,,,1,,1,,,7,7,1,12,4,120.678279,24.14853,3
10801,66000,387130000C,(04)23274275,(04)23288582,2025,1,24,18,12,臺中市,北屯區,0,1,0,7,2,6,50,13,7,1,5,4,6,6,4,4,5,5,4,1,14,3,10,3,1,B03,7,2,1,8,2,3,,49,49,1,12,4,120.693401,24.172435,2
10802,66000,387130000C,(04)23274275,(04)23288582,2025,1,24,18,12,臺中市,太平區,0,2,0,7,1,6,50,4,1,1,5,4,5,6,2,1,10,5,5,2,17,2,9,2,1,C03,7,15,1,10,2,12,,84,84,1,12,4,120.711492,24.149869,2
10803,66000,387130000C,(04)23274275,(04)23288582,2025,1,24,18,14,臺中市,西屯區,0,1,0,7,1,6,40,4,1,1,5,4,6,6,2,1,10,5,5,2,18,2,1,2,4,C03,7,9,1,10,2,12,,84,84,1,12,4,120.643246,24.166427,2
10804,66000,387130000C,(04)23274275,(04)23288582,2025,1,24,18,18,臺中市,北屯區,0,0,0,7,,,50,,,,,,,,,,,,,,13,,,,,B03,,,5,,2,,,84,84,1,13,4,120.689865,24.164958,3
10805,66000,387130000C,(04)23274275,(04)23288582,2025,1,24,18,20,臺中市,大里區,0,0,0,7,,,50,,,,,,,,,,,,,,17,,,,,B03,,,1,,2,,,49,49,1,12,4,120.695641,24.119533,3
10806,66000,387130000C,(04)23274275,(04)23288582,2025,1,24,18,23,臺中市,北屯區,0,0,0,7,,,50,,,,,,,,,,,,,,,,,,,B03,,,1,,1,,,40,40,1,13,4,120.667029,24.180064,3
10807,66000,387130000C,(04)23274275,(04)23288582,2025,1,24,18,24,臺中市,北屯區,0,1,0,7,2,6,50,13,9,1,5,4,6,6,4,4,1,3,4,2,17,2,9,2,1,C03,7,9,1,10,2,12,,6,6,1,13,4,120.661702,24.190339,2
10808,66000,387130000C,(04)23274275,(04)23288582,2025,1,24,18,26,臺中市,大里區,0,3,0,7,1,6,50,3,1,1,5,4,6,6,1,1,10,5,5,2,16,2,9,1,1,C03,7,6,1,10,2,12,,11,11,1,12,4,120.692453,24.112025,2
10809,66000,387130000C,(04)23274275,(04)23288582,2025,1,24,18,28,臺中市,北區,0,0,0,7,2,6,50,4,2,1,5,4,6,6,1,1,1,4,5,2,12,3,10,3,1,B03,7,9,1,6,1,2,,40,40,1,11,4,120.673947,24.165121,3
10810,66000,387130000C,(04)23274275,(04)23288582,2025,1,24,18,29,臺中市,南屯區,0,2,0,7,1,6,50,4,2,1,5,4,6,6,4,4,5,4,4,2,17,2,9,2,1,C03,7,9,1,10,2,11,,84,84,1,12,4,120.649239,24.130796,2
10811,66000,387130000C,(04)23274275,(04)23288582,2025,1,24,18,29,臺中市,北屯區,0,3,0,7,1,6,40,3,1,1,5,4,6,6,4,4,10,5,5,2,16,2,3,1,1,C03,7,6,1,10,2,14,,20,20,1,12,4,120.723029,24.164858,2
10812,66000,387130000C,(04)23274275,(04)23288582,2025,1,24,18,29,臺中市,烏日區,0,0,0,7,,,50,,,,,,,,,,,,,,16,,,,,A02,,,1,,2,,,12,12,1,12,4,120.612292,24.107483,3
10813,66000,387130000C,(04)23274275,(04)23288582,2025,1,24,18,30,臺中市,東勢區,0,0,0,7,,,50,,,,,,,,,,,,,,,,,,,B03,,,1,,1,,,49,49,1,12,4,120.829146,24.259199,3
10814,66000,387130000C,(04)23274275,(04)23288582,2025,1,24,18,35,臺中市,北屯區,0,0,0,7,,,50,,,,,,,,,,,,,,13,,,,,B03,,,1,,1,,,84,84,1,6,4,120.700448,24.179038,3
10815,66000,387130000C,(04)23274275,(04)23288582,2025,1,24,18,36,臺中市,北屯區,0,0,0,7,,,50,,,,,,,,,,,,,,,,,,,C03,,,1,,1,,,84,84,1,12,4,120.71479,24.173873,3