序號,縣市別代碼,機關代碼,市話,傳真,年,月,日,時,分,縣市,區,死亡數量,受傷數量,2-30,天候,道路照明設備,道路類別,道路速限,道路型態,事故位置,路面鋪裝,路面狀態,路面缺陷,障礙物,視距,號誌種類,號誌動作,分向設施,快車道或一般車道間,快慢車道間,路面邊線,事故類型及型態,受傷程度,主要傷處,保護裝備,行動電話或功能裝置,當事者區分(類別),車輛用途,當事者行動狀態,駕照狀態,駕照種類,飲酒情形,車輛撞擊部位最初,車輛撞擊部位其他,肇事因素個別,肇事因素主要,肇事逃逸,職業,共享經濟或外送平台,GPS座標X,GPS座標Y,事故類別
10925,66000,387130000C,(04)23274275,(04)23288582,2025,1,25,7,14,臺中市,沙鹿區,0,0,0,7,,,60,,,,,,,,,,,,,,,,,,,B03,,,1,,2,,,84,84,1,12,4,120.569429,24.23841,3
10926,66000,387130000C,(04)23274275,(04)23288582,2025,1,25,7,31,臺中市,大甲區,0,0,0,7,,,50,,,,,,,,,,,,,,,,,,,B03,,,1,,2,,,43,43,1,12,4,120.648196,24.40526,3
10927,66000,387130000C,(04)23274275,(04)23288582,2025,1,25,7,34,臺中市,西屯區,0,1,0,7,2,6,0,18,21,4,5,4,6,6,4,4,10,5,5,2,15,3,10,5,4,C03,7,9,1,10,2,11,,2,2,1,13,4,120.641298,24.192135,2
10928,66000,387130000C,(04)23274275,(04)23288582,2025,1,25,7,35,臺中市,大里區,0,0,0,7,,,50,,,,,,,,,,,,,,17,,,,,C03,,,1,,2,,,84,84,1,13,4,120.708191,24.085423,3
10929,66000,387130000C,(04)23274275,(04)23288582,2025,1,25,7,38,臺中市,南屯區,0,1,0,7,3,6,50,13,8,1,5,4,6,6,1,1,3,4,1,2,13,2,9,3,1,B12,7,9,1,8,2,8,,59,59,1,12,4,120.637589,24.119897,2
10930,66000,387130000C,(04)23274275,(04)23288582,2025,1,25,7,44,臺中市,潭子區,0,2,0,7,2,6,30,5,1,1,5,4,6,6,4,4,10,5,5,2,16,2,9,1,1,C03,7,6,1,10,2,11,,14,14,1,13,4,120.693299,24.222908,2
10931,66000,387130000C,(04)23274275,(04)23288582,2025,1,25,7,48,臺中市,西屯區,0,2,0,7,1,6,50,4,1,1,5,4,6,6,1,1,10,5,5,2,13,2,9,2,1,C03,7,9,1,10,2,11,,39,39,1,12,4,120.654598,24.16591,2
10932,66000,387130000C,(04)23274275,(04)23288582,2025,1,25,7,49,臺中市,西屯區,0,1,0,7,2,6,50,3,1,1,5,4,6,6,4,4,10,5,5,2,30,2,9,1,1,C03,7,6,1,10,2,15,,48,48,1,13,4,120.660561,24.173174,2
10933,66000,387130000C,(04)23274275,(04)23288582,2025,1,25,7,50,臺中市,豐原區,0,0,0,7,,,30,,,,,,,,,,,,,,17,,,,,B03,,,1,,2,,,59,59,1,12,4,120.731945,24.248426,3
10934,66000,387130000C,(04)23274275,(04)23288582,2025,1,25,8,0,臺中市,北區,0,1,0,7,2,6,50,3,1,1,5,4,6,6,4,4,5,5,5,2,16,3,10,3,1,B03,7,5,1,8,2,5,,65,65,1,13,4,120.683767,24.15524,2
10935,66000,387130000C,(04)23274275,(04)23288582,2025,1,25,8,15,臺中市,南屯區,0,0,0,7,,,50,,,,,,,,,,,,,,12,,,,,B03,,,1,,1,,,8,8,1,6,4,120.653258,24.128767,3
10936,66000,387130000C,(04)23274275,(04)23288582,2025,1,25,8,17,臺中市,北屯區,0,0,0,7,,,50,,,,,,,,,,,,,,17,,,,,B12,,,1,,1,,,73,73,1,6,4,120.687435,24.174271,3
10937,66000,387130000C,(04)23274275,(04)23288582,2025,1,25,8,19,臺中市,南屯區,0,2,0,7,3,6,50,4,1,1,5,4,6,6,3,1,10,5,5,2,15,2,9,5,4,F06,7,9,7,21,2,12,,21,21,1,12,4,120.652971,24.140127,2
10938,66000,387130000C,(04)23274275,(04)23288582,2025,1,25,8,20,臺中市,西屯區,0,0,0,7,,,30,,,,,,,,,,,,,,,,,,,B03,,,1,,1,,,51,51,1,12,4,120.619122,24.17872,3
10939,66000,387130000C,(04)23274275,(04)23288582,2025,1,25,8,24,臺中市,東勢區,0,0,0,7,,,40,,,,,,,,,,,,,,,,,,,B03,,,1,,1,,,51,51,1,13,4,120.835153,24.236666,3
10940,66000,387130000C,(04)23274275,(04)23288582,2025,1,25,8,26,臺中市,西區,0,1,0,7,2,6,50,13,9,1,5,4,6,6,4,4,9,4,5,2,12,3,10,3,1,B03,7,11,1,8,2,4,,39,39,1,12,4,120.666257,24.146923,2
10941,66000,387130000C,(04)23274275,(04)23288582,2025,1,25,8,29,臺中市,南屯區,0,0,0,7,,,60,,,,,,,,,,,,,,13,,,,,B03,,,1,,1,,,7,7,1,6,4,120.622879,24.145186,3
10942,66000,387130000C,(04)23274275,(04)23288582,2025,1,25,8,30,臺中市,潭子區,0,0,0,7,,,50,,,,,,,,,,,,,,,,,,,B03,,,1,,2,,,8,8,1,13,4,120.711083,24.214042,3
10943,66000,387130000C,(04)23274275,(04)23288582,2025,1,25,8,30,臺中市,豐原區,0,0,0,7,,,50,,,,,,,,,,,,,,17,,,,,E05,,,1,,1,,,76,76,1,12,4,120.729912,24.250679,3
10944,66000,387130000C,(04)23274275,(04)23288582,2025,1,25,8,35,臺中市,南區,0,0,0,7,,,50,,,,,,,,,,,,,,13,,,,,B03,,,1,,2,,,7,7,1,6,4,120.650118,24.120638,3
10945,66000,387130000C,(04)23274275,(04)23288582,2025,1,25,8,45,臺中市,龍井區,0,0,0,7,,,40,,,,,,,,,,,,,,,,,,,A41,,,1,,2,,,8,8,1,12,4,120.506448,24.210782,3
10946,66000,387130000C,(04)23274275,(04)23288582,2025,1,25,8,45,臺中市,外埔區,0,1,0,7,2,6,50,13,9,1,5,4,6,6,1,1,9,5,4,1,3,2,9,2,1,C03,7,6,1,10,2,14,,26,26,1,12,4,120.653127,24.33187,2
10947,66000,387130000C,(04)23274275,(04)23288582,2025,1,25,8,49,臺中市,南區,0,0,0,7,,,30,,,,,,,,,,,,,,,,,,,B03,,,1,,9,,,84,84,2,6,4,120.670972,24.113127,3
10948,66000,387130000C,(04)23274275,(04)23288582,2025,1,25,8,51,臺中市,南屯區,0,1,0,7,3,6,50,13,7,1,5,4,6,6,4,4,5,5,4,2,12,3,10,3,1,B03,7,11,1,8,2,4,,45,45,1,12,4,120.641378,24.132885,2
10949,66000,387130000C,(04)23274275,(04)23288582,2025,1,25,8,53,臺中市,太平區,0,1,0,7,2,6,50,4,1,1,5,4,6,6,4,4,10,5,5,2,15,3,10,3,1,B03,7,9,1,8,2,2,,15,15,1,12,4,120.716997,24.116711,2
10950,66000,387130000C,(04)23274275,(04)23288582,2025,1,25,8,57,臺中市,北屯區,0,0,0,7,,,50,,,,,,,,,,,,,,14,,,,,B03,,,1,,1,,,49,49,1,13,4,120.685747,24.172294,3
10951,66000,387130000C,(04)23274275,(04)23288582,2025,1,25,8,58,臺中市,豐原區,0,1,0,7,2,6,50,5,1,1,5,4,6,6,1,1,5,4,4,2,13,2,9,2,1,C04,7,9,1,11,2,11,,7,7,1,12,4,120.715394,24.248234,2
10952,66000,387130000C,(04)23274275,(04)23288582,2025,1,25,9,3,臺中市,新社區,0,0,0,7,,,40,,,,,,,,,,,,,,,,,,,C03,,,1,,1,,,7,7,1,12,4,120.824761,24.166708,3
10953,66000,387130000C,(04)23274275,(04)23288582,2025,1,25,9,4,臺中市,西區,0,0,0,7,2,6,50,4,1,1,5,4,6,6,4,4,10,5,5,2,12,,,,,B03,,,1,,1,,,84,84,1,12,4,120.672471,24.149506,3
10954,66000,387130000C,(04)23274275,(04)23288582,2025,1,25,9,5,臺中市,東區,0,0,0,7,,,30,,,,,,,,,,,,,,16,,,,,C03,,,1,,1,,,12,12,1,12,4,120.700115,24.139355,3
10955,66000,387130000C,(04)23274275,(04)23288582,2025,1,25,9,10,臺中市,南屯區,0,0,0,7,,,50,,,,,,,,,,,,,,17,,,,,B03,,,1,,9,,,87,87,1,6,4,120.650097,24.128298,3
10956,66000,387130000C,(04)23274275,(04)23288582,2025,1,25,9,17,臺中市,豐原區,0,3,0,7,2,6,50,4,1,1,5,4,6,6,2,1,5,4,4,2,17,2,9,1,1,C03,7,9,1,10,2,11,,21,21,1,12,4,120.722436,24.238036,2
10957,66000,387130000C,(04)23274275,(04)23288582,2025,1,25,9,20,臺中市,北屯區,0,2,0,7,2,6,50,4,1,1,5,4,6,6,1,1,10,5,5,2,16,3,10,3,1,B03,7,9,1,8,2,1,,21,21,1,6,4,120.676136,24.200773,2
10958,66000,387130000C,(04)23274275,(04)23288582,2025,1,25,9,30,臺中市,后里區,0,0,0,7,,,40,,,,,,,,,,,,,,17,,,,,B12,,,1,,1,,,76,76,1,13,4,120.721242,24.30514,3
10959,66000,387130000C,(04)23274275,(04)23288582,2025,1,25,9,32,臺中市,石岡區,0,0,0,7,,,50,,,,,,,,,,,,,,,,,,,B03,,,1,,2,,,84,84,1,13,4,120.775193,24.276847,3
10960,66000,387130000C,(04)23274275,(04)23288582,2025,1,25,9,39,臺中市,豐原區,0,0,0,7,,,50,,,,,,,,,,,,,,13,,,,,B03,,,1,,2,,,7,7,1,12,4,120.752088,24.271642,3
10961,66000,387130000C,(04)23274275,(04)23288582,2025,1,25,9,42,臺中市,南屯區,0,0,0,7,,,50,,,,,,,,,,,,,,17,,,,,C03,,,1,,1,,,20,20,1,6,4,120.640491,24.138617,4
10962,66000,387130000C,(04)23274275,(04)23288582,2025,1,25,9,53,臺中市,大甲區,0,0,0,7,,,50,,,,,,,,,,,,,,16,,,,,B12,,,1,,2,,,84,84,1,12,4,120.616887,24.409921,3
10963,66000,387130000C,(04)23274275,(04)23288582,2025,1,25,9,56,臺中市,西區,0,0,0,7,,,30,,,,,,,,,,,,,,,,,,,B03,,,1,,1,,,49,49,1,12,4,120.653795,24.151565,3
10964,66000,387130000C,(04)23274275,(04)23288582,2025,1,25,9,59,臺中市,北屯區,0,0,0,7,,,50,,,,,,,,,,,,,,12,,,,,B03,,,1,,1,,,85,85,1,12,4,120.690485,24.177541,4
10965,66000,387130000C,(04)23274275,(04)23288582,2025,1,25,10,0,臺中市,東區,0,0,0,7,1,6,50,4,1,1,5,4,6,6,4,4,10,5,5,2,30,3,10,3,1,B03,7,15,1,8,1,4,,87,87,1,12,4,120.691699,24.144226,3
10966,66000,387130000C,(04)23274275,(04)23288582,2025,1,25,10,0,臺中市,北屯區,0,0,0,7,,,50,,,,,,,,,,,,,,16,,,,,C03,,,1,,1,,,84,84,1,6,4,120.733535,24.175689,3
10967,66000,387130000C,(04)23274275,(04)23288582,2025,1,25,10,0,臺中市,烏日區,0,0,0,7,,,30,,,,,,,,,,,,,,17,,,,,B03,,,1,,2,,,84,84,1,6,4,120.62318,24.10838,3
10968,66000,387130000C,(04)23274275,(04)23288582,2025,1,25,10,0,臺中市,后里區,0,1,0,7,2,6,60,3,1,1,5,4,6,6,1,1,10,5,5,2,16,3,10,3,1,B03,7,5,1,8,2,6,,11,11,1,12,4,120.723503,24.298126,2
10969,66000,387130000C,(04)23274275,(04)23288582,2025,1,25,10,2,臺中市,大甲區,0,0,0,7,,,50,,,,,,,,,,,,,,,,,,,B01,,,1,,2,,,49,49,1,6,4,120.621705,24.344084,3
10970,66000,387130000C,(04)23274275,(04)23288582,2025,1,25,10,5,臺中市,東區,0,0,0,7,,,40,,,,,,,,,,,,,,13,,,,,C03,,,1,,2,,,7,7,1,6,4,120.706347,24.136694,3
10971,66000,387130000C,(04)23274275,(04)23288582,2025,1,25,10,5,臺中市,豐原區,0,0,0,7,,,30,,,,,,,,,,,,,,17,,,,,B03,,,1,,2,,,84,84,1,13,4,120.729978,24.267609,3
10972,66000,387130000C,(04)23274275,(04)23288582,2025,1,25,10,8,臺中市,北區,0,0,0,7,,,30,,,,,,,,,,,,,,,,,,,B03,,,1,,2,,,8,8,1,13,4,120.669491,24.156553,3
10973,66000,387130000C,(04)23274275,(04)23288582,2025,1,25,10,11,臺中市,西屯區,0,1,0,7,2,6,50,3,1,1,5,4,6,6,2,1,10,5,5,2,17,3,10,5,4,B03,7,6,1,8,2,1,,11,11,1,13,4,120.64622,24.185101,2
10974,66000,387130000C,(04)23274275,(04)23288582,2025,1,25,10,11,臺中市,霧峰區,0,0,0,7,,,50,,,,,,,,,,,,,,,,,,,B03,,,1,,1,,,50,50,1,12,4,120.700174,24.064877,3
10975,66000,387130000C,(04)23274275,(04)23288582,2025,1,25,10,13,臺中市,南屯區,0,0,0,7,,,40,,,,,,,,,,,,,,14,,,,,B03,,,1,,1,,,49,49,1,6,4,120.637361,24.138042,3
10976,66000,387130000C,(04)23274275,(04)23288582,2025,1,25,10,16,臺中市,北屯區,0,0,0,7,,,50,,,,,,,,,,,,,,,,,,,B03,,,1,,9,,,84,84,1,12,4,120.686436,24.202645,3
10977,66000,387130000C,(04)23274275,(04)23288582,2025,1,25,10,21,臺中市,西區,0,0,0,7,,,50,,,,,,,,,,,,,,13,,,,,C04,,,1,,1,,,7,7,1,12,4,120.660951,24.159175,3
10978,66000,387130000C,(04)23274275,(04)23288582,2025,1,25,10,22,臺中市,西區,0,1,0,7,2,6,50,4,1,1,5,4,6,6,4,4,10,5,5,2,17,2,9,2,1,C03,7,9,1,10,2,16,,84,84,1,13,4,120.670344,24.14073,2
10979,66000,387130000C,(04)23274275,(04)23288582,2025,1,25,10,28,臺中市,北屯區,0,0,0,7,,,30,,,,,,,,,,,,,,13,,,,,C03,,,1,,1,,,7,7,1,13,4,120.765786,24.184743,3
10980,66000,387130000C,(04)23274275,(04)23288582,2025,1,25,10,28,臺中市,太平區,0,0,0,7,,,50,,,,,,,,,,,,,,13,,,,,B03,,,1,,1,,,59,59,1,12,4,120.699597,24.150065,3
10981,66000,387130000C,(04)23274275,(04)23288582,2025,1,25,10,32,臺中市,豐原區,0,2,0,7,2,6,50,4,1,1,5,4,6,6,1,1,5,5,5,2,16,2,9,2,1,C03,7,6,1,10,2,11,,48,48,1,12,4,120.716884,24.248224,2
10982,66000,387130000C,(04)23274275,(04)23288582,2025,1,25,10,36,臺中市,龍井區,0,0,0,7,,,30,,,,,,,,,,,,,,,,,,,B03,,,5,,1,,,6,6,1,12,4,120.547687,24.211595,3
10983,66000,387130000C,(04)23274275,(04)23288582,2025,1,25,10,38,臺中市,北屯區,0,0,0,7,,,50,,,,,,,,,,,,,,16,,,,,F01,,,7,,1,,,21,21,1,4,4,120.699938,24.167567,4
10984,66000,387130000C,(04)23274275,(04)23288582,2025,1,25,10,43,臺中市,大雅區,0,3,0,7,2,6,50,4,1,1,5,4,6,6,1,1,10,4,5,1,17,2,9,1,1,C03,7,9,1,10,2,11,,21,21,1,12,4,120.668208,24.23382,2
10985,66000,387130000C,(04)23274275,(04)23288582,2025,1,25,10,44,臺中市,西屯區,0,0,0,7,,,40,,,,,,,,,,,,,,17,,,,,B03,,,1,,2,,,11,11,1,13,4,120.634608,24.17962,3
10986,66000,387130000C,(04)23274275,(04)23288582,2025,1,25,10,46,臺中市,北屯區,0,2,0,7,2,6,50,13,9,1,5,4,6,6,4,4,5,5,5,2,16,2,9,1,1,C03,7,1,1,10,2,14,,39,39,1,12,4,120.710824,24.174633,2
10987,66000,387130000C,(04)23274275,(04)23288582,2025,1,25,10,48,臺中市,沙鹿區,0,0,0,7,,,50,,,,,,,,,,,,,,,,,,,B03,,,1,,1,,,49,49,1,13,4,120.553806,24.217999,3
10988,66000,387130000C,(04)23274275,(04)23288582,2025,1,25,10,52,臺中市,北區,0,1,0,7,2,6,30,13,9,1,5,4,6,6,4,4,10,5,5,2,30,3,10,1,1,C03,7,9,1,10,2,11,,59,59,1,12,4,120.677885,24.152372,2
10989,66000,387130000C,(04)23274275,(04)23288582,2025,1,25,10,52,臺中市,神岡區,0,0,0,7,,,50,,,,,,,,,,,,,,2,,,,,B03,,,1,,2,,,7,7,1,6,4,120.681462,24.2677,3
10990,66000,387130000C,(04)23274275,(04)23288582,2025,1,25,10,53,臺中市,東區,0,1,0,7,3,6,50,4,9,1,5,4,6,6,2,1,5,5,5,2,16,3,10,5,4,B03,7,5,1,8,2,2,,20,20,1,6,4,120.697296,24.147958,2
10991,66000,387130000C,(04)23274275,(04)23288582,2025,1,25,10,55,臺中市,大里區,0,0,0,7,,,50,,,,,,,,,,,,,,,,,,,B03,,,1,,2,,,7,7,1,12,4,120.692657,24.102882,3
10992,66000,387130000C,(04)23274275,(04)23288582,2025,1,25,10,55,臺中市,烏日區,0,1,0,7,2,6,50,4,1,1,5,4,6,6,1,1,5,4,5,1,12,2,9,1,1,C04,7,6,1,10,2,14,,48,48,1,12,4,120.64436,24.093216,2
10993,66000,387130000C,(04)23274275,(04)23288582,2025,1,25,10,58,臺中市,烏日區,0,2,0,7,2,6,50,4,1,1,5,4,6,6,4,4,10,5,5,2,17,2,9,2,1,C03,7,11,1,10,2,11,,46,46,1,6,4,120.6216,24.104217,2
10994,66000,387130000C,(04)23274275,(04)23288582,2025,1,25,10,59,臺中市,太平區,0,0,0,7,2,6,50,13,7,1,5,4,6,6,1,1,5,5,4,1,13,3,10,3,1,B03,7,15,1,8,2,1,,59,59,1,6,4,120.703024,24.148685,3
10995,66000,387130000C,(04)23274275,(04)23288582,2025,1,25,11,0,臺中市,南區,0,0,0,7,,,50,,,,,,,,,,,,,,17,,,,,B03,,,1,,1,,,84,84,1,12,4,120.65849,24.125824,3
10996,66000,387130000C,(04)23274275,(04)23288582,2025,1,25,11,0,臺中市,沙鹿區,0,1,0,7,3,6,50,3,19,1,5,4,6,6,4,4,10,4,4,2,3,3,10,3,1,B03,7,9,1,8,2,1,,6,6,1,13,4,120.579431,24.218517,2
10997,66000,387130000C,(04)23274275,(04)23288582,2025,1,25,11,4,臺中市,大里區,0,1,0,7,2,6,80,13,7,1,5,4,6,6,4,4,10,4,5,2,20,2,9,3,1,B03,7,9,1,8,2,1,,84,84,1,12,4,120.667394,24.097325,2
10998,66000,387130000C,(04)23274275,(04)23288582,2025,1,25,11,5,臺中市,大甲區,0,0,0,7,,,50,,,,,,,,,,,,,,12,,,,,A12,,,1,,9,,,40,40,1,6,4,120.617198,24.345628,3
10999,66000,387130000C,(04)23274275,(04)23288582,2025,1,25,11,6,臺中市,北屯區,0,0,0,7,,,30,,,,,,,,,,,,,,,,,,,B03,,,1,,1,,,12,12,1,13,4,120.684495,24.173477,3
11000,66000,387130000C,(04)23274275,(04)23288582,2025,1,25,11,7,臺中市,神岡區,0,1,0,7,2,6,50,13,9,1,5,4,6,6,4,4,9,5,5,2,13,2,9,5,4,C03,7,9,1,10,2,14,,59,59,1,13,4,120.656856,24.2698,2
11001,66000,387130000C,(04)23274275,(04)23288582,2025,1,25,11,12,臺中市,大里區,0,0,0,7,2,6,60,13,7,1,5,4,6,6,4,4,1,4,5,1,12,,,,,A12,,,1,,2,,,40,40,1,13,4,120.681632,24.089005,3
11002,66000,387130000C,(04)23274275,(04)23288582,2025,1,25,11,14,臺中市,西屯區,0,1,0,7,2,6,50,3,2,1,5,4,6,6,4,4,5,5,5,2,16,2,9,5,4,F02,7,6,7,21,2,11,,8,8,1,13,4,120.66766,24.174346,2
11003,66000,387130000C,(04)23274275,(04)23288582,2025,1,25,11,15,臺中市,南屯區,0,2,0,7,3,6,50,13,8,1,5,4,6,6,4,4,3,4,1,2,13,2,9,1,1,C03,7,9,1,10,2,11,,84,84,1,12,4,120.624944,24.131732,2
11004,66000,387130000C,(04)23274275,(04)23288582,2025,1,25,11,16,臺中市,南屯區,0,1,0,7,3,6,50,4,1,1,5,4,6,6,4,4,10,5,5,2,16,3,10,5,4,B03,7,5,1,8,1,2,,47,47,1,6,4,120.641884,24.146877,2
11005,66000,387130000C,(04)23274275,(04)23288582,2025,1,25,11,20,臺中市,大里區,0,0,0,7,,,50,,,,,,,,,,,,,,12,,,,,C03,,,1,,2,,,84,84,1,6,4,120.694223,24.090921,3
11006,66000,387130000C,(04)23274275,(04)23288582,2025,1,25,11,20,臺中市,烏日區,0,0,0,7,2,6,30,13,9,1,5,4,6,6,4,4,10,5,5,1,27,3,10,3,1,B03,7,9,1,8,2,5,,90,90,1,6,4,120.610326,24.117524,3
11007,66000,387130000C,(04)23274275,(04)23288582,2025,1,25,11,25,臺中市,東區,0,0,0,7,,,40,,,,,,,,,,,,,,14,,,,,B03,,,1,,1,,,49,49,1,12,4,120.692671,24.152419,3
11008,66000,387130000C,(04)23274275,(04)23288582,2025,1,25,11,28,臺中市,北區,0,2,0,7,2,6,50,4,20,1,5,4,6,6,2,1,5,4,4,2,3,2,9,1,1,C03,7,9,1,10,2,12,11,21,21,1,13,4,120.666275,24.159619,2
11009,66000,387130000C,(04)23274275,(04)23288582,2025,1,25,11,29,臺中市,西區,0,0,0,7,,,50,,,,,,,,,,,,,,,,,,,B03,,,1,,1,,,59,59,1,12,4,120.675922,24.133427,3
11010,66000,387130000C,(04)23274275,(04)23288582,2025,1,25,11,36,臺中市,西屯區,0,1,0,7,2,6,50,4,1,1,5,4,6,6,1,1,5,4,5,2,12,2,7,2,4,C03,7,8,1,10,2,14,12,35,35,1,12,4,120.622512,24.174312,2
11011,66000,387130000C,(04)23274275,(04)23288582,2025,1,25,11,37,臺中市,北區,0,1,0,7,3,6,50,3,1,1,5,4,6,6,4,4,1,4,4,2,17,3,10,3,1,B03,7,5,1,8,2,6,,47,47,1,13,4,120.672969,24.167485,2
11012,66000,387130000C,(04)23274275,(04)23288582,2025,1,25,11,37,臺中市,沙鹿區,0,0,0,7,,,50,,,,,,,,,,,,,,,,,,,B03,,,1,,2,,,7,7,1,12,4,120.567152,24.229383,3
11013,66000,387130000C,(04)23274275,(04)23288582,2025,1,25,11,40,臺中市,大里區,0,1,0,7,2,6,50,4,1,1,5,4,6,6,1,1,5,5,4,2,16,3,10,1,1,C03,7,6,1,10,2,11,,84,84,1,13,4,120.687191,24.105049,2
11014,66000,387130000C,(04)23274275,(04)23288582,2025,1,25,11,43,臺中市,南區,0,1,0,7,2,6,50,3,1,1,5,4,6,6,4,4,10,5,5,2,17,3,10,3,1,B01,7,6,1,3,2,1,,14,14,1,12,4,120.674053,24.131741,2
11015,66000,387130000C,(04)23274275,(04)23288582,2025,1,25,11,46,臺中市,北屯區,0,0,0,7,,,50,,,,,,,,,,,,,,14,,,,,B03,,,1,,2,,,50,50,1,13,4,120.689428,24.18946,3
11016,66000,387130000C,(04)23274275,(04)23288582,2025,1,25,11,46,臺中市,西屯區,0,0,0,7,,,40,,,,,,,,,,,,,,13,,,,,C03,,,1,,1,,,7,7,1,13,4,120.646481,24.171389,3
11017,66000,387130000C,(04)23274275,(04)23288582,2025,1,25,11,48,臺中市,大雅區,0,0,0,7,,,50,,,,,,,,,,,,,,,,,,,B03,,,1,,1,,,8,8,1,12,4,120.667316,24.215842,3
11018,66000,387130000C,(04)23274275,(04)23288582,2025,1,25,11,48,臺中市,南屯區,0,0,0,7,,,80,,,,,,,,,,,,,,17,,,,,B03,,,1,,1,,,85,85,1,6,4,120.61986,24.124033,3
11019,66000,387130000C,(04)23274275,(04)23288582,2025,1,25,11,48,臺中市,大里區,0,2,0,7,2,6,50,11,9,1,5,4,6,6,4,4,5,5,5,1,13,2,8,5,4,C03,7,9,1,10,2,11,,7,7,1,12,4,120.702021,24.088651,2
11020,66000,387130000C,(04)23274275,(04)23288582,2025,1,25,11,49,臺中市,沙鹿區,0,1,0,7,2,6,50,4,2,1,5,4,6,6,4,4,8,3,5,2,9,3,10,5,4,B12,7,6,1,8,2,2,,84,84,1,13,4,120.570881,24.229677,2
11021,66000,387130000C,(04)23274275,(04)23288582,2025,1,25,11,50,臺中市,北區,0,1,0,7,2,6,40,13,8,1,5,4,6,6,4,4,9,4,4,2,17,2,9,1,1,C03,7,9,1,10,2,12,,59,59,1,12,4,120.672791,24.155855,2
11022,66000,387130000C,(04)23274275,(04)23288582,2025,1,25,11,54,臺中市,北屯區,0,0,0,7,,,50,,,,,,,,,,,,,,13,,,,,C03,,,1,,1,,,7,7,1,6,4,120.733847,24.159411,3
11023,66000,387130000C,(04)23274275,(04)23288582,2025,1,25,11,55,臺中市,北區,0,0,0,7,,,50,,,,,,,,,,,,,,,,,,,B01,,,1,,1,,,7,7,1,13,4,120.684457,24.142348,3
11024,66000,387130000C,(04)23274275,(04)23288582,2025,1,25,11,57,臺中市,西區,0,1,0,7,2,6,50,4,1,1,5,4,6,6,1,1,10,5,5,2,16,2,9,1,1,C03,7,5,1,10,1,12,,11,11,1,6,2,120.665287,24.150867,2
11025,66000,387130000C,(04)23274275,(04)23288582,2025,1,25,11,58,臺中市,梧棲區,0,0,0,7,,,50,,,,,,,,,,,,,,13,,,,,B03,,,1,,1,,,7,7,1,12,4,120.533163,24.264062,3
11026,66000,387130000C,(04)23274275,(04)23288582,2025,1,25,12,0,臺中市,霧峰區,0,3,0,7,2,6,50,3,1,1,5,4,6,6,4,4,10,5,5,2,15,2,9,1,1,C03,7,9,1,10,2,14,,15,15,1,12,4,120.700708,24.066492,2
11027,66000,387130000C,(04)23274275,(04)23288582,2025,1,25,12,2,臺中市,南屯區,0,0,0,7,,,40,,,,,,,,,,,,,,17,,,,,A12,,,1,,2,,,49,49,1,12,4,120.624097,24.143569,3
11028,66000,387130000C,(04)23274275,(04)23288582,2025,1,25,12,5,臺中市,南屯區,0,0,0,7,,,50,,,,,,,,,,,,,,8,,,,,B03,,,1,,1,,,84,84,1,6,4,120.650448,24.135329,3
11029,66000,387130000C,(04)23274275,(04)23288582,2025,1,25,12,10,臺中市,東區,0,2,0,7,1,6,50,13,9,1,5,4,6,6,4,4,9,4,5,2,9,3,10,6,5,H01,8,16,7,21,10,17,,109,109,1,12,5,120.697491,24.140822,2
11030,66000,387130000C,(04)23274275,(04)23288582,2025,1,25,12,12,臺中市,大里區,0,1,0,7,2,6,50,3,1,1,5,4,6,6,4,4,9,5,5,1,17,3,10,3,1,B03,7,9,1,8,2,5,,59,59,1,6,4,120.694942,24.091092,2
11031,66000,387130000C,(04)23274275,(04)23288582,2025,1,25,12,15,臺中市,北區,0,0,0,7,,,50,,,,,,,,,,,,,,13,,,,,C03,,,1,,1,,,7,7,1,13,4,120.685456,24.163099,3
11032,66000,387130000C,(04)23274275,(04)23288582,2025,1,25,12,15,臺中市,北區,0,1,0,7,2,6,40,13,8,1,5,4,6,6,4,4,5,4,4,2,17,3,10,5,1,B03,7,9,1,8,2,5,,84,84,1,13,4,120.694128,24.15594,2
11033,66000,387130000C,(04)23274275,(04)23288582,2025,1,25,12,15,臺中市,東區,0,0,0,7,,,50,,,,,,,,,,,,,,13,,,,,B03,,,1,,1,,,59,59,1,6,4,120.69715,24.129606,3
11034,66000,387130000C,(04)23274275,(04)23288582,2025,1,25,12,17,臺中市,西區,0,1,0,7,1,6,50,3,1,1,5,4,6,6,1,1,10,5,5,2,17,3,10,5,4,C02,7,9,1,9,2,11,,84,84,1,12,4,120.673482,24.136661,2
11035,66000,387130000C,(04)23274275,(04)23288582,2025,1,25,12,19,臺中市,豐原區,0,1,0,7,2,6,50,5,1,1,5,4,6,6,2,1,1,4,4,1,16,3,10,3,1,B03,7,6,1,8,2,5,1,25,25,1,6,4,120.728406,24.276233,2
11036,66000,387130000C,(04)23274275,(04)23288582,2025,1,25,12,23,臺中市,大肚區,0,1,0,7,2,6,50,4,1,1,5,4,6,6,4,4,10,5,5,2,17,3,10,3,1,B03,7,11,1,8,2,8,,45,45,1,6,4,120.545523,24.150435,2