序號,縣市別代碼,機關代碼,市話,傳真,年,月,日,時,分,縣市,區,死亡數量,受傷數量,2-30,天候,道路照明設備,道路類別,道路速限,道路型態,事故位置,路面鋪裝,路面狀態,路面缺陷,障礙物,視距,號誌種類,號誌動作,分向設施,快車道或一般車道間,快慢車道間,路面邊線,事故類型及型態,受傷程度,主要傷處,保護裝備,行動電話或功能裝置,當事者區分(類別),車輛用途,當事者行動狀態,駕照狀態,駕照種類,飲酒情形,車輛撞擊部位最初,車輛撞擊部位其他,肇事因素個別,肇事因素主要,肇事逃逸,職業,共享經濟或外送平台,GPS座標X,GPS座標Y,事故類別
11037,66000,387130000C,(04)23274275,(04)23288582,2025,1,25,12,24,臺中市,烏日區,0,1,0,7,3,6,50,4,1,1,5,4,6,6,1,1,10,5,5,2,16,3,10,3,1,B12,7,6,5,8,2,6,,11,11,1,12,4,120.644226,24.087916,2
11038,66000,387130000C,(04)23274275,(04)23288582,2025,1,25,12,25,臺中市,東區,0,1,0,7,3,6,50,13,9,1,5,4,6,6,4,4,5,5,5,2,17,3,10,5,4,B03,7,7,1,8,2,6,,42,42,1,6,4,120.687351,24.143293,2
11039,66000,387130000C,(04)23274275,(04)23288582,2025,1,25,12,25,臺中市,西屯區,0,0,0,7,,,50,,,,,,,,,,,,,,17,,,,,B03,,,1,,1,,,59,59,1,13,4,120.657375,24.200678,3
11040,66000,387130000C,(04)23274275,(04)23288582,2025,1,25,12,29,臺中市,烏日區,0,0,0,7,,,50,,,,,,,,,,,,,,17,,,,,B03,,,1,,2,,,43,43,1,12,4,120.644327,24.087669,3
11041,66000,387130000C,(04)23274275,(04)23288582,2025,1,25,12,30,臺中市,東區,0,0,0,7,,,50,,,,,,,,,,,,,,,,,,,B03,,,1,,1,,,84,84,1,12,4,120.704516,24.144248,3
11042,66000,387130000C,(04)23274275,(04)23288582,2025,1,25,12,38,臺中市,北屯區,0,0,0,7,,,50,,,,,,,,,,,,,,13,,,,,B03,,,1,,2,,,58,58,1,12,4,120.663951,24.200776,3
11043,66000,387130000C,(04)23274275,(04)23288582,2025,1,25,12,42,臺中市,西屯區,0,1,0,7,3,6,50,4,1,1,5,4,6,6,1,1,9,4,5,1,17,3,10,5,4,C03,7,9,1,10,1,11,,59,59,1,13,4,120.655629,24.199558,2
11044,66000,387130000C,(04)23274275,(04)23288582,2025,1,25,12,43,臺中市,西區,0,0,0,7,,,50,,,,,,,,,,,,,,12,,,,,B03,,,1,,1,,,58,58,1,12,4,120.662612,24.130951,3
11045,66000,387130000C,(04)23274275,(04)23288582,2025,1,25,12,44,臺中市,北屯區,0,1,0,7,1,6,50,13,7,1,5,4,6,6,4,4,5,5,4,2,17,2,9,5,4,C03,7,9,1,10,1,14,,84,84,1,13,4,120.704671,24.169773,2
11046,66000,387130000C,(04)23274275,(04)23288582,2025,1,25,12,50,臺中市,西區,0,1,0,7,2,6,50,4,2,1,5,4,6,6,1,1,5,4,5,2,13,2,8,2,1,C03,7,9,1,10,2,11,,7,7,1,13,4,120.674203,24.142657,2
11047,66000,387130000C,(04)23274275,(04)23288582,2025,1,25,12,51,臺中市,北屯區,0,0,0,7,,,50,,,,,,,,,,,,,,16,,,,,B03,,,1,,1,,,84,84,1,6,4,120.691967,24.175124,3
11048,66000,387130000C,(04)23274275,(04)23288582,2025,1,25,12,53,臺中市,西屯區,0,2,0,7,2,6,50,13,9,1,5,4,6,6,4,4,1,4,5,2,23,2,9,5,4,C03,7,9,1,10,2,11,,59,59,1,13,4,120.631865,24.170688,2
11049,66000,387130000C,(04)23274275,(04)23288582,2025,1,25,12,54,臺中市,南屯區,0,1,0,7,2,6,50,13,9,1,5,4,6,6,4,4,1,3,1,1,23,2,9,3,1,B03,7,9,1,8,2,8,,84,84,1,12,4,120.608483,24.147118,2
11050,66000,387130000C,(04)23274275,(04)23288582,2025,1,25,12,55,臺中市,北區,0,0,0,7,,,50,,,,,,,,,,,,,,17,,,,,C03,,,1,,9,,,8,8,2,13,4,120.686482,24.147781,3
11051,66000,387130000C,(04)23274275,(04)23288582,2025,1,25,12,55,臺中市,后里區,0,1,0,7,2,6,50,13,9,1,5,4,6,6,4,4,9,5,5,1,2,3,10,3,1,B03,7,6,1,8,2,5,,84,84,1,12,4,120.712002,24.305646,2
11052,66000,387130000C,(04)23274275,(04)23288582,2025,1,25,13,3,臺中市,西區,0,0,0,7,,,50,,,,,,,,,,,,,,12,,,,,B03,,,1,,1,,,40,40,1,12,4,120.659687,24.157317,3
11053,66000,387130000C,(04)23274275,(04)23288582,2025,1,25,13,6,臺中市,北區,0,1,0,7,2,6,50,13,8,1,5,4,6,6,4,4,2,4,4,2,17,2,9,5,1,C03,7,9,1,10,2,11,,58,58,1,13,4,120.685568,24.156019,2
11054,66000,387130000C,(04)23274275,(04)23288582,2025,1,25,13,10,臺中市,北區,0,0,0,7,,,50,,,,,,,,,,,,,,17,,,,,B03,,,1,,2,,,84,84,1,13,4,120.674266,24.17166,3
11055,66000,387130000C,(04)23274275,(04)23288582,2025,1,25,13,11,臺中市,太平區,0,0,0,7,,,50,,,,,,,,,,,,,,13,,,,,B03,,,1,,2,,,84,84,1,12,4,120.725649,24.149619,3
11056,66000,387130000C,(04)23274275,(04)23288582,2025,1,25,13,19,臺中市,太平區,0,1,0,7,2,6,50,13,9,1,5,4,6,6,4,4,1,4,5,2,13,2,8,1,1,C03,7,9,1,10,2,11,,59,59,1,6,4,120.713547,24.146735,2
11057,66000,387130000C,(04)23274275,(04)23288582,2025,1,25,13,24,臺中市,西屯區,0,1,0,7,2,6,50,4,1,1,5,4,6,6,1,1,10,5,5,2,16,3,10,5,4,B03,7,5,1,8,2,5,,47,47,1,12,4,120.64442,24.20185,2
11058,66000,387130000C,(04)23274275,(04)23288582,2025,1,25,13,25,臺中市,北區,0,0,0,7,,,50,,,,,,,,,,,,,,,,,,,B03,,,1,,1,,,40,40,1,13,4,120.677205,24.151923,3
11059,66000,387130000C,(04)23274275,(04)23288582,2025,1,25,13,30,臺中市,清水區,0,0,0,7,2,6,50,4,2,1,5,4,6,6,1,1,8,3,4,2,13,,,,,B12,,,1,,1,,,7,7,1,12,4,120.55313,24.268087,3
11060,66000,387130000C,(04)23274275,(04)23288582,2025,1,25,13,36,臺中市,北區,0,0,0,7,,,50,,,,,,,,,,,,,,17,,,,,B03,,,1,,2,,,59,59,1,13,4,120.684217,24.155313,3
11061,66000,387130000C,(04)23274275,(04)23288582,2025,1,25,13,37,臺中市,北屯區,0,0,0,7,,,40,,,,,,,,,,,,,,13,,,,,B03,,,1,,2,,,7,7,1,13,4,120.68847,24.201012,3
11062,66000,387130000C,(04)23274275,(04)23288582,2025,1,25,13,38,臺中市,沙鹿區,0,2,0,7,2,6,50,13,9,1,5,4,6,6,4,4,5,5,5,2,17,2,7,2,1,C03,7,11,1,10,11,11,,34,34,1,6,4,120.557645,24.234813,2
11063,66000,387130000C,(04)23274275,(04)23288582,2025,1,25,13,40,臺中市,烏日區,0,0,0,7,,,50,,,,,,,,,,,,,,13,,,,,B03,,,1,,2,,,84,84,1,6,4,120.618724,24.115942,3
11064,66000,387130000C,(04)23274275,(04)23288582,2025,1,25,13,43,臺中市,西屯區,0,2,0,7,2,6,30,11,9,1,5,4,6,6,4,4,10,5,5,2,17,2,9,5,4,F01,7,1,7,21,2,11,,51,51,1,13,4,120.65583,24.201566,2
11065,66000,387130000C,(04)23274275,(04)23288582,2025,1,25,13,55,臺中市,豐原區,0,1,0,7,2,6,50,4,1,1,5,4,6,6,4,4,5,5,5,1,17,2,2,1,1,C03,7,9,1,10,2,12,,15,15,1,12,4,120.705763,24.237773,2
11066,66000,387130000C,(04)23274275,(04)23288582,2025,1,25,13,57,臺中市,西屯區,0,0,0,7,,,30,,,,,,,,,,,,,,14,,,,,B03,,,1,,1,,,49,49,1,13,4,120.648151,24.182031,3
11067,66000,387130000C,(04)23274275,(04)23288582,2025,1,25,13,59,臺中市,西屯區,0,0,0,7,,,50,,,,,,,,,,,,,,,,,,,B03,,,3,,1,,,59,59,1,12,4,120.593516,24.191252,3
11068,66000,387130000C,(04)23274275,(04)23288582,2025,1,25,14,0,臺中市,東區,0,0,0,7,,,50,,,,,,,,,,,,,,14,,,,,B03,,,1,,1,,,49,49,1,12,4,120.7039,24.135195,3
11069,66000,387130000C,(04)23274275,(04)23288582,2025,1,25,14,0,臺中市,東區,0,0,0,7,1,6,50,13,8,1,5,4,6,6,4,4,5,4,4,2,17,3,10,1,1,C03,7,15,1,10,1,11,,84,84,1,12,4,120.705845,24.139804,3
11070,66000,387130000C,(04)23274275,(04)23288582,2025,1,25,14,0,臺中市,西屯區,0,0,0,7,,,50,,,,,,,,,,,,,,,,,,,B03,,,1,,1,,,50,50,1,12,4,120.64075,24.165051,3
11071,66000,387130000C,(04)23274275,(04)23288582,2025,1,25,14,2,臺中市,西區,0,2,0,7,2,6,50,4,9,1,5,4,6,6,1,1,9,5,5,2,13,2,8,1,1,C03,7,9,1,10,2,11,,7,7,1,12,4,120.661803,24.154396,2
11072,66000,387130000C,(04)23274275,(04)23288582,2025,1,25,14,5,臺中市,南區,0,4,0,7,2,6,50,4,2,1,5,4,6,6,2,1,3,4,5,2,13,2,9,1,1,C03,7,9,1,10,2,11,,7,7,1,12,4,120.679286,24.119037,2
11073,66000,387130000C,(04)23274275,(04)23288582,2025,1,25,14,11,臺中市,西屯區,0,1,0,7,3,6,50,3,1,1,5,4,6,6,4,4,8,5,5,1,17,3,10,5,4,B03,7,5,1,8,2,2,,14,14,1,13,4,120.66599,24.175268,2
11074,66000,387130000C,(04)23274275,(04)23288582,2025,1,25,14,14,臺中市,南區,0,0,0,7,,,50,,,,,,,,,,,,,,17,,,,,B03,,,1,,2,,,8,8,1,6,4,120.652053,24.112944,3
11075,66000,387130000C,(04)23274275,(04)23288582,2025,1,25,14,17,臺中市,西屯區,0,1,0,7,2,6,40,4,2,1,5,4,6,6,1,1,3,4,3,2,13,2,8,1,1,C03,7,9,1,10,1,15,,7,7,1,12,4,120.643458,24.165787,2
11076,66000,387130000C,(04)23274275,(04)23288582,2025,1,25,14,20,臺中市,北屯區,0,2,0,7,2,6,50,13,9,1,5,4,6,6,4,4,10,4,5,2,13,2,8,1,1,C03,7,9,1,11,2,11,,7,7,1,12,4,120.718612,24.175656,2
11077,66000,387130000C,(04)23274275,(04)23288582,2025,1,25,14,21,臺中市,大甲區,0,0,0,7,,,30,,,,,,,,,,,,,,,,,,,B03,,,1,,2,,,84,84,1,6,4,120.611953,24.403166,3
11078,66000,387130000C,(04)23274275,(04)23288582,2025,1,25,14,27,臺中市,豐原區,0,0,0,7,2,6,50,13,8,1,5,4,6,6,4,4,10,5,4,2,30,3,10,3,1,B12,7,9,1,8,9,9,,84,84,1,12,4,120.717696,24.251439,3
11079,66000,387130000C,(04)23274275,(04)23288582,2025,1,25,14,29,臺中市,潭子區,0,1,0,7,3,6,30,4,1,1,5,4,6,6,3,1,5,4,4,2,15,2,9,1,1,C03,7,9,1,10,2,12,,24,24,1,12,4,120.701,24.19197,2
11080,66000,387130000C,(04)23274275,(04)23288582,2025,1,25,14,29,臺中市,北屯區,0,0,0,7,,,80,,,,,,,,,,,,,,17,,,,,B12,,,1,,9,,,68,68,1,13,4,120.720481,24.165717,3
11081,66000,387130000C,(04)23274275,(04)23288582,2025,1,25,14,30,臺中市,大安區,0,0,0,7,,,50,,,,,,,,,,,,,,30,,,,,B03,,,1,,2,,,59,59,1,6,4,120.591182,24.339968,3
11082,66000,387130000C,(04)23274275,(04)23288582,2025,1,25,14,35,臺中市,西區,0,0,0,7,,,50,,,,,,,,,,,,,,,,,,,B03,,,1,,2,,,49,49,1,12,4,120.661747,24.134233,3
11083,66000,387130000C,(04)23274275,(04)23288582,2025,1,25,14,36,臺中市,沙鹿區,0,1,0,7,2,6,30,4,2,1,5,4,6,6,4,4,8,3,5,2,17,2,9,5,4,C03,7,9,1,10,2,11,,12,12,1,13,4,120.569522,24.230333,2
11084,66000,387130000C,(04)23274275,(04)23288582,2025,1,25,14,40,臺中市,大里區,0,0,0,7,,,50,,,,,,,,,,,,,,12,,,,,B12,,,1,,2,,,40,40,1,12,4,120.681801,24.102862,3
11085,66000,387130000C,(04)23274275,(04)23288582,2025,1,25,14,41,臺中市,潭子區,0,1,0,7,2,6,30,4,1,1,5,4,6,1,4,4,10,5,5,2,15,3,10,3,1,B12,7,9,5,19,2,8,,13,13,1,13,4,120.677266,24.205466,2
11086,66000,387130000C,(04)23274275,(04)23288582,2025,1,25,14,43,臺中市,西屯區,0,0,0,7,,,50,,,,,,,,,,,,,,,,,,,C03,,,1,,1,,,8,8,1,13,4,120.646118,24.178531,4
11087,66000,387130000C,(04)23274275,(04)23288582,2025,1,25,14,49,臺中市,霧峰區,0,1,0,7,2,6,50,5,1,1,5,4,6,6,4,4,3,3,4,1,16,3,10,5,4,B03,7,5,1,8,2,2,,47,47,1,12,4,120.696415,24.023819,2
11088,66000,387130000C,(04)23274275,(04)23288582,2025,1,25,14,52,臺中市,大甲區,0,2,0,7,3,6,50,13,9,1,5,4,6,6,4,4,9,5,5,1,12,2,9,1,1,C03,7,5,1,10,2,12,,47,47,1,6,4,120.620384,24.350218,2
11089,66000,387130000C,(04)23274275,(04)23288582,2025,1,25,14,54,臺中市,大雅區,0,0,0,7,,,30,,,,,,,,,,,,,,,,,,,B12,,,1,,1,,,84,84,1,12,4,120.673442,24.232001,3
11090,66000,387130000C,(04)23274275,(04)23288582,2025,1,25,14,57,臺中市,南屯區,0,0,0,7,3,6,50,13,8,1,5,4,6,6,1,1,1,2,5,2,13,,,,,B03,,,1,,2,,,7,7,1,12,4,120.62313,24.150002,3
11091,66000,387130000C,(04)23274275,(04)23288582,2025,1,25,14,57,臺中市,大里區,0,0,0,7,,,50,,,,,,,,,,,,,,13,,,,,C03,,,1,,2,,,59,59,1,12,4,120.699419,24.089351,3
11092,66000,387130000C,(04)23274275,(04)23288582,2025,1,25,14,57,臺中市,龍井區,0,0,0,7,,,60,,,,,,,,,,,,,,,,,,,A12,,,1,,2,,,7,7,1,12,4,120.532985,24.220736,3
11093,66000,387130000C,(04)23274275,(04)23288582,2025,1,25,15,1,臺中市,西屯區,0,0,0,7,2,6,60,13,7,1,5,4,6,6,4,,1,4,1,2,12,,,,,A41,,,1,,1,,,8,8,1,13,4,120.617411,24.18199,3
11094,66000,387130000C,(04)23274275,(04)23288582,2025,1,25,15,2,臺中市,太平區,0,1,0,7,2,6,50,13,9,1,5,4,6,6,2,1,5,2,5,2,13,3,10,3,1,A11,7,9,1,3,2,1,,84,84,1,6,4,120.70454,24.155925,2
11095,66000,387130000C,(04)23274275,(04)23288582,2025,1,25,15,3,臺中市,北屯區,0,2,0,7,2,6,40,3,1,1,5,4,6,6,2,1,10,5,5,2,12,2,9,2,1,C03,7,8,1,10,2,14,,84,84,1,6,4,120.668672,24.178276,2
11096,66000,387130000C,(04)23274275,(04)23288582,2025,1,25,15,4,臺中市,大里區,0,0,0,7,,,50,,,,,,,,,,,,,,17,,,,,B12,,,1,,2,,,49,49,1,12,4,120.689977,24.112816,3
11097,66000,387130000C,(04)23274275,(04)23288582,2025,1,25,15,9,臺中市,太平區,0,0,0,7,,,50,,,,,,,,,,,,,,17,,,,,B12,,1,1,,2,,,51,51,1,12,4,120.715446,24.147413,3
11098,66000,387130000C,(04)23274275,(04)23288582,2025,1,25,15,11,臺中市,烏日區,0,1,0,7,2,6,60,4,8,1,5,4,6,6,1,1,1,4,4,1,18,2,7,1,1,C03,7,14,1,10,2,14,,84,84,1,12,4,120.6311,24.104785,2
11099,66000,387130000C,(04)23274275,(04)23288582,2025,1,25,15,14,臺中市,大里區,0,0,0,7,3,6,50,5,2,1,5,4,6,6,4,4,5,4,5,1,12,,,,,B03,,,1,,2,,,2,2,1,12,4,120.679969,24.11506,3
11100,66000,387130000C,(04)23274275,(04)23288582,2025,1,25,15,15,臺中市,清水區,0,0,0,7,2,6,70,4,1,1,5,4,6,6,1,1,8,3,4,2,,,,,,C03,,,1,,1,,,12,12,1,12,4,120.560554,24.272497,3
11101,66000,387130000C,(04)23274275,(04)23288582,2025,1,25,15,24,臺中市,大里區,0,1,0,7,2,6,50,13,7,1,5,4,6,6,4,4,5,4,4,1,12,3,10,3,1,B03,7,8,1,8,2,8,,40,40,1,12,4,120.685535,24.106826,2
11102,66000,387130000C,(04)23274275,(04)23288582,2025,1,25,15,30,臺中市,南屯區,0,0,0,7,,,50,,,,,,,,,,,,,,,,,,,B03,,,1,,1,,,14,14,1,6,4,120.633836,24.158712,3
11103,66000,387130000C,(04)23274275,(04)23288582,2025,1,25,15,34,臺中市,北屯區,0,0,0,7,,,50,,,,,,,,,,,,,,13,,,,,B12,,,1,,1,,,7,7,1,12,4,120.72189,24.182011,3
11104,66000,387130000C,(04)23274275,(04)23288582,2025,1,25,15,37,臺中市,東區,0,0,0,7,,,50,,,,,,,,,,,,,,17,,,,,B03,,,1,,1,,,49,49,1,12,4,120.703439,24.14177,3
11105,66000,387130000C,(04)23274275,(04)23288582,2025,1,25,15,41,臺中市,大雅區,0,2,0,7,2,6,50,13,9,1,5,4,6,6,4,4,9,5,5,1,16,2,9,1,1,C03,7,11,3,19,2,12,,46,46,1,13,4,120.648449,24.220847,2
11106,66000,387130000C,(04)23274275,(04)23288582,2025,1,25,15,41,臺中市,南區,0,1,0,7,3,6,50,13,9,1,5,4,6,6,4,4,5,2,5,2,17,3,10,3,1,B01,7,9,1,4,2,8,,84,84,1,12,4,120.682803,24.134556,2
11107,66000,387130000C,(04)23274275,(04)23288582,2025,1,25,15,41,臺中市,大里區,0,0,0,7,,,50,,,,,,,,,,,,,,11,,,,,B03,,,1,,11,,,42,42,1,12,4,120.703815,24.081861,3
11108,66000,387130000C,(04)23274275,(04)23288582,2025,1,25,15,45,臺中市,大甲區,0,1,0,7,1,6,50,3,1,1,5,4,6,6,4,4,5,5,5,1,16,2,9,1,1,C03,7,6,1,10,2,12,,14,14,1,12,4,120.648884,24.404158,2
11109,66000,387130000C,(04)23274275,(04)23288582,2025,1,25,15,46,臺中市,北區,0,0,0,7,2,6,50,13,7,1,5,4,6,6,4,4,3,4,4,2,13,,,,,B03,,,5,,1,,,7,7,1,12,4,120.688116,24.153791,3
11110,66000,387130000C,(04)23274275,(04)23288582,2025,1,25,15,49,臺中市,北屯區,0,0,0,7,,,50,,,,,,,,,,,,,,12,,,,,A02,,,1,,9,,,84,84,1,12,4,120.693177,24.162602,3
11111,66000,387130000C,(04)23274275,(04)23288582,2025,1,25,15,49,臺中市,大甲區,0,0,0,7,,,,,,,,,,,,,,,,,,,,,,,,,,,,,,87,87,1,,,120.618098,24.34125,3
11112,66000,387130000C,(04)23274275,(04)23288582,2025,1,25,15,52,臺中市,北屯區,0,0,0,7,,,50,,,,,,,,,,,,,,13,,,,,B12,,,1,,1,,,84,84,1,12,4,120.676154,24.200659,3
11113,66000,387130000C,(04)23274275,(04)23288582,2025,1,25,16,0,臺中市,南區,0,0,0,7,,,40,,,,,,,,,,,,,,12,,,,,F01,,,7,,1,,,85,85,1,12,4,120.682838,24.129928,3
11114,66000,387130000C,(04)23274275,(04)23288582,2025,1,25,16,1,臺中市,后里區,0,1,0,7,2,6,50,12,14,1,5,4,6,6,4,4,1,2,5,1,18,2,9,4,1,F01,7,9,7,21,2,12,,84,84,1,12,1,120.724216,24.326156,2
11115,66000,387130000C,(04)23274275,(04)23288582,2025,1,25,16,2,臺中市,潭子區,0,1,0,7,3,6,50,13,7,1,5,4,6,6,4,4,5,4,4,2,18,2,9,1,1,C03,7,9,1,10,2,11,,59,59,1,12,4,120.702728,24.211518,2
11116,66000,387130000C,(04)23274275,(04)23288582,2025,1,25,16,5,臺中市,潭子區,0,2,0,7,2,6,40,13,9,1,5,4,6,6,4,4,10,5,5,1,12,2,9,6,1,F01,7,1,7,21,2,11,,51,51,1,13,4,120.714922,24.206917,2
11117,66000,387130000C,(04)23274275,(04)23288582,2025,1,25,16,6,臺中市,霧峰區,0,0,0,6,,,50,,,,,,,,,,,,,,17,,,,,B03,,,1,,2,,,59,59,1,13,4,120.664062,24.076566,3
11118,66000,387130000C,(04)23274275,(04)23288582,2025,1,25,16,7,臺中市,潭子區,0,0,0,7,,,50,,,,,,,,,,,,,,,,,,,B03,,,1,,2,,,7,7,1,13,4,120.702294,24.201393,3
11119,66000,387130000C,(04)23274275,(04)23288582,2025,1,25,16,8,臺中市,東區,0,1,0,7,2,6,50,4,1,1,5,4,6,6,2,1,10,5,5,2,16,3,10,3,1,B03,7,5,1,8,2,6,,47,47,1,12,4,120.710296,24.140806,2
11120,66000,387130000C,(04)23274275,(04)23288582,2025,1,25,16,9,臺中市,豐原區,0,0,0,7,,,50,,,,,,,,,,,,,,13,,,,,B03,,,1,,2,,,7,7,1,12,4,120.744042,24.255721,3
11121,66000,387130000C,(04)23274275,(04)23288582,2025,1,25,16,10,臺中市,和平區,0,0,0,7,,,50,,,,,,,,,,,,,,2,,,,,C03,,,1,,1,,,43,43,1,12,4,120.92398,24.319278,3
11122,66000,387130000C,(04)23274275,(04)23288582,2025,1,25,16,11,臺中市,西屯區,0,0,0,7,3,6,50,4,1,1,5,4,6,6,2,1,10,5,5,2,12,,,,,B03,,,1,,1,,,40,40,1,12,4,120.64683,24.174936,3
11123,66000,387130000C,(04)23274275,(04)23288582,2025,1,25,16,12,臺中市,梧棲區,0,2,0,7,3,6,50,3,1,1,5,4,6,6,1,1,10,5,5,2,16,3,10,3,1,B03,7,9,1,8,2,8,,21,21,1,6,4,120.548395,24.247284,2
11124,66000,387130000C,(04)23274275,(04)23288582,2025,1,25,16,16,臺中市,西屯區,0,0,0,7,,,50,,,,,,,,,,,,,,16,,,,,B03,,,1,,2,,,12,12,1,13,4,120.65481,24.198964,3
11125,66000,387130000C,(04)23274275,(04)23288582,2025,1,25,16,17,臺中市,大甲區,0,1,0,7,2,6,50,13,9,1,5,4,6,6,4,4,5,5,5,2,12,3,10,3,1,B03,7,1,1,8,2,6,,51,51,1,6,4,120.62403,24.36089,2
11126,66000,387130000C,(04)23274275,(04)23288582,2025,1,25,16,20,臺中市,沙鹿區,0,0,0,6,,,50,,,,,,,,,,,,,,16,,,,,B03,,,1,,2,,,14,14,1,12,4,120.560601,24.237886,3
11127,66000,387130000C,(04)23274275,(04)23288582,2025,1,25,16,21,臺中市,西屯區,0,0,0,7,,,30,,,,,,,,,,,,,,10,,,,,B03,,,1,,1,,,59,59,1,12,4,120.642754,24.171688,3
11128,66000,387130000C,(04)23274275,(04)23288582,2025,1,25,16,28,臺中市,潭子區,0,0,0,7,,,50,,,,,,,,,,,,,,,,,,,B03,,,1,,2,,,8,8,1,13,4,120.700087,24.209588,3
11129,66000,387130000C,(04)23274275,(04)23288582,2025,1,25,16,29,臺中市,西屯區,0,0,0,7,,,30,,,,,,,,,,,,,,30,,,,,B12,,,1,,2,,,51,51,1,12,4,120.645365,24.178095,3
11130,66000,387130000C,(04)23274275,(04)23288582,2025,1,25,16,29,臺中市,東勢區,0,0,0,7,,,60,,,,,,,,,,,,,,12,,,,,C03,,,1,,9,,,36,36,1,12,4,120.829638,24.249552,3
11131,66000,387130000C,(04)23274275,(04)23288582,2025,1,25,16,32,臺中市,太平區,0,1,0,7,2,6,30,13,9,1,5,4,6,6,4,4,10,5,5,2,17,3,10,3,1,B03,7,1,1,8,2,1,,51,51,1,12,4,120.719446,24.15155,2
11132,66000,387130000C,(04)23274275,(04)23288582,2025,1,25,16,33,臺中市,大肚區,0,0,0,7,,,50,,,,,,,,,,,,,,,,,,,A31,,,1,,2,,,59,59,1,6,4,120.553795,24.133133,4
11133,66000,387130000C,(04)23274275,(04)23288582,2025,1,25,16,35,臺中市,大雅區,0,0,0,6,,,60,,,,,,,,,,,,,,,,,,,B03,,,1,,1,,,40,40,1,12,4,120.647078,24.221669,3
11134,66000,387130000C,(04)23274275,(04)23288582,2025,1,25,16,35,臺中市,大雅區,0,0,0,7,,,50,,,,,,,,,,,,,,12,,,,,C03,,,1,,2,,,42,42,1,13,4,120.629578,24.208388,3
11135,66000,387130000C,(04)23274275,(04)23288582,2025,1,25,16,38,臺中市,烏日區,0,1,0,7,3,6,50,13,9,1,5,4,6,6,4,4,5,5,5,1,18,2,7,1,1,C03,7,9,1,10,2,12,,43,43,1,12,4,120.638922,24.105457,2
11136,66000,387130000C,(04)23274275,(04)23288582,2025,1,25,16,39,臺中市,豐原區,0,1,0,7,2,6,50,4,1,1,5,4,6,6,2,1,1,3,5,2,15,2,9,1,1,C03,7,9,1,10,2,12,,21,21,1,12,4,120.7145,24.245005,2
11137,66000,387130000C,(04)23274275,(04)23288582,2025,1,25,16,41,臺中市,外埔區,0,0,0,7,3,6,30,3,2,1,5,4,6,6,4,4,9,4,5,1,15,3,10,1,1,C03,7,6,1,10,2,,,12,12,1,6,4,120.688432,24.321615,3
11138,66000,387130000C,(04)23274275,(04)23288582,2025,1,25,16,41,臺中市,豐原區,0,0,0,7,,,50,,,,,,,,,,,,,,14,,,,,B03,,,1,,2,,,49,49,1,12,4,120.747175,24.263286,3
11139,66000,387130000C,(04)23274275,(04)23288582,2025,1,25,16,42,臺中市,東區,0,0,0,7,,,30,,,,,,,,,,,,,,12,,,,,B03,,,1,,2,,,8,8,1,11,4,120.710014,24.143206,3
11140,66000,387130000C,(04)23274275,(04)23288582,2025,1,25,16,48,臺中市,西屯區,0,0,0,7,2,6,40,4,1,1,5,4,6,6,2,1,1,4,1,2,13,,,,,B03,,,1,,1,,,7,7,1,13,4,120.592926,24.183113,3
11141,66000,387130000C,(04)23274275,(04)23288582,2025,1,25,16,51,臺中市,北屯區,0,3,0,7,2,6,50,13,9,1,5,4,6,6,4,4,1,4,5,2,12,2,9,3,1,B03,7,7,1,8,2,5,,40,40,1,6,4,120.661588,24.189826,2
11142,66000,387130000C,(04)23274275,(04)23288582,2025,1,25,16,51,臺中市,大里區,0,1,0,7,2,6,50,3,1,1,5,4,6,6,4,4,10,5,5,2,16,2,7,1,1,C03,7,1,1,10,2,14,,51,51,1,12,4,120.701295,24.088761,2
11143,66000,387130000C,(04)23274275,(04)23288582,2025,1,25,17,0,臺中市,北區,0,1,0,7,1,6,40,18,8,1,5,4,6,6,4,4,1,4,4,2,17,2,9,5,4,C03,7,15,1,10,9,11,,84,84,2,13,4,120.677413,24.154777,2
11144,66000,387130000C,(04)23274275,(04)23288582,2025,1,25,17,0,臺中市,西屯區,0,0,0,7,1,6,50,13,8,1,5,4,6,6,4,4,1,4,4,2,16,,,,,B03,,,1,,1,,,20,20,1,12,4,120.615711,24.189477,4
11145,66000,387130000C,(04)23274275,(04)23288582,2025,1,25,17,0,臺中市,太平區,0,0,0,7,2,6,50,13,9,1,5,4,6,6,4,4,10,5,5,2,16,3,10,3,1,B03,7,6,1,8,2,5,,20,20,1,6,4,120.720079,24.131091,3
11146,66000,387130000C,(04)23274275,(04)23288582,2025,1,25,17,1,臺中市,西屯區,0,0,0,7,3,6,50,4,7,1,5,4,6,6,2,1,1,4,5,2,13,,,,,B03,,,1,,1,,,7,7,1,12,4,120.63432,24.1765,3
11147,66000,387130000C,(04)23274275,(04)23288582,2025,1,25,17,5,臺中市,潭子區,0,1,0,7,3,6,30,3,2,1,5,4,6,6,4,4,10,5,5,2,17,3,10,2,1,C03,7,6,2,19,2,11,,48,48,1,13,4,120.694589,24.218799,2