序號,縣市別代碼,機關代碼,市話,傳真,年,月,日,時,分,縣市,區,死亡數量,受傷數量,2-30,天候,道路照明設備,道路類別,道路速限,道路型態,事故位置,路面鋪裝,路面狀態,路面缺陷,障礙物,視距,號誌種類,號誌動作,分向設施,快車道或一般車道間,快慢車道間,路面邊線,事故類型及型態,受傷程度,主要傷處,保護裝備,行動電話或功能裝置,當事者區分(類別),車輛用途,當事者行動狀態,駕照狀態,駕照種類,飲酒情形,車輛撞擊部位最初,車輛撞擊部位其他,肇事因素個別,肇事因素主要,肇事逃逸,職業,共享經濟或外送平台,GPS座標X,GPS座標Y,事故類別
11257,66000,387130000C,(04)23274275,(04)23288582,2025,1,26,2,0,臺中市,東區,0,0,0,7,,,30,,,,,,,,,,,,,,14,,,,,B12,,,1,,9,,,49,49,1,6,4,120.694792,24.124872,3
11258,66000,387130000C,(04)23274275,(04)23288582,2025,1,26,2,51,臺中市,東區,0,0,0,7,,,40,,,,,,,,,,,,,,17,,,,,,,,,,,,,119,119,1,,,120.684768,24.127625,3
11259,66000,387130000C,(04)23274275,(04)23288582,2025,1,26,3,49,臺中市,西區,0,1,0,7,1,6,50,4,1,1,5,4,6,6,4,4,10,5,5,2,16,3,10,3,1,B01,7,6,1,4,2,8,,11,11,1,12,4,120.657362,24.145036,2
11260,66000,387130000C,(04)23274275,(04)23288582,2025,1,26,4,8,臺中市,西屯區,0,0,0,7,,,40,,,,,,,,,,,,,,12,,,,,B03,,,1,,2,,,40,40,1,12,4,120.638426,24.166552,3
11261,66000,387130000C,(04)23274275,(04)23288582,2025,1,26,4,42,臺中市,北屯區,0,1,0,6,1,6,50,13,9,1,5,4,6,6,4,4,1,4,5,2,18,2,9,2,1,C04,7,9,1,10,9,14,,84,84,1,6,4,120.685739,24.17284,2
11262,66000,387130000C,(04)23274275,(04)23288582,2025,1,26,5,6,臺中市,大里區,0,1,0,7,1,6,50,4,1,1,5,4,6,6,3,1,10,5,5,1,15,2,9,1,1,C03,7,9,1,10,2,11,,12,12,1,12,4,120.68914,24.119365,2
11263,66000,387130000C,(04)23274275,(04)23288582,2025,1,26,5,30,臺中市,北屯區,0,3,0,7,3,6,80,13,9,1,5,4,6,6,4,4,1,4,5,1,13,2,9,3,1,B03,7,9,1,8,7,1,,53,53,1,6,4,120.68847,24.201012,2
11264,66000,387130000C,(04)23274275,(04)23288582,2025,1,26,5,35,臺中市,大里區,0,1,0,7,1,6,30,11,9,1,5,4,6,6,4,4,10,5,5,1,28,2,9,1,1,C03,7,9,1,10,2,11,,87,87,1,12,4,120.682374,24.11692,2
11265,66000,387130000C,(04)23274275,(04)23288582,2025,1,26,6,7,臺中市,清水區,0,1,0,7,3,6,50,3,1,1,5,4,6,6,4,4,5,5,5,2,16,2,9,4,1,F01,7,6,7,21,2,12,,14,14,1,12,4,120.561474,24.271341,2
11266,66000,387130000C,(04)23274275,(04)23288582,2025,1,26,6,19,臺中市,豐原區,0,0,0,7,,,50,,,,,,,,,,,,,,13,,,,,B03,,,1,,2,,,59,59,1,13,4,120.714505,24.245324,3
11267,66000,387130000C,(04)23274275,(04)23288582,2025,1,26,6,25,臺中市,梧棲區,0,1,0,7,2,6,60,4,2,1,5,4,6,6,4,4,9,4,5,1,17,2,9,1,1,C03,7,9,1,10,2,11,,5,5,1,13,4,120.536662,24.251452,2
11268,66000,387130000C,(04)23274275,(04)23288582,2025,1,26,7,4,臺中市,西區,0,1,0,7,3,6,50,4,2,1,5,4,6,6,1,1,10,5,5,2,17,2,9,1,1,F03,7,9,7,21,2,11,,84,84,1,12,4,120.662929,24.146511,2
11269,66000,387130000C,(04)23274275,(04)23288582,2025,1,26,7,30,臺中市,西區,0,0,0,7,,,50,,,,,,,,,,,,,,17,,,,,B03,,,1,,2,,,35,35,1,12,4,120.683609,24.14294,3
11270,66000,387130000C,(04)23274275,(04)23288582,2025,1,26,7,42,臺中市,南屯區,0,0,0,7,,,40,,,,,,,,,,,,,,17,,,,,B03,,,1,,2,,,59,59,1,12,4,120.648452,24.148464,3
11271,66000,387130000C,(04)23274275,(04)23288582,2025,1,26,7,43,臺中市,太平區,0,1,0,7,2,6,30,3,1,1,5,4,6,6,4,4,10,5,5,2,17,3,10,3,1,B03,7,6,1,8,2,4,,14,14,1,12,4,120.719684,24.145719,2
11272,66000,387130000C,(04)23274275,(04)23288582,2025,1,26,7,43,臺中市,太平區,0,0,0,7,,,50,,,,,,,,,,,,,,,,,,,B03,,,1,,2,,,50,50,1,12,4,120.720181,24.15686,3
11273,66000,387130000C,(04)23274275,(04)23288582,2025,1,26,7,50,臺中市,外埔區,0,1,0,7,3,6,60,4,1,1,5,4,6,6,1,1,10,5,5,2,13,2,9,1,1,C03,7,9,1,10,2,11,,7,7,1,12,4,120.635368,24.343852,2
11274,66000,387130000C,(04)23274275,(04)23288582,2025,1,26,7,56,臺中市,南區,0,0,0,7,,,50,,,,,,,,,,,,,,12,,,,,B03,,,1,,1,,,8,8,1,6,4,120.661614,24.12532,3
11275,66000,387130000C,(04)23274275,(04)23288582,2025,1,26,7,58,臺中市,霧峰區,0,0,0,7,,,30,,,,,,,,,,,,,,17,,,,,B03,,,1,,2,,,84,84,1,13,4,120.67517,24.034478,3
11276,66000,387130000C,(04)23274275,(04)23288582,2025,1,26,8,10,臺中市,大里區,0,2,0,7,2,6,30,3,9,1,5,4,6,6,4,4,5,5,5,2,16,2,9,5,4,C03,7,6,1,10,2,12,,14,14,1,12,4,120.702628,24.08451,2
11277,66000,387130000C,(04)23274275,(04)23288582,2025,1,26,8,10,臺中市,東勢區,0,1,0,7,2,6,30,4,1,1,5,4,6,6,4,4,10,5,5,2,17,3,10,5,4,B03,7,9,1,8,2,1,,15,15,1,13,4,120.831797,24.244551,2
11278,66000,387130000C,(04)23274275,(04)23288582,2025,1,26,8,15,臺中市,北屯區,0,1,0,7,3,6,50,13,9,1,5,4,6,6,4,4,9,5,5,2,16,3,10,3,1,B03,7,6,1,8,2,8,,85,85,1,12,4,120.682334,24.177348,2
11279,66000,387130000C,(04)23274275,(04)23288582,2025,1,26,8,21,臺中市,大里區,0,1,0,7,3,9,50,11,9,1,5,4,6,6,4,4,5,5,5,2,17,2,9,2,1,C03,7,12,3,19,2,11,,84,84,1,13,4,120.681712,24.116263,2
11280,66000,387130000C,(04)23274275,(04)23288582,2025,1,26,8,25,臺中市,新社區,0,1,0,7,2,6,30,13,9,1,5,4,6,6,1,1,10,5,5,1,14,3,10,5,4,B03,7,2,1,8,2,3,,49,49,1,13,4,120.80718,24.242193,2
11281,66000,387130000C,(04)23274275,(04)23288582,2025,1,26,8,27,臺中市,西屯區,0,0,0,7,,,50,,,,,,,,,,,,,,17,,,,,B12,,,1,,2,,,84,84,1,12,4,120.644533,24.17472,3
11282,66000,387130000C,(04)23274275,(04)23288582,2025,1,26,8,30,臺中市,沙鹿區,0,1,0,7,2,6,50,11,9,1,5,4,6,6,4,4,5,5,5,2,18,2,9,1,1,C03,7,9,1,10,2,14,,84,84,1,13,4,120.584425,24.244128,2
11283,66000,387130000C,(04)23274275,(04)23288582,2025,1,26,8,40,臺中市,東區,0,0,0,7,1,6,50,13,9,1,5,4,6,6,4,4,9,4,5,2,30,3,10,1,1,C03,7,9,1,10,1,11,,84,84,1,12,4,120.689223,24.143485,3
11284,66000,387130000C,(04)23274275,(04)23288582,2025,1,26,8,40,臺中市,東區,0,0,0,7,,,50,,,,,,,,,,,,,,14,,,,,B03,,,1,,1,,,50,50,1,12,4,120.690982,24.140689,3
11285,66000,387130000C,(04)23274275,(04)23288582,2025,1,26,8,42,臺中市,后里區,0,0,0,7,,,50,,,,,,,,,,,,,,,,,,,B03,,,1,,2,,,49,49,1,12,4,120.727085,24.309223,3
11286,66000,387130000C,(04)23274275,(04)23288582,2025,1,26,8,55,臺中市,太平區,0,2,0,7,2,6,30,3,1,1,5,4,6,6,4,4,10,5,5,2,17,2,9,2,1,C03,7,6,1,10,2,11,,14,14,1,12,4,120.704398,24.113622,2
11287,66000,387130000C,(04)23274275,(04)23288582,2025,1,26,8,57,臺中市,清水區,0,0,0,7,,,30,,,,,,,,,,,,,,,,,,,A12,,,1,,2,,,49,49,1,12,4,120.575335,24.274799,3
11288,66000,387130000C,(04)23274275,(04)23288582,2025,1,26,8,57,臺中市,神岡區,0,0,0,7,,,30,,,,,,,,,,,,,,11,,,,,B03,,,1,,2,,,8,8,1,6,4,120.694523,24.265641,3
11289,66000,387130000C,(04)23274275,(04)23288582,2025,1,26,8,58,臺中市,北屯區,0,0,0,7,,,50,,,,,,,,,,,,,,13,,,,,B03,,,1,,1,,,84,84,1,6,4,120.689327,24.201289,3
11290,66000,387130000C,(04)23274275,(04)23288582,2025,1,26,9,14,臺中市,北屯區,0,1,0,7,3,6,50,13,8,1,5,4,6,6,4,4,1,4,4,2,13,2,9,2,1,C03,7,9,1,10,2,11,,7,7,1,12,4,120.701836,24.183476,2
11291,66000,387130000C,(04)23274275,(04)23288582,2025,1,26,9,14,臺中市,西屯區,0,1,0,7,2,6,40,13,9,1,5,4,6,6,4,4,1,5,5,2,13,2,9,5,4,C03,7,9,1,10,2,11,,7,7,1,13,4,120.619433,24.180754,2
11292,66000,387130000C,(04)23274275,(04)23288582,2025,1,26,9,16,臺中市,中區,0,2,0,7,2,6,50,13,9,1,5,4,6,6,4,4,1,4,5,2,18,2,9,1,1,C03,7,9,1,10,2,12,,82,82,1,13,4,120.683345,24.136831,2
11293,66000,387130000C,(04)23274275,(04)23288582,2025,1,26,9,23,臺中市,潭子區,0,2,0,7,2,6,50,13,14,1,5,4,6,6,4,4,1,4,4,1,17,2,9,2,1,C03,7,9,1,10,2,12,,59,59,1,13,4,120.696094,24.21625,2
11294,66000,387130000C,(04)23274275,(04)23288582,2025,1,26,9,26,臺中市,北屯區,0,0,0,7,,,50,,,,,,,,,,,,,,13,,,,,B03,,,1,,1,,,84,84,1,6,4,120.778398,24.198992,3
11295,66000,387130000C,(04)23274275,(04)23288582,2025,1,26,9,27,臺中市,西區,0,0,0,7,,,50,,,,,,,,,,,,,,,,,,,B03,,,1,,2,,,84,84,1,12,4,120.66774,24.13095,3
11296,66000,387130000C,(04)23274275,(04)23288582,2025,1,26,9,27,臺中市,北屯區,0,0,0,7,,,50,,,,,,,,,,,,,,9,,,,,B03,,,1,,1,,,51,51,1,12,4,120.690758,24.163808,3
11297,66000,387130000C,(04)23274275,(04)23288582,2025,1,26,9,27,臺中市,大甲區,0,0,0,7,,,50,,,,,,,,,,,,,,,,,,,C03,,,1,,2,,,7,7,1,12,4,120.623382,24.344413,3
11298,66000,387130000C,(04)23274275,(04)23288582,2025,1,26,9,27,臺中市,東勢區,0,1,0,7,2,6,30,3,1,1,5,4,6,6,4,4,10,5,5,2,17,3,10,5,4,C03,7,5,3,19,2,15,,12,12,1,13,4,120.81837,24.276081,2
11299,66000,387130000C,(04)23274275,(04)23288582,2025,1,26,9,34,臺中市,西屯區,0,0,0,7,2,6,50,13,9,1,5,4,6,6,2,1,5,4,5,2,13,,,,,B12,,,1,,1,,,59,59,1,12,4,120.644806,24.194241,3
11300,66000,387130000C,(04)23274275,(04)23288582,2025,1,26,9,36,臺中市,潭子區,0,1,0,7,2,6,40,13,9,1,5,4,6,6,4,4,10,5,5,2,18,2,9,2,1,C03,7,9,1,10,2,12,,58,58,1,12,4,120.706361,24.213986,2
11301,66000,387130000C,(04)23274275,(04)23288582,2025,1,26,9,37,臺中市,北屯區,0,0,0,7,,,50,,,,,,,,,,,,,,17,,,,,C03,,,1,,9,,,84,84,2,12,4,120.698343,24.184077,3
11302,66000,387130000C,(04)23274275,(04)23288582,2025,1,26,9,39,臺中市,霧峰區,0,0,0,7,,,60,,,,,,,,,,,,,,17,,,,,B12,,,1,,2,,,40,40,1,13,4,120.69536,24.052683,3
11303,66000,387130000C,(04)23274275,(04)23288582,2025,1,26,9,40,臺中市,大雅區,0,1,0,7,2,6,50,3,1,1,5,4,6,6,1,1,5,5,5,1,17,3,10,1,1,C03,7,9,1,10,2,16,,84,84,1,13,4,120.649567,24.22412,2
11304,66000,387130000C,(04)23274275,(04)23288582,2025,1,26,9,42,臺中市,東區,0,0,0,7,,,50,,,,,,,,,,,,,,17,,,,,B03,,,1,,1,,,84,84,1,13,4,120.688787,24.134685,3
11305,66000,387130000C,(04)23274275,(04)23288582,2025,1,26,9,42,臺中市,北屯區,0,0,0,7,,,50,,,,,,,,,,,,,,13,,,,,B03,,,1,,1,,,82,82,1,6,4,120.733697,24.159946,3
11306,66000,387130000C,(04)23274275,(04)23288582,2025,1,26,9,45,臺中市,北區,0,0,0,7,,,50,,,,,,,,,,,,,,12,,,,,B03,,,1,,2,,,8,8,1,13,4,120.668133,24.168275,3
11307,66000,387130000C,(04)23274275,(04)23288582,2025,1,26,9,45,臺中市,太平區,0,1,0,7,3,6,50,13,9,1,5,4,6,6,4,4,5,5,4,1,17,2,7,2,1,C03,7,9,3,19,2,12,,84,84,1,12,4,120.716246,24.150183,2
11308,66000,387130000C,(04)23274275,(04)23288582,2025,1,26,9,47,臺中市,烏日區,0,1,0,7,3,6,30,13,9,1,5,4,6,6,4,4,10,5,5,2,18,2,9,5,4,C03,7,9,1,10,2,14,,59,59,1,13,4,120.635695,24.102477,2
11309,66000,387130000C,(04)23274275,(04)23288582,2025,1,26,9,56,臺中市,沙鹿區,0,0,0,7,,,50,,,,,,,,,,,,,,,,,,,B03,,,1,,2,,,21,21,1,13,4,120.573005,24.210639,3
11310,66000,387130000C,(04)23274275,(04)23288582,2025,1,26,9,57,臺中市,東區,0,0,0,7,,,50,,,,,,,,,,,,,,17,,,,,B03,,,1,,2,,,51,51,1,12,4,120.688846,24.127233,3
11311,66000,387130000C,(04)23274275,(04)23288582,2025,1,26,9,57,臺中市,龍井區,0,1,0,7,2,6,50,5,1,1,5,4,6,6,2,1,1,5,5,2,16,3,10,3,1,B01,7,5,1,4,2,1,5,38,38,1,6,4,120.58326,24.187035,2
11312,66000,387130000C,(04)23274275,(04)23288582,2025,1,26,10,0,臺中市,大里區,0,2,0,7,2,6,50,3,9,1,5,4,6,6,4,4,5,5,5,1,16,3,10,5,4,B03,7,6,1,8,2,8,,14,14,1,12,4,120.699371,24.088297,2
11313,66000,387130000C,(04)23274275,(04)23288582,2025,1,26,10,0,臺中市,神岡區,0,1,0,7,3,6,30,13,9,1,5,4,6,6,4,4,10,5,5,1,12,2,9,1,1,C03,7,9,1,10,2,11,,58,58,1,13,4,120.685894,24.236025,2
11314,66000,387130000C,(04)23274275,(04)23288582,2025,1,26,10,4,臺中市,神岡區,0,3,0,7,2,6,50,4,1,1,5,4,6,6,1,1,10,5,5,2,15,2,2,3,1,B03,7,9,1,8,2,1,,21,21,1,6,4,120.696991,24.257068,2
11315,66000,387130000C,(04)23274275,(04)23288582,2025,1,26,10,6,臺中市,烏日區,0,2,0,7,3,9,50,3,1,1,5,4,6,6,4,4,10,5,5,2,18,2,9,1,1,C03,7,6,1,10,2,14,,84,84,1,6,4,120.625282,24.108292,2
11316,66000,387130000C,(04)23274275,(04)23288582,2025,1,26,10,10,臺中市,中區,0,0,0,7,,,50,,,,,,,,,,,,,,14,,,,,B03,,,1,,2,,,49,49,1,12,4,120.681189,24.138115,3
11317,66000,387130000C,(04)23274275,(04)23288582,2025,1,26,10,10,臺中市,西屯區,0,0,0,7,,,30,,,,,,,,,,,,,,16,,,,,B03,,,1,,1,,,51,51,1,12,4,120.648432,24.176539,3
11318,66000,387130000C,(04)23274275,(04)23288582,2025,1,26,10,10,臺中市,梧棲區,0,1,0,7,3,6,60,4,2,1,5,4,6,6,1,1,1,2,5,1,18,2,9,1,1,C03,7,9,3,19,2,16,,59,59,1,6,4,120.534775,24.246073,2
11319,66000,387130000C,(04)23274275,(04)23288582,2025,1,26,10,15,臺中市,大甲區,0,1,0,6,3,6,50,4,1,1,5,4,6,6,4,4,10,5,5,2,16,3,10,3,1,B03,7,1,1,8,2,1,,12,12,1,6,4,120.614016,24.341545,2
11320,66000,387130000C,(04)23274275,(04)23288582,2025,1,26,10,18,臺中市,西屯區,0,0,0,6,,,50,,,,,,,,,,,,,,12,,,,,B03,,,1,,2,,,50,50,1,12,4,120.664574,24.175978,3
11321,66000,387130000C,(04)23274275,(04)23288582,2025,1,26,10,26,臺中市,南屯區,0,1,0,6,3,6,60,4,1,1,5,4,6,6,2,1,4,1,1,1,15,3,10,3,1,B03,7,9,1,8,2,2,,84,84,1,6,4,120.631748,24.125647,2
11322,66000,387130000C,(04)23274275,(04)23288582,2025,1,26,10,26,臺中市,新社區,0,1,0,7,3,6,40,3,1,1,5,4,6,6,4,4,10,5,5,1,17,2,9,5,4,C03,7,9,1,10,2,16,,7,7,1,13,4,120.869713,24.144764,2
11323,66000,387130000C,(04)23274275,(04)23288582,2025,1,26,10,27,臺中市,南區,0,1,0,7,3,6,50,13,9,1,5,4,6,6,4,4,5,5,5,2,17,3,10,3,1,B03,7,1,1,8,2,1,,51,51,1,6,4,120.667421,24.128834,2
11324,66000,387130000C,(04)23274275,(04)23288582,2025,1,26,10,32,臺中市,東區,0,1,0,7,1,6,50,4,1,1,5,4,6,6,1,1,10,5,5,2,17,2,9,1,1,C03,7,9,1,10,3,11,,84,84,1,12,4,120.701504,24.14022,2
11325,66000,387130000C,(04)23274275,(04)23288582,2025,1,26,10,34,臺中市,大里區,0,1,0,6,3,6,40,4,1,1,5,4,6,6,1,1,10,5,5,2,12,2,9,2,1,C03,7,8,1,10,2,14,,40,40,1,13,4,120.700146,24.104263,2
11326,66000,387130000C,(04)23274275,(04)23288582,2025,1,26,10,36,臺中市,大甲區,0,1,0,6,3,6,30,5,1,1,5,4,6,6,4,4,10,5,5,2,14,3,10,3,1,B12,7,2,1,8,2,3,,49,49,1,6,4,120.62409,24.362251,2
11327,66000,387130000C,(04)23274275,(04)23288582,2025,1,26,10,41,臺中市,清水區,0,0,0,6,,,30,,,,,,,,,,,,,,,,,,,B03,,,1,,1,,,12,12,1,12,4,120.553991,24.262596,3
11328,66000,387130000C,(04)23274275,(04)23288582,2025,1,26,10,45,臺中市,太平區,0,1,0,7,2,6,40,3,2,1,5,4,6,6,4,4,9,5,5,1,17,3,10,2,1,C03,7,9,1,10,2,12,,59,59,1,12,4,120.75141,24.122159,2
11329,66000,387130000C,(04)23274275,(04)23288582,2025,1,26,10,50,臺中市,梧棲區,0,0,0,7,,,30,,,,,,,,,,,,,,16,,,,,B03,,,1,,1,,,14,14,1,6,4,120.557293,24.255829,3
11330,66000,387130000C,(04)23274275,(04)23288582,2025,1,26,10,50,臺中市,豐原區,0,0,0,7,,,50,,,,,,,,,,,,,,17,,,,,C03,,,1,,2,,,39,39,1,13,4,120.709459,24.250184,3
11331,66000,387130000C,(04)23274275,(04)23288582,2025,1,26,10,53,臺中市,烏日區,0,1,0,7,2,6,50,4,1,1,5,4,6,6,4,4,10,5,5,2,16,2,9,5,4,C03,7,6,1,10,9,12,,12,12,1,13,4,120.624501,24.103685,2
11332,66000,387130000C,(04)23274275,(04)23288582,2025,1,26,10,55,臺中市,東區,0,1,0,7,2,6,50,4,1,1,5,4,6,6,1,1,10,5,5,2,17,2,8,1,1,C03,7,1,1,10,2,14,,51,51,1,12,4,120.70384,24.138573,2
11333,66000,387130000C,(04)23274275,(04)23288582,2025,1,26,10,58,臺中市,東區,0,3,0,7,1,6,50,13,8,1,5,4,6,6,4,4,9,4,4,2,13,2,9,2,1,C03,7,9,1,10,2,11,,7,7,1,13,4,120.697761,24.145902,2
11334,66000,387130000C,(04)23274275,(04)23288582,2025,1,26,10,58,臺中市,南屯區,0,1,0,7,1,6,50,3,1,1,5,4,6,6,4,4,9,4,4,2,17,2,9,5,4,C03,7,15,1,10,2,14,,84,84,1,13,4,120.609945,24.136467,2
11335,66000,387130000C,(04)23274275,(04)23288582,2025,1,26,11,2,臺中市,大安區,0,2,0,6,3,6,60,4,1,1,5,4,6,6,1,1,10,5,5,2,17,2,9,1,1,C02,7,9,1,9,2,12,,84,84,1,6,4,120.601446,24.392101,2
11336,66000,387130000C,(04)23274275,(04)23288582,2025,1,26,11,3,臺中市,北屯區,0,0,0,7,,,50,,,,,,,,,,,,,,,,,,,C03,,,1,,1,,,24,24,1,12,4,120.69787,24.164111,3
11337,66000,387130000C,(04)23274275,(04)23288582,2025,1,26,11,4,臺中市,西屯區,0,1,0,7,2,6,60,4,1,1,5,4,6,6,1,1,10,5,5,2,16,3,10,5,4,B03,7,5,1,8,2,2,,38,38,1,12,4,120.649796,24.162755,2
11338,66000,387130000C,(04)23274275,(04)23288582,2025,1,26,11,5,臺中市,大里區,0,2,0,7,2,6,50,13,9,1,5,4,6,6,4,4,5,5,5,1,16,2,9,2,1,C03,7,6,1,10,2,14,,39,39,1,13,4,120.708605,24.08555,2
11339,66000,387130000C,(04)23274275,(04)23288582,2025,1,26,11,9,臺中市,北區,0,0,0,7,2,6,50,4,1,1,5,4,6,6,1,1,5,4,5,2,16,3,10,1,1,C03,7,6,3,19,1,14,,48,48,1,12,4,120.670507,24.160431,4
11340,66000,387130000C,(04)23274275,(04)23288582,2025,1,26,11,10,臺中市,北屯區,0,3,0,7,2,6,50,3,1,1,5,4,6,6,2,1,5,5,5,2,17,2,9,1,1,C03,7,6,1,10,2,12,,11,11,1,12,4,120.723091,24.162035,2
11341,66000,387130000C,(04)23274275,(04)23288582,2025,1,26,11,10,臺中市,梧棲區,0,1,0,7,3,6,50,13,7,1,5,4,6,6,4,4,5,5,4,2,13,3,10,1,1,C03,7,9,1,10,2,14,,84,84,1,6,4,120.533075,24.254202,2
11342,66000,387130000C,(04)23274275,(04)23288582,2025,1,26,11,11,臺中市,大甲區,0,1,0,6,3,6,50,4,1,1,5,4,6,6,1,1,10,5,5,2,15,3,10,3,1,B03,7,9,1,8,2,6,,87,87,1,12,4,120.625146,24.368927,2
11343,66000,387130000C,(04)23274275,(04)23288582,2025,1,26,11,13,臺中市,霧峰區,0,2,0,7,2,6,60,13,24,1,5,4,6,6,3,1,10,5,5,2,16,3,10,3,1,B03,7,11,1,8,2,8,,45,45,1,12,4,120.696128,24.019992,2
11344,66000,387130000C,(04)23274275,(04)23288582,2025,1,26,11,14,臺中市,西區,0,0,0,7,,,40,,,,,,,,,,,,,,,,,,,B03,,,1,8,1,,,49,49,1,13,4,120.655235,24.15185,3
11345,66000,387130000C,(04)23274275,(04)23288582,2025,1,26,11,18,臺中市,新社區,0,0,0,7,,,40,,,,,,,,,,,,,,,,,,,B12,,,1,,2,,,8,8,1,13,4,120.795251,24.218506,3
11346,66000,387130000C,(04)23274275,(04)23288582,2025,1,26,11,19,臺中市,豐原區,0,0,0,7,,,50,,,,,,,,,,,,,,,,,,,B03,,,1,,2,,,58,58,1,13,4,120.706187,24.251657,3
11347,66000,387130000C,(04)23274275,(04)23288582,2025,1,26,11,20,臺中市,后里區,0,0,0,7,,,50,,,,,,,,,,,,,,12,,,,,B03,,,1,,1,,,8,8,1,12,4,120.660466,24.30107,3
11348,66000,387130000C,(04)23274275,(04)23288582,2025,1,26,11,23,臺中市,東區,0,1,0,7,3,6,50,4,1,1,5,4,6,6,1,1,10,5,5,2,12,2,8,2,1,C03,7,6,1,10,2,12,,8,8,1,13,4,120.687678,24.138152,2
11349,66000,387130000C,(04)23274275,(04)23288582,2025,1,26,11,29,臺中市,西區,0,2,0,7,3,6,50,13,9,1,5,4,6,6,4,4,5,5,5,2,17,2,9,1,1,C03,7,1,1,10,2,14,,51,51,1,13,4,120.663915,24.156273,2
11350,66000,387130000C,(04)23274275,(04)23288582,2025,1,26,11,29,臺中市,大甲區,0,0,0,7,,,40,,,,,,,,,,,,,,12,,,,,B03,,,1,,1,,,50,50,1,6,4,120.646529,24.404988,3
11351,66000,387130000C,(04)23274275,(04)23288582,2025,1,26,11,30,臺中市,太平區,0,1,0,6,2,6,50,13,9,1,5,4,6,6,4,4,5,4,5,1,17,3,10,1,1,C03,7,8,1,10,2,12,,39,39,1,12,4,120.714231,24.124877,2
11352,66000,387130000C,(04)23274275,(04)23288582,2025,1,26,11,35,臺中市,西區,0,2,0,7,3,6,50,13,9,1,5,4,6,6,4,4,5,5,5,2,17,2,9,1,1,C03,7,7,1,10,2,11,,7,7,1,12,4,120.65404,24.146203,2
11353,66000,387130000C,(04)23274275,(04)23288582,2025,1,26,11,35,臺中市,北屯區,0,0,0,7,,,50,,,,,,,,,,,,,,12,,,,,B03,,,1,,1,,,42,42,1,6,4,120.686252,24.194619,3
11354,66000,387130000C,(04)23274275,(04)23288582,2025,1,26,11,36,臺中市,太平區,0,2,0,7,2,6,50,3,1,1,5,4,6,6,3,1,5,5,5,2,16,2,9,1,1,C03,7,6,1,10,2,14,,24,24,1,6,4,120.713753,24.151742,2
11355,66000,387130000C,(04)23274275,(04)23288582,2025,1,26,11,36,臺中市,大肚區,0,1,0,7,2,6,30,3,1,1,5,4,6,6,4,4,10,5,5,2,16,3,10,3,1,B03,7,5,6,20,11,8,,20,20,2,6,4,120.57826,24.111971,2
11356,66000,387130000C,(04)23274275,(04)23288582,2025,1,26,11,37,臺中市,南區,0,2,0,7,2,6,30,4,1,1,5,4,6,6,4,4,10,5,5,2,15,2,9,2,1,C03,7,9,1,10,2,11,,15,15,1,6,4,120.673111,24.124971,2
11357,66000,387130000C,(04)23274275,(04)23288582,2025,1,26,11,39,臺中市,大雅區,0,1,0,6,1,6,50,5,1,1,5,4,6,6,1,1,10,5,5,2,16,3,10,3,1,B03,7,5,1,8,2,2,,11,11,1,12,4,120.672772,24.215755,2
11358,66000,387130000C,(04)23274275,(04)23288582,2025,1,26,11,42,臺中市,豐原區,0,2,0,7,2,6,50,4,1,1,5,4,6,6,4,4,10,5,5,2,15,2,9,2,1,C03,7,9,1,10,2,11,,21,21,1,13,4,120.725262,24.254928,2
11359,66000,387130000C,(04)23274275,(04)23288582,2025,1,26,11,43,臺中市,西屯區,0,0,0,7,,,40,,,,,,,,,,,,,,13,,,,,B03,,,1,,1,,,59,59,1,12,4,120.641076,24.167898,3
11360,66000,387130000C,(04)23274275,(04)23288582,2025,1,26,11,47,臺中市,西屯區,0,3,0,7,2,6,50,13,7,1,4,4,6,6,4,4,5,4,4,2,12,2,9,5,4,C03,7,8,1,10,2,14,,40,40,1,13,4,120.619151,24.168008,2
11361,66000,387130000C,(04)23274275,(04)23288582,2025,1,26,11,47,臺中市,大里區,0,0,0,7,,,50,,,,,,,,,,,,,,12,,,,,B03,,,1,,2,,,76,76,1,13,4,120.688482,24.103095,3
11362,66000,387130000C,(04)23274275,(04)23288582,2025,1,26,11,52,臺中市,太平區,0,1,0,7,2,6,50,13,9,1,5,4,3,6,4,4,5,4,5,1,16,3,10,2,1,C03,7,1,1,10,2,14,,51,51,1,12,4,120.716016,24.127361,2
11363,66000,387130000C,(04)23274275,(04)23288582,2025,1,26,11,52,臺中市,大甲區,0,0,0,7,1,4,60,13,8,1,5,4,6,6,1,1,4,4,4,1,13,3,10,1,1,B03,7,13,1,8,2,5,5,7,7,1,12,5,120.617906,24.338397,3
11364,66000,387130000C,(04)23274275,(04)23288582,2025,1,26,11,55,臺中市,南區,0,1,0,7,3,6,30,4,1,1,5,4,6,6,4,4,10,5,5,2,15,3,10,3,1,B03,7,9,1,8,2,5,,15,15,1,6,4,120.681892,24.130027,2
11365,66000,387130000C,(04)23274275,(04)23288582,2025,1,26,11,56,臺中市,北屯區,0,3,0,7,2,6,50,4,1,1,5,4,6,6,1,1,10,5,5,2,15,2,9,1,1,C03,7,9,1,10,2,11,,21,21,1,6,4,120.669954,24.176559,2