序號,縣市別代碼,機關代碼,市話,傳真,年,月,日,時,分,縣市,區,死亡數量,受傷數量,2-30,天候,道路照明設備,道路類別,道路速限,道路型態,事故位置,路面鋪裝,路面狀態,路面缺陷,障礙物,視距,號誌種類,號誌動作,分向設施,快車道或一般車道間,快慢車道間,路面邊線,事故類型及型態,受傷程度,主要傷處,保護裝備,行動電話或功能裝置,當事者區分(類別),車輛用途,當事者行動狀態,駕照狀態,駕照種類,飲酒情形,車輛撞擊部位最初,車輛撞擊部位其他,肇事因素個別,肇事因素主要,肇事逃逸,職業,共享經濟或外送平台,GPS座標X,GPS座標Y,事故類別
11588,66000,387130000C,(04)23274275,(04)23288582,2025,1,26,22,2,臺中市,西區,0,2,0,7,1,6,50,4,1,1,5,4,6,6,4,4,10,5,5,2,17,3,10,1,1,C03,7,9,1,10,2,12,,15,15,1,12,4,120.65803,24.145283,2
11589,66000,387130000C,(04)23274275,(04)23288582,2025,1,26,22,4,臺中市,西屯區,0,0,0,7,,,60,,,,,,,,,,,,,,16,,,,,B03,,,1,,1,,,40,40,1,13,4,120.655911,24.158976,3
11590,66000,387130000C,(04)23274275,(04)23288582,2025,1,26,22,5,臺中市,南區,0,1,0,7,2,6,50,13,9,1,5,4,6,6,4,4,5,5,5,2,28,,,,,,,,,,,,,118,118,1,,,120.683855,24.132208,2
11591,66000,387130000C,(04)23274275,(04)23288582,2025,1,26,22,7,臺中市,太平區,0,0,0,7,1,6,50,,,,,,,,,,,,,,16,,,,,C02,,,1,,2,14,,84,84,1,12,4,120.704182,24.159061,3
11592,66000,387130000C,(04)23274275,(04)23288582,2025,1,26,22,11,臺中市,北區,0,0,0,7,,,50,,,,,,,,,,,,,,17,,,,,C03,,,1,,2,,,84,84,1,12,4,120.692237,24.156644,4
11593,66000,387130000C,(04)23274275,(04)23288582,2025,1,26,22,12,臺中市,豐原區,0,0,0,7,,,50,,,,,,,,,,,,,,16,,,,,B03,,,1,,2,,,11,11,1,12,4,120.712954,24.255633,3
11594,66000,387130000C,(04)23274275,(04)23288582,2025,1,26,22,19,臺中市,龍井區,0,1,0,6,1,6,30,13,9,1,5,4,6,6,4,4,10,5,5,1,18,2,9,1,1,C03,7,9,1,10,2,12,,87,87,1,13,4,120.578431,24.181449,2
11595,66000,387130000C,(04)23274275,(04)23288582,2025,1,26,22,20,臺中市,西屯區,0,0,0,7,,,50,,,,,,,,,,,,,,,,,,,C03,,,1,,1,,,7,7,1,12,4,120.649481,24.162162,3
11596,66000,387130000C,(04)23274275,(04)23288582,2025,1,26,22,20,臺中市,西屯區,0,1,0,7,1,6,40,13,8,1,5,4,6,6,4,4,9,4,4,2,17,2,9,2,1,C03,7,9,3,19,2,12,,8,8,1,12,4,120.592077,24.177403,2
11597,66000,387130000C,(04)23274275,(04)23288582,2025,1,26,22,26,臺中市,大甲區,0,0,0,7,,,50,,,,,,,,,,,,,,,,,,,B03,,,1,,2,,,7,7,1,6,4,120.627671,24.340321,3
11598,66000,387130000C,(04)23274275,(04)23288582,2025,1,26,22,32,臺中市,豐原區,0,1,0,7,1,6,50,3,1,1,5,4,6,6,4,4,1,2,5,1,16,3,10,5,4,B03,7,7,1,8,2,2,,65,65,1,13,4,120.721857,24.274504,2
11599,66000,387130000C,(04)23274275,(04)23288582,2025,1,26,22,35,臺中市,外埔區,0,2,0,5,1,6,50,3,1,1,4,4,6,6,4,4,10,5,5,2,18,2,9,3,1,B12,7,9,1,8,2,4,,84,84,1,12,4,120.618013,24.330415,2
11600,66000,387130000C,(04)23274275,(04)23288582,2025,1,26,22,35,臺中市,豐原區,0,2,0,7,1,6,50,5,1,1,5,4,6,6,1,1,10,5,5,2,13,2,8,1,1,C03,7,5,1,10,2,11,,7,7,1,6,4,120.716846,24.253075,2
11601,66000,387130000C,(04)23274275,(04)23288582,2025,1,26,22,42,臺中市,中區,0,0,0,6,,,50,,,,,,,,,,,,,,,,,,,C03,,,1,,1,,,48,48,1,12,4,120.682897,24.147002,3
11602,66000,387130000C,(04)23274275,(04)23288582,2025,1,26,22,52,臺中市,大里區,0,1,0,7,1,6,30,13,9,1,5,4,6,6,4,4,10,5,5,2,17,2,9,5,4,C03,7,9,2,19,2,11,,84,84,1,12,4,120.713574,24.085039,2
11603,66000,387130000C,(04)23274275,(04)23288582,2025,1,26,22,54,臺中市,東區,0,0,0,7,,,50,,,,,,,,,,,,,,17,,,,,B03,,,1,,2,,,45,45,1,12,4,120.69434,24.146348,3
11604,66000,387130000C,(04)23274275,(04)23288582,2025,1,26,23,4,臺中市,東區,0,0,0,7,,,50,,,,,,,,,,,,,,17,,,,,,,,,,,,,116,116,1,,,120.690439,24.132999,3
11605,66000,387130000C,(04)23274275,(04)23288582,2025,1,26,23,4,臺中市,霧峰區,0,0,0,7,,,30,,,,,,,,,,,,,,17,,,,,B03,,,1,8,2,,,84,84,1,13,4,120.705165,24.060471,3
11606,66000,387130000C,(04)23274275,(04)23288582,2025,1,26,23,4,臺中市,清水區,0,1,0,7,1,6,50,3,1,1,5,4,6,6,4,4,1,4,5,2,13,2,1,1,1,C03,7,9,1,10,8,11,,53,53,1,13,4,120.570693,24.275901,2
11607,66000,387130000C,(04)23274275,(04)23288582,2025,1,26,23,11,臺中市,大里區,0,2,0,7,1,6,50,3,1,1,5,4,6,6,4,4,10,5,5,2,16,2,9,1,1,C03,7,9,1,10,2,12,,7,7,1,12,4,120.683093,24.09267,2
11608,66000,387130000C,(04)23274275,(04)23288582,2025,1,26,23,17,臺中市,龍井區,0,1,0,7,1,6,50,4,1,1,5,4,6,6,3,1,10,5,5,2,15,3,10,3,1,B03,7,9,1,8,2,4,,24,24,1,6,4,120.554415,24.200139,2
11609,66000,387130000C,(04)23274275,(04)23288582,2025,1,26,23,25,臺中市,大雅區,0,0,0,6,,,30,,,,,,,,,,,,,,,,,,,B03,,,3,,2,,,24,24,1,13,4,120.662708,24.220267,3
11610,66000,387130000C,(04)23274275,(04)23288582,2025,1,26,23,26,臺中市,北屯區,0,0,0,7,,,60,,,,,,,,,,,,,,13,,,,,B03,,,1,,1,,,56,56,1,10,4,120.719755,24.163048,3
11611,66000,387130000C,(04)23274275,(04)23288582,2025,1,26,23,39,臺中市,太平區,0,1,0,7,1,6,50,13,9,1,5,4,6,6,4,4,5,5,5,1,16,3,10,3,1,B03,7,11,1,8,2,5,,39,39,1,12,4,120.702897,24.111194,2
11612,66000,387130000C,(04)23274275,(04)23288582,2025,1,26,23,43,臺中市,南屯區,0,0,0,7,,,50,,,,,,,,,,,,,,,,,,,B03,,,1,,1,,,49,49,1,12,4,120.634786,24.151858,3
11613,66000,387130000C,(04)23274275,(04)23288582,2025,1,26,23,55,臺中市,西屯區,0,2,0,7,1,6,40,13,8,1,5,4,6,6,4,4,5,5,4,2,2,2,9,5,4,C03,7,9,1,8,5,11,,59,59,1,12,4,120.663675,24.165965,2
11614,66000,387130000C,(04)23274275,(04)23288582,2025,1,27,0,5,臺中市,南區,0,0,0,7,,,50,,,,,,,,,,,,,,28,,,,,,,,,,,,,118,118,1,,,120.655726,24.120237,3
11615,66000,387130000C,(04)23274275,(04)23288582,2025,1,27,0,15,臺中市,北區,0,0,0,7,,,50,,,,,,,,,,,,,,12,,,,,B03,,,1,,1,,,84,84,1,13,4,120.676539,24.150263,3
11616,66000,387130000C,(04)23274275,(04)23288582,2025,1,27,0,37,臺中市,豐原區,0,2,0,7,1,6,50,4,1,1,5,4,6,6,3,1,5,4,4,1,16,2,9,1,3,C03,7,6,1,10,2,14,,65,65,1,13,4,120.700337,24.235219,2
11617,66000,387130000C,(04)23274275,(04)23288582,2025,1,27,0,43,臺中市,大里區,0,0,0,7,,,50,,,,,,,,,,,,,,13,,,,,B03,,,1,,2,,,7,7,1,12,4,120.696706,24.111166,3
11618,66000,387130000C,(04)23274275,(04)23288582,2025,1,27,1,0,臺中市,南屯區,0,0,0,7,,,50,,,,,,,,,,,,,,14,,,,,B03,,,1,,2,,,49,49,1,12,4,120.642407,24.148145,3
11619,66000,387130000C,(04)23274275,(04)23288582,2025,1,27,1,32,臺中市,西區,0,0,0,7,,,50,,,,,,,,,,,,,,,,,,,B01,,,1,,2,,,50,50,1,12,4,120.665064,24.14943,3
11620,66000,387130000C,(04)23274275,(04)23288582,2025,1,27,1,34,臺中市,中區,0,1,0,6,1,6,40,13,8,1,5,4,6,6,4,4,5,5,4,2,17,2,9,1,1,C03,7,9,1,10,2,12,,84,84,1,12,4,120.681566,24.145243,2
11621,66000,387130000C,(04)23274275,(04)23288582,2025,1,27,1,57,臺中市,北區,0,0,0,7,1,6,50,4,1,1,5,4,6,6,1,1,10,5,5,2,30,3,10,5,4,C03,7,9,1,10,7,11,,84,84,1,12,4,120.703886,24.159574,3
11622,66000,387130000C,(04)23274275,(04)23288582,2025,1,27,2,33,臺中市,西區,0,1,0,7,1,6,50,5,1,1,5,4,6,6,1,1,10,5,5,1,17,2,9,5,4,C03,7,9,1,10,2,11,,84,84,1,12,4,120.678056,24.146465,2
11623,66000,387130000C,(04)23274275,(04)23288582,2025,1,27,3,3,臺中市,北屯區,0,0,0,7,,,80,,,,,,,,,,,,,,12,,,,,B03,,,1,8,2,,,40,40,1,6,4,120.72174,24.183636,3
11624,66000,387130000C,(04)23274275,(04)23288582,2025,1,27,3,20,臺中市,北區,0,1,0,7,1,6,50,13,9,1,5,4,6,6,2,1,8,3,5,1,13,3,10,3,1,B03,7,9,1,8,7,1,,53,53,1,13,4,120.679129,24.172782,2
11625,66000,387130000C,(04)23274275,(04)23288582,2025,1,27,4,40,臺中市,大里區,0,0,0,5,,,30,,,,,,,,,,,,,,14,,,,,B03,,,1,,2,,,49,49,1,12,4,120.699475,24.108616,3
11626,66000,387130000C,(04)23274275,(04)23288582,2025,1,27,5,9,臺中市,太平區,0,0,0,5,,,50,,,,,,,,,,,,,,,,,,,B03,,,1,,2,,,84,84,1,12,4,120.703208,24.150263,3
11627,66000,387130000C,(04)23274275,(04)23288582,2025,1,27,5,10,臺中市,中區,0,1,0,6,1,6,50,4,1,1,4,4,6,6,1,1,10,5,5,2,2,3,10,3,1,B03,7,6,1,8,1,8,,10,10,1,12,4,120.680994,24.14383,2
11628,66000,387130000C,(04)23274275,(04)23288582,2025,1,27,5,16,臺中市,北屯區,0,1,0,7,1,6,50,13,9,1,5,4,6,6,4,4,1,4,5,2,18,2,9,2,1,C03,7,9,1,10,9,14,,84,84,1,12,4,120.723,24.181584,2
11629,66000,387130000C,(04)23274275,(04)23288582,2025,1,27,5,25,臺中市,西屯區,0,1,0,5,1,6,50,4,1,1,4,3,6,6,1,1,10,5,5,2,18,2,9,1,1,C03,7,9,3,19,2,14,,84,84,1,6,4,120.605256,24.171538,2
11630,66000,387130000C,(04)23274275,(04)23288582,2025,1,27,5,46,臺中市,東區,0,1,0,7,1,6,50,3,1,1,4,4,6,6,1,1,5,3,5,2,13,3,10,3,1,B03,7,9,1,8,2,1,,6,6,1,13,4,120.696496,24.133088,2
11631,66000,387130000C,(04)23274275,(04)23288582,2025,1,27,6,9,臺中市,北區,0,1,1,7,1,6,50,3,1,1,5,4,6,6,4,4,10,5,5,2,30,2,9,5,4,C03,7,9,1,10,2,12,,84,84,1,12,4,120.673289,24.170071,2
11632,66000,387130000C,(04)23274275,(04)23288582,2025,1,27,6,28,臺中市,南屯區,0,1,0,7,2,6,50,4,2,1,5,4,6,6,4,4,5,4,5,2,17,2,9,2,1,C03,7,6,1,10,1,12,,14,14,1,12,4,120.639306,24.137679,2
11633,66000,387130000C,(04)23274275,(04)23288582,2025,1,27,6,33,臺中市,西屯區,0,1,0,7,2,6,50,13,9,1,5,4,6,6,4,4,5,4,5,2,3,3,10,5,4,B03,7,9,1,8,2,1,,59,59,1,12,4,120.654075,24.165053,2
11634,66000,387130000C,(04)23274275,(04)23288582,2025,1,27,6,38,臺中市,北屯區,0,1,0,7,1,6,50,13,7,1,5,4,6,6,4,4,1,4,4,2,13,3,10,3,1,B12,7,9,1,7,2,1,,7,7,1,12,4,120.665687,24.182422,2
11635,66000,387130000C,(04)23274275,(04)23288582,2025,1,27,7,3,臺中市,南屯區,0,0,0,7,,,50,,,,,,,,,,,,,,,,,,,B03,,,1,,1,,,59,59,1,13,4,120.623141,24.145201,3
11636,66000,387130000C,(04)23274275,(04)23288582,2025,1,27,7,9,臺中市,北區,0,1,0,5,2,6,50,13,9,1,4,4,6,6,4,4,10,4,5,2,17,2,9,1,1,C03,7,9,1,10,2,14,,84,84,1,12,4,120.672869,24.145391,2
11637,66000,387130000C,(04)23274275,(04)23288582,2025,1,27,7,27,臺中市,太平區,0,1,0,5,3,6,50,3,1,1,4,4,6,6,3,1,10,5,5,2,17,3,10,3,1,B12,7,6,1,6,2,6,,39,39,1,6,4,120.721975,24.119533,2
11638,66000,387130000C,(04)23274275,(04)23288582,2025,1,27,7,30,臺中市,豐原區,0,1,0,7,2,6,50,11,9,1,5,4,6,6,4,4,1,4,5,2,17,3,10,3,1,B03,7,7,1,8,2,5,,40,40,1,13,4,120.70324,24.23821,2
11639,66000,387130000C,(04)23274275,(04)23288582,2025,1,27,7,38,臺中市,北屯區,0,0,0,5,,,40,,,,,,,,,,,,,,14,,,,,B03,,,1,,2,,,49,49,1,12,4,120.690684,24.16286,3
11640,66000,387130000C,(04)23274275,(04)23288582,2025,1,27,7,39,臺中市,大里區,0,1,0,7,3,6,50,13,9,1,5,4,6,6,4,4,10,5,5,1,28,2,9,5,4,C03,7,9,3,19,2,11,,84,84,1,13,4,120.662321,24.096703,2
11641,66000,387130000C,(04)23274275,(04)23288582,2025,1,27,7,39,臺中市,烏日區,0,0,0,7,,,40,,,,,,,,,,,,,,12,,,,,B03,,,1,,1,,,8,8,1,13,4,120.588105,24.113238,3
11642,66000,387130000C,(04)23274275,(04)23288582,2025,1,27,7,41,臺中市,西屯區,0,2,0,5,2,6,50,4,1,1,4,4,6,6,1,1,10,5,5,2,16,2,9,1,1,C03,7,9,1,10,2,12,,21,21,1,13,4,120.63244,24.182865,2
11643,66000,387130000C,(04)23274275,(04)23288582,2025,1,27,7,46,臺中市,東區,0,1,0,6,3,6,30,4,1,1,4,4,6,6,4,4,10,5,5,2,15,3,10,2,1,C03,7,9,1,10,2,12,,15,15,1,13,2,120.694003,24.128411,2
11644,66000,387130000C,(04)23274275,(04)23288582,2025,1,27,7,48,臺中市,霧峰區,0,1,0,5,3,6,60,3,1,1,4,4,6,6,3,1,10,5,5,2,16,3,10,3,1,B03,7,5,1,8,2,6,,24,24,1,12,4,120.69557,24.052776,2
11645,66000,387130000C,(04)23274275,(04)23288582,2025,1,27,7,48,臺中市,太平區,0,1,0,5,2,6,50,13,7,1,4,4,6,6,4,4,10,4,4,2,3,2,9,6,5,H01,8,16,7,21,10,17,,97,97,1,12,5,120.726278,24.149706,2
11646,66000,387130000C,(04)23274275,(04)23288582,2025,1,27,7,51,臺中市,大里區,0,0,0,5,,,50,,,,,,,,,,,,,,12,,,,,B03,,,1,,2,,,51,51,1,6,4,120.689759,24.113268,3
11647,66000,387130000C,(04)23274275,(04)23288582,2025,1,27,7,52,臺中市,西屯區,0,0,0,7,,,50,,,,,,,,,,,,,,17,,,,,B12,,,1,,2,,,51,51,1,12,4,120.618914,24.179133,3
11648,66000,387130000C,(04)23274275,(04)23288582,2025,1,27,7,56,臺中市,南屯區,0,2,0,5,2,6,50,4,2,1,4,4,6,6,4,4,8,3,4,1,17,2,9,1,1,C03,7,5,1,10,2,12,,47,47,1,11,4,120.644758,24.14363,2
11649,66000,387130000C,(04)23274275,(04)23288582,2025,1,27,7,59,臺中市,南屯區,0,2,0,5,3,6,50,13,9,1,4,4,6,6,4,4,5,5,5,2,16,2,3,1,1,C03,7,11,1,11,2,12,,39,39,1,12,4,120.640049,24.138868,2
11650,66000,387130000C,(04)23274275,(04)23288582,2025,1,27,8,10,臺中市,大里區,0,1,0,7,3,6,40,4,2,1,5,4,6,6,2,1,3,4,4,1,16,2,9,5,4,C03,7,5,1,10,2,13,,20,20,1,12,4,120.687412,24.102232,2
11651,66000,387130000C,(04)23274275,(04)23288582,2025,1,27,8,18,臺中市,西屯區,0,1,0,5,2,6,50,3,1,1,4,4,6,6,4,4,10,5,5,2,17,2,9,5,4,C03,7,9,1,10,2,14,11,7,7,1,13,4,120.646976,24.1708,2
11652,66000,387130000C,(04)23274275,(04)23288582,2025,1,27,8,21,臺中市,西屯區,0,0,0,7,,,0,,,,,,,,,,,,,,16,,,,,B03,,,1,,1,,,51,51,1,12,4,120.615045,24.175423,3
11653,66000,387130000C,(04)23274275,(04)23288582,2025,1,27,8,23,臺中市,大甲區,0,1,0,6,3,6,50,13,9,1,5,4,6,6,4,4,5,5,5,1,14,3,10,1,1,C03,7,2,1,10,2,13,,84,84,1,6,4,120.62578,24.348755,2
11654,66000,387130000C,(04)23274275,(04)23288582,2025,1,27,8,31,臺中市,西區,0,1,0,5,3,6,50,3,1,1,4,4,6,6,4,4,5,4,5,2,17,3,10,3,1,B03,7,11,1,8,2,16,,85,85,1,13,4,120.66141,24.152829,2
11655,66000,387130000C,(04)23274275,(04)23288582,2025,1,27,8,32,臺中市,東區,0,1,0,5,2,6,50,13,8,1,4,4,6,6,4,4,5,4,4,2,18,2,9,2,1,C03,7,9,1,10,2,12,,84,84,1,6,4,120.706791,24.136477,2
11656,66000,387130000C,(04)23274275,(04)23288582,2025,1,27,8,33,臺中市,西屯區,0,0,0,5,,,30,,,,,,,,,,,,,,11,,,,,B03,,,1,,1,,,59,59,1,12,4,120.637928,24.179099,3
11657,66000,387130000C,(04)23274275,(04)23288582,2025,1,27,8,34,臺中市,太平區,0,1,0,5,3,6,30,4,1,1,4,4,6,6,4,4,10,5,5,2,15,3,10,3,1,B03,7,9,1,8,2,2,,15,15,1,6,4,120.711581,24.157417,2
11658,66000,387130000C,(04)23274275,(04)23288582,2025,1,27,8,39,臺中市,沙鹿區,0,1,0,6,2,6,50,4,1,1,5,4,6,6,1,1,5,4,5,2,17,3,10,3,1,B03,7,6,1,8,2,8,,11,11,1,13,4,120.552346,24.231759,2
11659,66000,387130000C,(04)23274275,(04)23288582,2025,1,27,8,42,臺中市,大雅區,0,0,0,6,,,30,,,,,,,,,,,,,,14,,,,,B03,,,1,,2,,,49,49,1,12,4,120.655393,24.228489,3
11660,66000,387130000C,(04)23274275,(04)23288582,2025,1,27,8,45,臺中市,神岡區,0,2,0,6,2,6,50,13,9,1,5,4,6,6,4,4,9,4,5,2,12,2,7,5,4,C03,7,9,1,10,2,12,,84,84,1,12,4,120.687798,24.247022,2
11661,66000,387130000C,(04)23274275,(04)23288582,2025,1,27,8,48,臺中市,南區,0,1,0,5,2,6,50,13,12,1,4,4,6,6,4,4,9,4,5,2,18,2,9,2,1,C03,7,9,1,10,2,12,,84,84,1,13,4,120.659393,24.133255,2
11662,66000,387130000C,(04)23274275,(04)23288582,2025,1,27,8,48,臺中市,南屯區,0,0,0,7,,,50,,,,,,,,,,,,,,,,,,,B03,,,1,,2,,,84,84,1,13,4,120.614025,24.139097,3
11663,66000,387130000C,(04)23274275,(04)23288582,2025,1,27,8,52,臺中市,霧峰區,0,1,0,5,2,6,40,4,1,1,4,4,6,6,1,1,1,4,5,2,15,3,10,3,1,B03,7,9,1,8,2,2,,21,21,1,13,4,120.663019,24.072322,2
11664,66000,387130000C,(04)23274275,(04)23288582,2025,1,27,8,52,臺中市,神岡區,0,0,0,7,,,1,,,,,,,,,,,,,,14,,,,,B03,,,1,,2,,,49,49,1,6,4,120.684754,24.246338,3
11665,66000,387130000C,(04)23274275,(04)23288582,2025,1,27,9,0,臺中市,清水區,0,0,0,7,,,50,,,,,,,,,,,,,,17,,,,,B03,,,1,,1,,,14,14,1,12,4,120.556963,24.279913,3
11666,66000,387130000C,(04)23274275,(04)23288582,2025,1,27,9,9,臺中市,大里區,0,0,0,5,,,30,,,,,,,,,,,,,,14,,,,,B03,,,1,,1,,,49,49,1,12,4,120.700566,24.099973,3
11667,66000,387130000C,(04)23274275,(04)23288582,2025,1,27,9,13,臺中市,北區,0,0,0,5,2,6,50,13,9,1,4,4,6,6,4,,,4,5,2,12,3,10,3,1,B03,7,9,1,10,2,2,,85,85,1,12,4,120.675937,24.149897,3
11668,66000,387130000C,(04)23274275,(04)23288582,2025,1,27,9,14,臺中市,豐原區,0,0,0,7,,,50,,,,,,,,,,,,,,17,,,,,B03,,,1,,2,,,8,8,1,13,4,120.715755,24.244253,3
11669,66000,387130000C,(04)23274275,(04)23288582,2025,1,27,9,20,臺中市,東區,0,0,0,7,1,6,50,4,7,1,5,4,6,6,1,1,5,4,4,2,17,3,10,3,1,B12,7,2,1,8,1,7,,49,49,1,12,4,120.688642,24.126392,3
11670,66000,387130000C,(04)23274275,(04)23288582,2025,1,27,9,20,臺中市,豐原區,0,0,0,7,,,30,,,,,,,,,,,,,,17,,,,,B03,,,1,,2,,,51,51,1,13,4,120.746117,24.264765,3
11671,66000,387130000C,(04)23274275,(04)23288582,2025,1,27,9,23,臺中市,南區,0,0,0,7,,,50,,,,,,,,,,,,,,17,,,,,B03,,,1,,2,,,59,59,1,12,4,120.681897,24.133974,3
11672,66000,387130000C,(04)23274275,(04)23288582,2025,1,27,9,24,臺中市,東區,0,0,0,7,,,50,,,,,,,,,,,,,,13,,,,,C03,,,1,,1,,,7,7,1,6,4,120.696394,24.143257,3
11673,66000,387130000C,(04)23274275,(04)23288582,2025,1,27,9,25,臺中市,豐原區,0,1,0,7,1,6,50,4,1,1,5,4,6,6,1,1,5,4,4,2,9,2,9,6,5,H04,8,16,7,21,10,17,,96,96,1,12,5,120.70984,24.244601,2
11674,66000,387130000C,(04)23274275,(04)23288582,2025,1,27,9,30,臺中市,豐原區,0,0,0,7,,,50,,,,,,,,,,,,,,17,,,,,B03,,,1,,2,,,49,49,1,6,4,120.719915,24.252733,3
11675,66000,387130000C,(04)23274275,(04)23288582,2025,1,27,9,34,臺中市,大甲區,0,0,0,6,,,30,,,,,,,,,,,,,,,,,,,B03,,,1,,2,,,59,59,1,6,4,120.608832,24.361132,3
11676,66000,387130000C,(04)23274275,(04)23288582,2025,1,27,9,36,臺中市,大甲區,0,0,0,7,1,4,40,13,14,1,5,4,6,6,4,4,4,4,5,1,14,3,10,1,1,B03,7,2,1,8,2,5,5,49,49,1,12,4,120.629437,24.347872,3
11677,66000,387130000C,(04)23274275,(04)23288582,2025,1,27,9,40,臺中市,北區,0,0,0,6,,,50,,,,,,,,,,,,,,,,,,,B03,,,1,,2,,,50,50,1,13,4,120.677007,24.168521,3
11678,66000,387130000C,(04)23274275,(04)23288582,2025,1,27,9,40,臺中市,沙鹿區,0,1,0,7,2,6,50,13,7,1,5,4,6,6,4,4,1,4,4,2,12,2,8,1,1,C03,7,9,1,10,2,14,,43,43,1,12,4,120.558518,24.234369,2
11679,66000,387130000C,(04)23274275,(04)23288582,2025,1,27,9,43,臺中市,北屯區,0,0,0,7,,,80,,,,,,,,,,,,,,16,,,,,B03,,,1,,2,,,40,40,1,6,4,120.722424,24.187989,3
11680,66000,387130000C,(04)23274275,(04)23288582,2025,1,27,9,43,臺中市,沙鹿區,0,0,0,7,,,50,,,,,,,,,,,,,,,,,,,B03,,,1,,1,,,84,84,1,13,4,120.55903,24.234489,3
11681,66000,387130000C,(04)23274275,(04)23288582,2025,1,27,9,43,臺中市,豐原區,0,2,0,6,2,6,50,4,1,1,4,4,6,6,1,1,10,5,5,2,15,2,9,2,1,C03,7,9,1,10,2,11,,21,21,1,13,4,120.742263,24.263754,2
11682,66000,387130000C,(04)23274275,(04)23288582,2025,1,27,9,44,臺中市,豐原區,0,1,0,7,1,6,50,3,1,1,5,4,6,6,3,1,5,4,4,2,18,2,9,1,1,C03,7,9,1,10,2,11,,84,84,1,6,4,120.739143,24.255786,2
11683,66000,387130000C,(04)23274275,(04)23288582,2025,1,27,9,46,臺中市,南屯區,0,1,0,7,2,6,50,3,2,1,5,4,6,6,4,4,9,5,5,2,17,3,10,3,1,B03,7,8,1,8,2,4,,35,35,1,13,4,120.642702,24.134813,2
11684,66000,387130000C,(04)23274275,(04)23288582,2025,1,27,9,48,臺中市,霧峰區,0,1,0,5,2,6,25,4,1,1,4,4,6,6,4,4,10,5,5,1,15,3,10,3,1,B03,7,9,1,8,2,5,,12,12,1,13,4,120.68552,24.056141,2
11685,66000,387130000C,(04)23274275,(04)23288582,2025,1,27,9,48,臺中市,后里區,0,1,0,7,3,6,50,13,9,1,5,4,5,6,4,4,10,5,5,2,11,2,9,1,1,C03,7,5,1,10,2,11,,20,20,1,12,4,120.711248,24.306744,2
11686,66000,387130000C,(04)23274275,(04)23288582,2025,1,27,9,49,臺中市,南區,0,1,0,6,2,6,50,4,2,1,4,4,6,6,1,1,5,2,5,2,16,3,10,3,1,B03,7,9,1,8,2,2,,87,87,1,13,4,120.67334,24.130464,2
11687,66000,387130000C,(04)23274275,(04)23288582,2025,1,27,9,52,臺中市,大雅區,0,1,0,6,1,6,40,13,8,1,5,4,6,6,1,1,1,4,4,1,17,2,8,2,1,C03,7,9,1,10,2,12,,8,8,1,12,4,120.633896,24.23753,2
11688,66000,387130000C,(04)23274275,(04)23288582,2025,1,27,9,52,臺中市,北區,0,1,0,6,2,6,50,3,2,1,5,4,6,6,1,1,5,4,5,2,16,3,10,3,1,B03,7,6,1,8,2,2,,11,11,1,12,4,120.681146,24.157389,2
11689,66000,387130000C,(04)23274275,(04)23288582,2025,1,27,9,52,臺中市,北區,0,3,0,7,2,6,50,4,1,1,4,4,6,6,1,1,10,5,5,2,16,2,9,1,1,C03,7,9,1,10,2,11,,65,65,1,12,4,120.66923,24.159216,2
11690,66000,387130000C,(04)23274275,(04)23288582,2025,1,27,9,56,臺中市,北屯區,0,0,0,7,,,50,,,,,,,,,,,,,,,,,,,B01,,,1,,9,,,8,8,1,12,4,120.697608,24.170381,3
11691,66000,387130000C,(04)23274275,(04)23288582,2025,1,27,9,58,臺中市,霧峰區,0,2,0,7,3,6,50,13,9,1,4,4,6,6,4,4,5,5,5,1,16,2,6,1,1,C03,7,11,1,10,2,12,,32,32,1,12,2,120.679482,24.064945,2
11692,66000,387130000C,(04)23274275,(04)23288582,2025,1,27,10,0,臺中市,南屯區,0,1,0,6,3,6,50,13,9,1,5,4,6,6,4,4,7,5,5,2,17,3,10,5,1,B02,7,14,1,8,2,8,,76,76,1,6,4,120.641603,24.138617,2
11693,66000,387130000C,(04)23274275,(04)23288582,2025,1,27,10,0,臺中市,大甲區,0,1,0,6,3,6,50,13,9,1,5,4,6,6,4,4,9,5,5,1,16,3,10,3,1,B03,7,11,1,8,2,4,,45,45,1,6,4,120.624048,24.352368,2
11694,66000,387130000C,(04)23274275,(04)23288582,2025,1,27,10,2,臺中市,北屯區,0,0,0,6,,,50,,,,,,,,,,,,,,12,,,,,B03,,,1,,2,,,51,51,1,12,4,120.691028,24.176753,3
11695,66000,387130000C,(04)23274275,(04)23288582,2025,1,27,10,3,臺中市,大雅區,0,1,0,6,2,6,50,3,2,1,5,4,6,6,1,1,5,5,5,1,17,3,10,3,1,B03,7,9,1,8,2,16,,84,84,1,13,4,120.649539,24.224172,2
11696,66000,387130000C,(04)23274275,(04)23288582,2025,1,27,10,7,臺中市,北屯區,0,0,0,5,,,50,,,,,,,,,,,,,,13,,,,,C03,,,1,,1,,,7,7,1,6,4,120.719144,24.174939,3
11697,66000,387130000C,(04)23274275,(04)23288582,2025,1,27,10,14,臺中市,潭子區,0,0,0,7,,,50,,,,,,,,,,,,,,,,,,,C03,,,1,,2,,,7,7,1,13,4,120.718439,24.204094,3