序號,縣市別代碼,機關代碼,市話,傳真,年,月,日,時,分,縣市,區,死亡數量,受傷數量,2-30,天候,道路照明設備,道路類別,道路速限,道路型態,事故位置,路面鋪裝,路面狀態,路面缺陷,障礙物,視距,號誌種類,號誌動作,分向設施,快車道或一般車道間,快慢車道間,路面邊線,事故類型及型態,受傷程度,主要傷處,保護裝備,行動電話或功能裝置,當事者區分(類別),車輛用途,當事者行動狀態,駕照狀態,駕照種類,飲酒情形,車輛撞擊部位最初,車輛撞擊部位其他,肇事因素個別,肇事因素主要,肇事逃逸,職業,共享經濟或外送平台,GPS座標X,GPS座標Y,事故類別
11808,66000,387130000C,(04)23274275,(04)23288582,2025,1,27,14,30,臺中市,潭子區,0,0,0,7,,,50,,,,,,,,,,,,,,,,,,,B12,,,1,,9,,,85,85,1,12,4,120.700761,24.215738,3
11809,66000,387130000C,(04)23274275,(04)23288582,2025,1,27,14,31,臺中市,沙鹿區,0,0,0,7,,,50,,,,,,,,,,,,,,,,,,,B03,,,4,,1,,,40,40,1,13,4,120.560732,24.241599,3
11810,66000,387130000C,(04)23274275,(04)23288582,2025,1,27,14,32,臺中市,沙鹿區,0,1,0,7,2,6,50,13,9,1,5,4,6,6,4,4,5,5,5,2,14,3,10,3,1,B03,7,2,1,8,2,6,,49,49,1,6,4,120.566207,24.235584,2
11811,66000,387130000C,(04)23274275,(04)23288582,2025,1,27,14,32,臺中市,沙鹿區,0,0,0,7,,,50,,,,,,,,,,,,,,,,,,,B03,,,1,,1,,,84,84,1,13,4,120.560732,24.241599,3
11812,66000,387130000C,(04)23274275,(04)23288582,2025,1,27,14,34,臺中市,西屯區,0,1,0,7,2,6,50,3,1,1,5,4,6,6,4,4,10,5,5,2,16,3,10,5,4,B03,7,5,1,8,2,6,,14,14,1,12,4,120.605664,24.187266,2
11813,66000,387130000C,(04)23274275,(04)23288582,2025,1,27,14,34,臺中市,大里區,0,2,0,7,3,6,50,4,1,1,5,4,6,6,1,1,1,2,5,2,12,2,9,2,1,C03,7,9,1,10,2,12,,84,84,1,6,4,120.692104,24.100665,2
11814,66000,387130000C,(04)23274275,(04)23288582,2025,1,27,14,36,臺中市,中區,0,0,0,7,,,50,,,,,,,,,,,,,,,,,,,B03,,,1,8,2,,,21,21,1,13,4,120.678351,24.146754,3
11815,66000,387130000C,(04)23274275,(04)23288582,2025,1,27,14,36,臺中市,西屯區,0,1,0,7,2,6,50,3,2,1,5,4,6,6,4,4,1,4,5,2,16,3,10,3,1,B03,7,5,1,8,2,7,,47,47,1,12,4,120.636061,24.182334,2
11816,66000,387130000C,(04)23274275,(04)23288582,2025,1,27,14,38,臺中市,西屯區,0,0,0,7,,,50,,,,,,,,,,,,,,14,,,,,B03,,,1,,1,,,49,49,1,13,4,120.66596,24.175431,3
11817,66000,387130000C,(04)23274275,(04)23288582,2025,1,27,14,42,臺中市,豐原區,0,2,0,7,2,6,50,4,1,1,5,4,6,6,1,1,10,5,5,2,16,2,9,1,1,C03,7,6,1,10,2,13,,11,11,1,6,4,120.718872,24.249641,2
11818,66000,387130000C,(04)23274275,(04)23288582,2025,1,27,14,44,臺中市,北屯區,0,0,0,7,,,50,,,,,,,,,,,,,,13,,,,,B03,,,1,,1,,,58,58,1,6,4,120.696587,24.17077,3
11819,66000,387130000C,(04)23274275,(04)23288582,2025,1,27,14,50,臺中市,潭子區,0,1,0,7,3,6,30,5,1,1,5,4,6,6,3,1,5,4,4,2,17,3,10,2,1,C03,7,5,1,10,2,16,,24,24,1,13,4,120.699518,24.19392,2
11820,66000,387130000C,(04)23274275,(04)23288582,2025,1,27,14,51,臺中市,大里區,0,1,0,7,2,6,50,13,9,1,5,4,6,6,4,4,9,5,5,1,3,3,10,2,1,C03,7,9,1,10,2,11,,84,84,1,13,4,120.707083,24.087056,2
11821,66000,387130000C,(04)23274275,(04)23288582,2025,1,27,14,52,臺中市,大甲區,0,0,0,7,,,50,,,,,,,,,,,,,,13,,,,,B03,,,3,,1,,,7,7,1,6,4,120.622205,24.343812,3
11822,66000,387130000C,(04)23274275,(04)23288582,2025,1,27,14,55,臺中市,大里區,0,3,0,6,3,6,30,4,1,1,5,4,6,6,4,4,10,5,5,2,15,2,8,1,1,C03,7,9,1,10,2,11,,15,15,1,12,2,120.701292,24.088112,2
11823,66000,387130000C,(04)23274275,(04)23288582,2025,1,27,14,57,臺中市,南屯區,0,1,0,7,2,6,50,4,1,1,5,4,6,6,1,1,10,5,5,2,12,3,10,1,1,C03,7,1,1,10,2,12,,84,84,1,12,4,120.62267,24.140394,2
11824,66000,387130000C,(04)23274275,(04)23288582,2025,1,27,14,57,臺中市,北屯區,0,1,0,7,3,6,50,13,9,1,5,4,6,6,4,4,1,4,5,2,9,3,10,2,1,C01,7,15,1,9,2,16,,84,84,1,12,4,120.669202,24.173711,2
11825,66000,387130000C,(04)23274275,(04)23288582,2025,1,27,14,58,臺中市,東勢區,0,2,0,7,1,6,50,4,1,1,5,4,6,6,1,1,10,5,5,1,13,3,10,5,4,B03,7,5,1,8,2,5,,7,7,1,13,4,120.827204,24.259993,2
11826,66000,387130000C,(04)23274275,(04)23288582,2025,1,27,14,59,臺中市,北區,0,0,0,7,,,50,,,,,,,,,,,,,,17,,,,,B03,,,6,,1,,,85,85,1,13,4,120.67176,24.171184,4
11827,66000,387130000C,(04)23274275,(04)23288582,2025,1,27,15,0,臺中市,大里區,0,0,0,7,,,30,,,,,,,,,,,,,,14,,,,,B12,,,3,,3,,,49,49,1,13,4,120.704728,24.105936,3
11828,66000,387130000C,(04)23274275,(04)23288582,2025,1,27,15,0,臺中市,沙鹿區,0,1,0,7,2,6,50,3,1,1,5,4,6,6,4,4,10,5,5,2,18,2,9,2,1,C03,7,9,1,9,2,12,,82,82,1,6,4,120.588756,24.251977,2
11829,66000,387130000C,(04)23274275,(04)23288582,2025,1,27,15,7,臺中市,大甲區,0,3,0,7,2,6,50,4,1,1,5,4,6,6,4,4,10,5,5,2,15,2,9,2,1,C03,7,9,1,10,2,11,,13,13,1,6,4,120.622167,24.352237,2
11830,66000,387130000C,(04)23274275,(04)23288582,2025,1,27,15,10,臺中市,西屯區,0,0,0,7,,,50,,,,,,,,,,,,,,,,,,,B03,,,1,,1,,,40,40,1,12,4,120.629129,24.204663,3
11831,66000,387130000C,(04)23274275,(04)23288582,2025,1,27,15,11,臺中市,北屯區,0,0,0,7,,,50,,,,,,,,,,,,,,13,,,,,B03,,,1,,2,,,84,84,1,12,4,120.687429,24.193462,3
11832,66000,387130000C,(04)23274275,(04)23288582,2025,1,27,15,16,臺中市,北屯區,0,0,0,7,,,50,,,,,,,,,,,,,,9,,,,,B03,,,1,,1,,,20,20,1,6,4,120.692242,24.164941,3
11833,66000,387130000C,(04)23274275,(04)23288582,2025,1,27,15,19,臺中市,南屯區,0,0,0,7,,,50,,,,,,,,,,,,,,13,,,,,B03,,,1,,1,,,84,84,1,13,4,120.641313,24.153703,3
11834,66000,387130000C,(04)23274275,(04)23288582,2025,1,27,15,19,臺中市,西屯區,0,0,0,7,,,40,,,,,,,,,,,,,,13,,,,,B12,,,1,,2,,,56,56,1,12,4,120.654298,24.202372,3
11835,66000,387130000C,(04)23274275,(04)23288582,2025,1,27,15,23,臺中市,東區,0,0,0,7,,,40,,,,,,,,,,,,,,12,,,,,C03,,,1,,1,,,48,48,1,13,4,120.688484,24.135263,3
11836,66000,387130000C,(04)23274275,(04)23288582,2025,1,27,15,23,臺中市,沙鹿區,0,0,0,7,,,60,,,,,,,,,,,,,,,,,,,B03,,,1,,2,,,59,59,1,6,4,120.580695,24.215977,3
11837,66000,387130000C,(04)23274275,(04)23288582,2025,1,27,15,27,臺中市,北屯區,0,0,0,7,,,50,,,,,,,,,,,,,,13,,,,,B03,,,1,,1,,,7,7,1,6,4,120.668213,24.173397,3
11838,66000,387130000C,(04)23274275,(04)23288582,2025,1,27,15,27,臺中市,大里區,0,1,0,7,2,6,50,3,1,1,5,4,6,6,2,1,5,5,4,2,13,3,10,3,1,B03,7,9,1,8,2,5,,84,84,1,6,4,120.689736,24.114217,2
11839,66000,387130000C,(04)23274275,(04)23288582,2025,1,27,15,30,臺中市,大里區,0,0,0,7,,,50,,,,,,,,,,,,,,14,,,,,B12,,,1,,2,,,49,49,1,12,4,120.6907,24.076912,3
11840,66000,387130000C,(04)23274275,(04)23288582,2025,1,27,15,31,臺中市,西屯區,0,0,0,7,,,50,,,,,,,,,,,,,,12,,,,,C03,,,1,,1,,,8,8,1,13,4,120.645039,24.172686,3
11841,66000,387130000C,(04)23274275,(04)23288582,2025,1,27,15,32,臺中市,大雅區,0,3,0,6,1,6,30,4,1,1,5,4,6,6,4,4,10,5,5,2,17,2,8,1,1,C03,7,9,1,10,2,14,,6,6,1,13,4,120.627675,24.239107,2
11842,66000,387130000C,(04)23274275,(04)23288582,2025,1,27,15,32,臺中市,西屯區,0,0,0,7,,,50,,,,,,,,,,,,,,14,,,,,B03,,,1,,1,,,49,49,1,13,4,120.663662,24.179073,3
11843,66000,387130000C,(04)23274275,(04)23288582,2025,1,27,15,38,臺中市,南屯區,0,0,0,7,,,60,,,,,,,,,,,,,,13,,,,,B03,,,1,,1,,,59,59,1,6,4,120.641332,24.146597,3
11844,66000,387130000C,(04)23274275,(04)23288582,2025,1,27,15,40,臺中市,西屯區,0,2,0,7,2,6,50,3,1,1,5,4,6,6,4,4,5,5,4,2,17,2,9,1,1,C03,7,9,1,10,1,12,,6,6,1,12,4,120.644131,24.178831,2
11845,66000,387130000C,(04)23274275,(04)23288582,2025,1,27,15,43,臺中市,北區,0,0,0,7,,,50,,,,,,,,,,,,,,13,,,,,B02,,,1,,2,,,7,7,1,13,4,120.670757,24.163315,3
11846,66000,387130000C,(04)23274275,(04)23288582,2025,1,27,15,43,臺中市,東區,0,0,0,7,,,50,,,,,,,,,,,,,,16,,,,,B03,,,5,,1,,,47,47,1,6,4,120.696491,24.136959,3
11847,66000,387130000C,(04)23274275,(04)23288582,2025,1,27,15,44,臺中市,豐原區,0,0,0,7,,,30,,,,,,,,,,,,,,12,,,,,B01,,,1,,2,,,8,8,1,13,4,120.720166,24.250788,3
11848,66000,387130000C,(04)23274275,(04)23288582,2025,1,27,15,45,臺中市,西屯區,0,0,0,7,,,40,,,,,,,,,,,,,,13,,,,,C03,,,3,,9,,,85,85,1,12,4,120.59273,24.179148,3
11849,66000,387130000C,(04)23274275,(04)23288582,2025,1,27,15,45,臺中市,大里區,0,0,0,7,,,80,,,,,,,,,,,,,,,,,,,B03,,,1,,2,,,7,7,1,6,4,120.690704,24.098029,3
11850,66000,387130000C,(04)23274275,(04)23288582,2025,1,27,15,45,臺中市,沙鹿區,0,1,0,7,2,6,50,13,7,1,5,4,6,6,4,4,1,4,4,2,13,2,9,2,1,C03,7,9,1,10,2,11,,7,7,1,6,4,120.563753,24.23275,2
11851,66000,387130000C,(04)23274275,(04)23288582,2025,1,27,15,49,臺中市,東勢區,0,0,0,7,,,50,,,,,,,,,,,,,,13,,,,,B03,,,1,,2,,,7,7,1,13,4,120.822834,24.26169,3
11852,66000,387130000C,(04)23274275,(04)23288582,2025,1,27,15,52,臺中市,太平區,0,0,0,7,2,6,30,4,1,1,5,4,6,6,2,1,5,5,4,1,17,3,10,1,1,C03,7,5,1,10,2,14,,22,22,1,6,4,120.728598,24.150132,3
11853,66000,387130000C,(04)23274275,(04)23288582,2025,1,27,15,53,臺中市,北屯區,0,0,0,7,,,50,,,,,,,,,,,,,,17,,,,,C03,,,3,,9,,,82,82,1,12,4,120.693522,24.163367,3
11854,66000,387130000C,(04)23274275,(04)23288582,2025,1,27,15,53,臺中市,太平區,0,1,0,7,2,6,50,3,1,1,5,4,6,6,3,1,10,5,5,2,17,2,8,1,1,F01,7,6,7,21,2,11,,24,24,1,12,4,120.727759,24.100279,2
11855,66000,387130000C,(04)23274275,(04)23288582,2025,1,27,15,57,臺中市,北區,0,0,0,7,3,9,50,18,24,5,5,4,6,6,4,4,10,5,5,2,35,,,,,B03,,,1,,1,,,49,49,1,13,4,120.689171,24.150668,4
11856,66000,387130000C,(04)23274275,(04)23288582,2025,1,27,15,57,臺中市,北屯區,0,1,0,7,2,6,50,4,1,1,5,4,6,6,2,1,10,5,5,2,17,2,9,2,1,C03,7,1,1,10,2,14,,51,51,1,6,4,120.665138,24.183921,2
11857,66000,387130000C,(04)23274275,(04)23288582,2025,1,27,16,0,臺中市,南區,0,2,0,7,2,6,50,4,1,1,5,4,6,6,1,1,10,5,5,2,15,2,3,3,1,B03,7,9,1,7,2,4,,21,21,1,12,4,120.663368,24.121688,2
11858,66000,387130000C,(04)23274275,(04)23288582,2025,1,27,16,5,臺中市,烏日區,0,2,0,7,3,6,50,13,8,1,5,4,6,6,4,4,5,5,4,2,12,2,9,1,1,C03,7,15,1,10,2,13,,84,84,1,6,4,120.607706,24.11238,2
11859,66000,387130000C,(04)23274275,(04)23288582,2025,1,27,16,8,臺中市,北屯區,0,0,0,7,,,50,,,,,,,,,,,,,,14,,,,,B03,,,1,,1,,,49,49,1,6,4,120.683066,24.171785,3
11860,66000,387130000C,(04)23274275,(04)23288582,2025,1,27,16,12,臺中市,西屯區,0,2,0,7,1,6,40,13,8,1,5,4,6,6,4,4,1,4,1,1,12,2,9,3,1,B03,7,5,1,8,2,2,,47,47,1,12,4,120.641767,24.167443,2
11861,66000,387130000C,(04)23274275,(04)23288582,2025,1,27,16,13,臺中市,豐原區,0,1,0,7,3,6,50,4,1,1,5,4,6,6,1,1,10,5,5,2,16,3,10,5,1,B12,7,11,1,8,2,4,,45,45,1,13,4,120.710695,24.250578,2
11862,66000,387130000C,(04)23274275,(04)23288582,2025,1,27,16,14,臺中市,北屯區,0,1,0,7,2,6,50,13,9,1,5,4,6,6,4,4,10,5,5,2,18,2,9,2,1,C03,7,9,1,10,2,12,,90,90,1,12,4,120.749429,24.162585,2
11863,66000,387130000C,(04)23274275,(04)23288582,2025,1,27,16,14,臺中市,大里區,0,0,0,7,,,50,,,,,,,,,,,,,,17,,,,,C03,,,1,,2,,,84,84,1,13,4,120.690074,24.109871,3
11864,66000,387130000C,(04)23274275,(04)23288582,2025,1,27,16,14,臺中市,清水區,0,1,0,7,3,6,70,4,1,1,5,4,6,6,1,1,1,4,4,1,16,3,10,3,1,B03,7,6,1,8,2,2,6,11,11,1,12,4,120.559194,24.258152,2
11865,66000,387130000C,(04)23274275,(04)23288582,2025,1,27,16,15,臺中市,大雅區,0,0,0,7,,,0,,,,,,,,,,,,,,,,,,,B03,,,1,,2,,,49,49,1,13,4,120.650229,24.243711,3
11866,66000,387130000C,(04)23274275,(04)23288582,2025,1,27,16,15,臺中市,北屯區,0,0,0,7,,,50,,,,,,,,,,,,,,14,,,,,B03,,,1,,1,,,49,49,1,6,4,120.722366,24.166212,3
11867,66000,387130000C,(04)23274275,(04)23288582,2025,1,27,16,17,臺中市,烏日區,0,0,0,7,2,6,50,5,2,1,5,4,6,6,1,1,5,4,5,1,12,3,10,3,1,B03,7,11,1,8,2,5,,84,84,1,6,4,120.642976,24.075584,3
11868,66000,387130000C,(04)23274275,(04)23288582,2025,1,27,16,21,臺中市,北屯區,0,2,0,7,2,6,50,18,24,1,5,4,6,6,1,1,10,5,5,2,13,2,9,1,1,C03,7,9,1,10,2,12,,21,21,1,6,4,120.711018,24.183356,2
11869,66000,387130000C,(04)23274275,(04)23288582,2025,1,27,16,23,臺中市,大里區,0,1,0,7,2,6,50,3,1,1,5,4,6,6,2,1,5,5,4,2,17,2,9,1,1,F03,7,1,7,21,2,14,,51,51,1,6,4,120.68955,24.116496,2
11870,66000,387130000C,(04)23274275,(04)23288582,2025,1,27,16,26,臺中市,大安區,0,1,0,7,2,6,50,13,9,1,5,4,6,6,4,4,5,5,5,2,10,2,9,2,1,C03,7,9,1,10,2,11,,34,34,1,6,4,120.591395,24.351431,2
11871,66000,387130000C,(04)23274275,(04)23288582,2025,1,27,16,28,臺中市,西屯區,0,0,0,7,,,50,,,,,,,,,,,,,,13,,,,,B01,,,1,,1,,,7,7,1,12,4,120.639953,24.168387,3
11872,66000,387130000C,(04)23274275,(04)23288582,2025,1,27,16,30,臺中市,外埔區,0,2,0,7,2,6,30,4,1,1,5,4,6,6,4,4,10,5,5,2,15,2,9,2,1,C03,7,9,1,10,2,11,,15,15,1,12,4,120.667129,24.316659,2
11873,66000,387130000C,(04)23274275,(04)23288582,2025,1,27,16,32,臺中市,北屯區,0,2,0,7,2,6,50,4,1,1,5,4,6,6,2,1,10,5,5,2,16,3,10,3,1,B03,7,5,1,8,2,2,,47,47,1,12,4,120.707008,24.190675,2
11874,66000,387130000C,(04)23274275,(04)23288582,2025,1,27,16,32,臺中市,北屯區,0,1,0,7,2,6,50,3,1,1,5,4,6,6,4,4,1,4,5,2,17,3,10,3,1,B03,7,9,5,19,2,5,,7,7,1,12,4,120.74272,24.182247,2
11875,66000,387130000C,(04)23274275,(04)23288582,2025,1,27,16,34,臺中市,大里區,0,0,0,7,,,50,,,,,,,,,,,,,,16,,,,,C03,,,3,,2,,,4,4,1,13,4,120.694056,24.109533,3
11876,66000,387130000C,(04)23274275,(04)23288582,2025,1,27,16,35,臺中市,南區,0,0,0,7,,,50,,,,,,,,,,,,,,13,,,,,B03,,,1,,1,,,84,84,1,13,4,120.661681,24.130001,3
11877,66000,387130000C,(04)23274275,(04)23288582,2025,1,27,16,35,臺中市,南區,0,1,0,7,1,6,50,13,7,1,5,4,6,6,4,4,1,4,5,2,17,3,10,3,1,B03,7,1,1,8,2,4,,51,51,1,12,4,120.650302,24.115825,2
11878,66000,387130000C,(04)23274275,(04)23288582,2025,1,27,16,35,臺中市,大肚區,0,0,0,7,,,50,,,,,,,,,,,,,,,,,,,B03,,,1,,2,,,84,84,1,6,4,120.537726,24.158896,3
11879,66000,387130000C,(04)23274275,(04)23288582,2025,1,27,16,40,臺中市,北屯區,0,0,0,7,,,50,,,,,,,,,,,,,,17,,,,,C03,,,1,,1,,,14,14,1,6,4,120.69094,24.171603,4
11880,66000,387130000C,(04)23274275,(04)23288582,2025,1,27,16,42,臺中市,西屯區,0,0,0,7,,,30,,,,,,,,,,,,,,13,,,,,B03,,,1,,2,,,7,7,1,12,4,120.635879,24.181852,3
11881,66000,387130000C,(04)23274275,(04)23288582,2025,1,27,16,46,臺中市,東勢區,0,2,0,7,1,6,50,4,1,1,5,4,6,6,4,4,9,4,5,2,16,2,9,5,4,C04,7,9,1,11,2,12,,84,84,1,13,4,120.825369,24.258944,2
11882,66000,387130000C,(04)23274275,(04)23288582,2025,1,27,16,47,臺中市,南屯區,0,2,0,7,2,6,50,4,1,1,5,4,6,6,1,1,9,5,5,2,17,3,10,3,1,B03,7,6,1,8,2,2,,11,11,1,13,4,120.648711,24.15078,2
11883,66000,387130000C,(04)23274275,(04)23288582,2025,1,27,16,48,臺中市,中區,0,1,0,7,2,6,50,4,1,1,5,4,6,6,1,1,10,5,5,2,16,3,10,3,1,B03,7,6,1,8,2,8,,26,26,1,12,4,120.67705,24.14316,2
11884,66000,387130000C,(04)23274275,(04)23288582,2025,1,27,16,51,臺中市,大里區,0,1,0,7,3,6,30,3,2,1,5,4,6,6,4,4,10,5,5,1,25,2,7,1,1,C03,7,9,1,10,2,12,,84,84,1,13,4,120.689255,24.11224,2
11885,66000,387130000C,(04)23274275,(04)23288582,2025,1,27,16,52,臺中市,西區,0,3,0,7,2,6,50,13,9,1,5,4,6,6,4,4,5,5,5,2,16,2,7,1,1,C03,7,9,1,10,1,12,,84,84,1,6,4,120.654578,24.148956,2
11886,66000,387130000C,(04)23274275,(04)23288582,2025,1,27,16,52,臺中市,太平區,0,1,0,7,2,6,50,13,8,1,5,4,6,6,4,4,5,5,4,2,17,3,10,3,1,B03,7,7,1,6,2,16,,40,40,1,12,4,120.718178,24.116635,2
11887,66000,387130000C,(04)23274275,(04)23288582,2025,1,27,16,52,臺中市,大甲區,0,2,0,7,2,6,50,13,9,1,5,4,6,6,4,4,9,5,5,2,17,2,9,2,1,C03,7,9,1,10,2,11,,59,59,1,6,4,120.624215,24.347525,2
11888,66000,387130000C,(04)23274275,(04)23288582,2025,1,27,16,54,臺中市,南屯區,0,0,0,7,,,40,,,,,,,,,,,,,,17,,,,,B03,,,1,,1,,,51,51,1,12,4,120.64262,24.147813,3
11889,66000,387130000C,(04)23274275,(04)23288582,2025,1,27,16,55,臺中市,大里區,0,0,0,7,,,50,,,,,,,,,,,,,,13,,,,,C03,,,1,,2,,,7,7,1,6,4,120.67514,24.103085,3
11890,66000,387130000C,(04)23274275,(04)23288582,2025,1,27,16,55,臺中市,大里區,0,1,0,7,3,6,40,4,1,1,5,4,6,6,4,4,10,5,5,2,13,3,10,1,1,C03,7,9,1,10,2,11,,7,7,1,6,4,120.698894,24.096387,2
11891,66000,387130000C,(04)23274275,(04)23288582,2025,1,27,16,56,臺中市,龍井區,0,2,0,7,2,6,50,3,1,1,5,4,6,6,4,4,10,5,5,2,16,2,9,2,1,C03,7,5,1,10,2,12,,84,84,1,6,4,120.586557,24.181516,2
11892,66000,387130000C,(04)23274275,(04)23288582,2025,1,27,17,0,臺中市,西區,0,0,0,7,,,50,,,,,,,,,,,,,,13,,,,,B03,,,1,,1,,,84,84,1,12,4,120.662029,24.149952,3
11893,66000,387130000C,(04)23274275,(04)23288582,2025,1,27,17,2,臺中市,南區,0,0,0,7,,,30,,,,,,,,,,,,,,,,,,,C03,,,1,,2,,,84,84,1,12,4,120.658478,24.115702,3
11894,66000,387130000C,(04)23274275,(04)23288582,2025,1,27,17,2,臺中市,太平區,0,2,0,7,2,6,40,3,4,1,5,4,6,6,2,1,5,5,4,1,17,2,7,1,1,C03,7,9,1,10,2,14,,84,84,1,6,4,120.735848,24.129853,2
11895,66000,387130000C,(04)23274275,(04)23288582,2025,1,27,17,3,臺中市,北區,0,0,0,7,,,50,,,,,,,,,,,,,,17,,,,,C03,,,6,,2,,,85,85,1,13,4,120.671569,24.172078,4
11896,66000,387130000C,(04)23274275,(04)23288582,2025,1,27,17,3,臺中市,清水區,0,0,0,7,,,50,,,,,,,,,,,,,,,,,,,B03,,,1,,2,,,49,49,1,12,4,120.575287,24.269167,3
11897,66000,387130000C,(04)23274275,(04)23288582,2025,1,27,17,4,臺中市,大甲區,0,0,0,7,,,50,,,,,,,,,,,,,,14,,,,,B03,,,1,,1,,,49,49,1,12,4,120.613231,24.348631,3
11898,66000,387130000C,(04)23274275,(04)23288582,2025,1,27,17,11,臺中市,太平區,0,1,0,7,2,6,30,4,1,1,5,4,6,6,4,4,10,5,5,2,16,3,10,3,1,B03,7,5,1,8,2,8,,12,12,1,12,4,120.720888,24.119291,2
11899,66000,387130000C,(04)23274275,(04)23288582,2025,1,27,17,13,臺中市,北區,0,0,0,7,,,50,,,,,,,,,,,,,,13,,,,,B03,,,1,,1,,,59,59,1,12,4,120.665317,24.154655,3
11900,66000,387130000C,(04)23274275,(04)23288582,2025,1,27,17,13,臺中市,東區,0,1,0,7,2,6,50,3,4,1,5,4,6,6,1,1,5,2,4,2,13,2,8,2,1,C03,7,9,1,10,2,11,,7,7,1,13,4,120.705328,24.130294,2
11901,66000,387130000C,(04)23274275,(04)23288582,2025,1,27,17,20,臺中市,南屯區,0,0,0,7,,,50,,,,,,,,,,,,,,12,,,,,C03,,,1,,1,,,84,84,1,12,4,120.648693,24.148825,3
11902,66000,387130000C,(04)23274275,(04)23288582,2025,1,27,17,21,臺中市,大肚區,0,1,0,7,2,6,50,5,1,1,5,4,6,6,2,1,10,5,5,2,16,2,8,2,1,C03,7,6,1,10,2,11,,84,84,1,6,4,120.548836,24.146951,2
11903,66000,387130000C,(04)23274275,(04)23288582,2025,1,27,17,23,臺中市,西屯區,0,2,0,6,2,6,30,3,1,1,5,4,6,6,4,4,10,5,5,2,15,3,10,5,4,B03,7,15,1,8,2,5,,14,14,1,13,4,120.651624,24.17481,2
11904,66000,387130000C,(04)23274275,(04)23288582,2025,1,27,17,24,臺中市,太平區,0,0,0,7,2,6,50,4,2,1,5,4,6,6,1,1,5,5,5,1,19,3,10,3,1,B12,7,9,1,8,2,1,,59,59,1,6,4,120.725422,24.144486,3
11905,66000,387130000C,(04)23274275,(04)23288582,2025,1,27,17,25,臺中市,大雅區,0,0,0,6,,,50,,,,,,,,,,,,,,,,,,,B03,,,1,,2,,,7,7,1,13,4,120.656086,24.226821,3
11906,66000,387130000C,(04)23274275,(04)23288582,2025,1,27,17,25,臺中市,東區,0,0,0,7,,,50,,,,,,,,,,,,,,17,,,,,B03,,,1,,1,,,48,48,1,6,4,120.711486,24.145599,3
11907,66000,387130000C,(04)23274275,(04)23288582,2025,1,27,17,26,臺中市,北屯區,0,0,0,7,,,50,,,,,,,,,,,,,,17,,,,,B03,,,1,,1,,,40,40,1,12,4,120.68673,24.199233,4
11908,66000,387130000C,(04)23274275,(04)23288582,2025,1,27,17,26,臺中市,西屯區,0,1,0,7,2,6,40,13,8,1,5,4,6,6,4,4,3,4,3,2,16,3,10,3,1,B03,7,5,1,8,2,5,,47,47,1,12,4,120.643294,24.16587,2
11909,66000,387130000C,(04)23274275,(04)23288582,2025,1,27,17,28,臺中市,清水區,0,0,0,7,,,30,,,,,,,,,,,,,,,,,,,B03,,,1,,2,,,84,84,1,12,4,120.575241,24.307178,3
11910,66000,387130000C,(04)23274275,(04)23288582,2025,1,27,17,30,臺中市,大雅區,0,0,0,7,,,50,,,,,,,,,,,,,,,,,,,B03,,,1,,9,,,8,8,1,12,4,120.652152,24.225505,3
11911,66000,387130000C,(04)23274275,(04)23288582,2025,1,27,17,30,臺中市,沙鹿區,0,0,0,7,,,30,,,,,,,,,,,,,,,,,,,B03,,,1,,2,,,84,84,1,6,4,120.564293,24.255343,3
11912,66000,387130000C,(04)23274275,(04)23288582,2025,1,27,17,31,臺中市,豐原區,0,0,0,7,,,30,,,,,,,,,,,,,,16,,,,,F02,,,7,,2,,,51,51,1,12,4,120.726388,24.269752,3
11913,66000,387130000C,(04)23274275,(04)23288582,2025,1,27,17,32,臺中市,北區,0,0,0,7,,,50,,,,,,,,,,,,,,17,,,,,C03,,,1,,2,,,8,8,1,13,4,120.68404,24.155158,3
11914,66000,387130000C,(04)23274275,(04)23288582,2025,1,27,17,32,臺中市,西屯區,0,0,0,7,,,40,,,,,,,,,,,,,,13,,,,,B03,,,1,,1,,,7,7,1,12,4,120.624956,24.180805,3
11915,66000,387130000C,(04)23274275,(04)23288582,2025,1,27,17,34,臺中市,北屯區,0,1,0,7,2,6,50,4,1,1,5,4,6,6,4,4,5,5,5,2,15,2,8,2,1,C03,7,9,1,10,2,11,,15,15,1,12,4,120.716723,24.168066,2
11916,66000,387130000C,(04)23274275,(04)23288582,2025,1,27,17,34,臺中市,北屯區,0,0,0,7,,,30,,,,,,,,,,,,,,,,,,,B03,,,1,,1,,,84,84,1,6,4,120.694316,24.179305,3
11917,66000,387130000C,(04)23274275,(04)23288582,2025,1,27,17,39,臺中市,太平區,0,0,0,7,,,50,,,,,,,,,,,,,,17,,,,,B12,,,3,,2,,,84,84,1,12,4,120.710688,24.156042,3
11918,66000,387130000C,(04)23274275,(04)23288582,2025,1,27,17,45,臺中市,大雅區,0,0,0,7,,,50,,,,,,,,,,,,,,,,,,,B03,,,1,,1,,,8,8,1,13,4,120.649476,24.223888,3