序號,縣市別代碼,機關代碼,市話,傳真,年,月,日,時,分,縣市,區,死亡數量,受傷數量,2-30,天候,道路照明設備,道路類別,道路速限,道路型態,事故位置,路面鋪裝,路面狀態,路面缺陷,障礙物,視距,號誌種類,號誌動作,分向設施,快車道或一般車道間,快慢車道間,路面邊線,事故類型及型態,受傷程度,主要傷處,保護裝備,行動電話或功能裝置,當事者區分(類別),車輛用途,當事者行動狀態,駕照狀態,駕照種類,飲酒情形,車輛撞擊部位最初,車輛撞擊部位其他,肇事因素個別,肇事因素主要,肇事逃逸,職業,共享經濟或外送平台,GPS座標X,GPS座標Y,事故類別
12030,66000,387130000C,(04)23274275,(04)23288582,2025,1,28,7,27,臺中市,太平區,0,1,0,7,3,6,30,4,1,1,5,4,6,6,4,4,10,5,5,2,16,2,9,1,1,F03,7,6,7,21,2,11,,14,14,1,12,4,120.722157,24.130558,2
12031,66000,387130000C,(04)23274275,(04)23288582,2025,1,28,7,35,臺中市,豐原區,0,0,0,7,,,50,,,,,,,,,,,,,,17,,,,,C03,,,1,,1,,,84,84,1,12,4,120.716411,24.24949,3
12032,66000,387130000C,(04)23274275,(04)23288582,2025,1,28,7,39,臺中市,北屯區,0,2,0,7,3,6,50,4,2,1,5,4,6,6,1,1,5,4,5,2,16,2,8,1,1,C03,7,6,3,19,2,14,,48,48,1,12,4,120.719467,24.178215,2
12033,66000,387130000C,(04)23274275,(04)23288582,2025,1,28,7,42,臺中市,西屯區,0,0,0,7,,,30,,,,,,,,,,,,,,12,,,,,B03,,,1,,1,,,8,8,1,12,4,120.66599,24.177771,3
12034,66000,387130000C,(04)23274275,(04)23288582,2025,1,28,7,51,臺中市,南屯區,0,0,0,7,,,50,,,,,,,,,,,,,,,,,,,C03,,,1,,2,,,84,84,1,13,4,120.63423,24.144422,3
12035,66000,387130000C,(04)23274275,(04)23288582,2025,1,28,7,53,臺中市,龍井區,0,0,0,7,,,50,,,,,,,,,,,,,,,,,,,C03,,,1,,2,,,59,59,1,12,4,120.517855,24.20667,3
12036,66000,387130000C,(04)23274275,(04)23288582,2025,1,28,8,0,臺中市,大里區,0,1,0,7,2,6,30,13,9,1,5,4,6,6,4,4,10,5,5,2,10,2,9,5,4,C03,7,9,1,10,2,11,,41,41,1,12,4,120.698353,24.087478,2
12037,66000,387130000C,(04)23274275,(04)23288582,2025,1,28,8,23,臺中市,西屯區,0,1,0,7,2,6,50,3,1,1,5,4,6,6,2,1,10,5,5,2,30,2,9,1,1,C03,7,9,1,10,2,11,,59,59,1,13,4,120.61874,24.187802,2
12038,66000,387130000C,(04)23274275,(04)23288582,2025,1,28,8,33,臺中市,大里區,0,1,0,7,3,6,50,3,1,1,5,4,6,6,4,4,10,5,5,1,3,3,10,1,1,C03,7,9,1,10,2,11,,84,84,1,12,4,120.703134,24.088093,2
12039,66000,387130000C,(04)23274275,(04)23288582,2025,1,28,8,43,臺中市,太平區,0,1,0,7,2,6,30,13,9,1,5,4,6,6,4,4,10,5,5,2,17,2,9,1,1,C03,7,9,3,19,2,12,,84,84,1,13,4,120.721794,24.152624,2
12040,66000,387130000C,(04)23274275,(04)23288582,2025,1,28,8,46,臺中市,中區,0,1,0,7,2,6,50,4,1,1,5,4,6,6,4,4,5,4,5,2,16,3,10,5,4,B03,7,6,1,8,2,5,,39,39,1,13,4,120.681013,24.141138,2
12041,66000,387130000C,(04)23274275,(04)23288582,2025,1,28,8,47,臺中市,石岡區,0,1,0,7,2,6,50,4,1,1,5,4,6,6,1,1,10,5,5,1,17,3,10,5,4,B03,7,5,1,8,2,2,,22,22,1,13,4,120.764033,24.277202,2
12042,66000,387130000C,(04)23274275,(04)23288582,2025,1,28,8,51,臺中市,西屯區,0,0,0,7,,,50,,,,,,,,,,,,,,13,,,,,A11,,,1,,1,,,59,59,1,12,4,120.639414,24.188611,3
12043,66000,387130000C,(04)23274275,(04)23288582,2025,1,28,8,52,臺中市,沙鹿區,0,1,0,7,2,6,30,13,9,1,5,4,6,6,4,4,5,5,5,2,17,3,10,1,1,C03,7,6,1,10,2,14,,41,41,1,13,4,120.614679,24.243177,2
12044,66000,387130000C,(04)23274275,(04)23288582,2025,1,28,8,54,臺中市,神岡區,0,1,0,7,2,6,50,3,1,1,5,4,6,6,1,1,10,5,5,2,17,3,10,3,1,B03,7,6,1,8,2,2,,48,48,1,13,4,120.692833,24.248361,2
12045,66000,387130000C,(04)23274275,(04)23288582,2025,1,28,9,3,臺中市,大肚區,0,1,0,7,2,6,50,4,1,1,5,4,6,6,2,1,10,5,5,2,17,3,10,3,1,B03,7,9,1,8,2,4,,4,4,1,6,4,120.545868,24.148629,2
12046,66000,387130000C,(04)23274275,(04)23288582,2025,1,28,9,4,臺中市,潭子區,0,2,0,7,2,6,50,4,2,1,5,4,6,6,4,4,5,4,4,1,12,3,10,3,1,B03,7,9,1,8,2,5,,8,8,1,12,4,120.706949,24.211374,2
12047,66000,387130000C,(04)23274275,(04)23288582,2025,1,28,9,6,臺中市,潭子區,0,1,0,7,3,6,50,4,2,1,5,4,6,6,4,4,5,4,4,2,17,3,10,3,1,B03,7,7,1,8,2,2,,84,84,1,13,4,120.701764,24.214197,2
12048,66000,387130000C,(04)23274275,(04)23288582,2025,1,28,9,11,臺中市,東勢區,0,2,0,7,2,6,50,13,7,1,5,4,6,6,4,4,9,4,4,1,9,2,9,5,4,C03,7,9,1,10,2,11,,84,84,1,13,4,120.830645,24.253199,2
12049,66000,387130000C,(04)23274275,(04)23288582,2025,1,28,9,15,臺中市,沙鹿區,0,0,0,7,,,40,,,,,,,,,,,,,,13,,,,,B03,,,1,,2,,,51,51,1,12,4,120.559638,24.239432,3
12050,66000,387130000C,(04)23274275,(04)23288582,2025,1,28,9,19,臺中市,龍井區,0,1,0,7,2,6,50,4,2,1,5,4,6,6,1,1,10,5,5,2,12,2,9,1,1,C03,7,9,3,19,2,14,,8,8,1,6,4,120.583335,24.179959,2
12051,66000,387130000C,(04)23274275,(04)23288582,2025,1,28,9,20,臺中市,大里區,0,0,0,7,,,40,,,,,,,,,,,,,,17,,,,,B03,,,1,,9,,,50,50,1,13,4,120.681236,24.117592,3
12052,66000,387130000C,(04)23274275,(04)23288582,2025,1,28,9,30,臺中市,龍井區,0,1,0,7,2,6,30,4,1,1,5,4,6,6,3,1,10,5,5,2,15,2,9,1,1,C03,7,9,1,10,2,11,,4,4,1,12,4,120.542469,24.190223,2
12053,66000,387130000C,(04)23274275,(04)23288582,2025,1,28,9,30,臺中市,清水區,0,1,0,7,3,6,50,5,1,1,5,4,6,6,3,1,5,5,5,1,15,3,10,3,1,B03,7,9,1,8,2,8,,24,24,1,12,4,120.550241,24.26474,2
12054,66000,387130000C,(04)23274275,(04)23288582,2025,1,28,9,34,臺中市,中區,0,0,0,7,,,50,,,,,,,,,,,,,,14,,,,,B03,,,1,,2,,,49,49,1,12,4,120.678805,24.144539,3
12055,66000,387130000C,(04)23274275,(04)23288582,2025,1,28,9,38,臺中市,大甲區,0,1,0,7,2,6,50,3,1,1,5,4,6,6,1,1,10,5,5,2,11,3,10,1,1,C03,7,6,1,10,2,11,,25,25,1,6,4,120.639111,24.34171,2
12056,66000,387130000C,(04)23274275,(04)23288582,2025,1,28,9,43,臺中市,后里區,0,1,0,7,2,6,50,3,1,1,5,4,6,6,1,1,9,4,5,1,16,2,9,2,1,C03,7,11,1,10,2,14,,11,11,1,12,4,120.677397,24.316556,2
12057,66000,387130000C,(04)23274275,(04)23288582,2025,1,28,9,46,臺中市,西屯區,0,1,0,7,2,6,30,4,1,1,5,4,6,6,4,4,10,5,5,2,12,3,10,5,4,B03,7,9,1,8,2,2,,8,8,1,12,4,120.628495,24.173063,2
12058,66000,387130000C,(04)23274275,(04)23288582,2025,1,28,9,52,臺中市,太平區,0,2,0,7,2,6,50,13,9,1,5,4,6,6,4,4,5,5,5,1,9,2,9,1,1,C03,7,9,1,10,2,14,,84,84,1,6,4,120.717111,24.131401,2
12059,66000,387130000C,(04)23274275,(04)23288582,2025,1,28,9,58,臺中市,沙鹿區,0,0,0,7,,,50,,,,,,,,,,,,,,13,,,,,B03,,,1,,2,,,56,56,1,12,4,120.566271,24.25048,3
12060,66000,387130000C,(04)23274275,(04)23288582,2025,1,28,10,11,臺中市,神岡區,0,1,0,7,2,6,30,11,9,1,5,4,6,6,4,4,10,5,5,2,11,3,10,5,4,B03,7,9,1,8,2,4,,59,59,1,12,4,120.696768,24.274155,2
12061,66000,387130000C,(04)23274275,(04)23288582,2025,1,28,10,16,臺中市,東勢區,0,0,0,7,,,50,,,,,,,,,,,,,,12,,,,,A41,,,1,,2,,,84,84,1,13,4,120.8236,24.266203,3
12062,66000,387130000C,(04)23274275,(04)23288582,2025,1,28,10,19,臺中市,南區,0,1,0,7,2,6,50,4,1,1,5,4,6,6,2,1,10,5,5,2,17,3,10,3,1,B12,7,5,1,8,2,2,,84,84,1,12,4,120.663951,24.124964,2
12063,66000,387130000C,(04)23274275,(04)23288582,2025,1,28,10,20,臺中市,清水區,0,0,0,7,,,70,,,,,,,,,,,,,,13,,,,,B03,,,1,,2,,,56,56,1,12,4,120.596523,24.30395,3
12064,66000,387130000C,(04)23274275,(04)23288582,2025,1,28,10,21,臺中市,清水區,0,0,0,7,,,50,,,,,,,,,,,,,,,,,,,B03,,,1,,1,,,59,59,1,12,4,120.573208,24.26368,3
12065,66000,387130000C,(04)23274275,(04)23288582,2025,1,28,10,22,臺中市,南屯區,0,1,0,7,1,6,50,3,1,1,5,4,6,6,2,1,1,2,4,2,12,2,9,5,4,C03,7,6,1,10,2,14,,48,48,1,13,4,120.620659,24.113205,2
12066,66000,387130000C,(04)23274275,(04)23288582,2025,1,28,10,25,臺中市,太平區,0,0,0,7,,,50,,,,,,,,,,,,,,13,,,,,C03,,,1,,2,,,7,7,1,12,4,120.71812,24.128469,3
12067,66000,387130000C,(04)23274275,(04)23288582,2025,1,28,10,27,臺中市,大里區,0,0,0,7,,,30,,,,,,,,,,,,,,14,,,,,B03,,,1,,2,,,49,49,1,12,4,120.709896,24.083206,3
12068,66000,387130000C,(04)23274275,(04)23288582,2025,1,28,10,37,臺中市,北屯區,0,2,0,7,2,6,30,3,1,1,5,4,6,6,4,4,10,5,5,2,16,2,9,1,1,C03,7,6,1,10,2,11,,14,14,1,6,4,120.714274,24.172114,2
12069,66000,387130000C,(04)23274275,(04)23288582,2025,1,28,10,45,臺中市,西區,0,0,0,7,,,50,,,,,,,,,,,,,,13,,,,,B03,,,1,,9,,,7,7,1,12,4,120.669414,24.138753,3
12070,66000,387130000C,(04)23274275,(04)23288582,2025,1,28,10,55,臺中市,北區,0,2,0,7,2,6,50,4,1,1,5,4,6,6,1,1,10,5,5,2,16,2,9,1,1,C03,7,8,1,10,2,14,,40,40,1,12,4,120.665704,24.166824,2
12071,66000,387130000C,(04)23274275,(04)23288582,2025,1,28,11,0,臺中市,大雅區,0,0,0,7,,,50,,,,,,,,,,,,,,,,,,,C03,,,1,,1,,,39,39,1,13,4,120.653525,24.2252,3
12072,66000,387130000C,(04)23274275,(04)23288582,2025,1,28,11,0,臺中市,太平區,0,1,0,7,2,6,40,13,9,1,5,4,6,6,4,4,9,5,5,1,17,2,9,1,1,C03,7,9,1,10,2,11,,7,7,1,12,4,120.711711,24.10592,2
12073,66000,387130000C,(04)23274275,(04)23288582,2025,1,28,11,10,臺中市,西屯區,0,1,0,7,2,6,40,4,1,1,5,4,6,6,3,1,10,5,5,2,16,3,10,5,4,B03,7,11,1,8,2,4,,44,44,1,12,4,120.65316,24.156215,2
12074,66000,387130000C,(04)23274275,(04)23288582,2025,1,28,11,11,臺中市,西區,0,2,0,7,2,6,50,4,1,1,5,4,6,6,1,1,10,5,5,2,16,2,7,1,1,C03,7,9,1,10,2,13,,34,34,1,13,4,120.674271,24.148307,2
12075,66000,387130000C,(04)23274275,(04)23288582,2025,1,28,11,19,臺中市,南區,0,1,0,7,3,6,50,3,1,1,5,4,6,6,4,4,9,4,5,2,16,3,10,3,1,B03,7,5,1,8,2,6,,14,14,1,13,4,120.655072,24.115633,2
12076,66000,387130000C,(04)23274275,(04)23288582,2025,1,28,11,19,臺中市,南屯區,0,0,0,7,,,50,,,,,,,,,,,,,,14,,,,,B03,,,1,,2,,,49,49,1,12,4,120.642632,24.148797,3
12077,66000,387130000C,(04)23274275,(04)23288582,2025,1,28,11,27,臺中市,南屯區,0,1,0,7,3,6,40,13,9,1,5,4,6,6,1,1,9,5,4,2,17,2,9,1,1,C03,7,9,1,10,2,14,,7,7,1,12,4,120.611708,24.135321,2
12078,66000,387130000C,(04)23274275,(04)23288582,2025,1,28,11,28,臺中市,梧棲區,0,1,0,7,2,6,40,3,2,2,5,4,6,6,2,1,10,5,5,2,12,2,9,2,1,C03,7,9,1,10,2,11,,59,59,1,6,4,120.547747,24.245948,2
12079,66000,387130000C,(04)23274275,(04)23288582,2025,1,28,11,28,臺中市,大甲區,0,0,0,7,,,30,,,,,,,,,,,,,,,,,,,B12,,,1,,1,,,51,51,1,6,4,120.623044,24.361413,3
12080,66000,387130000C,(04)23274275,(04)23288582,2025,1,28,11,29,臺中市,北屯區,0,0,0,7,,,30,,,,,,,,,,,,,,16,,,,,C03,,,1,,1,,,14,14,1,6,4,120.696643,24.16418,3
12081,66000,387130000C,(04)23274275,(04)23288582,2025,1,28,11,30,臺中市,北屯區,0,0,0,7,,,50,,,,,,,,,,,,,,17,,,,,B03,,,1,,1,,,8,8,1,12,4,120.669496,24.181786,3
12082,66000,387130000C,(04)23274275,(04)23288582,2025,1,28,11,39,臺中市,沙鹿區,0,0,0,7,,,50,,,,,,,,,,,,,,,,,,,C03,,,1,,1,,,4,4,1,13,4,120.558964,24.238837,3
12083,66000,387130000C,(04)23274275,(04)23288582,2025,1,28,11,40,臺中市,龍井區,0,0,0,7,,,30,,,,,,,,,,,,,,12,,,,,C03,,,1,,2,,,59,59,1,12,4,120.548316,24.19187,3
12084,66000,387130000C,(04)23274275,(04)23288582,2025,1,28,11,50,臺中市,南區,0,1,0,7,1,6,50,13,7,1,5,4,6,6,4,4,5,4,4,2,17,3,10,3,1,B03,7,15,1,8,2,4,,76,76,1,12,4,120.66663,24.121357,2
12085,66000,387130000C,(04)23274275,(04)23288582,2025,1,28,11,53,臺中市,清水區,0,1,0,7,3,6,50,3,1,1,5,4,6,6,4,4,5,5,5,1,17,2,8,2,1,C03,7,9,1,10,2,12,,1,1,1,12,4,120.565557,24.265423,2
12086,66000,387130000C,(04)23274275,(04)23288582,2025,1,28,12,15,臺中市,沙鹿區,0,0,0,7,,,50,,,,,,,,,,,,,,17,,,,,B03,,,1,,2,,,84,84,1,6,4,120.560726,24.237496,3
12087,66000,387130000C,(04)23274275,(04)23288582,2025,1,28,12,24,臺中市,西屯區,0,1,0,7,2,6,50,13,9,1,5,4,6,6,4,4,5,4,5,2,18,2,9,1,1,C03,7,9,1,10,2,14,,59,59,1,12,4,120.662851,24.164349,2
12088,66000,387130000C,(04)23274275,(04)23288582,2025,1,28,12,24,臺中市,大安區,0,1,0,7,3,6,50,4,2,1,5,4,6,6,4,4,10,5,5,1,11,3,10,3,1,B03,7,9,1,8,2,1,,82,82,1,12,4,120.593668,24.357314,2
12089,66000,387130000C,(04)23274275,(04)23288582,2025,1,28,12,25,臺中市,后里區,0,0,0,7,,,50,,,,,,,,,,,,,,17,,,,,C03,,,1,,2,,,26,26,1,12,4,120.719712,24.309449,3
12090,66000,387130000C,(04)23274275,(04)23288582,2025,1,28,12,27,臺中市,北區,0,0,0,7,,,30,,,,,,,,,,,,,,14,,,,,B03,,,1,,2,,,49,49,1,13,4,120.689497,24.159708,3
12091,66000,387130000C,(04)23274275,(04)23288582,2025,1,28,12,30,臺中市,北區,0,0,0,7,,,50,,,,,,,,,,,,,,,,,,,B03,,,1,,11,,,87,87,1,13,4,120.689527,24.146928,3
12092,66000,387130000C,(04)23274275,(04)23288582,2025,1,28,12,33,臺中市,北區,0,0,0,7,2,6,50,13,8,1,5,4,,6,4,4,5,4,4,2,17,3,10,3,1,B03,7,3,1,8,2,2,,50,50,1,12,4,120.687403,24.159087,3
12093,66000,387130000C,(04)23274275,(04)23288582,2025,1,28,12,52,臺中市,太平區,0,1,0,7,2,6,30,4,1,1,5,4,6,6,4,4,5,5,5,2,15,3,10,3,1,B03,7,9,1,8,2,5,,15,15,1,6,4,120.716345,24.141799,2
12094,66000,387130000C,(04)23274275,(04)23288582,2025,1,28,12,54,臺中市,神岡區,0,2,0,7,2,6,30,4,1,1,5,4,6,6,1,1,10,5,5,2,17,2,9,2,1,C03,7,15,1,10,2,11,,84,84,1,6,4,120.682534,24.243346,2
12095,66000,387130000C,(04)23274275,(04)23288582,2025,1,28,12,59,臺中市,潭子區,0,0,0,7,,,40,,,,,,,,,,,,,,14,,,,,B03,,,1,,2,,,49,49,1,12,4,120.709312,24.205257,3
12096,66000,387130000C,(04)23274275,(04)23288582,2025,1,28,12,59,臺中市,北屯區,0,1,0,7,3,6,50,3,1,1,5,4,6,6,4,4,10,5,5,2,16,3,10,3,1,B03,7,6,1,8,2,6,,14,14,1,12,4,120.688993,24.190505,2
12097,66000,387130000C,(04)23274275,(04)23288582,2025,1,28,13,5,臺中市,龍井區,0,1,0,7,2,6,30,4,2,1,5,4,6,6,4,4,10,5,5,2,13,3,10,1,1,F02,7,9,7,21,2,11,,7,7,1,12,4,120.522912,24.210985,2
12098,66000,387130000C,(04)23274275,(04)23288582,2025,1,28,13,10,臺中市,霧峰區,0,2,0,7,2,6,30,5,1,1,5,4,6,6,3,1,10,5,5,1,15,2,9,5,4,F01,7,9,7,21,2,12,,20,20,1,12,4,120.679968,24.021859,2
12099,66000,387130000C,(04)23274275,(04)23288582,2025,1,28,13,13,臺中市,大甲區,0,1,0,7,2,6,50,4,1,1,5,4,6,6,3,1,10,5,5,2,16,3,10,1,1,C03,7,6,1,10,9,14,,65,65,2,6,4,120.626924,24.349171,2
12100,66000,387130000C,(04)23274275,(04)23288582,2025,1,28,13,16,臺中市,大里區,0,0,0,7,,,50,,,,,,,,,,,,,,11,,,,,B12,,,1,,2,,,73,73,1,13,4,120.692565,24.107317,3
12101,66000,387130000C,(04)23274275,(04)23288582,2025,1,28,13,19,臺中市,沙鹿區,0,1,0,7,1,6,40,13,11,1,5,4,6,6,4,4,1,4,1,1,13,2,9,2,1,C03,7,9,1,10,2,11,,7,7,1,6,4,120.559684,24.241564,2
12102,66000,387130000C,(04)23274275,(04)23288582,2025,1,28,13,20,臺中市,東區,0,1,0,7,2,6,50,3,1,1,5,4,6,6,1,1,5,4,5,2,12,3,10,3,1,B03,7,11,1,8,2,8,,45,45,1,12,4,120.692804,24.136905,2
12103,66000,387130000C,(04)23274275,(04)23288582,2025,1,28,13,20,臺中市,大甲區,0,1,0,7,2,6,50,5,1,1,5,4,6,6,1,1,10,5,5,2,16,3,10,3,1,B03,7,5,1,8,2,8,,84,84,1,6,4,120.632125,24.355393,2
12104,66000,387130000C,(04)23274275,(04)23288582,2025,1,28,13,22,臺中市,北區,0,1,0,7,2,6,50,3,1,1,5,4,6,6,4,4,10,5,5,2,16,2,8,1,1,C03,7,5,1,10,2,14,,11,11,1,12,4,120.684763,24.151569,2
12105,66000,387130000C,(04)23274275,(04)23288582,2025,1,28,13,23,臺中市,西屯區,0,0,0,7,,,50,,,,,,,,,,,,,,13,,,,,B03,,,1,,1,,,7,7,1,13,4,120.635212,24.182029,3
12106,66000,387130000C,(04)23274275,(04)23288582,2025,1,28,13,23,臺中市,太平區,0,1,0,7,3,6,30,11,9,1,5,4,6,6,4,4,10,5,5,2,18,2,8,1,1,C03,7,9,1,10,2,14,,5,5,1,6,4,120.738976,24.12554,2
12107,66000,387130000C,(04)23274275,(04)23288582,2025,1,28,13,28,臺中市,大甲區,0,2,0,7,2,6,50,13,9,1,5,4,6,6,4,4,5,5,5,2,18,2,9,2,1,C03,7,9,1,10,2,12,,59,59,1,6,4,120.641654,24.346923,2
12108,66000,387130000C,(04)23274275,(04)23288582,2025,1,28,13,30,臺中市,南屯區,0,0,0,7,,,50,,,,,,,,,,,,,,13,,,,,B03,,,1,,1,,,84,84,1,13,4,120.646959,24.153628,3
12109,66000,387130000C,(04)23274275,(04)23288582,2025,1,28,13,40,臺中市,西屯區,0,0,0,7,2,6,50,5,1,1,5,4,6,6,1,1,10,5,5,2,13,,,,,C03,,,1,,1,,,7,7,1,12,4,120.634034,24.173474,3
12110,66000,387130000C,(04)23274275,(04)23288582,2025,1,28,13,45,臺中市,沙鹿區,0,1,0,7,2,6,50,3,1,1,5,4,6,6,1,1,10,5,5,2,18,2,9,2,1,C03,7,9,1,10,2,12,,43,43,1,6,4,120.555714,24.212627,2
12111,66000,387130000C,(04)23274275,(04)23288582,2025,1,28,13,50,臺中市,豐原區,0,1,0,7,2,6,50,4,1,1,5,4,6,6,1,1,10,5,5,2,17,3,10,5,1,B03,7,11,1,8,2,2,,45,45,1,6,4,120.72025,24.240463,2
12112,66000,387130000C,(04)23274275,(04)23288582,2025,1,28,13,51,臺中市,東區,0,0,0,7,,,50,,,,,,,,,,,,,,13,,,,,B03,,,1,,1,,,59,59,1,12,4,120.709027,24.135435,3
12113,66000,387130000C,(04)23274275,(04)23288582,2025,1,28,13,51,臺中市,大甲區,0,1,0,7,2,6,50,4,1,1,5,4,6,6,4,4,10,5,5,2,16,3,10,2,1,C03,7,6,5,19,2,14,,12,12,1,6,4,120.619763,24.346369,2
12114,66000,387130000C,(04)23274275,(04)23288582,2025,1,28,13,57,臺中市,南屯區,0,0,0,7,,,40,,,,,,,,,,,,,,12,,,,,B03,,,1,,2,,,76,76,1,12,4,120.635215,24.138688,3
12115,66000,387130000C,(04)23274275,(04)23288582,2025,1,28,13,58,臺中市,龍井區,0,1,0,7,2,6,40,4,1,1,5,4,6,6,4,4,10,5,5,2,16,3,10,3,1,B03,7,6,1,8,2,5,,48,48,1,12,4,120.563822,24.193105,2
12116,66000,387130000C,(04)23274275,(04)23288582,2025,1,28,13,59,臺中市,沙鹿區,0,1,0,7,2,6,50,3,1,1,5,4,6,6,3,1,5,4,4,2,17,2,9,1,1,C03,7,6,1,10,1,12,,11,11,1,13,4,120.564521,24.238511,2
12117,66000,387130000C,(04)23274275,(04)23288582,2025,1,28,14,0,臺中市,北屯區,0,0,0,7,,,50,,,,,,,,,,,,,,13,,,,,B03,,,1,,1,,,84,84,1,6,4,120.727365,24.176586,3
12118,66000,387130000C,(04)23274275,(04)23288582,2025,1,28,14,0,臺中市,沙鹿區,0,0,0,7,,,30,,,,,,,,,,,,,,,,,,,C03,,,1,,1,,,14,14,1,6,4,120.566988,24.216481,3
12119,66000,387130000C,(04)23274275,(04)23288582,2025,1,28,14,2,臺中市,大肚區,0,1,0,7,2,6,50,4,1,1,5,4,6,6,4,4,10,5,5,2,15,2,9,1,1,C03,7,9,1,10,2,12,,15,15,1,6,4,120.539123,24.157604,2
12120,66000,387130000C,(04)23274275,(04)23288582,2025,1,28,14,4,臺中市,大雅區,0,0,0,7,,,50,,,,,,,,,,,,,,,,,,,B12,,,1,,2,,,7,7,1,13,4,120.654354,24.229388,3
12121,66000,387130000C,(04)23274275,(04)23288582,2025,1,28,14,5,臺中市,北屯區,0,1,0,7,3,6,50,4,1,1,5,4,6,6,1,1,10,5,5,2,16,3,10,3,1,B12,7,6,1,8,2,6,,11,11,1,12,4,120.704354,24.164769,2
12122,66000,387130000C,(04)23274275,(04)23288582,2025,1,28,14,5,臺中市,西屯區,0,0,0,7,,,30,,,,,,,,,,,,,,14,,,,,B03,,,1,,1,,,49,49,1,12,4,120.642883,24.175187,3
12123,66000,387130000C,(04)23274275,(04)23288582,2025,1,28,14,7,臺中市,豐原區,0,1,0,7,3,6,30,3,9,1,5,4,6,6,4,4,10,5,5,2,17,2,9,2,1,C03,7,9,1,10,2,15,,58,58,1,13,4,120.740445,24.274109,2
12124,66000,387130000C,(04)23274275,(04)23288582,2025,1,28,14,8,臺中市,北屯區,0,1,0,7,2,6,50,4,1,1,5,4,6,6,4,4,10,5,5,2,18,2,9,1,1,C03,7,9,1,10,2,14,,82,82,1,6,4,120.706474,24.18131,2
12125,66000,387130000C,(04)23274275,(04)23288582,2025,1,28,14,15,臺中市,西屯區,0,2,0,7,2,6,50,4,2,1,5,4,6,6,4,4,10,5,5,2,13,2,8,5,4,C03,7,9,1,10,1,11,14,7,7,1,12,4,120.644835,24.173238,2
12126,66000,387130000C,(04)23274275,(04)23288582,2025,1,28,14,31,臺中市,南屯區,0,0,0,7,3,6,50,13,9,1,5,4,6,6,4,4,9,5,5,2,12,,,,,B12,,,1,,2,,,8,8,1,12,4,120.612387,24.146688,3
12127,66000,387130000C,(04)23274275,(04)23288582,2025,1,28,14,32,臺中市,北屯區,0,0,0,7,,,50,,,,,,,,,,,,,,16,,,,,B03,,,1,,1,,,45,45,1,12,4,120.719159,24.163009,3
12128,66000,387130000C,(04)23274275,(04)23288582,2025,1,28,14,35,臺中市,大里區,0,0,0,7,,,50,,,,,,,,,,,,,,17,,,,,C03,,,1,,2,,,84,84,1,13,4,120.688492,24.110288,3
12129,66000,387130000C,(04)23274275,(04)23288582,2025,1,28,14,38,臺中市,西屯區,0,0,0,7,,,60,,,,,,,,,,,,,,16,,,,,B03,,,1,,9,,,38,38,1,13,4,120.646454,24.164454,3
12130,66000,387130000C,(04)23274275,(04)23288582,2025,1,28,14,40,臺中市,北屯區,0,1,0,7,3,6,50,4,2,1,5,4,6,6,2,1,2,4,5,2,12,2,9,1,1,C03,7,8,1,10,2,14,,40,40,1,12,4,120.690746,24.163,2
12131,66000,387130000C,(04)23274275,(04)23288582,2025,1,28,14,40,臺中市,新社區,0,2,0,7,2,6,50,13,9,1,5,4,6,6,4,4,9,4,5,1,27,2,9,5,4,B03,7,9,1,8,2,1,,84,84,1,13,4,120.809651,24.236373,2
12132,66000,387130000C,(04)23274275,(04)23288582,2025,1,28,14,47,臺中市,北屯區,0,1,0,7,3,6,50,13,9,1,5,4,6,6,4,4,5,4,5,2,12,2,8,1,1,C03,7,1,1,10,2,14,,51,51,1,12,4,120.717064,24.175233,2
12133,66000,387130000C,(04)23274275,(04)23288582,2025,1,28,14,48,臺中市,太平區,0,1,0,7,3,6,30,4,1,1,5,4,6,6,4,4,10,5,5,2,15,2,9,2,1,F01,7,9,7,21,2,14,,12,12,1,12,4,120.732397,24.129316,2
12134,66000,387130000C,(04)23274275,(04)23288582,2025,1,28,14,49,臺中市,東區,0,0,0,7,,,40,,,,,,,,,,,,,,14,,,,,B03,,,1,,1,,,49,49,1,6,4,120.687705,24.138829,3
12135,66000,387130000C,(04)23274275,(04)23288582,2025,1,28,14,50,臺中市,西屯區,0,0,0,7,,,50,,,,,,,,,,,,,,17,,,,,B03,,,1,,1,,,42,42,1,12,4,120.617735,24.188121,3
12136,66000,387130000C,(04)23274275,(04)23288582,2025,1,28,14,51,臺中市,大甲區,0,1,0,7,2,6,50,4,1,1,5,4,6,6,4,4,10,5,5,2,15,2,8,2,1,C03,7,9,1,10,2,11,,15,15,1,6,4,120.61816,24.351399,2
12137,66000,387130000C,(04)23274275,(04)23288582,2025,1,28,14,51,臺中市,神岡區,0,1,0,7,2,6,30,3,1,1,5,4,6,6,4,4,10,5,5,2,17,2,9,1,1,C03,7,5,1,10,2,11,,84,84,1,12,4,120.66057,24.26545,2
12138,66000,387130000C,(04)23274275,(04)23288582,2025,1,28,14,52,臺中市,北屯區,0,0,0,7,,,50,,,,,,,,,,,,,,16,,,,,B03,,,1,,1,,,40,40,1,6,4,120.736217,24.177855,3