序號,縣市別代碼,機關代碼,市話,傳真,年,月,日,時,分,縣市,區,死亡數量,受傷數量,2-30,天候,道路照明設備,道路類別,道路速限,道路型態,事故位置,路面鋪裝,路面狀態,路面缺陷,障礙物,視距,號誌種類,號誌動作,分向設施,快車道或一般車道間,快慢車道間,路面邊線,事故類型及型態,受傷程度,主要傷處,保護裝備,行動電話或功能裝置,當事者區分(類別),車輛用途,當事者行動狀態,駕照狀態,駕照種類,飲酒情形,車輛撞擊部位最初,車輛撞擊部位其他,肇事因素個別,肇事因素主要,肇事逃逸,職業,共享經濟或外送平台,GPS座標X,GPS座標Y,事故類別
12139,66000,387130000C,(04)23274275,(04)23288582,2025,1,28,14,55,臺中市,中區,0,1,0,7,2,6,50,13,9,1,5,4,6,6,4,4,10,4,5,2,18,2,9,5,4,C03,7,9,1,10,2,14,,84,84,1,12,4,120.684192,24.142386,2
12140,66000,387130000C,(04)23274275,(04)23288582,2025,1,28,14,57,臺中市,南屯區,0,2,0,7,2,6,50,4,1,1,5,4,6,6,4,4,10,5,5,2,11,3,10,5,4,B02,7,6,1,8,2,2,,11,11,1,13,4,120.620854,24.13999,2
12141,66000,387130000C,(04)23274275,(04)23288582,2025,1,28,14,59,臺中市,龍井區,0,2,0,7,2,6,40,13,9,1,5,4,6,6,4,4,5,5,5,1,16,2,9,1,1,C03,7,11,1,10,2,14,,45,45,1,12,4,120.524114,24.209711,2
12142,66000,387130000C,(04)23274275,(04)23288582,2025,1,28,15,1,臺中市,清水區,0,0,0,7,,,30,,,,,,,,,,,,,,,,,,,B03,,,1,,2,,,49,49,1,12,4,120.57922,24.272336,3
12143,66000,387130000C,(04)23274275,(04)23288582,2025,1,28,15,2,臺中市,東區,0,1,0,7,2,6,50,4,2,1,5,4,6,6,1,1,5,5,4,2,13,2,8,1,1,C03,7,9,1,10,2,11,,7,7,1,12,4,120.706307,24.148609,2
12144,66000,387130000C,(04)23274275,(04)23288582,2025,1,28,15,4,臺中市,北屯區,0,0,0,7,,,50,,,,,,,,,,,,,,17,,,,,B12,,,1,,1,,,68,68,1,12,4,120.719475,24.163003,3
12145,66000,387130000C,(04)23274275,(04)23288582,2025,1,28,15,12,臺中市,豐原區,0,0,0,7,,,50,,,,,,,,,,,,,,17,,,,,B12,,,1,,2,,,84,84,1,12,4,120.717825,24.250523,3
12146,66000,387130000C,(04)23274275,(04)23288582,2025,1,28,15,18,臺中市,北屯區,0,0,0,7,,,50,,,,,,,,,,,,,,17,,,,,B03,,,1,,1,,,14,14,1,12,4,120.702067,24.169257,4
12147,66000,387130000C,(04)23274275,(04)23288582,2025,1,28,15,20,臺中市,太平區,0,0,0,7,,,50,,,,,,,,,,,,,,16,,,,,B03,,,1,,2,,,14,14,1,10,4,120.731128,24.140245,3
12148,66000,387130000C,(04)23274275,(04)23288582,2025,1,28,15,23,臺中市,大雅區,0,1,0,7,3,6,50,3,1,1,5,4,6,6,4,4,4,3,4,1,17,3,10,3,1,B03,7,6,1,8,2,8,,14,14,1,12,4,120.635872,24.215506,2
12149,66000,387130000C,(04)23274275,(04)23288582,2025,1,28,15,29,臺中市,南區,0,2,0,7,3,6,50,4,1,1,5,4,6,6,4,4,10,5,5,2,15,2,9,2,1,C03,7,9,1,10,2,11,,15,15,1,13,4,120.663101,24.119508,2
12150,66000,387130000C,(04)23274275,(04)23288582,2025,1,28,15,31,臺中市,豐原區,0,0,0,7,,,50,,,,,,,,,,,,,,14,,,,,B03,,,1,,2,,,49,49,1,13,4,120.725524,24.245769,3
12151,66000,387130000C,(04)23274275,(04)23288582,2025,1,28,15,32,臺中市,東區,0,2,0,7,2,6,50,13,7,1,5,4,6,6,4,4,9,5,4,2,13,2,8,1,1,C03,7,9,1,10,2,11,,7,7,1,12,4,120.705517,24.137119,2
12152,66000,387130000C,(04)23274275,(04)23288582,2025,1,28,15,38,臺中市,大甲區,0,0,0,7,1,4,40,13,14,1,5,4,6,6,4,1,8,4,5,1,14,3,10,1,1,B03,7,2,1,8,1,7,7,49,49,1,12,4,120.619224,24.345658,3
12153,66000,387130000C,(04)23274275,(04)23288582,2025,1,28,15,39,臺中市,南區,0,2,0,7,2,6,50,3,2,1,5,4,6,6,1,1,9,4,4,1,13,2,8,2,1,F03,7,9,7,21,2,14,,7,7,1,13,4,120.679394,24.122376,2
12154,66000,387130000C,(04)23274275,(04)23288582,2025,1,28,15,41,臺中市,大雅區,0,1,0,7,1,6,50,5,2,1,5,4,6,6,1,1,1,4,5,1,17,2,9,1,1,C03,7,9,1,10,2,11,,84,84,1,13,4,120.650799,24.209979,2
12155,66000,387130000C,(04)23274275,(04)23288582,2025,1,28,15,42,臺中市,外埔區,0,0,0,7,,,50,,,,,,,,,,,,,,14,,,,,B03,,,1,,1,,,49,49,1,12,4,120.634216,24.342454,3
12156,66000,387130000C,(04)23274275,(04)23288582,2025,1,28,15,42,臺中市,神岡區,0,0,0,7,,,50,,,,,,,,,,,,,,16,,,,,B03,,,1,,2,,,11,11,1,12,4,120.682534,24.243346,3
12157,66000,387130000C,(04)23274275,(04)23288582,2025,1,28,15,44,臺中市,后里區,0,1,0,7,2,6,30,4,1,1,5,4,6,6,3,1,10,5,5,2,16,3,10,3,1,B03,7,6,1,8,2,1,,24,24,1,12,4,120.693475,24.300491,2
12158,66000,387130000C,(04)23274275,(04)23288582,2025,1,28,15,45,臺中市,大雅區,0,0,0,7,,,50,,,,,,,,,,,,,,,,,,,B02,,,1,,1,,,7,7,1,11,4,120.671251,24.212549,3
12159,66000,387130000C,(04)23274275,(04)23288582,2025,1,28,15,48,臺中市,梧棲區,0,1,0,7,3,6,70,4,1,1,5,4,6,6,1,1,10,5,5,2,17,2,1,3,1,B03,7,6,1,8,2,5,,59,59,1,6,4,120.551677,24.244139,2
12160,66000,387130000C,(04)23274275,(04)23288582,2025,1,28,16,3,臺中市,南屯區,0,0,0,7,,,50,,,,,,,,,,,,,,,,,,,B03,,,1,,1,,,7,7,1,13,4,120.633515,24.144572,3
12161,66000,387130000C,(04)23274275,(04)23288582,2025,1,28,16,3,臺中市,太平區,0,2,0,7,2,6,30,4,1,1,5,4,6,6,4,4,10,5,5,2,15,2,8,1,1,C03,7,9,1,10,2,14,,12,12,1,6,4,120.716278,24.117396,2
12162,66000,387130000C,(04)23274275,(04)23288582,2025,1,28,16,5,臺中市,大里區,0,0,0,7,,,50,,,,,,,,,,,,,,17,,,,,B03,,,1,,1,,,58,58,1,6,4,120.688276,24.100359,3
12163,66000,387130000C,(04)23274275,(04)23288582,2025,1,28,16,7,臺中市,清水區,0,1,0,7,3,6,50,4,1,1,5,4,6,6,1,1,5,5,5,1,9,3,10,3,1,B03,7,5,1,8,2,2,,10,10,1,12,4,120.564382,24.277144,2
12164,66000,387130000C,(04)23274275,(04)23288582,2025,1,28,16,12,臺中市,豐原區,0,1,0,7,2,6,50,4,1,1,5,4,6,6,1,1,10,5,5,2,15,3,10,3,1,B03,7,9,1,8,2,1,,21,21,1,13,4,120.71864,24.238098,2
12165,66000,387130000C,(04)23274275,(04)23288582,2025,1,28,16,13,臺中市,神岡區,0,1,0,7,2,6,50,13,9,1,5,4,6,6,4,4,5,5,5,1,13,2,9,2,1,C03,7,9,1,10,2,11,,59,59,1,6,4,120.686062,24.244656,2
12166,66000,387130000C,(04)23274275,(04)23288582,2025,1,28,16,15,臺中市,北屯區,0,0,0,7,,,50,,,,,,,,,,,,,,13,,,,,C03,,,1,,1,,,7,7,1,6,4,120.695268,24.166758,3
12167,66000,387130000C,(04)23274275,(04)23288582,2025,1,28,16,15,臺中市,太平區,0,1,0,7,3,6,50,4,1,1,5,4,6,6,4,4,10,5,5,2,15,3,10,3,1,B03,7,9,1,8,2,1,,15,15,1,6,4,120.727813,24.126235,2
12168,66000,387130000C,(04)23274275,(04)23288582,2025,1,28,16,20,臺中市,北屯區,0,1,0,7,2,6,30,3,1,1,5,4,6,6,4,4,10,5,5,2,16,3,10,3,1,B12,7,5,1,8,2,1,,12,12,1,6,4,120.692878,24.164901,2
12169,66000,387130000C,(04)23274275,(04)23288582,2025,1,28,16,21,臺中市,北屯區,0,0,0,7,,,50,,,,,,,,,,,,,,13,,,,,B03,,,1,,1,,,84,84,1,6,4,120.682111,24.182047,3
12170,66000,387130000C,(04)23274275,(04)23288582,2025,1,28,16,23,臺中市,太平區,0,0,0,7,,,50,,,,,,,,,,,,,,,,,,,B03,,,1,,1,,,50,50,1,12,4,120.724947,24.14372,3
12171,66000,387130000C,(04)23274275,(04)23288582,2025,1,28,16,23,臺中市,豐原區,0,0,0,7,,,50,,,,,,,,,,,,,,13,,,,,C03,,,1,,1,,,59,59,1,12,4,120.74766,24.266563,3
12172,66000,387130000C,(04)23274275,(04)23288582,2025,1,28,16,25,臺中市,大肚區,0,0,0,7,,,60,,,,,,,,,,,,,,,,,,,B03,,,1,,2,,,49,49,1,6,4,120.54489,24.161181,3
12173,66000,387130000C,(04)23274275,(04)23288582,2025,1,28,16,27,臺中市,潭子區,0,1,0,7,2,6,40,4,1,1,5,4,6,6,4,4,10,5,5,2,16,2,8,2,1,F03,7,6,7,21,2,11,,48,48,1,12,4,120.706767,24.2104,2
12174,66000,387130000C,(04)23274275,(04)23288582,2025,1,28,16,35,臺中市,大雅區,0,2,0,7,3,6,30,13,9,1,5,4,6,6,4,4,10,5,5,1,9,2,9,6,5,H01,8,18,7,21,10,17,,98,98,1,2,5,120.669005,24.214706,2
12175,66000,387130000C,(04)23274275,(04)23288582,2025,1,28,16,36,臺中市,大雅區,0,1,0,7,1,6,50,13,7,1,5,4,6,6,4,4,5,5,4,2,17,3,10,1,1,C03,7,9,1,10,2,11,,84,84,1,13,4,120.651456,24.216542,2
12176,66000,387130000C,(04)23274275,(04)23288582,2025,1,28,16,36,臺中市,南屯區,0,1,0,7,1,6,50,4,1,1,5,4,6,6,2,1,1,2,5,2,11,3,10,5,4,B03,7,6,1,8,2,1,,11,11,1,13,4,120.640731,24.146859,2
12177,66000,387130000C,(04)23274275,(04)23288582,2025,1,28,16,36,臺中市,太平區,0,1,0,7,2,6,50,4,2,1,5,4,6,6,2,1,5,2,5,2,16,3,10,3,1,B03,7,5,1,8,2,2,,20,20,1,6,4,120.729063,24.113667,2
12178,66000,387130000C,(04)23274275,(04)23288582,2025,1,28,16,37,臺中市,南區,0,1,0,7,2,6,50,13,9,1,5,4,6,6,4,4,5,5,5,2,13,3,10,3,1,B03,7,9,1,8,9,1,,7,7,1,6,4,120.668171,24.116011,2
12179,66000,387130000C,(04)23274275,(04)23288582,2025,1,28,16,40,臺中市,南屯區,0,0,0,7,,,50,,,,,,,,,,,,,,13,,,,,B03,,,1,,1,,,59,59,1,12,4,120.617957,24.153592,3
12180,66000,387130000C,(04)23274275,(04)23288582,2025,1,28,16,42,臺中市,太平區,0,1,0,7,3,6,30,4,1,1,5,4,6,6,4,4,10,5,5,2,16,3,10,1,1,C03,7,5,1,10,2,11,,47,47,1,6,4,120.706666,24.121641,2
12181,66000,387130000C,(04)23274275,(04)23288582,2025,1,28,16,49,臺中市,西區,0,0,0,7,,,30,,,,,,,,,,,,,,,,,,,C03,,,7,,10,,,85,85,1,6,4,120.655589,24.151903,3
12182,66000,387130000C,(04)23274275,(04)23288582,2025,1,28,16,50,臺中市,東區,0,1,0,7,1,6,50,13,9,1,5,4,6,6,4,4,9,4,5,2,30,3,10,1,1,C03,7,14,1,10,2,11,,84,84,1,12,4,120.689429,24.129009,2
12183,66000,387130000C,(04)23274275,(04)23288582,2025,1,28,16,58,臺中市,南屯區,0,1,0,7,2,6,50,4,1,1,5,4,6,6,1,1,10,5,5,2,17,3,10,3,1,B03,7,9,1,8,2,5,,59,59,1,12,4,120.638185,24.139825,2
12184,66000,387130000C,(04)23274275,(04)23288582,2025,1,28,16,59,臺中市,潭子區,0,0,0,7,,,50,,,,,,,,,,,,,,,,,,,C03,,,1,,3,,,7,7,1,13,4,120.710897,24.213261,3
12185,66000,387130000C,(04)23274275,(04)23288582,2025,1,28,17,3,臺中市,太平區,0,2,0,7,2,6,50,5,2,1,5,4,6,6,2,1,5,4,5,2,17,3,10,3,1,B12,7,11,1,8,2,8,,23,23,1,6,4,120.723769,24.146828,2
12186,66000,387130000C,(04)23274275,(04)23288582,2025,1,28,17,4,臺中市,西屯區,0,0,0,7,,,50,,,,,,,,,,,,,,,,,,,B03,,,1,,1,,,49,49,1,12,4,120.636805,24.179668,3
12187,66000,387130000C,(04)23274275,(04)23288582,2025,1,28,17,7,臺中市,南區,0,2,0,7,2,6,50,4,1,1,5,4,6,6,2,1,5,2,5,2,17,3,10,3,1,B03,7,11,1,8,2,2,,45,45,1,13,4,120.68336,24.133204,2
12188,66000,387130000C,(04)23274275,(04)23288582,2025,1,28,17,8,臺中市,太平區,0,1,0,7,3,6,50,3,9,1,5,4,6,6,1,1,5,5,5,2,13,3,10,1,1,C03,7,9,1,10,1,11,,7,7,1,6,4,120.704791,24.1613,2
12189,66000,387130000C,(04)23274275,(04)23288582,2025,1,28,17,14,臺中市,太平區,0,2,0,7,2,6,50,13,9,1,5,4,6,6,4,4,5,5,5,2,17,2,8,1,1,C03,7,1,1,10,2,14,,51,51,1,6,4,120.719379,24.115414,2
12190,66000,387130000C,(04)23274275,(04)23288582,2025,1,28,17,22,臺中市,西屯區,0,0,0,7,,,50,,,,,,,,,,,,,,13,,,,,B03,,,1,,2,,,58,58,1,12,4,120.637465,24.179054,3
12191,66000,387130000C,(04)23274275,(04)23288582,2025,1,28,17,37,臺中市,沙鹿區,0,1,0,7,3,6,50,4,2,1,5,4,6,6,2,1,10,5,5,2,17,2,9,2,1,C03,7,12,1,10,2,14,,43,43,1,5,4,120.562433,24.233402,2
12192,66000,387130000C,(04)23274275,(04)23288582,2025,1,28,17,42,臺中市,豐原區,0,1,0,7,1,6,50,3,1,1,5,4,6,6,1,1,5,4,5,1,17,3,10,5,1,C03,7,11,3,19,2,15,,46,46,1,13,4,120.719393,24.242083,2
12193,66000,387130000C,(04)23274275,(04)23288582,2025,1,28,17,45,臺中市,東勢區,0,0,0,7,,,50,,,,,,,,,,,,,,13,,,,,C03,,,1,,1,,,7,7,1,13,4,120.825039,24.263062,3
12194,66000,387130000C,(04)23274275,(04)23288582,2025,1,28,17,47,臺中市,西屯區,0,1,0,7,2,6,40,4,1,1,5,4,6,6,2,1,10,5,5,2,16,3,10,5,4,B02,7,5,1,8,2,5,,47,47,1,13,4,120.633749,24.161646,2
12195,66000,387130000C,(04)23274275,(04)23288582,2025,1,28,17,47,臺中市,西屯區,0,0,0,7,,,30,,,,,,,,,,,,,,15,,,,,C03,,,1,,1,,,15,15,1,13,4,120.660209,24.196052,3
12196,66000,387130000C,(04)23274275,(04)23288582,2025,1,28,17,52,臺中市,北屯區,0,0,0,7,,,50,,,,,,,,,,,,,,9,,,,,B03,,,1,,1,,,51,51,1,6,4,120.729906,24.170208,3
12197,66000,387130000C,(04)23274275,(04)23288582,2025,1,28,17,55,臺中市,烏日區,0,4,0,7,2,6,40,13,11,1,5,4,6,6,4,4,1,5,1,1,17,2,9,5,4,C03,7,9,1,10,2,11,,85,85,1,13,4,120.582855,24.110295,2
12198,66000,387130000C,(04)23274275,(04)23288582,2025,1,28,17,56,臺中市,豐原區,0,1,0,7,1,6,50,3,2,1,5,4,6,6,4,4,5,5,4,2,17,2,9,1,1,C03,7,12,1,10,2,14,,84,84,1,13,4,120.71171,24.250717,2
12199,66000,387130000C,(04)23274275,(04)23288582,2025,1,28,18,5,臺中市,霧峰區,0,1,0,7,1,6,50,4,1,1,5,4,6,6,1,1,10,5,5,2,16,3,10,3,1,B03,7,6,1,8,2,5,,11,11,1,12,4,120.69915,24.0688,2
12200,66000,387130000C,(04)23274275,(04)23288582,2025,1,28,18,21,臺中市,梧棲區,0,0,0,7,,,30,,,,,,,,,,,,,,16,,,,,C03,,,1,,1,,,14,14,1,6,4,120.528829,24.257432,3
12201,66000,387130000C,(04)23274275,(04)23288582,2025,1,28,18,39,臺中市,西區,0,1,0,7,2,6,50,4,1,1,5,4,6,6,1,1,10,5,5,2,16,2,8,2,1,C03,7,6,1,10,2,13,,48,48,1,12,4,120.680119,24.13497,2
12202,66000,387130000C,(04)23274275,(04)23288582,2025,1,28,18,57,臺中市,后里區,0,0,0,7,,,50,,,,,,,,,,,,,,14,,,,,B12,,,1,,2,,,49,49,1,12,4,120.723511,24.309772,3
12203,66000,387130000C,(04)23274275,(04)23288582,2025,1,28,19,7,臺中市,南區,0,0,0,7,,,50,,,,,,,,,,,,,,13,,,,,B03,,,1,,1,,,7,7,1,13,4,120.658741,24.1172,3
12204,66000,387130000C,(04)23274275,(04)23288582,2025,1,28,19,21,臺中市,北屯區,0,0,0,7,,,50,,,,,,,,,,,,,,9,,,,,B03,,,1,,1,,,85,85,1,12,4,120.685743,24.194025,3
12205,66000,387130000C,(04)23274275,(04)23288582,2025,1,28,19,24,臺中市,北區,0,1,0,7,1,6,50,4,8,1,5,4,6,6,1,1,1,4,4,2,17,3,10,5,4,B03,7,15,1,8,2,5,,43,43,1,13,4,120.690743,24.158727,2
12206,66000,387130000C,(04)23274275,(04)23288582,2025,1,28,19,50,臺中市,太平區,0,2,0,7,1,6,40,13,8,1,5,4,6,6,4,4,4,4,4,1,13,2,9,1,1,C03,7,4,1,10,2,11,,7,7,1,6,4,120.736918,24.132301,2
12207,66000,387130000C,(04)23274275,(04)23288582,2025,1,28,19,52,臺中市,大雅區,0,0,0,7,,,70,,,,,,,,,,,,,,13,,,,,B03,,,1,,1,,,7,7,1,12,4,120.63638,24.2349,3
12208,66000,387130000C,(04)23274275,(04)23288582,2025,1,28,20,7,臺中市,東勢區,0,0,0,7,,,50,,,,,,,,,,,,,,,,,,,B03,,,1,,2,,,45,45,1,11,4,120.839081,24.244745,3
12209,66000,387130000C,(04)23274275,(04)23288582,2025,1,28,20,9,臺中市,北區,0,1,0,7,1,6,50,5,1,1,5,4,6,6,1,1,10,5,5,2,17,2,9,5,4,C03,7,15,1,10,2,14,,39,39,1,13,4,120.685848,24.154872,2
12210,66000,387130000C,(04)23274275,(04)23288582,2025,1,28,20,11,臺中市,北區,0,1,0,7,1,9,50,4,2,5,5,4,6,6,1,1,10,5,5,2,17,3,10,5,4,B03,7,2,1,8,2,7,,49,49,1,13,4,120.674616,24.162533,2
12211,66000,387130000C,(04)23274275,(04)23288582,2025,1,28,20,22,臺中市,西屯區,0,0,0,7,,,50,,,,,,,,,,,,,,17,,,,,B03,,,1,,2,,,59,59,1,12,4,120.641912,24.171715,3
12212,66000,387130000C,(04)23274275,(04)23288582,2025,1,28,20,26,臺中市,太平區,0,2,0,7,1,6,50,13,7,1,5,4,6,6,4,4,5,5,4,1,1,2,9,1,1,C03,7,9,5,10,2,11,,84,84,1,12,4,120.726188,24.149919,2
12213,66000,387130000C,(04)23274275,(04)23288582,2025,1,28,20,48,臺中市,大甲區,0,0,0,7,,,30,,,,,,,,,,,,,,,,,,,B03,,,1,,2,,,49,49,1,6,4,120.615478,24.346858,4
12214,66000,387130000C,(04)23274275,(04)23288582,2025,1,28,20,58,臺中市,梧棲區,0,0,0,7,,,50,,,,,,,,,,,,,,17,,,,,B03,,,1,,2,,,59,59,1,6,4,120.545516,24.247205,3
12215,66000,387130000C,(04)23274275,(04)23288582,2025,1,28,21,0,臺中市,南區,0,0,0,7,1,6,,13,8,1,5,4,6,6,4,4,1,4,4,2,30,,,,,,,,,,,,,119,119,1,,,120.66224,24.122571,3
12216,66000,387130000C,(04)23274275,(04)23288582,2025,1,28,21,4,臺中市,南區,0,0,0,7,,,50,,,,,,,,,,,,,,13,,,,,B03,,,1,,2,,,84,84,1,12,4,120.660592,24.122277,3
12217,66000,387130000C,(04)23274275,(04)23288582,2025,1,28,21,5,臺中市,石岡區,0,1,0,7,1,6,50,13,7,1,5,4,6,6,4,4,1,4,4,1,17,3,10,3,1,B02,7,9,1,8,2,1,,59,59,1,12,4,120.817893,24.260502,2
12218,66000,387130000C,(04)23274275,(04)23288582,2025,1,28,21,10,臺中市,太平區,0,0,0,7,,,50,,,,,,,,,,,,,,13,,,,,B03,,,1,,2,,,84,84,1,12,4,120.724204,24.110955,3
12219,66000,387130000C,(04)23274275,(04)23288582,2025,1,28,21,11,臺中市,北屯區,0,0,0,7,,,50,,,,,,,,,,,,,,13,,,,,B03,,,1,,2,,,84,84,1,12,4,120.712541,24.167695,3
12220,66000,387130000C,(04)23274275,(04)23288582,2025,1,28,21,14,臺中市,西屯區,0,1,0,7,1,6,50,13,9,1,5,4,6,6,3,1,10,5,5,1,16,3,10,3,1,B02,7,11,1,8,2,8,,45,45,1,12,4,120.603492,24.185573,2
12221,66000,387130000C,(04)23274275,(04)23288582,2025,1,28,21,26,臺中市,西屯區,0,3,0,7,2,6,50,13,9,1,5,4,6,6,4,4,5,4,5,2,12,2,7,5,1,B03,7,1,1,8,2,8,,51,51,1,12,4,120.655398,24.173314,2
12222,66000,387130000C,(04)23274275,(04)23288582,2025,1,28,21,30,臺中市,烏日區,0,0,0,7,,,50,,,,,,,,,,,,,,,,,,,B03,,,1,,2,,,84,84,1,6,4,120.619154,24.103117,3
12223,66000,387130000C,(04)23274275,(04)23288582,2025,1,28,21,33,臺中市,龍井區,0,0,0,7,,,30,,,,,,,,,,,,,,,,,,,B03,,,1,,2,,,49,49,1,6,4,120.595724,24.188887,3
12224,66000,387130000C,(04)23274275,(04)23288582,2025,1,28,21,46,臺中市,大里區,0,0,0,7,,,30,,,,,,,,,,,,,,11,,,,,B03,,,1,,2,,,8,8,1,13,4,120.697284,24.121583,3
12225,66000,387130000C,(04)23274275,(04)23288582,2025,1,28,21,49,臺中市,清水區,0,1,0,7,3,6,50,4,1,1,5,4,6,6,4,4,9,4,4,2,15,3,10,3,1,B03,7,9,1,8,2,1,,20,20,1,12,4,120.562924,24.27408,2
12226,66000,387130000C,(04)23274275,(04)23288582,2025,1,28,21,57,臺中市,太平區,0,0,0,7,,,50,,,,,,,,,,,,,,16,,,,,C03,,,1,,2,,,14,14,1,13,4,120.704441,24.155001,3
12227,66000,387130000C,(04)23274275,(04)23288582,2025,1,28,22,2,臺中市,潭子區,0,0,0,7,,,50,,,,,,,,,,,,,,,,,,,B03,,,1,,2,,,84,84,1,13,4,120.705735,24.202281,3
12228,66000,387130000C,(04)23274275,(04)23288582,2025,1,28,22,2,臺中市,北區,0,0,0,7,,,50,,,,,,,,,,,,,,17,,,,,,,,,,,,,119,119,1,,,120.687221,24.148897,3
12229,66000,387130000C,(04)23274275,(04)23288582,2025,1,28,22,2,臺中市,大甲區,0,0,0,7,,,50,,,,,,,,,,,,,,,,,,,B03,,,1,,2,,,21,21,1,6,4,120.623484,24.344087,3
12230,66000,387130000C,(04)23274275,(04)23288582,2025,1,28,22,28,臺中市,潭子區,0,1,0,7,1,6,50,4,1,1,5,4,6,6,1,1,5,4,4,1,17,3,10,3,1,B03,7,6,1,8,2,5,,84,84,1,13,4,120.692642,24.224785,2
12231,66000,387130000C,(04)23274275,(04)23288582,2025,1,28,22,30,臺中市,大雅區,0,2,0,7,1,6,30,4,1,1,5,4,6,6,3,1,10,5,5,1,15,2,8,1,1,C03,7,9,1,10,2,12,,20,20,1,13,4,120.630965,24.220085,2
12232,66000,387130000C,(04)23274275,(04)23288582,2025,1,28,22,45,臺中市,新社區,0,0,0,7,1,6,30,13,9,1,5,4,6,6,4,4,10,5,5,1,14,3,10,5,4,B03,7,2,1,8,2,3,,49,49,1,13,4,120.806547,24.195427,3
12233,66000,387130000C,(04)23274275,(04)23288582,2025,1,28,23,0,臺中市,霧峰區,0,1,0,7,3,6,40,13,24,1,5,4,6,6,4,4,10,4,4,1,26,2,9,1,1,C03,7,15,1,10,2,11,,84,84,1,6,4,120.661708,24.053244,2
12234,66000,387130000C,(04)23274275,(04)23288582,2025,1,28,23,2,臺中市,大甲區,0,1,0,7,1,6,50,4,1,1,5,4,6,6,3,1,10,5,5,2,16,3,10,5,4,B03,7,9,1,8,2,4,,24,24,1,6,4,120.620657,24.350555,2
12235,66000,387130000C,(04)23274275,(04)23288582,2025,1,28,23,10,臺中市,龍井區,0,2,0,6,1,6,30,13,9,1,5,4,6,6,4,4,10,5,5,2,2,2,7,1,1,C03,7,9,2,19,2,12,,8,8,1,4,4,120.579421,24.180566,2
12236,66000,387130000C,(04)23274275,(04)23288582,2025,1,28,23,19,臺中市,霧峰區,0,1,0,7,1,6,40,3,1,1,5,4,6,6,3,1,5,5,5,1,17,2,9,1,1,C03,7,6,3,19,2,11,,11,11,1,6,4,120.682421,24.06539,2
12237,66000,387130000C,(04)23274275,(04)23288582,2025,1,28,23,25,臺中市,豐原區,0,0,0,7,,,50,,,,,,,,,,,,,,17,,,,,C03,,,1,,2,,,84,84,1,13,4,120.706052,24.246595,3
12238,66000,387130000C,(04)23274275,(04)23288582,2025,1,28,23,27,臺中市,西屯區,0,0,0,7,,,50,,,,,,,,,,,,,,16,,,,,C03,,,1,,1,,,47,47,1,12,4,120.64515,24.18019,4
12239,66000,387130000C,(04)23274275,(04)23288582,2025,1,28,23,43,臺中市,大雅區,0,1,0,7,1,6,30,11,9,1,5,4,6,6,4,4,10,5,4,2,11,3,10,3,1,B03,7,9,1,8,2,4,,85,85,1,13,4,120.673886,24.216392,2
12240,66000,387130000C,(04)23274275,(04)23288582,2025,1,29,0,28,臺中市,太平區,0,1,0,7,1,6,50,3,2,1,5,4,6,6,4,4,5,4,4,1,18,2,9,2,1,C03,7,9,1,10,2,14,,84,84,1,13,4,120.728449,24.114181,2
12241,66000,387130000C,(04)23274275,(04)23288582,2025,1,29,0,45,臺中市,太平區,0,0,0,7,,,50,,,,,,,,,,,,,,17,,,,,B02,,,1,,11,,,8,8,1,13,4,120.717337,24.148549,3
12242,66000,387130000C,(04)23274275,(04)23288582,2025,1,29,0,46,臺中市,太平區,0,0,0,7,,,30,,,,,,,,,,,,,,14,,,,,B03,,,1,,2,,,49,49,1,12,4,120.712637,24.130759,3
12243,66000,387130000C,(04)23274275,(04)23288582,2025,1,29,1,55,臺中市,太平區,0,2,0,7,1,6,50,4,1,1,5,4,6,6,3,1,10,5,5,2,15,2,7,2,1,C03,7,9,1,10,2,11,,24,24,1,12,4,120.716804,24.15135,2
12244,66000,387130000C,(04)23274275,(04)23288582,2025,1,29,7,40,臺中市,清水區,0,0,0,7,,,30,,,,,,,,,,,,,,17,,,,,B03,,,1,,2,,,84,84,1,12,4,120.604456,24.26993,3
12245,66000,387130000C,(04)23274275,(04)23288582,2025,1,29,7,44,臺中市,南屯區,0,1,0,7,2,6,50,13,9,1,5,4,6,6,1,1,9,5,5,2,17,2,9,1,1,C03,7,9,1,10,2,11,,84,84,1,13,4,120.651218,24.144759,2
12246,66000,387130000C,(04)23274275,(04)23288582,2025,1,29,7,54,臺中市,大雅區,0,1,0,7,1,6,50,13,9,1,5,4,6,6,1,1,1,4,5,1,17,2,9,1,1,C03,7,9,1,10,2,12,,84,84,1,13,4,120.65037,24.211747,2
12247,66000,387130000C,(04)23274275,(04)23288582,2025,1,29,7,56,臺中市,東區,0,0,0,7,,,50,,,,,,,,,,,,,,17,,,,,B03,,,1,,1,,,51,51,1,6,4,120.695811,24.134176,3
12248,66000,387130000C,(04)23274275,(04)23288582,2025,1,29,8,9,臺中市,沙鹿區,0,2,0,7,2,6,30,3,1,1,5,4,6,6,4,4,10,5,5,2,17,2,9,1,1,C03,7,6,1,10,1,11,,14,14,1,13,4,120.598262,24.2215,2