序號,縣市別代碼,機關代碼,市話,傳真,年,月,日,時,分,縣市,區,死亡數量,受傷數量,2-30,天候,道路照明設備,道路類別,道路速限,道路型態,事故位置,路面鋪裝,路面狀態,路面缺陷,障礙物,視距,號誌種類,號誌動作,分向設施,快車道或一般車道間,快慢車道間,路面邊線,事故類型及型態,受傷程度,主要傷處,保護裝備,行動電話或功能裝置,當事者區分(類別),車輛用途,當事者行動狀態,駕照狀態,駕照種類,飲酒情形,車輛撞擊部位最初,車輛撞擊部位其他,肇事因素個別,肇事因素主要,肇事逃逸,職業,共享經濟或外送平台,GPS座標X,GPS座標Y,事故類別
12472,66000,387130000C,(04)23274275,(04)23288582,2025,1,30,9,55,臺中市,石岡區,0,0,0,7,,,70,,,,,,,,,,,,,,13,,,,,B03,,,1,,2,,,7,7,1,12,4,120.78118,24.274244,3
12473,66000,387130000C,(04)23274275,(04)23288582,2025,1,30,10,0,臺中市,太平區,0,0,0,7,,,80,,,,,,,,,,,,,,17,,,,,B03,,,1,,1,,,84,84,1,12,4,120.712828,24.145835,3
12474,66000,387130000C,(04)23274275,(04)23288582,2025,1,30,10,7,臺中市,北屯區,0,1,0,7,2,6,50,4,1,1,5,4,6,6,1,1,10,5,5,2,16,2,9,5,4,C03,7,9,1,10,2,14,,84,84,1,12,4,120.670504,24.200762,2
12475,66000,387130000C,(04)23274275,(04)23288582,2025,1,30,10,7,臺中市,烏日區,0,0,0,7,,,50,,,,,,,,,,,,,,16,,,,,C03,,,1,,1,,,21,21,1,6,4,120.601944,24.107192,3
12476,66000,387130000C,(04)23274275,(04)23288582,2025,1,30,10,7,臺中市,大甲區,0,1,0,7,3,6,60,4,9,1,5,4,6,6,2,1,1,4,4,1,17,3,10,3,1,B03,7,6,1,8,2,7,,11,11,1,12,4,120.617978,24.341658,2
12477,66000,387130000C,(04)23274275,(04)23288582,2025,1,30,10,9,臺中市,霧峰區,0,1,0,7,1,6,40,13,8,1,5,4,6,6,4,4,10,5,5,1,17,3,10,3,1,B03,7,7,1,4,2,16,,39,39,1,12,4,120.664204,24.077789,2
12478,66000,387130000C,(04)23274275,(04)23288582,2025,1,30,10,13,臺中市,后里區,0,0,0,7,2,6,50,3,1,1,5,4,6,6,1,1,1,4,5,1,12,3,10,2,1,C03,7,6,1,10,2,14,,48,48,1,12,4,120.69343,24.317874,3
12479,66000,387130000C,(04)23274275,(04)23288582,2025,1,30,10,20,臺中市,南屯區,0,1,0,7,1,6,40,4,1,1,5,4,6,6,2,1,10,5,5,2,15,2,9,1,1,C03,7,9,1,10,2,12,,21,21,1,6,4,120.632356,24.145477,2
12480,66000,387130000C,(04)23274275,(04)23288582,2025,1,30,10,25,臺中市,外埔區,0,1,0,7,2,6,50,13,14,1,5,4,6,6,4,4,9,5,5,1,30,2,1,3,1,B12,7,9,1,7,2,1,,55,55,1,12,4,120.685043,24.3448,2
12481,66000,387130000C,(04)23274275,(04)23288582,2025,1,30,10,28,臺中市,太平區,0,2,0,7,2,6,30,4,1,1,5,4,6,6,4,4,10,5,5,2,15,2,9,1,1,C03,7,9,1,10,2,12,,15,15,1,12,4,120.720561,24.115467,2
12482,66000,387130000C,(04)23274275,(04)23288582,2025,1,30,10,33,臺中市,潭子區,0,1,0,7,2,6,60,3,1,1,5,4,6,6,3,1,1,5,5,2,17,3,10,3,1,B03,7,6,1,8,2,1,,84,84,1,13,4,120.689803,24.223046,2
12483,66000,387130000C,(04)23274275,(04)23288582,2025,1,30,10,39,臺中市,北區,0,1,0,7,2,6,40,3,1,1,5,4,6,6,4,4,10,5,5,2,12,3,10,3,1,B03,7,5,1,8,2,2,,14,14,1,13,4,120.665349,24.159085,2
12484,66000,387130000C,(04)23274275,(04)23288582,2025,1,30,10,40,臺中市,南屯區,0,0,0,7,,,50,,,,,,,,,,,,,,14,,,,,B03,,,1,,1,,,49,49,1,6,4,120.643897,24.129965,4
12485,66000,387130000C,(04)23274275,(04)23288582,2025,1,30,10,41,臺中市,西屯區,0,0,0,7,,,50,,,,,,,,,,,,,,13,,,,,B03,,,1,,2,,,59,59,1,13,4,120.651057,24.166903,3
12486,66000,387130000C,(04)23274275,(04)23288582,2025,1,30,10,44,臺中市,清水區,0,1,0,7,2,6,70,13,9,1,5,4,6,6,4,4,8,3,4,1,12,3,10,3,1,B03,7,5,1,6,2,16,,47,47,1,12,4,120.593312,24.297924,2
12487,66000,387130000C,(04)23274275,(04)23288582,2025,1,30,10,45,臺中市,烏日區,0,2,0,7,2,6,50,4,1,1,5,4,6,6,4,4,5,4,5,1,12,2,9,1,1,C03,7,9,1,10,2,12,,8,8,1,6,4,120.628383,24.102474,2
12488,66000,387130000C,(04)23274275,(04)23288582,2025,1,30,10,46,臺中市,大里區,0,0,0,7,3,6,50,13,9,1,5,4,6,6,4,4,1,4,5,1,12,,,,,B03,,,1,,1,,,8,8,1,12,4,120.693224,24.104814,4
12489,66000,387130000C,(04)23274275,(04)23288582,2025,1,30,10,47,臺中市,北屯區,0,0,0,7,,,50,,,,,,,,,,,,,,14,,,,,B12,,,1,,2,,,49,49,1,12,4,120.721655,24.179548,3
12490,66000,387130000C,(04)23274275,(04)23288582,2025,1,30,10,48,臺中市,西屯區,0,0,0,7,,,50,,,,,,,,,,,,,,13,,,,,B03,,,1,,1,,,59,59,1,13,4,120.653908,24.162473,3
12491,66000,387130000C,(04)23274275,(04)23288582,2025,1,30,10,48,臺中市,西屯區,0,0,0,7,3,6,50,4,9,1,5,4,6,6,2,1,5,4,5,2,13,,,,,B03,,,1,,1,,,7,7,1,12,4,120.635436,24.176083,3
12492,66000,387130000C,(04)23274275,(04)23288582,2025,1,30,10,51,臺中市,大里區,0,0,0,7,,,50,,,,,,,,,,,,,,17,,,,,B03,,,1,,2,,,59,59,1,6,4,120.691682,24.074011,3
12493,66000,387130000C,(04)23274275,(04)23288582,2025,1,30,10,53,臺中市,東勢區,0,0,0,7,,,50,,,,,,,,,,,,,,2,,,,,B03,,,1,,2,,,7,7,1,12,4,120.867233,24.16731,3
12494,66000,387130000C,(04)23274275,(04)23288582,2025,1,30,10,55,臺中市,清水區,0,0,0,7,,,50,,,,,,,,,,,,,,,,,,,B12,,,1,,1,,,49,49,1,12,4,120.571546,24.261968,3
12495,66000,387130000C,(04)23274275,(04)23288582,2025,1,30,11,0,臺中市,大肚區,0,0,0,7,,,70,,,,,,,,,,,,,,13,,,,,B03,,,3,,1,,,7,7,1,6,4,120.553677,24.133809,3
12496,66000,387130000C,(04)23274275,(04)23288582,2025,1,30,11,6,臺中市,霧峰區,0,1,0,7,1,6,50,11,9,1,5,4,6,6,4,4,10,5,5,2,30,2,8,1,1,C03,7,9,1,10,2,12,,84,84,1,12,4,120.66371,24.063608,2
12497,66000,387130000C,(04)23274275,(04)23288582,2025,1,30,11,6,臺中市,豐原區,0,0,0,7,,,50,,,,,,,,,,,,,,17,,,,,B03,,,1,,2,,,11,11,1,12,4,120.722232,24.276818,3
12498,66000,387130000C,(04)23274275,(04)23288582,2025,1,30,11,10,臺中市,北區,0,0,0,7,,,50,,,,,,,,,,,,,,17,,,,,B03,,,1,,2,,,8,8,1,12,4,120.699045,24.154436,3
12499,66000,387130000C,(04)23274275,(04)23288582,2025,1,30,11,12,臺中市,清水區,0,2,0,7,2,6,50,13,7,1,5,4,6,6,4,4,8,3,4,2,11,2,9,1,1,C03,7,11,1,10,2,12,,45,45,1,12,4,120.567938,24.279039,2
12500,66000,387130000C,(04)23274275,(04)23288582,2025,1,30,11,14,臺中市,烏日區,0,0,0,7,,,70,,,,,,,,,,,,,,13,,,,,B03,,,1,,2,,,7,7,1,6,4,120.610726,24.107785,3
12501,66000,387130000C,(04)23274275,(04)23288582,2025,1,30,11,16,臺中市,潭子區,0,0,0,7,,,30,,,,,,,,,,,,,,,,,,,B03,,,1,,2,,,58,58,1,12,4,120.699907,24.211525,3
12502,66000,387130000C,(04)23274275,(04)23288582,2025,1,30,11,16,臺中市,大雅區,0,0,0,7,,,40,,,,,,,,,,,,,,,,,,,C03,,,1,,1,,,84,84,1,12,4,120.639954,24.218872,3
12503,66000,387130000C,(04)23274275,(04)23288582,2025,1,30,11,17,臺中市,北屯區,0,0,0,7,,,50,,,,,,,,,,,,,,,,,,,B03,,,1,,1,,,8,8,1,12,4,120.72147,24.162428,3
12504,66000,387130000C,(04)23274275,(04)23288582,2025,1,30,11,30,臺中市,南屯區,0,0,0,7,,,50,,,,,,,,,,,,,,13,,,,,B02,,,1,,1,,,7,7,1,12,4,120.624926,24.149218,3
12505,66000,387130000C,(04)23274275,(04)23288582,2025,1,30,11,30,臺中市,烏日區,0,0,0,7,,,40,,,,,,,,,,,,,,13,,,,,B03,,,1,,2,,,7,7,1,6,4,120.59435,24.112775,3
12506,66000,387130000C,(04)23274275,(04)23288582,2025,1,30,11,32,臺中市,西區,0,0,0,7,,,50,,,,,,,,,,,,,,13,,,,,B03,,,1,,1,,,7,7,1,13,4,120.679533,24.138064,3
12507,66000,387130000C,(04)23274275,(04)23288582,2025,1,30,11,32,臺中市,南區,0,0,0,7,,,50,,,,,,,,,,,,,,,,,,,F01,,,1,,1,,,84,84,1,12,4,120.676804,24.130958,3
12508,66000,387130000C,(04)23274275,(04)23288582,2025,1,30,11,37,臺中市,神岡區,0,0,0,7,,,30,,,,,,,,,,,,,,14,,,,,B03,,,1,,2,,,49,49,1,13,4,120.661422,24.269349,3
12509,66000,387130000C,(04)23274275,(04)23288582,2025,1,30,11,38,臺中市,西屯區,0,1,0,7,2,6,60,3,1,1,5,4,6,6,4,4,1,4,5,2,16,3,10,2,1,C03,7,5,3,19,1,12,,47,47,1,12,4,120.636815,24.179053,2
12510,66000,387130000C,(04)23274275,(04)23288582,2025,1,30,11,40,臺中市,清水區,0,0,0,7,2,6,30,11,9,1,5,4,6,6,4,4,8,5,5,2,20,,,,,B03,,,1,,1,,,87,87,1,12,4,120.545258,24.287598,3
12511,66000,387130000C,(04)23274275,(04)23288582,2025,1,30,11,40,臺中市,豐原區,0,1,0,7,2,6,50,13,8,1,5,4,6,6,1,1,5,4,4,2,16,3,10,3,1,B03,7,7,1,8,2,5,,40,40,1,6,4,120.745259,24.259813,2
12512,66000,387130000C,(04)23274275,(04)23288582,2025,1,30,11,41,臺中市,西區,0,2,0,7,1,6,50,4,1,1,5,4,6,6,1,1,10,5,5,2,15,3,10,5,4,B03,7,9,1,8,2,5,,21,21,1,12,4,120.663134,24.163151,2
12513,66000,387130000C,(04)23274275,(04)23288582,2025,1,30,11,41,臺中市,北區,0,1,0,7,2,6,50,4,1,1,5,4,6,6,4,4,5,5,5,2,17,3,10,5,1,B03,7,9,1,8,2,8,,12,12,1,13,4,120.699866,24.152284,2
12514,66000,387130000C,(04)23274275,(04)23288582,2025,1,30,11,41,臺中市,西屯區,0,0,0,7,,,50,,,,,,,,,,,,,,13,,,,,B03,,,1,,1,,,7,7,1,12,4,120.654613,24.200676,3
12515,66000,387130000C,(04)23274275,(04)23288582,2025,1,30,11,41,臺中市,西屯區,0,0,0,7,,,50,,,,,,,,,,,,,,13,,,,,B03,,,1,,1,,,56,56,1,12,4,120.652321,24.206362,3
12516,66000,387130000C,(04)23274275,(04)23288582,2025,1,30,11,45,臺中市,大肚區,0,2,0,7,2,6,30,13,9,1,5,4,6,6,4,4,10,5,5,2,3,2,9,1,1,C03,7,9,2,19,2,11,,6,6,1,4,4,120.548274,24.14811,2
12517,66000,387130000C,(04)23274275,(04)23288582,2025,1,30,11,45,臺中市,神岡區,0,1,0,7,2,6,50,5,1,1,5,4,6,6,1,1,10,5,5,2,17,2,9,1,1,C03,7,9,1,10,2,16,,59,59,1,12,4,120.657015,24.264366,2
12518,66000,387130000C,(04)23274275,(04)23288582,2025,1,30,11,48,臺中市,大雅區,0,0,0,7,,,50,,,,,,,,,,,,,,,,,,,B03,,,1,,1,,,45,45,1,12,4,120.656604,24.226122,3
12519,66000,387130000C,(04)23274275,(04)23288582,2025,1,30,11,50,臺中市,潭子區,0,0,0,7,,,80,,,,,,,,,,,,,,,,,,,B03,,,1,,9,,,7,7,1,13,4,120.722581,24.191353,3
12520,66000,387130000C,(04)23274275,(04)23288582,2025,1,30,11,50,臺中市,太平區,0,0,0,7,,,30,,,,,,,,,,,,,,17,,,,,B03,,,1,,2,,,49,49,1,6,4,120.714018,24.148931,3
12521,66000,387130000C,(04)23274275,(04)23288582,2025,1,30,11,50,臺中市,梧棲區,0,0,0,7,,,50,,,,,,,,,,,,,,13,,,,,B03,,,1,,1,,,7,7,1,6,4,120.53539,24.259151,3
12522,66000,387130000C,(04)23274275,(04)23288582,2025,1,30,11,52,臺中市,豐原區,0,1,0,7,2,6,30,11,9,1,5,4,6,6,4,4,10,5,5,1,11,3,10,3,1,B03,7,6,1,8,2,8,,41,41,1,12,4,120.734444,24.236782,2
12523,66000,387130000C,(04)23274275,(04)23288582,2025,1,30,11,53,臺中市,西屯區,0,0,0,7,,,40,,,,,,,,,,,,,,13,,,,,B03,,,1,,1,,,7,7,1,13,4,120.636321,24.160222,3
12524,66000,387130000C,(04)23274275,(04)23288582,2025,1,30,11,56,臺中市,烏日區,0,0,0,7,,,50,,,,,,,,,,,,,,17,,,,,B03,,,1,,1,,,76,76,1,6,4,120.617438,24.111778,3
12525,66000,387130000C,(04)23274275,(04)23288582,2025,1,30,12,0,臺中市,北屯區,0,0,0,7,,,50,,,,,,,,,,,,,,13,,,,,B03,,,1,,1,,,59,59,1,13,4,120.686685,24.199096,3
12526,66000,387130000C,(04)23274275,(04)23288582,2025,1,30,12,6,臺中市,石岡區,0,0,0,7,,,70,,,,,,,,,,,,,,17,,,,,B02,,,1,,1,,,45,45,1,12,4,120.811406,24.263169,3
12527,66000,387130000C,(04)23274275,(04)23288582,2025,1,30,12,17,臺中市,大里區,0,1,0,7,1,6,50,13,9,1,5,4,6,6,4,4,8,5,5,1,12,3,10,3,1,B03,7,11,1,8,2,8,1,20,20,1,13,4,120.713403,24.093881,2
12528,66000,387130000C,(04)23274275,(04)23288582,2025,1,30,12,18,臺中市,北區,0,1,0,7,2,6,50,4,1,1,5,4,6,6,2,1,10,5,5,2,12,3,10,3,1,B03,7,5,1,8,2,5,,11,11,1,13,4,120.675763,24.159095,2
12529,66000,387130000C,(04)23274275,(04)23288582,2025,1,30,12,20,臺中市,南屯區,0,1,0,7,1,6,50,4,1,1,5,4,6,6,2,1,10,5,5,2,18,2,9,1,1,C03,7,9,1,10,2,14,,59,59,1,6,4,120.613083,24.140038,2
12530,66000,387130000C,(04)23274275,(04)23288582,2025,1,30,12,33,臺中市,東區,0,0,0,7,,,50,,,,,,,,,,,,,,,,,,,B03,,,1,,2,,,51,51,1,12,4,120.708791,24.148211,3
12531,66000,387130000C,(04)23274275,(04)23288582,2025,1,30,12,36,臺中市,龍井區,0,1,0,7,3,6,90,13,7,1,5,4,6,6,4,4,1,4,5,1,13,3,10,3,1,B03,7,9,1,8,2,1,,59,59,1,6,4,120.513796,24.198731,2
12532,66000,387130000C,(04)23274275,(04)23288582,2025,1,30,12,40,臺中市,大雅區,0,2,0,7,3,6,50,13,9,1,5,4,6,6,4,4,5,5,5,1,17,2,9,2,1,C03,7,9,1,10,2,11,,7,7,1,12,4,120.650042,24.220638,2
12533,66000,387130000C,(04)23274275,(04)23288582,2025,1,30,12,42,臺中市,豐原區,0,0,0,7,,,30,,,,,,,,,,,,,,14,,,,,B03,,,1,,2,,,49,49,1,12,4,120.732117,24.240332,3
12534,66000,387130000C,(04)23274275,(04)23288582,2025,1,30,12,50,臺中市,北屯區,0,0,0,7,,,50,,,,,,,,,,,,,,12,,,,,B12,,,1,,1,,,84,84,1,12,4,120.740863,24.164858,3
12535,66000,387130000C,(04)23274275,(04)23288582,2025,1,30,12,56,臺中市,大甲區,0,1,0,7,2,6,40,13,9,1,5,4,6,6,4,4,7,4,5,1,2,3,10,3,1,B03,7,9,1,4,2,5,,29,29,1,12,4,120.622953,24.345285,2
12536,66000,387130000C,(04)23274275,(04)23288582,2025,1,30,12,59,臺中市,西區,0,0,0,7,3,6,50,13,8,1,5,4,6,6,4,4,1,3,1,2,12,,,,,B03,,,1,,2,,,40,40,1,13,4,120.659105,24.157185,3
12537,66000,387130000C,(04)23274275,(04)23288582,2025,1,30,13,0,臺中市,烏日區,0,0,0,7,,,50,,,,,,,,,,,,,,13,,,,,B03,,,1,,1,,,84,84,1,6,4,120.638134,24.107693,3
12538,66000,387130000C,(04)23274275,(04)23288582,2025,1,30,13,9,臺中市,北區,0,2,0,7,2,6,50,3,1,1,5,4,6,6,3,1,5,4,4,2,17,3,10,5,1,B03,7,6,1,8,2,1,,24,24,1,13,4,120.668471,24.169854,2
12539,66000,387130000C,(04)23274275,(04)23288582,2025,1,30,13,10,臺中市,北屯區,0,0,0,7,,,50,,,,,,,,,,,,,,14,,,,,B03,,,1,,1,,,50,50,1,12,4,120.740949,24.165634,3
12540,66000,387130000C,(04)23274275,(04)23288582,2025,1,30,13,10,臺中市,梧棲區,0,2,0,7,2,6,60,4,1,1,5,4,6,6,1,1,10,5,5,2,16,3,10,3,1,B03,7,5,1,8,2,2,,38,38,1,12,4,120.524921,24.254295,2
12541,66000,387130000C,(04)23274275,(04)23288582,2025,1,30,13,10,臺中市,后里區,0,1,0,7,2,6,50,4,1,1,5,4,6,6,1,1,10,5,5,2,11,3,10,3,1,B03,7,6,1,8,2,2,,11,11,1,12,4,120.72215,24.308791,2
12542,66000,387130000C,(04)23274275,(04)23288582,2025,1,30,13,15,臺中市,南屯區,0,0,0,7,,,50,,,,,,,,,,,,,,16,,,,,B11,,,1,,1,,,40,40,1,6,4,120.640115,24.141405,3
12543,66000,387130000C,(04)23274275,(04)23288582,2025,1,30,13,21,臺中市,太平區,0,0,0,7,,,50,,,,,,,,,,,,,,14,,,,,B12,,,1,,2,,,49,49,1,12,4,120.734296,24.143958,3
12544,66000,387130000C,(04)23274275,(04)23288582,2025,1,30,13,25,臺中市,豐原區,0,0,0,7,,,50,,,,,,,,,,,,,,13,,,,,B03,,,1,,1,,,7,7,1,12,4,120.714744,24.24597,3
12545,66000,387130000C,(04)23274275,(04)23288582,2025,1,30,13,26,臺中市,南屯區,0,0,0,7,,,50,,,,,,,,,,,,,,17,,,,,B03,,,1,,2,,,45,45,1,6,4,120.651294,24.148472,3
12546,66000,387130000C,(04)23274275,(04)23288582,2025,1,30,13,29,臺中市,大雅區,0,1,0,7,3,6,50,4,1,1,5,4,6,6,1,1,10,5,5,2,17,2,9,2,1,C03,7,9,1,10,2,12,,6,6,1,12,4,120.657676,24.242384,2
12547,66000,387130000C,(04)23274275,(04)23288582,2025,1,30,13,30,臺中市,南屯區,0,0,0,7,3,6,0,13,21,1,5,4,6,6,4,4,3,4,5,2,14,,,,,B03,,,1,,1,,,49,49,1,12,4,120.646016,24.150666,3
12548,66000,387130000C,(04)23274275,(04)23288582,2025,1,30,13,30,臺中市,梧棲區,0,0,0,7,,,50,,,,,,,,,,,,,,17,,,,,B03,,,1,,1,,,51,51,1,6,4,120.52791,24.258696,3
12549,66000,387130000C,(04)23274275,(04)23288582,2025,1,30,13,32,臺中市,南屯區,0,1,0,7,3,6,50,4,1,1,5,4,6,6,4,4,10,5,5,2,15,2,9,2,1,C03,7,9,1,10,2,12,,15,15,1,12,4,120.612479,24.147223,2
12550,66000,387130000C,(04)23274275,(04)23288582,2025,1,30,13,35,臺中市,西屯區,0,0,0,7,3,6,50,4,9,1,5,4,6,6,4,4,5,4,5,2,13,,,,,B03,,,1,,1,,,7,7,1,12,4,120.617669,24.188269,3
12551,66000,387130000C,(04)23274275,(04)23288582,2025,1,30,13,37,臺中市,神岡區,0,0,0,7,,,50,,,,,,,,,,,,,,13,,,,,B03,,,1,,2,,,7,7,1,12,4,120.665137,24.273898,3
12552,66000,387130000C,(04)23274275,(04)23288582,2025,1,30,13,48,臺中市,北屯區,0,0,0,7,,,50,,,,,,,,,,,,,,16,,,,,B03,,,1,,1,,,45,45,1,12,4,120.720766,24.161516,3
12553,66000,387130000C,(04)23274275,(04)23288582,2025,1,30,13,53,臺中市,大里區,0,1,0,7,2,6,30,13,9,1,5,4,6,6,4,4,10,5,5,2,14,3,10,3,1,B03,7,2,1,8,2,6,,49,49,1,13,4,120.681229,24.101606,2
12554,66000,387130000C,(04)23274275,(04)23288582,2025,1,30,14,2,臺中市,北屯區,0,1,0,7,2,6,50,11,9,1,5,4,6,6,4,4,4,3,5,2,18,2,9,2,1,C03,7,9,1,8,2,11,12,59,59,1,13,4,120.755293,24.166961,2
12555,66000,387130000C,(04)23274275,(04)23288582,2025,1,30,14,2,臺中市,外埔區,0,1,0,7,2,6,30,4,1,1,5,4,6,2,4,4,10,5,5,1,11,3,10,3,1,B03,7,9,1,8,2,7,,84,84,1,6,4,120.715466,24.342767,2
12556,66000,387130000C,(04)23274275,(04)23288582,2025,1,30,14,10,臺中市,梧棲區,0,0,0,7,,,50,,,,,,,,,,,,,,16,,,,,B03,,,3,,2,,,21,21,1,6,4,120.533578,24.254141,3
12557,66000,387130000C,(04)23274275,(04)23288582,2025,1,30,14,13,臺中市,潭子區,0,0,0,7,,,30,,,,,,,,,,,,,,14,,,,,B03,,,1,,9,,,49,49,1,13,4,120.707926,24.21447,3
12558,66000,387130000C,(04)23274275,(04)23288582,2025,1,30,14,15,臺中市,西區,0,0,0,7,,,50,,,,,,,,,,,,,,13,,,,,B03,,,1,,1,,,7,7,1,13,4,120.65899,24.155572,3
12559,66000,387130000C,(04)23274275,(04)23288582,2025,1,30,14,15,臺中市,大肚區,0,0,0,7,,,70,,,,,,,,,,,,,,13,,,,,B02,,,1,,2,,,84,84,1,6,4,120.548354,24.14328,3
12560,66000,387130000C,(04)23274275,(04)23288582,2025,1,30,14,15,臺中市,清水區,0,1,0,7,3,6,30,4,1,1,5,4,6,6,4,4,10,5,5,2,15,3,10,3,1,B03,7,9,1,8,2,6,,15,15,1,12,4,120.551404,24.275007,2
12561,66000,387130000C,(04)23274275,(04)23288582,2025,1,30,14,18,臺中市,大里區,0,0,0,7,3,6,50,13,9,1,5,4,6,6,4,4,5,5,5,1,12,,,,,B03,,,1,,2,,,20,20,1,12,4,120.700983,24.110393,3
12562,66000,387130000C,(04)23274275,(04)23288582,2025,1,30,14,18,臺中市,新社區,0,0,0,7,,,50,,,,,,,,,,,,,,11,,,,,B03,,,1,,9,,,26,26,1,12,4,120.837762,24.153672,3
12563,66000,387130000C,(04)23274275,(04)23288582,2025,1,30,14,20,臺中市,沙鹿區,0,1,0,7,3,6,50,3,1,1,5,4,6,6,4,4,10,4,4,2,12,3,10,3,1,B03,7,5,1,8,2,5,,14,14,1,13,4,120.560097,24.238886,2
12564,66000,387130000C,(04)23274275,(04)23288582,2025,1,30,14,22,臺中市,大肚區,0,0,0,7,,,50,,,,,,,,,,,,,,,,,,,B03,,,1,,2,,,8,8,1,6,4,120.565396,24.122999,3
12565,66000,387130000C,(04)23274275,(04)23288582,2025,1,30,14,36,臺中市,大里區,0,0,0,7,2,3,80,13,9,1,5,4,6,6,4,4,1,3,5,1,13,,,,,B03,,,1,,2,,,7,7,1,13,4,120.684189,24.075951,3
12566,66000,387130000C,(04)23274275,(04)23288582,2025,1,30,14,38,臺中市,東勢區,0,1,0,7,2,6,50,13,9,1,5,4,6,6,4,4,5,5,5,1,17,3,10,3,1,B03,7,3,1,8,2,8,,50,50,1,12,4,120.828716,24.252159,2
12567,66000,387130000C,(04)23274275,(04)23288582,2025,1,30,14,39,臺中市,北屯區,0,0,0,7,,,50,,,,,,,,,,,,,,13,,,,,B03,,,1,8,2,,,7,7,1,12,4,120.73042,24.177167,3
12568,66000,387130000C,(04)23274275,(04)23288582,2025,1,30,14,41,臺中市,沙鹿區,0,0,0,7,,,30,,,,,,,,,,,,,,14,,,,,B03,,,1,,2,,,49,49,1,6,4,120.559973,24.242322,3
12569,66000,387130000C,(04)23274275,(04)23288582,2025,1,30,14,54,臺中市,東區,0,1,0,7,2,6,50,5,1,1,5,4,6,6,1,1,10,5,5,2,16,3,10,3,1,B01,7,6,1,1,2,2,,11,11,1,12,4,120.702482,24.131569,2
12570,66000,387130000C,(04)23274275,(04)23288582,2025,1,30,15,0,臺中市,中區,0,0,0,7,,,50,,,,,,,,,,,,,,,,,,,C03,,,1,,1,,,48,48,1,12,4,120.681666,24.144602,3
12571,66000,387130000C,(04)23274275,(04)23288582,2025,1,30,15,1,臺中市,太平區,0,1,0,7,2,6,50,13,9,1,5,4,6,6,4,4,5,5,5,1,2,,,,,,,9,,,,,,86,86,2,,,120.724579,24.131045,2
12572,66000,387130000C,(04)23274275,(04)23288582,2025,1,30,15,15,臺中市,大肚區,0,1,0,7,2,6,60,11,7,1,5,4,6,6,4,4,1,4,1,2,17,3,10,5,4,B03,7,7,1,8,11,16,,40,40,1,6,4,120.582275,24.167992,2
12573,66000,387130000C,(04)23274275,(04)23288582,2025,1,30,15,15,臺中市,大安區,0,0,0,7,,,50,,,,,,,,,,,,,,,,,,,C03,,,1,,2,,,40,40,1,6,4,120.585762,24.364999,3
12574,66000,387130000C,(04)23274275,(04)23288582,2025,1,30,15,20,臺中市,大肚區,0,0,0,7,,,50,,,,,,,,,,,,,,,,,,,B03,,,1,,1,,,7,7,1,6,4,120.566644,24.122454,3
12575,66000,387130000C,(04)23274275,(04)23288582,2025,1,30,15,22,臺中市,北屯區,0,1,0,7,2,6,50,4,1,1,5,4,6,6,2,1,10,5,5,2,16,3,10,3,1,B03,7,5,1,8,1,2,,47,47,1,12,4,120.704282,24.164741,2
12576,66000,387130000C,(04)23274275,(04)23288582,2025,1,30,15,23,臺中市,豐原區,0,0,0,7,,,50,,,,,,,,,,,,,,13,,,,,B03,,,1,,2,,,84,84,1,13,4,120.714983,24.249135,3
12577,66000,387130000C,(04)23274275,(04)23288582,2025,1,30,15,27,臺中市,北屯區,0,0,0,7,,,50,,,,,,,,,,,,,,,,,,,B03,,,1,,2,,,51,51,1,12,4,120.680075,24.171856,3
12578,66000,387130000C,(04)23274275,(04)23288582,2025,1,30,15,30,臺中市,大甲區,0,0,0,7,,,40,,,,,,,,,,,,,,,,,,,B03,,,1,,2,,,49,49,1,12,4,120.623206,24.347946,3
12579,66000,387130000C,(04)23274275,(04)23288582,2025,1,30,15,30,臺中市,和平區,0,0,0,7,,,25,,,,,,,,,,,,,,19,,,,,B03,,,1,8,2,,,84,84,1,12,4,120.94968,24.237382,3
12580,66000,387130000C,(04)23274275,(04)23288582,2025,1,30,15,34,臺中市,石岡區,0,3,0,7,2,6,50,13,12,1,5,4,6,6,4,4,1,4,4,1,13,2,9,1,1,C03,7,9,1,10,2,11,,7,7,1,12,4,120.772041,24.274915,2
12581,66000,387130000C,(04)23274275,(04)23288582,2025,1,30,15,34,臺中市,新社區,0,0,0,7,,,,,,,,,,,,,,,,,9,,,,,,,,,,,,,119,119,1,,,120.809674,24.248542,3
12582,66000,387130000C,(04)23274275,(04)23288582,2025,1,30,15,35,臺中市,新社區,0,0,0,7,,,50,,,,,,,,,,,,,,13,,,,,C03,,,1,,2,,,7,7,1,10,4,120.799334,24.200573,3
12583,66000,387130000C,(04)23274275,(04)23288582,2025,1,30,15,37,臺中市,新社區,0,0,0,7,,,50,,,,,,,,,,,,,,13,,,,,C03,,,1,,2,,,7,7,1,10,4,120.801222,24.198416,3