序號,縣市別代碼,機關代碼,市話,傳真,年,月,日,時,分,縣市,區,死亡數量,受傷數量,2-30,天候,道路照明設備,道路類別,道路速限,道路型態,事故位置,路面鋪裝,路面狀態,路面缺陷,障礙物,視距,號誌種類,號誌動作,分向設施,快車道或一般車道間,快慢車道間,路面邊線,事故類型及型態,受傷程度,主要傷處,保護裝備,行動電話或功能裝置,當事者區分(類別),車輛用途,當事者行動狀態,駕照狀態,駕照種類,飲酒情形,車輛撞擊部位最初,車輛撞擊部位其他,肇事因素個別,肇事因素主要,肇事逃逸,職業,共享經濟或外送平台,GPS座標X,GPS座標Y,事故類別
12584,66000,387130000C,(04)23274275,(04)23288582,2025,1,30,15,43,臺中市,北區,0,3,0,7,2,6,30,4,1,1,5,4,6,6,4,4,5,5,5,2,17,2,9,5,1,C03,7,9,1,10,2,12,,15,15,1,13,4,120.672931,24.156477,2
12585,66000,387130000C,(04)23274275,(04)23288582,2025,1,30,15,46,臺中市,大里區,0,0,0,7,,,50,,,,,,,,,,,,,,12,,,,,B03,,,1,,2,,,8,8,1,12,4,120.691925,24.100466,3
12586,66000,387130000C,(04)23274275,(04)23288582,2025,1,30,15,51,臺中市,東區,0,3,0,7,3,6,30,3,1,1,5,4,6,6,4,4,10,5,5,2,16,2,8,2,1,C03,7,6,1,10,2,11,,13,13,1,13,4,120.69426,24.132973,2
12587,66000,387130000C,(04)23274275,(04)23288582,2025,1,30,15,55,臺中市,大雅區,0,1,0,7,2,6,40,13,8,1,5,4,6,6,4,4,5,4,4,1,17,2,9,2,1,F01,7,9,7,21,2,14,,84,84,1,12,4,120.643964,24.208216,2
12588,66000,387130000C,(04)23274275,(04)23288582,2025,1,30,15,56,臺中市,清水區,0,0,0,7,2,6,50,13,9,1,5,4,6,6,4,4,8,3,4,2,12,,,,,B03,,,1,,9,,,7,7,1,12,4,120.539101,24.268643,3
12589,66000,387130000C,(04)23274275,(04)23288582,2025,1,30,15,58,臺中市,清水區,0,0,0,7,2,6,50,3,1,1,5,4,6,6,4,4,8,3,5,1,14,,,,,,,,,,,,,,,,,,120.588882,24.296912,3
12590,66000,387130000C,(04)23274275,(04)23288582,2025,1,30,16,2,臺中市,中區,0,0,0,7,,,50,,,,,,,,,,,,,,13,,,,,B03,,,1,,1,,,84,84,1,12,4,120.68373,24.138658,3
12591,66000,387130000C,(04)23274275,(04)23288582,2025,1,30,16,2,臺中市,南屯區,0,0,0,7,,,50,,,,,,,,,,,,,,2,,,,,C03,,,1,,2,,,7,7,1,12,2,120.64654,24.131948,3
12592,66000,387130000C,(04)23274275,(04)23288582,2025,1,30,16,15,臺中市,西屯區,0,0,0,7,,,50,,,,,,,,,,,,,,16,,,,,A02,,,1,,2,,,84,84,1,13,4,120.613996,24.183817,3
12593,66000,387130000C,(04)23274275,(04)23288582,2025,1,30,16,16,臺中市,潭子區,0,0,0,7,,,60,,,,,,,,,,,,,,,,,,,B03,,,1,,2,,,7,7,1,13,4,120.702254,24.192445,3
12594,66000,387130000C,(04)23274275,(04)23288582,2025,1,30,16,29,臺中市,北屯區,0,0,0,7,,,50,,,,,,,,,,,,,,13,,,,,B03,,,1,,1,,,84,84,1,12,4,120.677078,24.185883,3
12595,66000,387130000C,(04)23274275,(04)23288582,2025,1,30,16,33,臺中市,龍井區,0,1,0,7,3,6,50,3,1,1,5,4,6,6,4,4,10,5,5,2,16,3,10,3,1,B03,7,5,1,8,1,2,,29,29,1,6,4,120.513229,24.196702,2
12596,66000,387130000C,(04)23274275,(04)23288582,2025,1,30,16,34,臺中市,清水區,0,0,0,7,,,50,,,,,,,,,,,,,,,,,,,B03,,,1,,1,,,7,7,1,12,4,120.576732,24.272301,3
12597,66000,387130000C,(04)23274275,(04)23288582,2025,1,30,16,52,臺中市,沙鹿區,0,0,0,7,,,50,,,,,,,,,,,,,,13,,,,,B03,,,1,,2,,,59,59,1,13,4,120.562214,24.232969,3
12598,66000,387130000C,(04)23274275,(04)23288582,2025,1,30,16,53,臺中市,太平區,0,1,0,7,3,6,50,13,9,1,5,4,6,6,1,1,5,2,5,1,13,2,7,1,1,C03,7,9,1,10,2,11,,7,7,1,6,4,120.724328,24.130168,2
12599,66000,387130000C,(04)23274275,(04)23288582,2025,1,30,16,56,臺中市,豐原區,0,0,0,7,2,6,50,3,2,1,5,4,6,6,2,1,1,3,5,1,12,3,10,3,1,B03,7,7,1,8,2,2,,40,40,1,12,4,120.708943,24.252064,3
12600,66000,387130000C,(04)23274275,(04)23288582,2025,1,30,16,57,臺中市,外埔區,0,1,0,7,2,6,50,4,1,1,5,4,6,6,2,1,9,4,4,1,16,3,10,3,1,B12,7,5,1,8,2,5,,11,11,1,6,4,120.656585,24.328621,2
12601,66000,387130000C,(04)23274275,(04)23288582,2025,1,30,17,1,臺中市,潭子區,0,0,0,7,,,50,,,,,,,,,,,,,,,,,,,B03,,,5,,2,,,59,59,1,13,4,120.723092,24.204046,3
12602,66000,387130000C,(04)23274275,(04)23288582,2025,1,30,17,5,臺中市,石岡區,0,0,0,7,,,50,,,,,,,,,,,,,,10,,,,,B03,,,1,,2,,,50,50,1,13,4,120.777155,24.274242,3
12603,66000,387130000C,(04)23274275,(04)23288582,2025,1,30,17,6,臺中市,北屯區,0,1,0,7,2,6,50,13,9,1,5,4,6,6,4,4,1,4,5,2,18,2,8,1,1,C03,7,9,1,10,2,14,,82,82,1,12,4,120.694027,24.171628,2
12604,66000,387130000C,(04)23274275,(04)23288582,2025,1,30,17,10,臺中市,后里區,0,0,0,7,,,60,,,,,,,,,,,,,,12,,,,,B03,,,1,,2,,,47,47,1,6,4,120.723356,24.289726,3
12605,66000,387130000C,(04)23274275,(04)23288582,2025,1,30,17,11,臺中市,北屯區,0,0,0,7,,,50,,,,,,,,,,,,,,,,,,,B03,,,1,,2,,,39,39,1,12,4,120.673192,24.181224,3
12606,66000,387130000C,(04)23274275,(04)23288582,2025,1,30,17,12,臺中市,神岡區,0,0,0,7,,,50,,,,,,,,,,,,,,16,,,,,B02,,,1,,2,,,84,84,1,13,4,120.659824,24.258983,3
12607,66000,387130000C,(04)23274275,(04)23288582,2025,1,30,17,13,臺中市,大甲區,0,2,0,7,3,6,50,4,1,1,5,4,6,6,4,4,10,5,5,2,17,3,10,3,1,B03,7,9,1,8,2,2,,15,15,1,6,4,120.644038,24.405414,2
12608,66000,387130000C,(04)23274275,(04)23288582,2025,1,30,17,22,臺中市,東勢區,0,0,0,7,,,40,,,,,,,,,,,,,,14,,,,,B03,,,1,,1,,,50,50,1,13,4,120.829518,24.25697,3
12609,66000,387130000C,(04)23274275,(04)23288582,2025,1,30,17,44,臺中市,大甲區,0,0,0,7,,,50,,,,,,,,,,,,,,,,,,,B03,,,1,,1,,,84,84,1,6,4,120.6275,24.351746,3
12610,66000,387130000C,(04)23274275,(04)23288582,2025,1,30,17,44,臺中市,大甲區,0,0,0,7,,,70,,,,,,,,,,,,,,,,,,,B03,,,1,,1,,,7,7,1,12,4,120.618357,24.340494,3
12611,66000,387130000C,(04)23274275,(04)23288582,2025,1,30,17,45,臺中市,清水區,0,1,0,7,3,6,30,5,1,1,5,4,6,6,4,4,10,5,5,2,15,2,8,1,1,C03,7,9,1,10,2,14,,12,12,1,12,4,120.575923,24.274846,2
12612,66000,387130000C,(04)23274275,(04)23288582,2025,1,30,18,3,臺中市,西屯區,0,0,0,7,,,50,,,,,,,,,,,,,,13,,,,,C03,,,1,,1,,,7,7,1,13,4,120.635045,24.171096,3
12613,66000,387130000C,(04)23274275,(04)23288582,2025,1,30,18,6,臺中市,西屯區,0,0,0,7,1,6,50,5,2,1,5,4,6,6,2,1,10,5,5,2,16,3,10,3,4,B03,7,6,1,8,1,2,,23,23,1,12,4,120.593044,24.183185,3
12614,66000,387130000C,(04)23274275,(04)23288582,2025,1,30,18,10,臺中市,東勢區,0,0,0,7,,,50,,,,,,,,,,,,,,2,,,,,B03,,,1,,2,,,7,7,1,13,4,120.797497,24.206629,3
12615,66000,387130000C,(04)23274275,(04)23288582,2025,1,30,18,11,臺中市,烏日區,0,2,0,7,1,6,50,4,1,1,5,4,6,6,4,4,10,5,5,2,13,3,10,5,4,C03,7,9,1,10,2,11,,7,7,1,5,4,120.638063,24.11184,2
12616,66000,387130000C,(04)23274275,(04)23288582,2025,1,30,18,15,臺中市,北屯區,0,1,0,7,1,6,50,13,9,1,5,4,6,6,4,4,1,4,5,2,12,3,10,3,1,B03,7,9,1,8,2,2,,8,8,1,12,4,120.695534,24.167381,2
12617,66000,387130000C,(04)23274275,(04)23288582,2025,1,30,18,18,臺中市,西區,0,0,0,7,,,40,,,,,,,,,,,,,,14,,,,,B03,,,1,,2,,,49,49,1,12,4,120.671641,24.137267,3
12618,66000,387130000C,(04)23274275,(04)23288582,2025,1,30,18,19,臺中市,西區,0,0,0,7,,,50,,,,,,,,,,,,,,,,,,,B03,,,1,,1,,,49,49,1,13,4,120.663096,24.146699,3
12619,66000,387130000C,(04)23274275,(04)23288582,2025,1,30,18,22,臺中市,后里區,0,0,0,7,,,50,,,,,,,,,,,,,,14,,,,,B03,,,1,,2,,,49,49,1,12,4,120.708161,24.305811,3
12620,66000,387130000C,(04)23274275,(04)23288582,2025,1,30,18,26,臺中市,北屯區,0,1,0,7,1,6,50,4,1,1,5,4,6,6,1,1,10,5,5,2,15,2,9,1,1,C03,7,9,1,10,2,12,,21,21,1,12,4,120.722489,24.172549,2
12621,66000,387130000C,(04)23274275,(04)23288582,2025,1,30,18,26,臺中市,豐原區,0,0,0,7,,,40,,,,,,,,,,,,,,17,,,,,C03,,,1,,2,,,84,84,1,12,4,120.720358,24.250582,3
12622,66000,387130000C,(04)23274275,(04)23288582,2025,1,30,18,38,臺中市,北屯區,0,0,0,7,,,50,,,,,,,,,,,,,,13,,,,,B03,,,1,,2,,,59,59,1,13,4,120.676382,24.201145,3
12623,66000,387130000C,(04)23274275,(04)23288582,2025,1,30,18,40,臺中市,沙鹿區,0,0,0,7,1,6,50,4,9,1,5,4,6,6,1,1,4,4,5,2,15,,,,,C03,,,1,,2,,,21,21,1,12,4,120.553833,24.23108,3
12624,66000,387130000C,(04)23274275,(04)23288582,2025,1,30,18,48,臺中市,豐原區,0,0,0,7,,,30,,,,,,,,,,,,,,11,,,,,C03,,,3,,9,,,84,84,2,13,4,120.703009,24.251386,3
12625,66000,387130000C,(04)23274275,(04)23288582,2025,1,30,18,52,臺中市,北區,0,0,0,7,,,50,,,,,,,,,,,,,,17,,,,,B03,,,1,,1,,,40,40,1,12,4,120.686374,24.146232,3
12626,66000,387130000C,(04)23274275,(04)23288582,2025,1,30,18,54,臺中市,大里區,0,0,0,7,,,40,,,,,,,,,,,,,,,,,,,C03,,,1,,1,,,49,49,1,12,4,120.676712,24.11504,3
12627,66000,387130000C,(04)23274275,(04)23288582,2025,1,30,18,55,臺中市,霧峰區,0,0,0,7,,,50,,,,,,,,,,,,,,,,,,,B03,,,1,,2,,,84,84,1,13,4,120.698048,24.059434,3
12628,66000,387130000C,(04)23274275,(04)23288582,2025,1,30,18,59,臺中市,豐原區,0,0,0,7,1,6,50,3,8,1,5,4,6,6,4,4,1,4,4,1,12,3,10,3,1,B03,7,7,1,8,2,2,,40,40,1,12,4,120.752187,24.27158,3
12629,66000,387130000C,(04)23274275,(04)23288582,2025,1,30,19,1,臺中市,西屯區,0,0,0,7,,,40,,,,,,,,,,,,,,16,,,,,C03,,,1,,1,,,48,48,1,12,4,120.657199,24.194548,3
12630,66000,387130000C,(04)23274275,(04)23288582,2025,1,30,19,5,臺中市,豐原區,0,0,0,7,,,50,,,,,,,,,,,,,,17,,,,,B03,,,1,,2,,,84,84,1,12,4,120.732771,24.250731,3
12631,66000,387130000C,(04)23274275,(04)23288582,2025,1,30,19,8,臺中市,太平區,0,1,0,7,1,6,50,4,1,1,5,4,6,6,1,1,10,5,5,2,16,2,9,2,1,C03,7,6,1,8,2,11,,36,36,1,12,4,120.716189,24.133468,2
12632,66000,387130000C,(04)23274275,(04)23288582,2025,1,30,19,8,臺中市,神岡區,0,1,0,7,1,6,50,3,2,1,5,4,6,6,4,4,5,4,5,2,12,2,8,2,4,C03,7,15,5,10,2,14,,84,84,1,12,4,120.677438,24.249969,2
12633,66000,387130000C,(04)23274275,(04)23288582,2025,1,30,19,12,臺中市,東區,0,0,0,7,,,50,,,,,,,,,,,,,,,,,,,B03,,,1,,1,,,7,7,1,6,4,120.706169,24.136646,3
12634,66000,387130000C,(04)23274275,(04)23288582,2025,1,30,19,14,臺中市,北屯區,0,2,0,7,1,6,50,3,1,1,5,4,6,6,4,4,5,5,5,2,18,2,9,1,1,C03,7,9,1,10,1,14,,85,85,1,12,4,120.707364,24.165494,2
12635,66000,387130000C,(04)23274275,(04)23288582,2025,1,30,19,44,臺中市,北屯區,0,0,0,7,,,50,,,,,,,,,,,,,,17,,,,,B03,,,1,,1,,,26,26,1,12,4,120.733316,24.161155,3
12636,66000,387130000C,(04)23274275,(04)23288582,2025,1,30,19,45,臺中市,龍井區,0,0,0,7,,,30,,,,,,,,,,,,,,,,,,,B03,,,1,,2,,,7,7,1,12,4,120.532195,24.19329,3
12637,66000,387130000C,(04)23274275,(04)23288582,2025,1,30,19,47,臺中市,太平區,0,2,0,7,1,6,50,3,1,1,5,4,6,6,4,4,10,5,5,2,3,2,9,1,1,C03,7,9,1,10,2,11,,10,10,1,6,4,120.734849,24.125465,2
12638,66000,387130000C,(04)23274275,(04)23288582,2025,1,30,19,53,臺中市,神岡區,0,0,0,7,,,50,,,,,,,,,,,,,,11,,,,,B03,,,1,,2,,,8,8,1,12,4,120.684221,24.242901,3
12639,66000,387130000C,(04)23274275,(04)23288582,2025,1,30,20,4,臺中市,烏日區,0,0,0,7,,,50,,,,,,,,,,,,,,,,,,,B03,,,1,,1,,,8,8,1,6,4,120.615059,24.110204,3
12640,66000,387130000C,(04)23274275,(04)23288582,2025,1,30,20,5,臺中市,南屯區,0,0,0,7,,,50,,,,,,,,,,,,,,17,,,,,B03,,,1,,1,,,40,40,1,6,4,120.622387,24.150087,3
12641,66000,387130000C,(04)23274275,(04)23288582,2025,1,30,20,5,臺中市,北屯區,0,1,0,7,1,6,50,4,1,1,5,4,6,6,2,1,10,5,5,2,16,3,10,3,1,B03,7,5,1,8,2,1,,84,84,1,12,4,120.686241,24.183661,2
12642,66000,387130000C,(04)23274275,(04)23288582,2025,1,30,20,16,臺中市,太平區,0,0,0,7,,,50,,,,,,,,,,,,,,16,,,,,C03,,,1,,2,,,21,21,1,12,2,120.71375,24.125121,3
12643,66000,387130000C,(04)23274275,(04)23288582,2025,1,30,20,19,臺中市,南區,0,0,0,7,,,50,,,,,,,,,,,,,,,,,,,B03,,,1,,1,,,84,84,1,6,4,120.67013,24.112185,3
12644,66000,387130000C,(04)23274275,(04)23288582,2025,1,30,20,20,臺中市,豐原區,0,0,0,7,,,30,,,,,,,,,,,,,,17,,,,,B03,,,1,,2,,,8,8,1,13,4,120.73037,24.248891,3
12645,66000,387130000C,(04)23274275,(04)23288582,2025,1,30,20,28,臺中市,北屯區,0,0,0,7,,,40,,,,,,,,,,,,,,13,,,,,B03,,,1,,2,,,7,7,1,13,4,120.720549,24.162654,3
12646,66000,387130000C,(04)23274275,(04)23288582,2025,1,30,20,40,臺中市,南屯區,0,0,0,7,1,6,50,13,9,1,5,4,6,6,4,4,3,4,5,2,12,,,,,B03,,,1,,1,,,59,59,1,12,4,120.654073,24.140217,3
12647,66000,387130000C,(04)23274275,(04)23288582,2025,1,30,20,52,臺中市,南區,0,2,0,7,3,6,50,4,1,1,5,4,6,6,1,1,5,4,4,2,15,2,9,2,1,C03,7,9,1,10,2,11,,21,21,1,13,4,120.678708,24.13264,2
12648,66000,387130000C,(04)23274275,(04)23288582,2025,1,30,21,13,臺中市,沙鹿區,0,0,0,7,,,50,,,,,,,,,,,,,,13,,,,,B03,,,1,,1,,,59,59,1,13,4,120.559891,24.234341,3
12649,66000,387130000C,(04)23274275,(04)23288582,2025,1,30,21,22,臺中市,烏日區,0,0,0,7,,,30,,,,,,,,,,,,,,2,,,,,B03,,,1,,1,,,8,8,1,6,4,120.618703,24.116194,3
12650,66000,387130000C,(04)23274275,(04)23288582,2025,1,30,21,24,臺中市,北屯區,0,1,0,7,1,6,50,3,19,1,5,4,6,6,2,1,10,5,5,2,3,3,10,3,1,B03,7,6,1,8,2,1,,10,10,1,12,4,120.698785,24.170178,2
12651,66000,387130000C,(04)23274275,(04)23288582,2025,1,30,21,41,臺中市,西屯區,0,0,0,7,,,50,,,,,,,,,,,,,,17,,,,,B03,,,1,,2,,,77,77,1,13,4,120.61955,24.187394,4
12652,66000,387130000C,(04)23274275,(04)23288582,2025,1,30,21,47,臺中市,東區,0,1,0,7,1,6,50,13,9,1,5,4,6,6,2,1,5,4,4,2,17,3,10,5,4,C03,7,1,1,10,2,11,,51,51,1,6,4,120.694453,24.151108,2
12653,66000,387130000C,(04)23274275,(04)23288582,2025,1,30,21,53,臺中市,北屯區,0,0,0,7,,,40,,,,,,,,,,,,,,,,,,,B03,,,5,,1,,,84,84,1,12,4,120.677579,24.200929,3
12654,66000,387130000C,(04)23274275,(04)23288582,2025,1,30,21,56,臺中市,龍井區,0,0,0,7,,,70,,,,,,,,,,,,,,,,,,,B03,,,1,,1,,,40,40,1,12,4,120.538871,24.206747,4
12655,66000,387130000C,(04)23274275,(04)23288582,2025,1,30,22,29,臺中市,大里區,0,1,0,7,1,6,50,13,9,1,5,4,6,6,4,4,1,4,5,1,17,3,10,3,1,B03,7,2,1,8,2,3,,49,49,1,12,4,120.679231,24.115761,2
12656,66000,387130000C,(04)23274275,(04)23288582,2025,1,30,22,30,臺中市,大甲區,0,0,0,7,,,50,,,,,,,,,,,,,,16,,,,,B03,,,1,,2,,,39,39,1,6,4,120.638871,24.362802,3
12657,66000,387130000C,(04)23274275,(04)23288582,2025,1,30,22,31,臺中市,豐原區,0,0,0,7,,,50,,,,,,,,,,,,,,13,,,,,C03,,,1,,2,,,7,7,1,13,4,120.715141,24.251903,3
12658,66000,387130000C,(04)23274275,(04)23288582,2025,1,30,22,32,臺中市,豐原區,0,0,0,7,,,50,,,,,,,,,,,,,,12,,,,,B03,,,1,,2,,,25,25,1,13,4,120.749545,24.268486,3
12659,66000,387130000C,(04)23274275,(04)23288582,2025,1,30,22,39,臺中市,太平區,0,0,0,7,,,40,,,,,,,,,,,,,,,,,,,C03,,,,,,,,86,86,1,,4,120.720113,24.129766,3
12660,66000,387130000C,(04)23274275,(04)23288582,2025,1,30,22,48,臺中市,西區,0,1,0,7,1,6,50,13,9,1,5,4,6,6,4,4,5,4,5,2,13,2,9,1,1,C03,7,9,1,10,2,11,,43,43,1,13,4,120.676673,24.139355,2
12661,66000,387130000C,(04)23274275,(04)23288582,2025,1,30,22,52,臺中市,南屯區,0,1,0,7,1,6,40,4,1,1,5,4,6,6,2,1,10,5,5,2,16,3,10,5,4,B03,7,5,1,8,2,6,,25,25,1,6,4,120.623127,24.149894,2
12662,66000,387130000C,(04)23274275,(04)23288582,2025,1,30,22,52,臺中市,太平區,0,0,0,7,,,50,,,,,,,,,,,,,,13,,,,,C03,,,1,,2,,,84,84,1,12,4,120.724009,24.142079,3
12663,66000,387130000C,(04)23274275,(04)23288582,2025,1,30,22,54,臺中市,外埔區,0,2,0,7,1,6,40,4,9,1,5,4,6,6,4,4,9,4,5,2,1,2,9,1,1,C03,7,9,1,10,2,11,,84,84,1,5,4,120.625324,24.336819,2
12664,66000,387130000C,(04)23274275,(04)23288582,2025,1,30,22,56,臺中市,西屯區,0,0,0,7,,,30,,,,,,,,,,,,,,14,,,,,B03,,,1,,1,,,49,49,1,13,4,120.645414,24.173737,3
12665,66000,387130000C,(04)23274275,(04)23288582,2025,1,30,23,1,臺中市,中區,0,0,0,7,1,6,50,4,1,1,5,4,6,6,1,1,10,5,5,2,13,,,,,B03,,,1,,1,,,84,84,1,13,4,120.679179,24.147549,3
12666,66000,387130000C,(04)23274275,(04)23288582,2025,1,30,23,12,臺中市,西屯區,0,0,0,7,,,50,,,,,,,,,,,,,,12,,,,,B03,,,1,,2,,,40,40,1,12,4,120.645472,24.175895,3
12667,66000,387130000C,(04)23274275,(04)23288582,2025,1,30,23,27,臺中市,大里區,0,1,0,7,1,6,50,4,1,1,5,4,6,6,3,1,10,5,5,2,15,2,9,2,1,C03,7,9,3,19,2,14,,24,24,1,12,4,120.679764,24.105516,2
12668,66000,387130000C,(04)23274275,(04)23288582,2025,1,30,23,36,臺中市,豐原區,0,1,0,7,1,6,50,13,9,1,5,4,6,6,4,4,5,5,5,1,11,3,10,3,1,B03,7,1,1,8,2,2,,51,51,1,12,4,120.701246,24.249728,2
12669,66000,387130000C,(04)23274275,(04)23288582,2025,1,30,23,48,臺中市,西區,0,0,0,7,1,6,50,13,9,1,5,4,6,6,4,4,5,4,5,2,14,,,,,B03,,,1,,1,,,50,50,1,13,4,120.661365,24.150475,3
12670,66000,387130000C,(04)23274275,(04)23288582,2025,1,30,23,52,臺中市,沙鹿區,0,0,0,7,,,50,,,,,,,,,,,,,,17,,,,,B03,,,5,,2,,,59,59,1,13,4,120.559503,24.207008,3
12671,66000,387130000C,(04)23274275,(04)23288582,2025,1,31,0,3,臺中市,大里區,0,0,0,7,,,50,,,,,,,,,,,,,,,,,,,B03,,,1,,2,,,85,85,1,12,4,120.66205,24.1086,3
12672,66000,387130000C,(04)23274275,(04)23288582,2025,1,31,0,22,臺中市,大里區,0,0,0,7,,,40,,,,,,,,,,,,,,,,,,,C03,,,1,,7,,,47,47,1,12,4,120.689977,24.118314,3
12673,66000,387130000C,(04)23274275,(04)23288582,2025,1,31,0,30,臺中市,沙鹿區,0,1,0,7,1,6,50,4,9,1,5,4,6,6,4,4,4,4,5,2,15,3,10,3,1,B03,7,9,1,8,2,1,,12,12,1,12,4,120.563791,24.242886,2
12674,66000,387130000C,(04)23274275,(04)23288582,2025,1,31,0,41,臺中市,西屯區,0,0,0,7,1,6,30,13,9,1,5,4,6,6,4,4,10,5,5,2,12,,,,,B12,,,1,,2,,,8,8,1,13,4,120.646966,24.176515,3
12675,66000,387130000C,(04)23274275,(04)23288582,2025,1,31,1,23,臺中市,大甲區,0,0,0,7,,,70,,,,,,,,,,,,,,23,,,,,B03,,,1,,2,,,59,59,1,6,4,120.6182,24.339219,3
12676,66000,387130000C,(04)23274275,(04)23288582,2025,1,31,1,30,臺中市,沙鹿區,0,1,0,7,1,6,40,11,9,1,5,4,6,6,4,4,10,5,5,1,18,2,9,2,1,C03,7,5,1,10,2,12,,84,84,1,12,4,120.5522,24.215276,2
12677,66000,387130000C,(04)23274275,(04)23288582,2025,1,31,1,46,臺中市,清水區,0,0,0,7,,,50,,,,,,,,,,,,,,,,,,,B03,,,1,,1,,,15,15,1,12,4,120.561107,24.263082,3
12678,66000,387130000C,(04)23274275,(04)23288582,2025,1,31,2,24,臺中市,西屯區,0,0,0,7,,,1,,,,,,,,,,,,,,14,,,,,B03,,,1,,2,,,49,49,1,12,4,120.646025,24.20347,3
12679,66000,387130000C,(04)23274275,(04)23288582,2025,1,31,3,0,臺中市,太平區,0,0,0,7,,,50,,,,,,,,,,,,,,,,,,,B03,,,1,,2,,,51,51,1,12,4,120.721396,24.154147,3
12680,66000,387130000C,(04)23274275,(04)23288582,2025,1,31,3,30,臺中市,新社區,0,2,0,6,1,6,40,11,9,1,4,4,6,6,4,4,4,5,5,1,17,2,9,5,4,B03,7,5,1,8,2,1,,4,4,1,12,4,120.875762,24.155768,2
12681,66000,387130000C,(04)23274275,(04)23288582,2025,1,31,3,34,臺中市,西區,0,0,0,7,,,50,,,,,,,,,,,,,,,,,,,B03,,,1,,9,,,84,84,1,13,4,120.674449,24.14273,3
12682,66000,387130000C,(04)23274275,(04)23288582,2025,1,31,3,37,臺中市,中區,0,1,0,7,1,6,40,4,1,1,5,4,6,6,1,1,10,5,5,2,15,2,9,1,1,C03,7,9,1,10,2,13,,21,21,1,13,4,120.675648,24.141719,2
12683,66000,387130000C,(04)23274275,(04)23288582,2025,1,31,5,43,臺中市,新社區,0,1,0,7,2,6,40,11,9,1,5,4,6,6,4,4,5,5,5,1,17,3,10,5,4,B03,7,5,1,8,2,8,,4,4,1,12,4,120.823439,24.170372,2
12684,66000,387130000C,(04)23274275,(04)23288582,2025,1,31,6,35,臺中市,北屯區,0,1,0,6,2,6,30,4,1,1,5,4,6,6,4,4,10,5,5,2,16,3,10,5,4,B03,7,5,1,8,1,1,,14,14,1,12,4,120.668659,24.188908,2
12685,66000,387130000C,(04)23274275,(04)23288582,2025,1,31,6,39,臺中市,西屯區,0,0,0,7,2,6,50,,2,1,5,4,6,6,2,1,2,4,4,2,16,,,,,B03,,,1,,1,,,44,44,1,13,4,120.618047,24.161944,3
12686,66000,387130000C,(04)23274275,(04)23288582,2025,1,31,6,55,臺中市,西區,0,1,0,7,3,6,40,4,1,1,5,4,6,6,2,1,10,5,5,2,18,2,9,1,1,C03,7,9,1,10,2,14,,84,84,1,13,4,120.666927,24.153191,2
12687,66000,387130000C,(04)23274275,(04)23288582,2025,1,31,7,20,臺中市,太平區,0,0,0,5,,,50,,,,,,,,,,,,,,17,,,,,B03,,,1,,2,,,58,58,1,11,4,120.712472,24.131694,3
12688,66000,387130000C,(04)23274275,(04)23288582,2025,1,31,7,51,臺中市,石岡區,0,0,0,7,,,50,,,,,,,,,,,,,,,,,,,B03,,,1,,2,,,7,7,1,12,4,120.778926,24.281842,3
12689,66000,387130000C,(04)23274275,(04)23288582,2025,1,31,8,9,臺中市,太平區,0,0,0,5,,,50,,,,,,,,,,,,,,13,,,,,B03,,,1,,2,,,84,84,1,12,4,120.714729,24.110284,3
12690,66000,387130000C,(04)23274275,(04)23288582,2025,1,31,8,26,臺中市,西屯區,0,0,0,7,,,60,,,,,,,,,,,,,,12,,,,,B03,,,1,,1,,,20,20,1,12,4,120.639069,24.168932,3
12691,66000,387130000C,(04)23274275,(04)23288582,2025,1,31,8,29,臺中市,烏日區,0,1,0,5,2,6,50,13,7,1,4,4,6,6,4,4,1,4,4,2,18,2,9,2,1,C03,7,9,1,10,2,14,,59,59,1,6,4,120.620145,24.109558,2
12692,66000,387130000C,(04)23274275,(04)23288582,2025,1,31,8,35,臺中市,東區,0,1,0,5,2,6,50,4,1,1,4,4,6,6,1,1,9,4,4,2,17,3,10,3,1,B02,7,6,5,8,9,1,,48,48,1,12,4,120.700286,24.132549,2
12693,66000,387130000C,(04)23274275,(04)23288582,2025,1,31,8,40,臺中市,豐原區,0,2,0,5,2,6,50,3,1,1,4,4,6,6,4,4,5,4,4,2,16,2,9,1,1,C03,7,6,1,10,2,12,,14,14,1,12,4,120.717544,24.253244,2
12694,66000,387130000C,(04)23274275,(04)23288582,2025,1,31,8,41,臺中市,西區,0,0,0,5,,,50,,,,,,,,,,,,,,13,,,,,B12,,,1,,2,,,8,8,1,13,4,120.659207,24.153547,3
12695,66000,387130000C,(04)23274275,(04)23288582,2025,1,31,8,43,臺中市,中區,0,2,0,5,1,6,50,4,1,1,4,4,6,6,1,1,10,5,5,2,17,2,9,5,4,C03,7,6,1,10,2,14,,26,26,1,12,4,120.678328,24.144765,2