序號,縣市別代碼,機關代碼,市話,傳真,年,月,日,時,分,縣市,區,死亡數量,受傷數量,2-30,天候,道路照明設備,道路類別,道路速限,道路型態,事故位置,路面鋪裝,路面狀態,路面缺陷,障礙物,視距,號誌種類,號誌動作,分向設施,快車道或一般車道間,快慢車道間,路面邊線,事故類型及型態,受傷程度,主要傷處,保護裝備,行動電話或功能裝置,當事者區分(類別),車輛用途,當事者行動狀態,駕照狀態,駕照種類,飲酒情形,車輛撞擊部位最初,車輛撞擊部位其他,肇事因素個別,肇事因素主要,肇事逃逸,職業,共享經濟或外送平台,GPS座標X,GPS座標Y,事故類別
12808,66000,387130000C,(04)23274275,(04)23288582,2025,1,31,15,20,臺中市,北屯區,0,1,0,5,3,6,50,3,2,1,4,4,6,6,1,1,5,5,4,2,18,2,9,2,1,C03,7,9,1,10,2,12,,84,84,1,6,4,120.712895,24.181458,2
12809,66000,387130000C,(04)23274275,(04)23288582,2025,1,31,15,23,臺中市,清水區,0,1,0,7,3,6,50,4,1,1,4,4,6,6,2,1,5,5,5,1,3,3,10,3,1,B03,7,6,1,8,2,1,,10,10,1,12,4,120.572501,24.27472,2
12810,66000,387130000C,(04)23274275,(04)23288582,2025,1,31,15,25,臺中市,沙鹿區,0,0,0,5,,,70,,,,,,,,,,,,,,,,,,,B01,,,1,,1,,,82,82,1,12,4,120.616264,24.243714,3
12811,66000,387130000C,(04)23274275,(04)23288582,2025,1,31,15,28,臺中市,西屯區,0,0,0,7,,,60,,,,,,,,,,,,,,13,,,,,B03,,,1,,1,,,84,84,1,13,4,120.655641,24.159159,3
12812,66000,387130000C,(04)23274275,(04)23288582,2025,1,31,15,30,臺中市,烏日區,0,1,0,6,2,6,50,11,8,1,4,4,6,6,4,4,1,4,4,2,18,2,9,5,4,C03,7,6,1,10,2,14,,84,84,1,13,4,120.620371,24.109449,2
12813,66000,387130000C,(04)23274275,(04)23288582,2025,1,31,15,31,臺中市,后里區,0,0,0,5,3,6,40,13,,1,4,4,6,6,4,4,1,4,2,1,11,3,10,3,1,B03,7,9,1,8,1,5,,8,8,1,6,4,120.699847,24.312667,3
12814,66000,387130000C,(04)23274275,(04)23288582,2025,1,31,15,40,臺中市,南區,0,0,0,7,,,50,,,,,,,,,,,,,,17,,,,,B12,,,1,,9,,,84,,1,12,4,120.662153,24.121618,3
12815,66000,387130000C,(04)23274275,(04)23288582,2025,1,31,15,41,臺中市,中區,0,0,0,6,,,50,,,,,,,,,,,,,,,,,,,B01,,,1,,1,,,47,47,1,12,4,120.684706,24.137634,3
12816,66000,387130000C,(04)23274275,(04)23288582,2025,1,31,15,43,臺中市,西屯區,0,1,0,6,1,6,50,4,1,1,4,4,6,6,1,1,1,4,5,1,18,2,9,2,4,C01,7,5,1,9,2,12,,59,59,1,13,4,120.644569,24.185072,2
12817,66000,387130000C,(04)23274275,(04)23288582,2025,1,31,15,48,臺中市,大甲區,0,2,0,5,3,6,50,13,9,1,4,4,6,6,4,4,1,4,5,1,17,3,10,3,1,B03,7,8,1,8,2,7,,40,40,1,6,4,120.617297,24.346022,2
12818,66000,387130000C,(04)23274275,(04)23288582,2025,1,31,15,52,臺中市,北屯區,0,1,0,6,2,6,50,4,1,1,5,4,6,6,4,4,10,5,5,2,15,2,9,2,1,C03,7,9,1,10,2,11,,15,15,1,12,4,120.717407,24.172775,2
12819,66000,387130000C,(04)23274275,(04)23288582,2025,1,31,15,59,臺中市,東區,0,1,0,7,2,6,50,4,1,1,5,4,6,6,4,4,9,5,5,2,17,3,10,3,1,B03,7,9,1,8,2,2,,15,15,1,12,4,120.704204,24.135907,2
12820,66000,387130000C,(04)23274275,(04)23288582,2025,1,31,16,1,臺中市,北區,0,1,0,7,2,6,30,4,1,1,4,4,6,6,4,4,10,5,5,2,17,3,10,5,1,C03,7,9,1,10,2,12,,15,15,1,13,4,120.683601,24.14677,2
12821,66000,387130000C,(04)23274275,(04)23288582,2025,1,31,16,8,臺中市,北屯區,0,0,0,7,,,50,,,,,,,,,,,,,,,,,,,C03,,,3,,2,,,18,18,1,12,4,120.739801,24.178845,4
12822,66000,387130000C,(04)23274275,(04)23288582,2025,1,31,16,8,臺中市,西屯區,0,1,0,7,2,6,50,5,1,1,5,4,6,6,2,1,10,5,5,2,16,3,10,5,4,C03,7,6,1,10,2,11,,84,84,1,13,4,120.616364,24.190958,2
12823,66000,387130000C,(04)23274275,(04)23288582,2025,1,31,16,13,臺中市,東區,0,1,0,7,1,6,50,4,1,1,5,4,6,6,1,1,9,4,5,2,12,3,10,3,1,B03,7,5,1,8,2,2,,84,84,1,12,4,120.697296,24.147958,2
12824,66000,387130000C,(04)23274275,(04)23288582,2025,1,31,16,15,臺中市,大雅區,0,0,0,7,,,50,,,,,,,,,,,,,,,,,,,B12,,,1,,2,,,49,49,1,12,4,120.654307,24.234093,3
12825,66000,387130000C,(04)23274275,(04)23288582,2025,1,31,16,15,臺中市,沙鹿區,0,1,0,6,3,6,30,4,1,1,5,4,6,6,4,4,10,5,5,2,17,2,9,1,1,C03,7,12,1,10,2,14,,6,6,1,13,4,120.57006,24.216202,2
12826,66000,387130000C,(04)23274275,(04)23288582,2025,1,31,16,30,臺中市,中區,0,1,0,7,2,6,50,4,1,1,5,4,6,6,4,4,10,5,5,2,17,3,10,3,1,B03,7,1,1,8,2,8,,51,51,1,12,4,120.677674,24.146103,2
12827,66000,387130000C,(04)23274275,(04)23288582,2025,1,31,16,34,臺中市,龍井區,0,1,0,7,3,6,70,4,1,1,5,4,6,6,1,1,10,5,5,2,16,3,10,3,1,B03,7,9,1,8,2,2,,21,21,1,6,4,120.537417,24.199945,2
12828,66000,387130000C,(04)23274275,(04)23288582,2025,1,31,16,36,臺中市,太平區,0,0,0,7,,,30,,,,,,,,,,,,,,14,,,,,B03,,,1,,1,,,49,49,1,12,4,120.703288,24.147429,3
12829,66000,387130000C,(04)23274275,(04)23288582,2025,1,31,16,40,臺中市,中區,0,0,0,7,,,50,,,,,,,,,,,,,,12,,,,,B03,,,1,,1,,,85,85,1,12,4,120.67988,24.137919,3
12830,66000,387130000C,(04)23274275,(04)23288582,2025,1,31,16,40,臺中市,南屯區,0,1,0,7,2,6,50,4,2,1,5,4,6,6,2,1,5,5,5,2,17,2,7,2,1,C03,7,14,1,10,2,14,,55,55,1,12,4,120.630466,24.140961,2
12831,66000,387130000C,(04)23274275,(04)23288582,2025,1,31,16,44,臺中市,北屯區,0,0,0,7,,,50,,,,,,,,,,,,,,16,,,,,C03,,,1,,9,,,87,87,1,13,4,120.72129,24.177777,3
12832,66000,387130000C,(04)23274275,(04)23288582,2025,1,31,16,45,臺中市,外埔區,0,0,0,5,,,40,,,,,,,,,,,,,,16,,,,,B03,,,3,,11,,,12,12,2,13,4,120.626936,24.334834,3
12833,66000,387130000C,(04)23274275,(04)23288582,2025,1,31,16,48,臺中市,西區,0,0,0,7,,,50,,,,,,,,,,,,,,,,,,,B02,,,1,,2,,,84,84,1,13,4,120.668593,24.14506,3
12834,66000,387130000C,(04)23274275,(04)23288582,2025,1,31,16,49,臺中市,大里區,0,1,0,7,2,6,50,3,2,1,5,4,6,6,4,4,10,5,5,1,17,3,10,3,1,B03,7,5,1,8,2,2,,14,14,1,12,4,120.671104,24.101318,2
12835,66000,387130000C,(04)23274275,(04)23288582,2025,1,31,16,52,臺中市,西區,0,0,0,7,,,50,,,,,,,,,,,,,,,,,,,C03,,,1,,1,,,84,84,1,12,4,120.67925,24.137783,3
12836,66000,387130000C,(04)23274275,(04)23288582,2025,1,31,17,5,臺中市,沙鹿區,0,1,0,7,2,6,30,11,9,1,4,4,6,6,4,4,10,5,5,2,10,2,9,2,1,C03,7,9,1,10,2,11,,41,41,1,12,4,120.60154,24.239109,2
12837,66000,387130000C,(04)23274275,(04)23288582,2025,1,31,17,8,臺中市,清水區,0,0,0,5,,,60,,,,,,,,,,,,,,,,,,,B03,,,1,,9,,,8,8,1,13,4,120.555279,24.294758,3
12838,66000,387130000C,(04)23274275,(04)23288582,2025,1,31,17,10,臺中市,北屯區,0,2,0,7,3,6,50,3,1,1,5,4,6,6,1,1,10,5,5,2,16,3,10,3,1,B03,7,6,1,8,2,2,,11,11,1,6,4,120.732424,24.177087,2
12839,66000,387130000C,(04)23274275,(04)23288582,2025,1,31,17,13,臺中市,大雅區,0,3,0,7,2,6,50,3,2,1,5,4,6,6,1,1,5,4,5,1,13,2,9,1,1,C03,7,12,1,10,2,13,,87,87,1,13,4,120.657047,24.230553,2
12840,66000,387130000C,(04)23274275,(04)23288582,2025,1,31,17,20,臺中市,神岡區,0,0,0,6,,,50,,,,,,,,,,,,,,12,,,,,B03,,,1,,1,,,40,40,1,12,4,120.684714,24.246443,3
12841,66000,387130000C,(04)23274275,(04)23288582,2025,1,31,17,24,臺中市,北屯區,0,0,0,7,,,50,,,,,,,,,,,,,,,,,,,B03,,,1,,2,,,12,12,1,12,4,120.684495,24.173477,3
12842,66000,387130000C,(04)23274275,(04)23288582,2025,1,31,17,26,臺中市,北屯區,0,0,0,7,,,50,,,,,,,,,,,,,,,,,,,B03,,,1,,2,,,50,50,1,12,4,120.729423,24.166671,3
12843,66000,387130000C,(04)23274275,(04)23288582,2025,1,31,17,27,臺中市,大里區,0,0,0,7,,,50,,,,,,,,,,,,,,,,,,,B03,,,1,,2,,,84,84,1,12,4,120.711502,24.086153,3
12844,66000,387130000C,(04)23274275,(04)23288582,2025,1,31,17,30,臺中市,東區,0,1,0,7,3,6,50,3,2,1,5,4,6,6,4,4,9,5,5,2,17,3,10,3,1,B03,7,11,1,3,2,4,,45,45,1,13,4,120.700137,24.132823,2
12845,66000,387130000C,(04)23274275,(04)23288582,2025,1,31,17,36,臺中市,西屯區,0,1,0,6,1,6,50,4,1,1,5,4,6,6,1,1,10,5,5,2,16,2,9,1,1,C03,7,6,1,10,2,14,,8,8,1,12,4,120.616268,24.179491,2
12846,66000,387130000C,(04)23274275,(04)23288582,2025,1,31,17,50,臺中市,烏日區,0,0,0,7,,,50,,,,,,,,,,,,,,2,,,,,B03,,,1,,1,,,40,40,1,6,4,120.62036,24.102093,3
12847,66000,387130000C,(04)23274275,(04)23288582,2025,1,31,17,52,臺中市,沙鹿區,0,1,0,6,1,6,30,13,9,1,4,4,6,6,4,4,10,5,5,2,17,3,10,1,1,C03,7,9,1,10,2,11,,7,7,1,5,4,120.570371,24.218113,2
12848,66000,387130000C,(04)23274275,(04)23288582,2025,1,31,18,1,臺中市,大甲區,0,0,0,5,3,6,50,13,9,1,4,4,6,6,4,4,1,4,4,1,17,3,10,3,1,B03,7,9,5,19,1,1,,59,59,2,6,4,120.623098,24.35714,3
12849,66000,387130000C,(04)23274275,(04)23288582,2025,1,31,18,1,臺中市,大甲區,0,0,0,5,,,40,,,,,,,,,,,,,,,,,,,B03,,,1,,1,,,49,49,1,12,4,120.61504,24.343148,3
12850,66000,387130000C,(04)23274275,(04)23288582,2025,1,31,18,4,臺中市,清水區,0,1,0,6,3,6,50,13,9,1,4,4,6,6,4,4,5,5,5,1,13,2,7,1,1,C03,7,9,1,10,2,11,,7,7,1,12,4,120.57122,24.269718,2
12851,66000,387130000C,(04)23274275,(04)23288582,2025,1,31,18,4,臺中市,大甲區,0,0,0,7,,,50,,,,,,,,,,,,,,,,,,,B03,,,1,,1,,,47,47,1,13,4,120.620848,24.344816,3
12852,66000,387130000C,(04)23274275,(04)23288582,2025,1,31,18,10,臺中市,和平區,0,0,0,5,3,5,30,13,9,1,4,4,6,6,4,4,10,5,5,1,14,3,10,3,1,B03,7,2,1,8,2,7,,49,49,1,6,4,120.936276,24.335913,3
12853,66000,387130000C,(04)23274275,(04)23288582,2025,1,31,18,13,臺中市,烏日區,0,1,0,7,1,6,50,3,4,1,5,4,6,6,1,1,5,4,5,2,13,3,10,5,4,C03,7,9,1,10,2,11,,84,84,1,6,4,120.598287,24.110882,2
12854,66000,387130000C,(04)23274275,(04)23288582,2025,1,31,18,19,臺中市,北屯區,0,0,0,7,,,50,,,,,,,,,,,,,,14,,,,,B03,,,1,,1,,,49,49,1,13,4,120.686344,24.171229,3
12855,66000,387130000C,(04)23274275,(04)23288582,2025,1,31,18,20,臺中市,西屯區,0,0,0,7,,,40,,,,,,,,,,,,,,13,,,,,C03,,,1,,1,,,7,7,1,12,4,120.643993,24.156548,3
12856,66000,387130000C,(04)23274275,(04)23288582,2025,1,31,18,25,臺中市,南屯區,0,0,0,7,,,50,,,,,,,,,,,,,,,,,,,B03,,,1,,2,,,25,25,1,13,4,120.623157,24.14057,3
12857,66000,387130000C,(04)23274275,(04)23288582,2025,1,31,18,25,臺中市,清水區,0,2,0,7,1,6,70,4,1,1,4,4,6,6,1,1,1,4,4,1,16,2,3,3,1,B03,7,6,1,8,2,2,,11,11,1,12,4,120.559139,24.258171,2
12858,66000,387130000C,(04)23274275,(04)23288582,2025,1,31,18,33,臺中市,西區,0,0,0,7,,,30,,,,,,,,,,,,,,14,,,,,B03,,,1,,2,,,49,49,1,12,4,120.660141,24.160762,3
12859,66000,387130000C,(04)23274275,(04)23288582,2025,1,31,18,33,臺中市,豐原區,0,0,0,7,1,6,50,5,2,1,5,4,6,6,2,1,5,5,4,2,13,3,10,3,1,B03,7,9,1,8,2,1,,84,84,1,12,4,120.714689,24.257378,3
12860,66000,387130000C,(04)23274275,(04)23288582,2025,1,31,18,42,臺中市,大肚區,0,0,0,7,,,30,,,,,,,,,,,,,,,,,,,B03,,,1,,2,,,8,8,1,6,4,120.553134,24.120572,3
12861,66000,387130000C,(04)23274275,(04)23288582,2025,1,31,18,46,臺中市,豐原區,0,0,0,5,,,30,,,,,,,,,,,,,,14,,,,,B03,,,1,,1,,,49,49,1,13,4,120.698041,24.24449,3
12862,66000,387130000C,(04)23274275,(04)23288582,2025,1,31,18,55,臺中市,西屯區,0,0,0,7,,,50,,,,,,,,,,,,,,14,,,,,B03,,,1,,1,,,49,49,1,12,4,120.646821,24.157178,3
12863,66000,387130000C,(04)23274275,(04)23288582,2025,1,31,18,57,臺中市,西屯區,0,0,0,7,,,50,,,,,,,,,,,,,,17,,,,,B03,,,1,,1,,,51,51,1,13,4,120.648006,24.168271,3
12864,66000,387130000C,(04)23274275,(04)23288582,2025,1,31,19,4,臺中市,東區,0,0,0,7,,,50,,,,,,,,,,,,,,,,,,,B03,,,1,,1,,,51,51,1,13,4,120.691178,24.150875,3
12865,66000,387130000C,(04)23274275,(04)23288582,2025,1,31,19,4,臺中市,烏日區,0,0,0,7,,,30,,,,,,,,,,,,,,,,,,,B01,,,1,,2,,,43,43,1,12,4,120.616353,24.11015,3
12866,66000,387130000C,(04)23274275,(04)23288582,2025,1,31,19,7,臺中市,外埔區,0,0,0,5,1,6,40,13,,1,4,4,6,6,4,4,8,4,4,1,14,3,10,3,1,B03,7,2,1,8,2,6,,49,49,1,6,4,120.63794,24.342317,3
12867,66000,387130000C,(04)23274275,(04)23288582,2025,1,31,19,8,臺中市,中區,0,0,0,7,,,50,,,,,,,,,,,,,,12,,,,,B03,,,1,,1,,,47,47,1,12,4,120.676016,24.145499,3
12868,66000,387130000C,(04)23274275,(04)23288582,2025,1,31,19,11,臺中市,北區,0,0,0,7,,,30,,,,,,,,,,,,,,17,,,,,B03,,,1,,2,,,8,8,1,13,4,120.671856,24.169773,3
12869,66000,387130000C,(04)23274275,(04)23288582,2025,1,31,19,13,臺中市,東區,0,0,0,7,,,30,,,,,,,,,,,,,,,,,,,B03,,,1,,2,,,7,7,1,6,4,120.68648,24.136015,3
12870,66000,387130000C,(04)23274275,(04)23288582,2025,1,31,19,14,臺中市,大里區,0,1,0,7,1,6,50,3,1,1,5,4,6,6,4,4,10,5,5,2,13,2,9,1,1,C03,7,9,1,10,2,11,,7,7,1,12,4,120.688145,24.100888,2
12871,66000,387130000C,(04)23274275,(04)23288582,2025,1,31,19,22,臺中市,西區,0,0,0,7,,,50,,,,,,,,,,,,,,,,,,,B03,,,1,,2,,,84,84,1,13,4,120.657601,24.147318,3
12872,66000,387130000C,(04)23274275,(04)23288582,2025,1,31,19,25,臺中市,沙鹿區,0,0,0,7,1,6,50,13,9,1,5,4,6,6,4,4,4,3,,2,12,,,,,B03,,,1,,2,,,76,76,1,12,4,120.564705,24.240072,3
12873,66000,387130000C,(04)23274275,(04)23288582,2025,1,31,19,34,臺中市,西區,0,0,0,6,,,50,,,,,,,,,,,,,,,,,,,B03,,,1,,2,,,47,47,1,12,4,120.655078,24.140125,3
12874,66000,387130000C,(04)23274275,(04)23288582,2025,1,31,19,35,臺中市,北區,0,0,0,7,,,50,,,,,,,,,,,,,,17,,,,,B03,,,1,,1,,,7,7,1,13,4,120.675281,24.149528,3
12875,66000,387130000C,(04)23274275,(04)23288582,2025,1,31,19,38,臺中市,潭子區,0,0,0,7,,,50,,,,,,,,,,,,,,,,,,,B03,,,1,,2,,,49,49,1,12,4,120.698145,24.195798,3
12876,66000,387130000C,(04)23274275,(04)23288582,2025,1,31,19,43,臺中市,潭子區,0,0,0,7,,,60,,,,,,,,,,,,,,,,,,,B03,,,1,,2,,,40,40,1,13,4,120.705267,24.209873,3
12877,66000,387130000C,(04)23274275,(04)23288582,2025,1,31,19,44,臺中市,清水區,0,0,0,5,,,30,,,,,,,,,,,,,,,,,,,C03,,,1,,1,,,15,15,1,12,4,120.576418,24.269545,3
12878,66000,387130000C,(04)23274275,(04)23288582,2025,1,31,19,47,臺中市,大里區,0,1,0,7,1,6,30,3,1,1,5,4,6,6,4,4,10,5,5,2,16,3,10,3,1,B03,7,6,1,8,2,8,,14,14,1,13,4,120.701335,24.094492,2
12879,66000,387130000C,(04)23274275,(04)23288582,2025,1,31,19,50,臺中市,龍井區,0,2,0,6,3,6,50,3,1,1,5,4,6,6,4,4,10,5,5,1,17,3,10,3,1,B03,7,5,1,8,2,16,,20,20,1,12,4,120.512421,24.195797,2
12880,66000,387130000C,(04)23274275,(04)23288582,2025,1,31,19,50,臺中市,沙鹿區,0,0,0,7,,,30,,,,,,,,,,,,,,,,,,,B03,,,1,,4,,,49,49,1,12,4,120.558914,24.233662,3
12881,66000,387130000C,(04)23274275,(04)23288582,2025,1,31,20,0,臺中市,北區,0,0,0,7,,,,,,,,,,,,,,,,,17,,,,,,,,,,,,,86,86,1,,,120.681564,24.165513,3
12882,66000,387130000C,(04)23274275,(04)23288582,2025,1,31,20,1,臺中市,東勢區,0,1,0,7,1,6,70,3,1,1,5,4,6,6,3,1,1,4,4,1,12,3,10,5,4,B03,7,11,1,8,2,4,,48,48,1,12,4,120.834186,24.240003,2
12883,66000,387130000C,(04)23274275,(04)23288582,2025,1,31,20,8,臺中市,北區,0,1,0,7,1,6,50,4,9,1,5,4,6,6,4,4,5,5,5,2,9,3,10,3,1,B03,7,9,1,8,2,2,,84,84,1,12,4,120.685675,24.148237,2
12884,66000,387130000C,(04)23274275,(04)23288582,2025,1,31,20,19,臺中市,東區,0,1,0,7,1,6,50,3,1,1,5,4,6,6,4,4,5,5,5,2,11,3,10,3,1,B12,7,11,1,8,2,6,,39,39,1,12,4,120.684642,24.122242,2
12885,66000,387130000C,(04)23274275,(04)23288582,2025,1,31,20,30,臺中市,北屯區,0,0,0,7,,,30,,,,,,,,,,,,,,14,,,,,B03,,,1,,2,,,49,49,1,6,4,120.694228,24.181116,4
12886,66000,387130000C,(04)23274275,(04)23288582,2025,1,31,20,50,臺中市,北屯區,0,2,0,7,1,6,50,4,1,1,4,4,6,6,2,1,10,5,5,2,16,3,10,3,1,B01,7,6,1,8,2,6,,11,11,1,12,4,120.67845,24.18412,2
12887,66000,387130000C,(04)23274275,(04)23288582,2025,1,31,20,52,臺中市,潭子區,0,0,0,7,,,40,,,,,,,,,,,,,,,,,,,B03,,,1,,2,,,7,7,1,12,4,120.696555,24.201,3
12888,66000,387130000C,(04)23274275,(04)23288582,2025,1,31,20,53,臺中市,東區,0,0,0,7,,,50,,,,,,,,,,,,,,,,,,,B03,,,1,,2,,,49,49,1,6,4,120.704453,24.135856,3
12889,66000,387130000C,(04)23274275,(04)23288582,2025,1,31,20,57,臺中市,北區,0,0,0,7,,,50,,,,,,,,,,,,,,13,,,,,B03,,,1,,1,1,,84,84,1,12,4,120.686745,24.148202,3
12890,66000,387130000C,(04)23274275,(04)23288582,2025,1,31,21,2,臺中市,豐原區,0,0,0,7,1,6,50,4,9,1,5,4,6,6,2,1,5,2,5,2,13,3,10,3,1,B03,7,9,1,8,2,1,,7,7,1,12,4,120.736931,24.255714,3
12891,66000,387130000C,(04)23274275,(04)23288582,2025,1,31,21,3,臺中市,東區,0,1,0,7,1,6,50,3,1,1,5,4,6,6,2,1,5,5,5,2,16,3,10,3,1,B03,7,6,1,8,2,2,,48,48,1,6,4,120.702876,24.125403,2
12892,66000,387130000C,(04)23274275,(04)23288582,2025,1,31,21,11,臺中市,梧棲區,0,1,0,5,1,6,60,4,1,1,4,4,6,6,1,1,10,5,5,2,18,2,9,1,1,C03,7,9,3,19,11,12,,59,59,1,6,4,120.541141,24.261009,2
12893,66000,387130000C,(04)23274275,(04)23288582,2025,1,31,21,23,臺中市,南區,0,0,0,7,,,50,,,,,,,,,,,,,,,,,,,,,,,,,,,86,86,1,,,120.668263,24.11665,3
12894,66000,387130000C,(04)23274275,(04)23288582,2025,1,31,21,28,臺中市,西區,0,0,0,5,,,50,,,,,,,,,,,,,,,,,,,B03,,,1,,11,,,49,49,1,12,4,120.67403,24.148483,3
12895,66000,387130000C,(04)23274275,(04)23288582,2025,1,31,21,29,臺中市,太平區,0,0,0,5,,,50,,,,,,,,,,,,,,13,,,,,B03,,,1,,2,,,56,56,1,12,4,120.719431,24.131456,3
12896,66000,387130000C,(04)23274275,(04)23288582,2025,1,31,21,36,臺中市,東勢區,0,0,0,7,,,50,,,,,,,,,,,,,,9,,,,,B03,,,1,,2,,,45,45,1,12,4,120.8266,24.263486,3
12897,66000,387130000C,(04)23274275,(04)23288582,2025,1,31,21,42,臺中市,大甲區,0,0,0,5,,,50,,,,,,,,,,,,,,,,,,,B12,,,1,,1,,,49,49,1,6,4,120.623857,24.3461,3
12898,66000,387130000C,(04)23274275,(04)23288582,2025,1,31,21,44,臺中市,北屯區,0,0,0,7,,,80,,,,,,,,,,,,,,,,,,,B03,,,1,,1,,,7,7,1,12,4,120.68847,24.201012,3
12899,66000,387130000C,(04)23274275,(04)23288582,2025,1,31,22,4,臺中市,豐原區,0,0,0,5,1,6,50,4,2,1,4,4,6,6,4,4,5,5,5,2,12,3,10,3,1,B03,7,5,1,8,2,2,,84,84,1,12,4,120.711583,24.260758,3
12900,66000,387130000C,(04)23274275,(04)23288582,2025,1,31,22,8,臺中市,東區,0,1,0,5,1,6,50,3,1,1,4,4,6,6,4,4,5,5,5,2,18,2,9,2,1,C03,7,9,1,10,2,15,,84,84,1,12,4,120.688252,24.135873,2
12901,66000,387130000C,(04)23274275,(04)23288582,2025,1,31,22,10,臺中市,北屯區,0,0,0,7,,,50,,,,,,,,,,,,,,17,,,,,B01,,,1,,1,,,59,59,1,13,4,120.689999,24.166395,3
12902,66000,387130000C,(04)23274275,(04)23288582,2025,1,31,22,10,臺中市,大里區,0,0,0,5,,,30,,,,,,,,,,,,,,,,,,,C03,,,1,,2,,,15,15,1,6,4,120.703472,24.095282,3
12903,66000,387130000C,(04)23274275,(04)23288582,2025,1,31,22,13,臺中市,潭子區,0,2,0,7,3,6,60,3,1,1,5,4,6,6,1,1,1,4,4,1,13,2,7,3,1,B02,7,9,1,8,2,1,,84,84,1,13,4,120.702633,24.196934,2
12904,66000,387130000C,(04)23274275,(04)23288582,2025,1,31,22,29,臺中市,大里區,0,1,0,6,1,6,50,3,1,1,5,4,6,6,4,4,9,5,5,1,17,3,10,3,1,B03,7,6,1,8,2,16,,14,14,1,12,4,120.684028,24.10621,2
12905,66000,387130000C,(04)23274275,(04)23288582,2025,1,31,22,30,臺中市,北屯區,0,1,0,7,3,6,50,5,1,1,5,4,6,6,1,1,5,5,5,2,12,3,10,3,1,B03,7,5,1,8,2,5,,42,42,1,6,4,120.68313,24.169589,2
12906,66000,387130000C,(04)23274275,(04)23288582,2025,1,31,22,46,臺中市,大里區,0,2,0,5,1,6,50,13,9,1,4,4,6,6,4,4,5,4,5,1,17,2,9,1,1,C03,7,11,1,10,2,14,,44,44,1,12,2,120.689782,24.113756,2
12907,66000,387130000C,(04)23274275,(04)23288582,2025,1,31,22,46,臺中市,豐原區,0,2,0,7,1,6,50,4,2,1,4,4,6,6,2,1,1,2,4,2,15,2,9,1,1,C03,7,9,1,10,2,11,,84,84,1,12,4,120.699211,24.248998,2
12908,66000,387130000C,(04)23274275,(04)23288582,2025,1,31,22,48,臺中市,太平區,0,1,0,6,1,6,50,13,9,1,5,4,6,6,4,4,5,5,5,2,13,2,9,2,1,C03,7,9,1,10,2,11,,7,7,1,12,4,120.72433,24.142175,2
12909,66000,387130000C,(04)23274275,(04)23288582,2025,1,31,22,51,臺中市,北區,0,1,0,7,1,6,50,3,1,1,4,4,6,6,2,1,5,4,4,2,18,2,9,1,1,C03,7,6,1,10,2,12,,48,48,1,13,4,120.686411,24.147284,2
12910,66000,387130000C,(04)23274275,(04)23288582,2025,1,31,23,7,臺中市,北區,0,0,0,5,,,50,,,,,,,,,,,,,,,,,,,C03,,,1,,1,,,50,50,1,13,4,120.685705,24.148361,4
12911,66000,387130000C,(04)23274275,(04)23288582,2025,1,31,23,7,臺中市,龍井區,0,2,0,5,1,6,30,4,1,1,4,4,6,6,4,4,10,5,5,2,16,2,8,1,1,C03,7,6,1,10,2,14,,12,12,1,6,4,120.593826,24.189602,2
12912,66000,387130000C,(04)23274275,(04)23288582,2025,1,31,23,10,臺中市,龍井區,0,2,0,5,3,6,50,4,1,1,4,4,6,6,1,1,5,5,4,1,13,2,9,2,1,C03,7,9,1,8,2,11,,7,7,1,12,4,120.544265,24.177481,2
12913,66000,387130000C,(04)23274275,(04)23288582,2025,1,31,23,28,臺中市,西區,0,1,0,7,3,6,50,13,9,1,5,4,6,6,4,4,5,5,5,2,18,2,9,1,1,C03,7,9,1,10,2,14,,84,84,1,13,4,120.673348,24.148941,2
12914,66000,387130000C,(04)23274275,(04)23288582,2025,1,31,23,30,臺中市,北屯區,0,0,0,5,,,80,,,,,,,,,,,,,,13,,,,,B03,,,1,,1,,,7,7,1,12,4,120.67845,24.200982,3
12915,66000,387130000C,(04)23274275,(04)23288582,2025,1,31,23,34,臺中市,大甲區,0,2,0,5,1,6,50,4,1,1,4,4,6,6,3,1,10,5,5,2,15,3,10,3,1,B03,7,9,1,8,2,1,,24,24,1,6,4,120.614844,24.351052,2
12916,66000,387130000C,(04)23274275,(04)23288582,2025,1,31,23,41,臺中市,中區,0,0,0,5,,,50,,,,,,,,,,,,,,,,,,,B01,,,1,,11,,,84,84,1,12,4,120.683807,24.138724,3
12917,66000,387130000C,(04)23274275,(04)23288582,2025,1,31,23,47,臺中市,南區,0,1,0,5,1,6,50,3,1,1,4,4,6,5,4,4,5,4,4,2,12,2,9,2,1,C03,7,9,1,10,2,11,,84,84,1,6,4,120.663378,24.127261,2
12918,66000,387130000C,(04)23274275,(04)23288582,2025,1,31,23,47,臺中市,太平區,0,1,0,5,1,6,30,3,2,1,4,4,6,6,4,4,10,5,5,2,27,2,9,2,1,C03,7,9,1,10,8,11,,84,84,1,12,4,120.726758,24.131382,